corpus,bank,m,method,target_name,target,selected_n,observed_grid_min,status,excess_chunks
tinystories,0,1024,source_full,original,0.03197738246926657,1024,1024,success,0
tinystories,0,1024,source_jackknife,original,0.03197738246926657,1024,1024,success,0
tinystories,0,1024,multinomial,original,0.03197738246926657,1024,1024,success,0
tinystories,0,1024,multinomial_jackknife,original,0.03197738246926657,1024,1024,success,0
tinystories,0,1024,source_bootstrap,original,0.03197738246926657,1024,1024,success,0
tinystories,0,1024,bootstrap_jackknife,original,0.03197738246926657,1024,1024,success,0
tinystories,0,1024,direct_inverse_size,original,0.03197738246926657,1024,1024,success,0
tinystories,0,1024,direct_constant,original,0.03197738246926657,,1024,abstain,
tinystories,0,1024,source_times_1.25,original,0.03197738246926657,1024,1024,success,0
tinystories,0,1024,multinomial_times_1.25,original,0.03197738246926657,1024,1024,success,0
tinystories,0,1024,source_gated,original,0.03197738246926657,1024,1024,success,0
tinystories,0,1024,multinomial_gated,original,0.03197738246926657,1024,1024,success,0
tinystories,0,2048,source_full,original,0.03197738246926657,1024,1024,success,0
tinystories,0,2048,source_jackknife,original,0.03197738246926657,1024,1024,success,0
tinystories,0,2048,multinomial,original,0.03197738246926657,1024,1024,success,0
tinystories,0,2048,multinomial_jackknife,original,0.03197738246926657,1024,1024,success,0
tinystories,0,2048,source_bootstrap,original,0.03197738246926657,1024,1024,success,0
tinystories,0,2048,bootstrap_jackknife,original,0.03197738246926657,1024,1024,success,0
tinystories,0,2048,direct_inverse_size,original,0.03197738246926657,1024,1024,success,0
tinystories,0,2048,direct_constant,original,0.03197738246926657,512,1024,failure,-512
tinystories,0,2048,source_times_1.25,original,0.03197738246926657,2048,1024,success,1024
tinystories,0,2048,multinomial_times_1.25,original,0.03197738246926657,1024,1024,success,0
tinystories,0,2048,source_gated,original,0.03197738246926657,1024,1024,success,0
tinystories,0,2048,multinomial_gated,original,0.03197738246926657,1024,1024,success,0
tinystories,0,4096,source_full,original,0.03197738246926657,1024,1024,success,0
tinystories,0,4096,source_jackknife,original,0.03197738246926657,1024,1024,success,0
tinystories,0,4096,multinomial,original,0.03197738246926657,1024,1024,success,0
tinystories,0,4096,multinomial_jackknife,original,0.03197738246926657,1024,1024,success,0
tinystories,0,4096,source_bootstrap,original,0.03197738246926657,1024,1024,success,0
tinystories,0,4096,bootstrap_jackknife,original,0.03197738246926657,1024,1024,success,0
tinystories,0,4096,direct_inverse_size,original,0.03197738246926657,2048,1024,success,1024
tinystories,0,4096,direct_constant,original,0.03197738246926657,512,1024,failure,-512
tinystories,0,4096,source_times_1.25,original,0.03197738246926657,2048,1024,success,1024
tinystories,0,4096,multinomial_times_1.25,original,0.03197738246926657,1024,1024,success,0
tinystories,0,4096,source_gated,original,0.03197738246926657,1024,1024,success,0
tinystories,0,4096,multinomial_gated,original,0.03197738246926657,1024,1024,success,0
tinystories,1,1024,source_full,original,0.03197738246926657,1024,1024,success,0
tinystories,1,1024,source_jackknife,original,0.03197738246926657,1024,1024,success,0
tinystories,1,1024,multinomial,original,0.03197738246926657,1024,1024,success,0
tinystories,1,1024,multinomial_jackknife,original,0.03197738246926657,1024,1024,success,0
tinystories,1,1024,source_bootstrap,original,0.03197738246926657,1024,1024,success,0
tinystories,1,1024,bootstrap_jackknife,original,0.03197738246926657,1024,1024,success,0
tinystories,1,1024,direct_inverse_size,original,0.03197738246926657,1024,1024,success,0
tinystories,1,1024,direct_constant,original,0.03197738246926657,,1024,abstain,
tinystories,1,1024,source_times_1.25,original,0.03197738246926657,1024,1024,success,0
tinystories,1,1024,multinomial_times_1.25,original,0.03197738246926657,1024,1024,success,0
tinystories,1,1024,source_gated,original,0.03197738246926657,1024,1024,success,0
tinystories,1,1024,multinomial_gated,original,0.03197738246926657,1024,1024,success,0
tinystories,1,2048,source_full,original,0.03197738246926657,1024,1024,success,0
tinystories,1,2048,source_jackknife,original,0.03197738246926657,1024,1024,success,0
tinystories,1,2048,multinomial,original,0.03197738246926657,1024,1024,success,0
tinystories,1,2048,multinomial_jackknife,original,0.03197738246926657,1024,1024,success,0
tinystories,1,2048,source_bootstrap,original,0.03197738246926657,1024,1024,success,0
tinystories,1,2048,bootstrap_jackknife,original,0.03197738246926657,1024,1024,success,0
tinystories,1,2048,direct_inverse_size,original,0.03197738246926657,1024,1024,success,0
tinystories,1,2048,direct_constant,original,0.03197738246926657,512,1024,failure,-512
tinystories,1,2048,source_times_1.25,original,0.03197738246926657,2048,1024,success,1024
tinystories,1,2048,multinomial_times_1.25,original,0.03197738246926657,2048,1024,success,1024
tinystories,1,2048,source_gated,original,0.03197738246926657,1024,1024,success,0
tinystories,1,2048,multinomial_gated,original,0.03197738246926657,1024,1024,success,0
tinystories,1,4096,source_full,original,0.03197738246926657,1024,1024,success,0
tinystories,1,4096,source_jackknife,original,0.03197738246926657,1024,1024,success,0
tinystories,1,4096,multinomial,original,0.03197738246926657,1024,1024,success,0
tinystories,1,4096,multinomial_jackknife,original,0.03197738246926657,1024,1024,success,0
tinystories,1,4096,source_bootstrap,original,0.03197738246926657,1024,1024,success,0
tinystories,1,4096,bootstrap_jackknife,original,0.03197738246926657,1024,1024,success,0
tinystories,1,4096,direct_inverse_size,original,0.03197738246926657,2048,1024,success,1024
tinystories,1,4096,direct_constant,original,0.03197738246926657,512,1024,failure,-512
tinystories,1,4096,source_times_1.25,original,0.03197738246926657,2048,1024,success,1024
tinystories,1,4096,multinomial_times_1.25,original,0.03197738246926657,2048,1024,success,1024
tinystories,1,4096,source_gated,original,0.03197738246926657,1024,1024,success,0
tinystories,1,4096,multinomial_gated,original,0.03197738246926657,1024,1024,success,0
tinystories,2,1024,source_full,original,0.03197738246926657,1024,1024,success,0
tinystories,2,1024,source_jackknife,original,0.03197738246926657,1024,1024,success,0
tinystories,2,1024,multinomial,original,0.03197738246926657,1024,1024,success,0
tinystories,2,1024,multinomial_jackknife,original,0.03197738246926657,1024,1024,success,0
tinystories,2,1024,source_bootstrap,original,0.03197738246926657,1024,1024,success,0
tinystories,2,1024,bootstrap_jackknife,original,0.03197738246926657,1024,1024,success,0
tinystories,2,1024,direct_inverse_size,original,0.03197738246926657,1024,1024,success,0
tinystories,2,1024,direct_constant,original,0.03197738246926657,,1024,abstain,
tinystories,2,1024,source_times_1.25,original,0.03197738246926657,1024,1024,success,0
tinystories,2,1024,multinomial_times_1.25,original,0.03197738246926657,1024,1024,success,0
tinystories,2,1024,source_gated,original,0.03197738246926657,1024,1024,success,0
tinystories,2,1024,multinomial_gated,original,0.03197738246926657,1024,1024,success,0
tinystories,2,2048,source_full,original,0.03197738246926657,1024,1024,success,0
tinystories,2,2048,source_jackknife,original,0.03197738246926657,1024,1024,success,0
tinystories,2,2048,multinomial,original,0.03197738246926657,1024,1024,success,0
tinystories,2,2048,multinomial_jackknife,original,0.03197738246926657,1024,1024,success,0
tinystories,2,2048,source_bootstrap,original,0.03197738246926657,1024,1024,success,0
tinystories,2,2048,bootstrap_jackknife,original,0.03197738246926657,1024,1024,success,0
tinystories,2,2048,direct_inverse_size,original,0.03197738246926657,1024,1024,success,0
tinystories,2,2048,direct_constant,original,0.03197738246926657,512,1024,failure,-512
tinystories,2,2048,source_times_1.25,original,0.03197738246926657,2048,1024,success,1024
tinystories,2,2048,multinomial_times_1.25,original,0.03197738246926657,1024,1024,success,0
tinystories,2,2048,source_gated,original,0.03197738246926657,1024,1024,success,0
tinystories,2,2048,multinomial_gated,original,0.03197738246926657,1024,1024,success,0
tinystories,2,4096,source_full,original,0.03197738246926657,1024,1024,success,0
tinystories,2,4096,source_jackknife,original,0.03197738246926657,1024,1024,success,0
tinystories,2,4096,multinomial,original,0.03197738246926657,1024,1024,success,0
tinystories,2,4096,multinomial_jackknife,original,0.03197738246926657,1024,1024,success,0
tinystories,2,4096,source_bootstrap,original,0.03197738246926657,1024,1024,success,0
tinystories,2,4096,bootstrap_jackknife,original,0.03197738246926657,1024,1024,success,0
tinystories,2,4096,direct_inverse_size,original,0.03197738246926657,2048,1024,success,1024
tinystories,2,4096,direct_constant,original,0.03197738246926657,512,1024,failure,-512
tinystories,2,4096,source_times_1.25,original,0.03197738246926657,2048,1024,success,1024
tinystories,2,4096,multinomial_times_1.25,original,0.03197738246926657,1024,1024,success,0
tinystories,2,4096,source_gated,original,0.03197738246926657,1024,1024,success,0
tinystories,2,4096,multinomial_gated,original,0.03197738246926657,1024,1024,success,0
tinystories,3,1024,source_full,original,0.03197738246926657,1024,1024,success,0
tinystories,3,1024,source_jackknife,original,0.03197738246926657,1024,1024,success,0
tinystories,3,1024,multinomial,original,0.03197738246926657,1024,1024,success,0
tinystories,3,1024,multinomial_jackknife,original,0.03197738246926657,1024,1024,success,0
tinystories,3,1024,source_bootstrap,original,0.03197738246926657,1024,1024,success,0
tinystories,3,1024,bootstrap_jackknife,original,0.03197738246926657,1024,1024,success,0
tinystories,3,1024,direct_inverse_size,original,0.03197738246926657,1024,1024,success,0
tinystories,3,1024,direct_constant,original,0.03197738246926657,,1024,abstain,
tinystories,3,1024,source_times_1.25,original,0.03197738246926657,1024,1024,success,0
tinystories,3,1024,multinomial_times_1.25,original,0.03197738246926657,1024,1024,success,0
tinystories,3,1024,source_gated,original,0.03197738246926657,1024,1024,success,0
tinystories,3,1024,multinomial_gated,original,0.03197738246926657,1024,1024,success,0
tinystories,3,2048,source_full,original,0.03197738246926657,1024,1024,success,0
tinystories,3,2048,source_jackknife,original,0.03197738246926657,1024,1024,success,0
tinystories,3,2048,multinomial,original,0.03197738246926657,1024,1024,success,0
tinystories,3,2048,multinomial_jackknife,original,0.03197738246926657,1024,1024,success,0
tinystories,3,2048,source_bootstrap,original,0.03197738246926657,1024,1024,success,0
tinystories,3,2048,bootstrap_jackknife,original,0.03197738246926657,1024,1024,success,0
tinystories,3,2048,direct_inverse_size,original,0.03197738246926657,1024,1024,success,0
tinystories,3,2048,direct_constant,original,0.03197738246926657,512,1024,failure,-512
tinystories,3,2048,source_times_1.25,original,0.03197738246926657,2048,1024,success,1024
tinystories,3,2048,multinomial_times_1.25,original,0.03197738246926657,1024,1024,success,0
tinystories,3,2048,source_gated,original,0.03197738246926657,1024,1024,success,0
tinystories,3,2048,multinomial_gated,original,0.03197738246926657,1024,1024,success,0
tinystories,3,4096,source_full,original,0.03197738246926657,1024,1024,success,0
tinystories,3,4096,source_jackknife,original,0.03197738246926657,1024,1024,success,0
tinystories,3,4096,multinomial,original,0.03197738246926657,1024,1024,success,0
tinystories,3,4096,multinomial_jackknife,original,0.03197738246926657,1024,1024,success,0
tinystories,3,4096,source_bootstrap,original,0.03197738246926657,1024,1024,success,0
tinystories,3,4096,bootstrap_jackknife,original,0.03197738246926657,1024,1024,success,0
tinystories,3,4096,direct_inverse_size,original,0.03197738246926657,2048,1024,success,1024
tinystories,3,4096,direct_constant,original,0.03197738246926657,512,1024,failure,-512
tinystories,3,4096,source_times_1.25,original,0.03197738246926657,2048,1024,success,1024
tinystories,3,4096,multinomial_times_1.25,original,0.03197738246926657,1024,1024,success,0
tinystories,3,4096,source_gated,original,0.03197738246926657,1024,1024,success,0
tinystories,3,4096,multinomial_gated,original,0.03197738246926657,1024,1024,success,0
tinystories,4,1024,source_full,original,0.03197738246926657,1024,1024,success,0
tinystories,4,1024,source_jackknife,original,0.03197738246926657,1024,1024,success,0
tinystories,4,1024,multinomial,original,0.03197738246926657,1024,1024,success,0
tinystories,4,1024,multinomial_jackknife,original,0.03197738246926657,1024,1024,success,0
tinystories,4,1024,source_bootstrap,original,0.03197738246926657,1024,1024,success,0
tinystories,4,1024,bootstrap_jackknife,original,0.03197738246926657,1024,1024,success,0
tinystories,4,1024,direct_inverse_size,original,0.03197738246926657,1024,1024,success,0
tinystories,4,1024,direct_constant,original,0.03197738246926657,,1024,abstain,
tinystories,4,1024,source_times_1.25,original,0.03197738246926657,1024,1024,success,0
tinystories,4,1024,multinomial_times_1.25,original,0.03197738246926657,1024,1024,success,0
tinystories,4,1024,source_gated,original,0.03197738246926657,1024,1024,success,0
tinystories,4,1024,multinomial_gated,original,0.03197738246926657,1024,1024,success,0
tinystories,4,2048,source_full,original,0.03197738246926657,1024,1024,success,0
tinystories,4,2048,source_jackknife,original,0.03197738246926657,1024,1024,success,0
tinystories,4,2048,multinomial,original,0.03197738246926657,1024,1024,success,0
tinystories,4,2048,multinomial_jackknife,original,0.03197738246926657,1024,1024,success,0
tinystories,4,2048,source_bootstrap,original,0.03197738246926657,1024,1024,success,0
tinystories,4,2048,bootstrap_jackknife,original,0.03197738246926657,1024,1024,success,0
tinystories,4,2048,direct_inverse_size,original,0.03197738246926657,1024,1024,success,0
tinystories,4,2048,direct_constant,original,0.03197738246926657,512,1024,failure,-512
tinystories,4,2048,source_times_1.25,original,0.03197738246926657,2048,1024,success,1024
tinystories,4,2048,multinomial_times_1.25,original,0.03197738246926657,2048,1024,success,1024
tinystories,4,2048,source_gated,original,0.03197738246926657,1024,1024,success,0
tinystories,4,2048,multinomial_gated,original,0.03197738246926657,1024,1024,success,0
tinystories,4,4096,source_full,original,0.03197738246926657,1024,1024,success,0
tinystories,4,4096,source_jackknife,original,0.03197738246926657,1024,1024,success,0
tinystories,4,4096,multinomial,original,0.03197738246926657,1024,1024,success,0
tinystories,4,4096,multinomial_jackknife,original,0.03197738246926657,1024,1024,success,0
tinystories,4,4096,source_bootstrap,original,0.03197738246926657,1024,1024,success,0
tinystories,4,4096,bootstrap_jackknife,original,0.03197738246926657,1024,1024,success,0
tinystories,4,4096,direct_inverse_size,original,0.03197738246926657,2048,1024,success,1024
tinystories,4,4096,direct_constant,original,0.03197738246926657,512,1024,failure,-512
tinystories,4,4096,source_times_1.25,original,0.03197738246926657,2048,1024,success,1024
tinystories,4,4096,multinomial_times_1.25,original,0.03197738246926657,2048,1024,success,1024
tinystories,4,4096,source_gated,original,0.03197738246926657,1024,1024,success,0
tinystories,4,4096,multinomial_gated,original,0.03197738246926657,1024,1024,success,0
tinystories,5,1024,source_full,original,0.03197738246926657,1024,1024,success,0
tinystories,5,1024,source_jackknife,original,0.03197738246926657,1024,1024,success,0
tinystories,5,1024,multinomial,original,0.03197738246926657,1024,1024,success,0
tinystories,5,1024,multinomial_jackknife,original,0.03197738246926657,1024,1024,success,0
tinystories,5,1024,source_bootstrap,original,0.03197738246926657,1024,1024,success,0
tinystories,5,1024,bootstrap_jackknife,original,0.03197738246926657,1024,1024,success,0
tinystories,5,1024,direct_inverse_size,original,0.03197738246926657,1024,1024,success,0
tinystories,5,1024,direct_constant,original,0.03197738246926657,,1024,abstain,
tinystories,5,1024,source_times_1.25,original,0.03197738246926657,1024,1024,success,0
tinystories,5,1024,multinomial_times_1.25,original,0.03197738246926657,1024,1024,success,0
tinystories,5,1024,source_gated,original,0.03197738246926657,1024,1024,success,0
tinystories,5,1024,multinomial_gated,original,0.03197738246926657,1024,1024,success,0
tinystories,5,2048,source_full,original,0.03197738246926657,1024,1024,success,0
tinystories,5,2048,source_jackknife,original,0.03197738246926657,1024,1024,success,0
tinystories,5,2048,multinomial,original,0.03197738246926657,1024,1024,success,0
tinystories,5,2048,multinomial_jackknife,original,0.03197738246926657,1024,1024,success,0
tinystories,5,2048,source_bootstrap,original,0.03197738246926657,1024,1024,success,0
tinystories,5,2048,bootstrap_jackknife,original,0.03197738246926657,1024,1024,success,0
tinystories,5,2048,direct_inverse_size,original,0.03197738246926657,1024,1024,success,0
tinystories,5,2048,direct_constant,original,0.03197738246926657,512,1024,failure,-512
tinystories,5,2048,source_times_1.25,original,0.03197738246926657,2048,1024,success,1024
tinystories,5,2048,multinomial_times_1.25,original,0.03197738246926657,1024,1024,success,0
tinystories,5,2048,source_gated,original,0.03197738246926657,1024,1024,success,0
tinystories,5,2048,multinomial_gated,original,0.03197738246926657,1024,1024,success,0
tinystories,5,4096,source_full,original,0.03197738246926657,1024,1024,success,0
tinystories,5,4096,source_jackknife,original,0.03197738246926657,1024,1024,success,0
tinystories,5,4096,multinomial,original,0.03197738246926657,1024,1024,success,0
tinystories,5,4096,multinomial_jackknife,original,0.03197738246926657,1024,1024,success,0
tinystories,5,4096,source_bootstrap,original,0.03197738246926657,1024,1024,success,0
tinystories,5,4096,bootstrap_jackknife,original,0.03197738246926657,1024,1024,success,0
tinystories,5,4096,direct_inverse_size,original,0.03197738246926657,2048,1024,success,1024
tinystories,5,4096,direct_constant,original,0.03197738246926657,512,1024,failure,-512
tinystories,5,4096,source_times_1.25,original,0.03197738246926657,2048,1024,success,1024
tinystories,5,4096,multinomial_times_1.25,original,0.03197738246926657,2048,1024,success,1024
tinystories,5,4096,source_gated,original,0.03197738246926657,1024,1024,success,0
tinystories,5,4096,multinomial_gated,original,0.03197738246926657,1024,1024,success,0
tinystories,0,1024,source_full,0.02,0.02,2048,4096,failure,-2048
tinystories,0,1024,source_jackknife,0.02,0.02,2048,4096,failure,-2048
tinystories,0,1024,multinomial,0.02,0.02,2048,4096,failure,-2048
tinystories,0,1024,multinomial_jackknife,0.02,0.02,4096,4096,success,0
tinystories,0,1024,source_bootstrap,0.02,0.02,2048,4096,failure,-2048
tinystories,0,1024,bootstrap_jackknife,0.02,0.02,4096,4096,success,0
tinystories,0,1024,direct_inverse_size,0.02,0.02,1024,4096,failure,-3072
tinystories,0,1024,direct_constant,0.02,0.02,,4096,abstain,
tinystories,0,1024,source_times_1.25,0.02,0.02,2048,4096,failure,-2048
tinystories,0,1024,multinomial_times_1.25,0.02,0.02,4096,4096,success,0
tinystories,0,1024,source_gated,0.02,0.02,2048,4096,failure,-2048
tinystories,0,1024,multinomial_gated,0.02,0.02,4096,4096,success,0
tinystories,0,2048,source_full,0.02,0.02,2048,4096,failure,-2048
tinystories,0,2048,source_jackknife,0.02,0.02,4096,4096,success,0
tinystories,0,2048,multinomial,0.02,0.02,2048,4096,failure,-2048
tinystories,0,2048,multinomial_jackknife,0.02,0.02,2048,4096,failure,-2048
tinystories,0,2048,source_bootstrap,0.02,0.02,2048,4096,failure,-2048
tinystories,0,2048,bootstrap_jackknife,0.02,0.02,4096,4096,success,0
tinystories,0,2048,direct_inverse_size,0.02,0.02,2048,4096,failure,-2048
tinystories,0,2048,direct_constant,0.02,0.02,,4096,abstain,
tinystories,0,2048,source_times_1.25,0.02,0.02,4096,4096,success,0
tinystories,0,2048,multinomial_times_1.25,0.02,0.02,4096,4096,success,0
tinystories,0,2048,source_gated,0.02,0.02,4096,4096,success,0
tinystories,0,2048,multinomial_gated,0.02,0.02,2048,4096,failure,-2048
tinystories,0,4096,source_full,0.02,0.02,4096,4096,success,0
tinystories,0,4096,source_jackknife,0.02,0.02,4096,4096,success,0
tinystories,0,4096,multinomial,0.02,0.02,2048,4096,failure,-2048
tinystories,0,4096,multinomial_jackknife,0.02,0.02,2048,4096,failure,-2048
tinystories,0,4096,source_bootstrap,0.02,0.02,4096,4096,success,0
tinystories,0,4096,bootstrap_jackknife,0.02,0.02,4096,4096,success,0
tinystories,0,4096,direct_inverse_size,0.02,0.02,4096,4096,success,0
tinystories,0,4096,direct_constant,0.02,0.02,,4096,abstain,
tinystories,0,4096,source_times_1.25,0.02,0.02,4096,4096,success,0
tinystories,0,4096,multinomial_times_1.25,0.02,0.02,4096,4096,success,0
tinystories,0,4096,source_gated,0.02,0.02,4096,4096,success,0
tinystories,0,4096,multinomial_gated,0.02,0.02,2048,4096,failure,-2048
tinystories,1,1024,source_full,0.02,0.02,2048,4096,failure,-2048
tinystories,1,1024,source_jackknife,0.02,0.02,2048,4096,failure,-2048
tinystories,1,1024,multinomial,0.02,0.02,2048,4096,failure,-2048
tinystories,1,1024,multinomial_jackknife,0.02,0.02,2048,4096,failure,-2048
tinystories,1,1024,source_bootstrap,0.02,0.02,2048,4096,failure,-2048
tinystories,1,1024,bootstrap_jackknife,0.02,0.02,2048,4096,failure,-2048
tinystories,1,1024,direct_inverse_size,0.02,0.02,1024,4096,failure,-3072
tinystories,1,1024,direct_constant,0.02,0.02,,4096,abstain,
tinystories,1,1024,source_times_1.25,0.02,0.02,2048,4096,failure,-2048
tinystories,1,1024,multinomial_times_1.25,0.02,0.02,4096,4096,success,0
tinystories,1,1024,source_gated,0.02,0.02,2048,4096,failure,-2048
tinystories,1,1024,multinomial_gated,0.02,0.02,2048,4096,failure,-2048
tinystories,1,2048,source_full,0.02,0.02,2048,4096,failure,-2048
tinystories,1,2048,source_jackknife,0.02,0.02,4096,4096,success,0
tinystories,1,2048,multinomial,0.02,0.02,2048,4096,failure,-2048
tinystories,1,2048,multinomial_jackknife,0.02,0.02,4096,4096,success,0
tinystories,1,2048,source_bootstrap,0.02,0.02,2048,4096,failure,-2048
tinystories,1,2048,bootstrap_jackknife,0.02,0.02,4096,4096,success,0
tinystories,1,2048,direct_inverse_size,0.02,0.02,2048,4096,failure,-2048
tinystories,1,2048,direct_constant,0.02,0.02,,4096,abstain,
tinystories,1,2048,source_times_1.25,0.02,0.02,4096,4096,success,0
tinystories,1,2048,multinomial_times_1.25,0.02,0.02,4096,4096,success,0
tinystories,1,2048,source_gated,0.02,0.02,4096,4096,success,0
tinystories,1,2048,multinomial_gated,0.02,0.02,4096,4096,success,0
tinystories,1,4096,source_full,0.02,0.02,4096,4096,success,0
tinystories,1,4096,source_jackknife,0.02,0.02,4096,4096,success,0
tinystories,1,4096,multinomial,0.02,0.02,2048,4096,failure,-2048
tinystories,1,4096,multinomial_jackknife,0.02,0.02,2048,4096,failure,-2048
tinystories,1,4096,source_bootstrap,0.02,0.02,4096,4096,success,0
tinystories,1,4096,bootstrap_jackknife,0.02,0.02,4096,4096,success,0
tinystories,1,4096,direct_inverse_size,0.02,0.02,4096,4096,success,0
tinystories,1,4096,direct_constant,0.02,0.02,,4096,abstain,
tinystories,1,4096,source_times_1.25,0.02,0.02,4096,4096,success,0
tinystories,1,4096,multinomial_times_1.25,0.02,0.02,4096,4096,success,0
tinystories,1,4096,source_gated,0.02,0.02,4096,4096,success,0
tinystories,1,4096,multinomial_gated,0.02,0.02,2048,4096,failure,-2048
tinystories,2,1024,source_full,0.02,0.02,2048,4096,failure,-2048
tinystories,2,1024,source_jackknife,0.02,0.02,2048,4096,failure,-2048
tinystories,2,1024,multinomial,0.02,0.02,2048,4096,failure,-2048
tinystories,2,1024,multinomial_jackknife,0.02,0.02,4096,4096,success,0
tinystories,2,1024,source_bootstrap,0.02,0.02,2048,4096,failure,-2048
tinystories,2,1024,bootstrap_jackknife,0.02,0.02,2048,4096,failure,-2048
tinystories,2,1024,direct_inverse_size,0.02,0.02,1024,4096,failure,-3072
tinystories,2,1024,direct_constant,0.02,0.02,,4096,abstain,
tinystories,2,1024,source_times_1.25,0.02,0.02,2048,4096,failure,-2048
tinystories,2,1024,multinomial_times_1.25,0.02,0.02,4096,4096,success,0
tinystories,2,1024,source_gated,0.02,0.02,2048,4096,failure,-2048
tinystories,2,1024,multinomial_gated,0.02,0.02,4096,4096,success,0
tinystories,2,2048,source_full,0.02,0.02,2048,4096,failure,-2048
tinystories,2,2048,source_jackknife,0.02,0.02,4096,4096,success,0
tinystories,2,2048,multinomial,0.02,0.02,2048,4096,failure,-2048
tinystories,2,2048,multinomial_jackknife,0.02,0.02,2048,4096,failure,-2048
tinystories,2,2048,source_bootstrap,0.02,0.02,2048,4096,failure,-2048
tinystories,2,2048,bootstrap_jackknife,0.02,0.02,4096,4096,success,0
tinystories,2,2048,direct_inverse_size,0.02,0.02,2048,4096,failure,-2048
tinystories,2,2048,direct_constant,0.02,0.02,,4096,abstain,
tinystories,2,2048,source_times_1.25,0.02,0.02,4096,4096,success,0
tinystories,2,2048,multinomial_times_1.25,0.02,0.02,4096,4096,success,0
tinystories,2,2048,source_gated,0.02,0.02,4096,4096,success,0
tinystories,2,2048,multinomial_gated,0.02,0.02,2048,4096,failure,-2048
tinystories,2,4096,source_full,0.02,0.02,4096,4096,success,0
tinystories,2,4096,source_jackknife,0.02,0.02,4096,4096,success,0
tinystories,2,4096,multinomial,0.02,0.02,2048,4096,failure,-2048
tinystories,2,4096,multinomial_jackknife,0.02,0.02,2048,4096,failure,-2048
tinystories,2,4096,source_bootstrap,0.02,0.02,4096,4096,success,0
tinystories,2,4096,bootstrap_jackknife,0.02,0.02,4096,4096,success,0
tinystories,2,4096,direct_inverse_size,0.02,0.02,4096,4096,success,0
tinystories,2,4096,direct_constant,0.02,0.02,,4096,abstain,
tinystories,2,4096,source_times_1.25,0.02,0.02,4096,4096,success,0
tinystories,2,4096,multinomial_times_1.25,0.02,0.02,4096,4096,success,0
tinystories,2,4096,source_gated,0.02,0.02,4096,4096,success,0
tinystories,2,4096,multinomial_gated,0.02,0.02,2048,4096,failure,-2048
tinystories,3,1024,source_full,0.02,0.02,2048,4096,failure,-2048
tinystories,3,1024,source_jackknife,0.02,0.02,2048,4096,failure,-2048
tinystories,3,1024,multinomial,0.02,0.02,2048,4096,failure,-2048
tinystories,3,1024,multinomial_jackknife,0.02,0.02,2048,4096,failure,-2048
tinystories,3,1024,source_bootstrap,0.02,0.02,2048,4096,failure,-2048
tinystories,3,1024,bootstrap_jackknife,0.02,0.02,2048,4096,failure,-2048
tinystories,3,1024,direct_inverse_size,0.02,0.02,1024,4096,failure,-3072
tinystories,3,1024,direct_constant,0.02,0.02,,4096,abstain,
tinystories,3,1024,source_times_1.25,0.02,0.02,2048,4096,failure,-2048
tinystories,3,1024,multinomial_times_1.25,0.02,0.02,4096,4096,success,0
tinystories,3,1024,source_gated,0.02,0.02,2048,4096,failure,-2048
tinystories,3,1024,multinomial_gated,0.02,0.02,2048,4096,failure,-2048
tinystories,3,2048,source_full,0.02,0.02,2048,4096,failure,-2048
tinystories,3,2048,source_jackknife,0.02,0.02,4096,4096,success,0
tinystories,3,2048,multinomial,0.02,0.02,2048,4096,failure,-2048
tinystories,3,2048,multinomial_jackknife,0.02,0.02,2048,4096,failure,-2048
tinystories,3,2048,source_bootstrap,0.02,0.02,2048,4096,failure,-2048
tinystories,3,2048,bootstrap_jackknife,0.02,0.02,4096,4096,success,0
tinystories,3,2048,direct_inverse_size,0.02,0.02,2048,4096,failure,-2048
tinystories,3,2048,direct_constant,0.02,0.02,,4096,abstain,
tinystories,3,2048,source_times_1.25,0.02,0.02,4096,4096,success,0
tinystories,3,2048,multinomial_times_1.25,0.02,0.02,4096,4096,success,0
tinystories,3,2048,source_gated,0.02,0.02,4096,4096,success,0
tinystories,3,2048,multinomial_gated,0.02,0.02,2048,4096,failure,-2048
tinystories,3,4096,source_full,0.02,0.02,4096,4096,success,0
tinystories,3,4096,source_jackknife,0.02,0.02,4096,4096,success,0
tinystories,3,4096,multinomial,0.02,0.02,2048,4096,failure,-2048
tinystories,3,4096,multinomial_jackknife,0.02,0.02,2048,4096,failure,-2048
tinystories,3,4096,source_bootstrap,0.02,0.02,4096,4096,success,0
tinystories,3,4096,bootstrap_jackknife,0.02,0.02,4096,4096,success,0
tinystories,3,4096,direct_inverse_size,0.02,0.02,4096,4096,success,0
tinystories,3,4096,direct_constant,0.02,0.02,,4096,abstain,
tinystories,3,4096,source_times_1.25,0.02,0.02,4096,4096,success,0
tinystories,3,4096,multinomial_times_1.25,0.02,0.02,4096,4096,success,0
tinystories,3,4096,source_gated,0.02,0.02,4096,4096,success,0
tinystories,3,4096,multinomial_gated,0.02,0.02,2048,4096,failure,-2048
tinystories,4,1024,source_full,0.02,0.02,2048,4096,failure,-2048
tinystories,4,1024,source_jackknife,0.02,0.02,2048,4096,failure,-2048
tinystories,4,1024,multinomial,0.02,0.02,2048,4096,failure,-2048
tinystories,4,1024,multinomial_jackknife,0.02,0.02,4096,4096,success,0
tinystories,4,1024,source_bootstrap,0.02,0.02,2048,4096,failure,-2048
tinystories,4,1024,bootstrap_jackknife,0.02,0.02,2048,4096,failure,-2048
tinystories,4,1024,direct_inverse_size,0.02,0.02,1024,4096,failure,-3072
tinystories,4,1024,direct_constant,0.02,0.02,,4096,abstain,
tinystories,4,1024,source_times_1.25,0.02,0.02,2048,4096,failure,-2048
tinystories,4,1024,multinomial_times_1.25,0.02,0.02,4096,4096,success,0
tinystories,4,1024,source_gated,0.02,0.02,2048,4096,failure,-2048
tinystories,4,1024,multinomial_gated,0.02,0.02,4096,4096,success,0
tinystories,4,2048,source_full,0.02,0.02,2048,4096,failure,-2048
tinystories,4,2048,source_jackknife,0.02,0.02,4096,4096,success,0
tinystories,4,2048,multinomial,0.02,0.02,2048,4096,failure,-2048
tinystories,4,2048,multinomial_jackknife,0.02,0.02,2048,4096,failure,-2048
tinystories,4,2048,source_bootstrap,0.02,0.02,2048,4096,failure,-2048
tinystories,4,2048,bootstrap_jackknife,0.02,0.02,4096,4096,success,0
tinystories,4,2048,direct_inverse_size,0.02,0.02,2048,4096,failure,-2048
tinystories,4,2048,direct_constant,0.02,0.02,,4096,abstain,
tinystories,4,2048,source_times_1.25,0.02,0.02,4096,4096,success,0
tinystories,4,2048,multinomial_times_1.25,0.02,0.02,4096,4096,success,0
tinystories,4,2048,source_gated,0.02,0.02,4096,4096,success,0
tinystories,4,2048,multinomial_gated,0.02,0.02,2048,4096,failure,-2048
tinystories,4,4096,source_full,0.02,0.02,4096,4096,success,0
tinystories,4,4096,source_jackknife,0.02,0.02,4096,4096,success,0
tinystories,4,4096,multinomial,0.02,0.02,2048,4096,failure,-2048
tinystories,4,4096,multinomial_jackknife,0.02,0.02,2048,4096,failure,-2048
tinystories,4,4096,source_bootstrap,0.02,0.02,4096,4096,success,0
tinystories,4,4096,bootstrap_jackknife,0.02,0.02,4096,4096,success,0
tinystories,4,4096,direct_inverse_size,0.02,0.02,4096,4096,success,0
tinystories,4,4096,direct_constant,0.02,0.02,,4096,abstain,
tinystories,4,4096,source_times_1.25,0.02,0.02,4096,4096,success,0
tinystories,4,4096,multinomial_times_1.25,0.02,0.02,4096,4096,success,0
tinystories,4,4096,source_gated,0.02,0.02,4096,4096,success,0
tinystories,4,4096,multinomial_gated,0.02,0.02,2048,4096,failure,-2048
tinystories,5,1024,source_full,0.02,0.02,2048,4096,failure,-2048
tinystories,5,1024,source_jackknife,0.02,0.02,2048,4096,failure,-2048
tinystories,5,1024,multinomial,0.02,0.02,2048,4096,failure,-2048
tinystories,5,1024,multinomial_jackknife,0.02,0.02,2048,4096,failure,-2048
tinystories,5,1024,source_bootstrap,0.02,0.02,2048,4096,failure,-2048
tinystories,5,1024,bootstrap_jackknife,0.02,0.02,2048,4096,failure,-2048
tinystories,5,1024,direct_inverse_size,0.02,0.02,1024,4096,failure,-3072
tinystories,5,1024,direct_constant,0.02,0.02,,4096,abstain,
tinystories,5,1024,source_times_1.25,0.02,0.02,2048,4096,failure,-2048
tinystories,5,1024,multinomial_times_1.25,0.02,0.02,4096,4096,success,0
tinystories,5,1024,source_gated,0.02,0.02,2048,4096,failure,-2048
tinystories,5,1024,multinomial_gated,0.02,0.02,2048,4096,failure,-2048
tinystories,5,2048,source_full,0.02,0.02,2048,4096,failure,-2048
tinystories,5,2048,source_jackknife,0.02,0.02,4096,4096,success,0
tinystories,5,2048,multinomial,0.02,0.02,2048,4096,failure,-2048
tinystories,5,2048,multinomial_jackknife,0.02,0.02,2048,4096,failure,-2048
tinystories,5,2048,source_bootstrap,0.02,0.02,2048,4096,failure,-2048
tinystories,5,2048,bootstrap_jackknife,0.02,0.02,4096,4096,success,0
tinystories,5,2048,direct_inverse_size,0.02,0.02,2048,4096,failure,-2048
tinystories,5,2048,direct_constant,0.02,0.02,,4096,abstain,
tinystories,5,2048,source_times_1.25,0.02,0.02,4096,4096,success,0
tinystories,5,2048,multinomial_times_1.25,0.02,0.02,4096,4096,success,0
tinystories,5,2048,source_gated,0.02,0.02,4096,4096,success,0
tinystories,5,2048,multinomial_gated,0.02,0.02,2048,4096,failure,-2048
tinystories,5,4096,source_full,0.02,0.02,4096,4096,success,0
tinystories,5,4096,source_jackknife,0.02,0.02,4096,4096,success,0
tinystories,5,4096,multinomial,0.02,0.02,2048,4096,failure,-2048
tinystories,5,4096,multinomial_jackknife,0.02,0.02,2048,4096,failure,-2048
tinystories,5,4096,source_bootstrap,0.02,0.02,4096,4096,success,0
tinystories,5,4096,bootstrap_jackknife,0.02,0.02,4096,4096,success,0
tinystories,5,4096,direct_inverse_size,0.02,0.02,4096,4096,success,0
tinystories,5,4096,direct_constant,0.02,0.02,,4096,abstain,
tinystories,5,4096,source_times_1.25,0.02,0.02,4096,4096,success,0
tinystories,5,4096,multinomial_times_1.25,0.02,0.02,4096,4096,success,0
tinystories,5,4096,source_gated,0.02,0.02,4096,4096,success,0
tinystories,5,4096,multinomial_gated,0.02,0.02,2048,4096,failure,-2048
tinystories,0,1024,source_full,0.025,0.025,1024,2048,failure,-1024
tinystories,0,1024,source_jackknife,0.025,0.025,2048,2048,success,0
tinystories,0,1024,multinomial,0.025,0.025,2048,2048,success,0
tinystories,0,1024,multinomial_jackknife,0.025,0.025,2048,2048,success,0
tinystories,0,1024,source_bootstrap,0.025,0.025,1024,2048,failure,-1024
tinystories,0,1024,bootstrap_jackknife,0.025,0.025,2048,2048,success,0
tinystories,0,1024,direct_inverse_size,0.025,0.025,1024,2048,failure,-1024
tinystories,0,1024,direct_constant,0.025,0.025,,2048,abstain,
tinystories,0,1024,source_times_1.25,0.025,0.025,2048,2048,success,0
tinystories,0,1024,multinomial_times_1.25,0.025,0.025,2048,2048,success,0
tinystories,0,1024,source_gated,0.025,0.025,2048,2048,success,0
tinystories,0,1024,multinomial_gated,0.025,0.025,2048,2048,success,0
tinystories,0,2048,source_full,0.025,0.025,2048,2048,success,0
tinystories,0,2048,source_jackknife,0.025,0.025,2048,2048,success,0
tinystories,0,2048,multinomial,0.025,0.025,2048,2048,success,0
tinystories,0,2048,multinomial_jackknife,0.025,0.025,2048,2048,success,0
tinystories,0,2048,source_bootstrap,0.025,0.025,2048,2048,success,0
tinystories,0,2048,bootstrap_jackknife,0.025,0.025,2048,2048,success,0
tinystories,0,2048,direct_inverse_size,0.025,0.025,2048,2048,success,0
tinystories,0,2048,direct_constant,0.025,0.025,,2048,abstain,
tinystories,0,2048,source_times_1.25,0.025,0.025,2048,2048,success,0
tinystories,0,2048,multinomial_times_1.25,0.025,0.025,2048,2048,success,0
tinystories,0,2048,source_gated,0.025,0.025,2048,2048,success,0
tinystories,0,2048,multinomial_gated,0.025,0.025,2048,2048,success,0
tinystories,0,4096,source_full,0.025,0.025,2048,2048,success,0
tinystories,0,4096,source_jackknife,0.025,0.025,2048,2048,success,0
tinystories,0,4096,multinomial,0.025,0.025,2048,2048,success,0
tinystories,0,4096,multinomial_jackknife,0.025,0.025,2048,2048,success,0
tinystories,0,4096,source_bootstrap,0.025,0.025,2048,2048,success,0
tinystories,0,4096,bootstrap_jackknife,0.025,0.025,2048,2048,success,0
tinystories,0,4096,direct_inverse_size,0.025,0.025,2048,2048,success,0
tinystories,0,4096,direct_constant,0.025,0.025,512,2048,failure,-1536
tinystories,0,4096,source_times_1.25,0.025,0.025,4096,2048,success,2048
tinystories,0,4096,multinomial_times_1.25,0.025,0.025,2048,2048,success,0
tinystories,0,4096,source_gated,0.025,0.025,2048,2048,success,0
tinystories,0,4096,multinomial_gated,0.025,0.025,2048,2048,success,0
tinystories,1,1024,source_full,0.025,0.025,1024,2048,failure,-1024
tinystories,1,1024,source_jackknife,0.025,0.025,2048,2048,success,0
tinystories,1,1024,multinomial,0.025,0.025,2048,2048,success,0
tinystories,1,1024,multinomial_jackknife,0.025,0.025,2048,2048,success,0
tinystories,1,1024,source_bootstrap,0.025,0.025,1024,2048,failure,-1024
tinystories,1,1024,bootstrap_jackknife,0.025,0.025,2048,2048,success,0
tinystories,1,1024,direct_inverse_size,0.025,0.025,1024,2048,failure,-1024
tinystories,1,1024,direct_constant,0.025,0.025,,2048,abstain,
tinystories,1,1024,source_times_1.25,0.025,0.025,2048,2048,success,0
tinystories,1,1024,multinomial_times_1.25,0.025,0.025,2048,2048,success,0
tinystories,1,1024,source_gated,0.025,0.025,2048,2048,success,0
tinystories,1,1024,multinomial_gated,0.025,0.025,2048,2048,success,0
tinystories,1,2048,source_full,0.025,0.025,2048,2048,success,0
tinystories,1,2048,source_jackknife,0.025,0.025,2048,2048,success,0
tinystories,1,2048,multinomial,0.025,0.025,2048,2048,success,0
tinystories,1,2048,multinomial_jackknife,0.025,0.025,2048,2048,success,0
tinystories,1,2048,source_bootstrap,0.025,0.025,2048,2048,success,0
tinystories,1,2048,bootstrap_jackknife,0.025,0.025,2048,2048,success,0
tinystories,1,2048,direct_inverse_size,0.025,0.025,2048,2048,success,0
tinystories,1,2048,direct_constant,0.025,0.025,,2048,abstain,
tinystories,1,2048,source_times_1.25,0.025,0.025,2048,2048,success,0
tinystories,1,2048,multinomial_times_1.25,0.025,0.025,2048,2048,success,0
tinystories,1,2048,source_gated,0.025,0.025,2048,2048,success,0
tinystories,1,2048,multinomial_gated,0.025,0.025,2048,2048,success,0
tinystories,1,4096,source_full,0.025,0.025,2048,2048,success,0
tinystories,1,4096,source_jackknife,0.025,0.025,2048,2048,success,0
tinystories,1,4096,multinomial,0.025,0.025,2048,2048,success,0
tinystories,1,4096,multinomial_jackknife,0.025,0.025,2048,2048,success,0
tinystories,1,4096,source_bootstrap,0.025,0.025,2048,2048,success,0
tinystories,1,4096,bootstrap_jackknife,0.025,0.025,2048,2048,success,0
tinystories,1,4096,direct_inverse_size,0.025,0.025,2048,2048,success,0
tinystories,1,4096,direct_constant,0.025,0.025,512,2048,failure,-1536
tinystories,1,4096,source_times_1.25,0.025,0.025,4096,2048,success,2048
tinystories,1,4096,multinomial_times_1.25,0.025,0.025,2048,2048,success,0
tinystories,1,4096,source_gated,0.025,0.025,2048,2048,success,0
tinystories,1,4096,multinomial_gated,0.025,0.025,2048,2048,success,0
tinystories,2,1024,source_full,0.025,0.025,1024,2048,failure,-1024
tinystories,2,1024,source_jackknife,0.025,0.025,2048,2048,success,0
tinystories,2,1024,multinomial,0.025,0.025,2048,2048,success,0
tinystories,2,1024,multinomial_jackknife,0.025,0.025,2048,2048,success,0
tinystories,2,1024,source_bootstrap,0.025,0.025,1024,2048,failure,-1024
tinystories,2,1024,bootstrap_jackknife,0.025,0.025,2048,2048,success,0
tinystories,2,1024,direct_inverse_size,0.025,0.025,1024,2048,failure,-1024
tinystories,2,1024,direct_constant,0.025,0.025,,2048,abstain,
tinystories,2,1024,source_times_1.25,0.025,0.025,2048,2048,success,0
tinystories,2,1024,multinomial_times_1.25,0.025,0.025,2048,2048,success,0
tinystories,2,1024,source_gated,0.025,0.025,2048,2048,success,0
tinystories,2,1024,multinomial_gated,0.025,0.025,2048,2048,success,0
tinystories,2,2048,source_full,0.025,0.025,2048,2048,success,0
tinystories,2,2048,source_jackknife,0.025,0.025,2048,2048,success,0
tinystories,2,2048,multinomial,0.025,0.025,2048,2048,success,0
tinystories,2,2048,multinomial_jackknife,0.025,0.025,2048,2048,success,0
tinystories,2,2048,source_bootstrap,0.025,0.025,2048,2048,success,0
tinystories,2,2048,bootstrap_jackknife,0.025,0.025,2048,2048,success,0
tinystories,2,2048,direct_inverse_size,0.025,0.025,2048,2048,success,0
tinystories,2,2048,direct_constant,0.025,0.025,,2048,abstain,
tinystories,2,2048,source_times_1.25,0.025,0.025,2048,2048,success,0
tinystories,2,2048,multinomial_times_1.25,0.025,0.025,2048,2048,success,0
tinystories,2,2048,source_gated,0.025,0.025,2048,2048,success,0
tinystories,2,2048,multinomial_gated,0.025,0.025,2048,2048,success,0
tinystories,2,4096,source_full,0.025,0.025,2048,2048,success,0
tinystories,2,4096,source_jackknife,0.025,0.025,2048,2048,success,0
tinystories,2,4096,multinomial,0.025,0.025,2048,2048,success,0
tinystories,2,4096,multinomial_jackknife,0.025,0.025,2048,2048,success,0
tinystories,2,4096,source_bootstrap,0.025,0.025,2048,2048,success,0
tinystories,2,4096,bootstrap_jackknife,0.025,0.025,2048,2048,success,0
tinystories,2,4096,direct_inverse_size,0.025,0.025,2048,2048,success,0
tinystories,2,4096,direct_constant,0.025,0.025,512,2048,failure,-1536
tinystories,2,4096,source_times_1.25,0.025,0.025,4096,2048,success,2048
tinystories,2,4096,multinomial_times_1.25,0.025,0.025,2048,2048,success,0
tinystories,2,4096,source_gated,0.025,0.025,2048,2048,success,0
tinystories,2,4096,multinomial_gated,0.025,0.025,2048,2048,success,0
tinystories,3,1024,source_full,0.025,0.025,1024,2048,failure,-1024
tinystories,3,1024,source_jackknife,0.025,0.025,2048,2048,success,0
tinystories,3,1024,multinomial,0.025,0.025,1024,2048,failure,-1024
tinystories,3,1024,multinomial_jackknife,0.025,0.025,2048,2048,success,0
tinystories,3,1024,source_bootstrap,0.025,0.025,1024,2048,failure,-1024
tinystories,3,1024,bootstrap_jackknife,0.025,0.025,2048,2048,success,0
tinystories,3,1024,direct_inverse_size,0.025,0.025,1024,2048,failure,-1024
tinystories,3,1024,direct_constant,0.025,0.025,,2048,abstain,
tinystories,3,1024,source_times_1.25,0.025,0.025,2048,2048,success,0
tinystories,3,1024,multinomial_times_1.25,0.025,0.025,2048,2048,success,0
tinystories,3,1024,source_gated,0.025,0.025,2048,2048,success,0
tinystories,3,1024,multinomial_gated,0.025,0.025,2048,2048,success,0
tinystories,3,2048,source_full,0.025,0.025,2048,2048,success,0
tinystories,3,2048,source_jackknife,0.025,0.025,2048,2048,success,0
tinystories,3,2048,multinomial,0.025,0.025,2048,2048,success,0
tinystories,3,2048,multinomial_jackknife,0.025,0.025,2048,2048,success,0
tinystories,3,2048,source_bootstrap,0.025,0.025,2048,2048,success,0
tinystories,3,2048,bootstrap_jackknife,0.025,0.025,2048,2048,success,0
tinystories,3,2048,direct_inverse_size,0.025,0.025,2048,2048,success,0
tinystories,3,2048,direct_constant,0.025,0.025,,2048,abstain,
tinystories,3,2048,source_times_1.25,0.025,0.025,2048,2048,success,0
tinystories,3,2048,multinomial_times_1.25,0.025,0.025,2048,2048,success,0
tinystories,3,2048,source_gated,0.025,0.025,2048,2048,success,0
tinystories,3,2048,multinomial_gated,0.025,0.025,2048,2048,success,0
tinystories,3,4096,source_full,0.025,0.025,2048,2048,success,0
tinystories,3,4096,source_jackknife,0.025,0.025,2048,2048,success,0
tinystories,3,4096,multinomial,0.025,0.025,2048,2048,success,0
tinystories,3,4096,multinomial_jackknife,0.025,0.025,2048,2048,success,0
tinystories,3,4096,source_bootstrap,0.025,0.025,2048,2048,success,0
tinystories,3,4096,bootstrap_jackknife,0.025,0.025,2048,2048,success,0
tinystories,3,4096,direct_inverse_size,0.025,0.025,2048,2048,success,0
tinystories,3,4096,direct_constant,0.025,0.025,512,2048,failure,-1536
tinystories,3,4096,source_times_1.25,0.025,0.025,4096,2048,success,2048
tinystories,3,4096,multinomial_times_1.25,0.025,0.025,2048,2048,success,0
tinystories,3,4096,source_gated,0.025,0.025,2048,2048,success,0
tinystories,3,4096,multinomial_gated,0.025,0.025,2048,2048,success,0
tinystories,4,1024,source_full,0.025,0.025,1024,2048,failure,-1024
tinystories,4,1024,source_jackknife,0.025,0.025,2048,2048,success,0
tinystories,4,1024,multinomial,0.025,0.025,2048,2048,success,0
tinystories,4,1024,multinomial_jackknife,0.025,0.025,2048,2048,success,0
tinystories,4,1024,source_bootstrap,0.025,0.025,1024,2048,failure,-1024
tinystories,4,1024,bootstrap_jackknife,0.025,0.025,2048,2048,success,0
tinystories,4,1024,direct_inverse_size,0.025,0.025,1024,2048,failure,-1024
tinystories,4,1024,direct_constant,0.025,0.025,,2048,abstain,
tinystories,4,1024,source_times_1.25,0.025,0.025,2048,2048,success,0
tinystories,4,1024,multinomial_times_1.25,0.025,0.025,2048,2048,success,0
tinystories,4,1024,source_gated,0.025,0.025,2048,2048,success,0
tinystories,4,1024,multinomial_gated,0.025,0.025,2048,2048,success,0
tinystories,4,2048,source_full,0.025,0.025,2048,2048,success,0
tinystories,4,2048,source_jackknife,0.025,0.025,2048,2048,success,0
tinystories,4,2048,multinomial,0.025,0.025,2048,2048,success,0
tinystories,4,2048,multinomial_jackknife,0.025,0.025,2048,2048,success,0
tinystories,4,2048,source_bootstrap,0.025,0.025,2048,2048,success,0
tinystories,4,2048,bootstrap_jackknife,0.025,0.025,2048,2048,success,0
tinystories,4,2048,direct_inverse_size,0.025,0.025,2048,2048,success,0
tinystories,4,2048,direct_constant,0.025,0.025,,2048,abstain,
tinystories,4,2048,source_times_1.25,0.025,0.025,2048,2048,success,0
tinystories,4,2048,multinomial_times_1.25,0.025,0.025,2048,2048,success,0
tinystories,4,2048,source_gated,0.025,0.025,2048,2048,success,0
tinystories,4,2048,multinomial_gated,0.025,0.025,2048,2048,success,0
tinystories,4,4096,source_full,0.025,0.025,2048,2048,success,0
tinystories,4,4096,source_jackknife,0.025,0.025,2048,2048,success,0
tinystories,4,4096,multinomial,0.025,0.025,2048,2048,success,0
tinystories,4,4096,multinomial_jackknife,0.025,0.025,2048,2048,success,0
tinystories,4,4096,source_bootstrap,0.025,0.025,2048,2048,success,0
tinystories,4,4096,bootstrap_jackknife,0.025,0.025,2048,2048,success,0
tinystories,4,4096,direct_inverse_size,0.025,0.025,2048,2048,success,0
tinystories,4,4096,direct_constant,0.025,0.025,512,2048,failure,-1536
tinystories,4,4096,source_times_1.25,0.025,0.025,4096,2048,success,2048
tinystories,4,4096,multinomial_times_1.25,0.025,0.025,2048,2048,success,0
tinystories,4,4096,source_gated,0.025,0.025,2048,2048,success,0
tinystories,4,4096,multinomial_gated,0.025,0.025,2048,2048,success,0
tinystories,5,1024,source_full,0.025,0.025,1024,2048,failure,-1024
tinystories,5,1024,source_jackknife,0.025,0.025,2048,2048,success,0
tinystories,5,1024,multinomial,0.025,0.025,1024,2048,failure,-1024
tinystories,5,1024,multinomial_jackknife,0.025,0.025,2048,2048,success,0
tinystories,5,1024,source_bootstrap,0.025,0.025,1024,2048,failure,-1024
tinystories,5,1024,bootstrap_jackknife,0.025,0.025,2048,2048,success,0
tinystories,5,1024,direct_inverse_size,0.025,0.025,1024,2048,failure,-1024
tinystories,5,1024,direct_constant,0.025,0.025,,2048,abstain,
tinystories,5,1024,source_times_1.25,0.025,0.025,2048,2048,success,0
tinystories,5,1024,multinomial_times_1.25,0.025,0.025,2048,2048,success,0
tinystories,5,1024,source_gated,0.025,0.025,2048,2048,success,0
tinystories,5,1024,multinomial_gated,0.025,0.025,2048,2048,success,0
tinystories,5,2048,source_full,0.025,0.025,2048,2048,success,0
tinystories,5,2048,source_jackknife,0.025,0.025,2048,2048,success,0
tinystories,5,2048,multinomial,0.025,0.025,2048,2048,success,0
tinystories,5,2048,multinomial_jackknife,0.025,0.025,2048,2048,success,0
tinystories,5,2048,source_bootstrap,0.025,0.025,2048,2048,success,0
tinystories,5,2048,bootstrap_jackknife,0.025,0.025,2048,2048,success,0
tinystories,5,2048,direct_inverse_size,0.025,0.025,2048,2048,success,0
tinystories,5,2048,direct_constant,0.025,0.025,,2048,abstain,
tinystories,5,2048,source_times_1.25,0.025,0.025,2048,2048,success,0
tinystories,5,2048,multinomial_times_1.25,0.025,0.025,2048,2048,success,0
tinystories,5,2048,source_gated,0.025,0.025,2048,2048,success,0
tinystories,5,2048,multinomial_gated,0.025,0.025,2048,2048,success,0
tinystories,5,4096,source_full,0.025,0.025,2048,2048,success,0
tinystories,5,4096,source_jackknife,0.025,0.025,2048,2048,success,0
tinystories,5,4096,multinomial,0.025,0.025,2048,2048,success,0
tinystories,5,4096,multinomial_jackknife,0.025,0.025,2048,2048,success,0
tinystories,5,4096,source_bootstrap,0.025,0.025,2048,2048,success,0
tinystories,5,4096,bootstrap_jackknife,0.025,0.025,2048,2048,success,0
tinystories,5,4096,direct_inverse_size,0.025,0.025,2048,2048,success,0
tinystories,5,4096,direct_constant,0.025,0.025,512,2048,failure,-1536
tinystories,5,4096,source_times_1.25,0.025,0.025,4096,2048,success,2048
tinystories,5,4096,multinomial_times_1.25,0.025,0.025,2048,2048,success,0
tinystories,5,4096,source_gated,0.025,0.025,2048,2048,success,0
tinystories,5,4096,multinomial_gated,0.025,0.025,2048,2048,success,0
tinystories,0,1024,source_full,0.03,0.03,1024,1024,success,0
tinystories,0,1024,source_jackknife,0.03,0.03,1024,1024,success,0
tinystories,0,1024,multinomial,0.03,0.03,1024,1024,success,0
tinystories,0,1024,multinomial_jackknife,0.03,0.03,1024,1024,success,0
tinystories,0,1024,source_bootstrap,0.03,0.03,1024,1024,success,0
tinystories,0,1024,bootstrap_jackknife,0.03,0.03,1024,1024,success,0
tinystories,0,1024,direct_inverse_size,0.03,0.03,1024,1024,success,0
tinystories,0,1024,direct_constant,0.03,0.03,,1024,abstain,
tinystories,0,1024,source_times_1.25,0.03,0.03,2048,1024,success,1024
tinystories,0,1024,multinomial_times_1.25,0.03,0.03,2048,1024,success,1024
tinystories,0,1024,source_gated,0.03,0.03,1024,1024,success,0
tinystories,0,1024,multinomial_gated,0.03,0.03,1024,1024,success,0
tinystories,0,2048,source_full,0.03,0.03,1024,1024,success,0
tinystories,0,2048,source_jackknife,0.03,0.03,2048,1024,success,1024
tinystories,0,2048,multinomial,0.03,0.03,1024,1024,success,0
tinystories,0,2048,multinomial_jackknife,0.03,0.03,1024,1024,success,0
tinystories,0,2048,source_bootstrap,0.03,0.03,1024,1024,success,0
tinystories,0,2048,bootstrap_jackknife,0.03,0.03,1024,1024,success,0
tinystories,0,2048,direct_inverse_size,0.03,0.03,1024,1024,success,0
tinystories,0,2048,direct_constant,0.03,0.03,512,1024,failure,-512
tinystories,0,2048,source_times_1.25,0.03,0.03,2048,1024,success,1024
tinystories,0,2048,multinomial_times_1.25,0.03,0.03,2048,1024,success,1024
tinystories,0,2048,source_gated,0.03,0.03,1024,1024,success,0
tinystories,0,2048,multinomial_gated,0.03,0.03,1024,1024,success,0
tinystories,0,4096,source_full,0.03,0.03,1024,1024,success,0
tinystories,0,4096,source_jackknife,0.03,0.03,2048,1024,success,1024
tinystories,0,4096,multinomial,0.03,0.03,1024,1024,success,0
tinystories,0,4096,multinomial_jackknife,0.03,0.03,1024,1024,success,0
tinystories,0,4096,source_bootstrap,0.03,0.03,1024,1024,success,0
tinystories,0,4096,bootstrap_jackknife,0.03,0.03,1024,1024,success,0
tinystories,0,4096,direct_inverse_size,0.03,0.03,2048,1024,success,1024
tinystories,0,4096,direct_constant,0.03,0.03,512,1024,failure,-512
tinystories,0,4096,source_times_1.25,0.03,0.03,2048,1024,success,1024
tinystories,0,4096,multinomial_times_1.25,0.03,0.03,2048,1024,success,1024
tinystories,0,4096,source_gated,0.03,0.03,1024,1024,success,0
tinystories,0,4096,multinomial_gated,0.03,0.03,1024,1024,success,0
tinystories,1,1024,source_full,0.03,0.03,1024,1024,success,0
tinystories,1,1024,source_jackknife,0.03,0.03,1024,1024,success,0
tinystories,1,1024,multinomial,0.03,0.03,1024,1024,success,0
tinystories,1,1024,multinomial_jackknife,0.03,0.03,1024,1024,success,0
tinystories,1,1024,source_bootstrap,0.03,0.03,1024,1024,success,0
tinystories,1,1024,bootstrap_jackknife,0.03,0.03,1024,1024,success,0
tinystories,1,1024,direct_inverse_size,0.03,0.03,1024,1024,success,0
tinystories,1,1024,direct_constant,0.03,0.03,,1024,abstain,
tinystories,1,1024,source_times_1.25,0.03,0.03,2048,1024,success,1024
tinystories,1,1024,multinomial_times_1.25,0.03,0.03,2048,1024,success,1024
tinystories,1,1024,source_gated,0.03,0.03,1024,1024,success,0
tinystories,1,1024,multinomial_gated,0.03,0.03,1024,1024,success,0
tinystories,1,2048,source_full,0.03,0.03,1024,1024,success,0
tinystories,1,2048,source_jackknife,0.03,0.03,2048,1024,success,1024
tinystories,1,2048,multinomial,0.03,0.03,1024,1024,success,0
tinystories,1,2048,multinomial_jackknife,0.03,0.03,1024,1024,success,0
tinystories,1,2048,source_bootstrap,0.03,0.03,1024,1024,success,0
tinystories,1,2048,bootstrap_jackknife,0.03,0.03,1024,1024,success,0
tinystories,1,2048,direct_inverse_size,0.03,0.03,1024,1024,success,0
tinystories,1,2048,direct_constant,0.03,0.03,512,1024,failure,-512
tinystories,1,2048,source_times_1.25,0.03,0.03,2048,1024,success,1024
tinystories,1,2048,multinomial_times_1.25,0.03,0.03,2048,1024,success,1024
tinystories,1,2048,source_gated,0.03,0.03,1024,1024,success,0
tinystories,1,2048,multinomial_gated,0.03,0.03,1024,1024,success,0
tinystories,1,4096,source_full,0.03,0.03,1024,1024,success,0
tinystories,1,4096,source_jackknife,0.03,0.03,2048,1024,success,1024
tinystories,1,4096,multinomial,0.03,0.03,1024,1024,success,0
tinystories,1,4096,multinomial_jackknife,0.03,0.03,1024,1024,success,0
tinystories,1,4096,source_bootstrap,0.03,0.03,1024,1024,success,0
tinystories,1,4096,bootstrap_jackknife,0.03,0.03,1024,1024,success,0
tinystories,1,4096,direct_inverse_size,0.03,0.03,2048,1024,success,1024
tinystories,1,4096,direct_constant,0.03,0.03,512,1024,failure,-512
tinystories,1,4096,source_times_1.25,0.03,0.03,2048,1024,success,1024
tinystories,1,4096,multinomial_times_1.25,0.03,0.03,2048,1024,success,1024
tinystories,1,4096,source_gated,0.03,0.03,1024,1024,success,0
tinystories,1,4096,multinomial_gated,0.03,0.03,1024,1024,success,0
tinystories,2,1024,source_full,0.03,0.03,1024,1024,success,0
tinystories,2,1024,source_jackknife,0.03,0.03,1024,1024,success,0
tinystories,2,1024,multinomial,0.03,0.03,1024,1024,success,0
tinystories,2,1024,multinomial_jackknife,0.03,0.03,1024,1024,success,0
tinystories,2,1024,source_bootstrap,0.03,0.03,1024,1024,success,0
tinystories,2,1024,bootstrap_jackknife,0.03,0.03,1024,1024,success,0
tinystories,2,1024,direct_inverse_size,0.03,0.03,1024,1024,success,0
tinystories,2,1024,direct_constant,0.03,0.03,,1024,abstain,
tinystories,2,1024,source_times_1.25,0.03,0.03,1024,1024,success,0
tinystories,2,1024,multinomial_times_1.25,0.03,0.03,2048,1024,success,1024
tinystories,2,1024,source_gated,0.03,0.03,1024,1024,success,0
tinystories,2,1024,multinomial_gated,0.03,0.03,1024,1024,success,0
tinystories,2,2048,source_full,0.03,0.03,1024,1024,success,0
tinystories,2,2048,source_jackknife,0.03,0.03,1024,1024,success,0
tinystories,2,2048,multinomial,0.03,0.03,1024,1024,success,0
tinystories,2,2048,multinomial_jackknife,0.03,0.03,1024,1024,success,0
tinystories,2,2048,source_bootstrap,0.03,0.03,1024,1024,success,0
tinystories,2,2048,bootstrap_jackknife,0.03,0.03,1024,1024,success,0
tinystories,2,2048,direct_inverse_size,0.03,0.03,1024,1024,success,0
tinystories,2,2048,direct_constant,0.03,0.03,512,1024,failure,-512
tinystories,2,2048,source_times_1.25,0.03,0.03,2048,1024,success,1024
tinystories,2,2048,multinomial_times_1.25,0.03,0.03,2048,1024,success,1024
tinystories,2,2048,source_gated,0.03,0.03,1024,1024,success,0
tinystories,2,2048,multinomial_gated,0.03,0.03,1024,1024,success,0
tinystories,2,4096,source_full,0.03,0.03,1024,1024,success,0
tinystories,2,4096,source_jackknife,0.03,0.03,2048,1024,success,1024
tinystories,2,4096,multinomial,0.03,0.03,1024,1024,success,0
tinystories,2,4096,multinomial_jackknife,0.03,0.03,1024,1024,success,0
tinystories,2,4096,source_bootstrap,0.03,0.03,1024,1024,success,0
tinystories,2,4096,bootstrap_jackknife,0.03,0.03,1024,1024,success,0
tinystories,2,4096,direct_inverse_size,0.03,0.03,2048,1024,success,1024
tinystories,2,4096,direct_constant,0.03,0.03,512,1024,failure,-512
tinystories,2,4096,source_times_1.25,0.03,0.03,2048,1024,success,1024
tinystories,2,4096,multinomial_times_1.25,0.03,0.03,2048,1024,success,1024
tinystories,2,4096,source_gated,0.03,0.03,1024,1024,success,0
tinystories,2,4096,multinomial_gated,0.03,0.03,1024,1024,success,0
tinystories,3,1024,source_full,0.03,0.03,1024,1024,success,0
tinystories,3,1024,source_jackknife,0.03,0.03,1024,1024,success,0
tinystories,3,1024,multinomial,0.03,0.03,1024,1024,success,0
tinystories,3,1024,multinomial_jackknife,0.03,0.03,1024,1024,success,0
tinystories,3,1024,source_bootstrap,0.03,0.03,1024,1024,success,0
tinystories,3,1024,bootstrap_jackknife,0.03,0.03,1024,1024,success,0
tinystories,3,1024,direct_inverse_size,0.03,0.03,1024,1024,success,0
tinystories,3,1024,direct_constant,0.03,0.03,,1024,abstain,
tinystories,3,1024,source_times_1.25,0.03,0.03,1024,1024,success,0
tinystories,3,1024,multinomial_times_1.25,0.03,0.03,2048,1024,success,1024
tinystories,3,1024,source_gated,0.03,0.03,1024,1024,success,0
tinystories,3,1024,multinomial_gated,0.03,0.03,1024,1024,success,0
tinystories,3,2048,source_full,0.03,0.03,1024,1024,success,0
tinystories,3,2048,source_jackknife,0.03,0.03,2048,1024,success,1024
tinystories,3,2048,multinomial,0.03,0.03,1024,1024,success,0
tinystories,3,2048,multinomial_jackknife,0.03,0.03,1024,1024,success,0
tinystories,3,2048,source_bootstrap,0.03,0.03,1024,1024,success,0
tinystories,3,2048,bootstrap_jackknife,0.03,0.03,1024,1024,success,0
tinystories,3,2048,direct_inverse_size,0.03,0.03,1024,1024,success,0
tinystories,3,2048,direct_constant,0.03,0.03,512,1024,failure,-512
tinystories,3,2048,source_times_1.25,0.03,0.03,2048,1024,success,1024
tinystories,3,2048,multinomial_times_1.25,0.03,0.03,2048,1024,success,1024
tinystories,3,2048,source_gated,0.03,0.03,1024,1024,success,0
tinystories,3,2048,multinomial_gated,0.03,0.03,1024,1024,success,0
tinystories,3,4096,source_full,0.03,0.03,1024,1024,success,0
tinystories,3,4096,source_jackknife,0.03,0.03,2048,1024,success,1024
tinystories,3,4096,multinomial,0.03,0.03,1024,1024,success,0
tinystories,3,4096,multinomial_jackknife,0.03,0.03,1024,1024,success,0
tinystories,3,4096,source_bootstrap,0.03,0.03,1024,1024,success,0
tinystories,3,4096,bootstrap_jackknife,0.03,0.03,1024,1024,success,0
tinystories,3,4096,direct_inverse_size,0.03,0.03,2048,1024,success,1024
tinystories,3,4096,direct_constant,0.03,0.03,512,1024,failure,-512
tinystories,3,4096,source_times_1.25,0.03,0.03,2048,1024,success,1024
tinystories,3,4096,multinomial_times_1.25,0.03,0.03,2048,1024,success,1024
tinystories,3,4096,source_gated,0.03,0.03,1024,1024,success,0
tinystories,3,4096,multinomial_gated,0.03,0.03,1024,1024,success,0
tinystories,4,1024,source_full,0.03,0.03,1024,1024,success,0
tinystories,4,1024,source_jackknife,0.03,0.03,1024,1024,success,0
tinystories,4,1024,multinomial,0.03,0.03,1024,1024,success,0
tinystories,4,1024,multinomial_jackknife,0.03,0.03,1024,1024,success,0
tinystories,4,1024,source_bootstrap,0.03,0.03,1024,1024,success,0
tinystories,4,1024,bootstrap_jackknife,0.03,0.03,1024,1024,success,0
tinystories,4,1024,direct_inverse_size,0.03,0.03,1024,1024,success,0
tinystories,4,1024,direct_constant,0.03,0.03,,1024,abstain,
tinystories,4,1024,source_times_1.25,0.03,0.03,2048,1024,success,1024
tinystories,4,1024,multinomial_times_1.25,0.03,0.03,2048,1024,success,1024
tinystories,4,1024,source_gated,0.03,0.03,1024,1024,success,0
tinystories,4,1024,multinomial_gated,0.03,0.03,1024,1024,success,0
tinystories,4,2048,source_full,0.03,0.03,1024,1024,success,0
tinystories,4,2048,source_jackknife,0.03,0.03,2048,1024,success,1024
tinystories,4,2048,multinomial,0.03,0.03,1024,1024,success,0
tinystories,4,2048,multinomial_jackknife,0.03,0.03,1024,1024,success,0
tinystories,4,2048,source_bootstrap,0.03,0.03,1024,1024,success,0
tinystories,4,2048,bootstrap_jackknife,0.03,0.03,1024,1024,success,0
tinystories,4,2048,direct_inverse_size,0.03,0.03,1024,1024,success,0
tinystories,4,2048,direct_constant,0.03,0.03,512,1024,failure,-512
tinystories,4,2048,source_times_1.25,0.03,0.03,2048,1024,success,1024
tinystories,4,2048,multinomial_times_1.25,0.03,0.03,2048,1024,success,1024
tinystories,4,2048,source_gated,0.03,0.03,1024,1024,success,0
tinystories,4,2048,multinomial_gated,0.03,0.03,1024,1024,success,0
tinystories,4,4096,source_full,0.03,0.03,1024,1024,success,0
tinystories,4,4096,source_jackknife,0.03,0.03,2048,1024,success,1024
tinystories,4,4096,multinomial,0.03,0.03,1024,1024,success,0
tinystories,4,4096,multinomial_jackknife,0.03,0.03,1024,1024,success,0
tinystories,4,4096,source_bootstrap,0.03,0.03,1024,1024,success,0
tinystories,4,4096,bootstrap_jackknife,0.03,0.03,1024,1024,success,0
tinystories,4,4096,direct_inverse_size,0.03,0.03,2048,1024,success,1024
tinystories,4,4096,direct_constant,0.03,0.03,512,1024,failure,-512
tinystories,4,4096,source_times_1.25,0.03,0.03,2048,1024,success,1024
tinystories,4,4096,multinomial_times_1.25,0.03,0.03,2048,1024,success,1024
tinystories,4,4096,source_gated,0.03,0.03,1024,1024,success,0
tinystories,4,4096,multinomial_gated,0.03,0.03,1024,1024,success,0
tinystories,5,1024,source_full,0.03,0.03,1024,1024,success,0
tinystories,5,1024,source_jackknife,0.03,0.03,1024,1024,success,0
tinystories,5,1024,multinomial,0.03,0.03,1024,1024,success,0
tinystories,5,1024,multinomial_jackknife,0.03,0.03,1024,1024,success,0
tinystories,5,1024,source_bootstrap,0.03,0.03,1024,1024,success,0
tinystories,5,1024,bootstrap_jackknife,0.03,0.03,1024,1024,success,0
tinystories,5,1024,direct_inverse_size,0.03,0.03,1024,1024,success,0
tinystories,5,1024,direct_constant,0.03,0.03,,1024,abstain,
tinystories,5,1024,source_times_1.25,0.03,0.03,1024,1024,success,0
tinystories,5,1024,multinomial_times_1.25,0.03,0.03,2048,1024,success,1024
tinystories,5,1024,source_gated,0.03,0.03,1024,1024,success,0
tinystories,5,1024,multinomial_gated,0.03,0.03,1024,1024,success,0
tinystories,5,2048,source_full,0.03,0.03,1024,1024,success,0
tinystories,5,2048,source_jackknife,0.03,0.03,1024,1024,success,0
tinystories,5,2048,multinomial,0.03,0.03,1024,1024,success,0
tinystories,5,2048,multinomial_jackknife,0.03,0.03,1024,1024,success,0
tinystories,5,2048,source_bootstrap,0.03,0.03,1024,1024,success,0
tinystories,5,2048,bootstrap_jackknife,0.03,0.03,1024,1024,success,0
tinystories,5,2048,direct_inverse_size,0.03,0.03,1024,1024,success,0
tinystories,5,2048,direct_constant,0.03,0.03,512,1024,failure,-512
tinystories,5,2048,source_times_1.25,0.03,0.03,2048,1024,success,1024
tinystories,5,2048,multinomial_times_1.25,0.03,0.03,2048,1024,success,1024
tinystories,5,2048,source_gated,0.03,0.03,1024,1024,success,0
tinystories,5,2048,multinomial_gated,0.03,0.03,1024,1024,success,0
tinystories,5,4096,source_full,0.03,0.03,1024,1024,success,0
tinystories,5,4096,source_jackknife,0.03,0.03,2048,1024,success,1024
tinystories,5,4096,multinomial,0.03,0.03,1024,1024,success,0
tinystories,5,4096,multinomial_jackknife,0.03,0.03,1024,1024,success,0
tinystories,5,4096,source_bootstrap,0.03,0.03,1024,1024,success,0
tinystories,5,4096,bootstrap_jackknife,0.03,0.03,1024,1024,success,0
tinystories,5,4096,direct_inverse_size,0.03,0.03,2048,1024,success,1024
tinystories,5,4096,direct_constant,0.03,0.03,512,1024,failure,-512
tinystories,5,4096,source_times_1.25,0.03,0.03,2048,1024,success,1024
tinystories,5,4096,multinomial_times_1.25,0.03,0.03,2048,1024,success,1024
tinystories,5,4096,source_gated,0.03,0.03,1024,1024,success,0
tinystories,5,4096,multinomial_gated,0.03,0.03,1024,1024,success,0
wikitext,0,1024,source_full,original,0.029938503663419314,1024,4096,failure,-3072
wikitext,0,1024,source_jackknife,original,0.029938503663419314,2048,4096,failure,-2048
wikitext,0,1024,multinomial,original,0.029938503663419314,512,4096,failure,-3584
wikitext,0,1024,multinomial_jackknife,original,0.029938503663419314,2048,4096,failure,-2048
wikitext,0,1024,source_bootstrap,original,0.029938503663419314,512,4096,failure,-3584
wikitext,0,1024,bootstrap_jackknife,original,0.029938503663419314,2048,4096,failure,-2048
wikitext,0,1024,direct_inverse_size,original,0.029938503663419314,1024,4096,failure,-3072
wikitext,0,1024,direct_constant,original,0.029938503663419314,,4096,abstain,
wikitext,0,1024,source_times_1.25,original,0.029938503663419314,2048,4096,failure,-2048
wikitext,0,1024,multinomial_times_1.25,original,0.029938503663419314,4096,4096,success,0
wikitext,0,1024,source_gated,original,0.029938503663419314,2048,4096,failure,-2048
wikitext,0,1024,multinomial_gated,original,0.029938503663419314,512,4096,failure,-3584
wikitext,0,2048,source_full,original,0.029938503663419314,2048,4096,failure,-2048
wikitext,0,2048,source_jackknife,original,0.029938503663419314,4096,4096,success,0
wikitext,0,2048,multinomial,original,0.029938503663419314,2048,4096,failure,-2048
wikitext,0,2048,multinomial_jackknife,original,0.029938503663419314,4096,4096,success,0
wikitext,0,2048,source_bootstrap,original,0.029938503663419314,1024,4096,failure,-3072
wikitext,0,2048,bootstrap_jackknife,original,0.029938503663419314,4096,4096,success,0
wikitext,0,2048,direct_inverse_size,original,0.029938503663419314,2048,4096,failure,-2048
wikitext,0,2048,direct_constant,original,0.029938503663419314,,4096,abstain,
wikitext,0,2048,source_times_1.25,original,0.029938503663419314,4096,4096,success,0
wikitext,0,2048,multinomial_times_1.25,original,0.029938503663419314,4096,4096,success,0
wikitext,0,2048,source_gated,original,0.029938503663419314,4096,4096,success,0
wikitext,0,2048,multinomial_gated,original,0.029938503663419314,4096,4096,success,0
wikitext,0,4096,source_full,original,0.029938503663419314,4096,4096,success,0
wikitext,0,4096,source_jackknife,original,0.029938503663419314,4096,4096,success,0
wikitext,0,4096,multinomial,original,0.029938503663419314,2048,4096,failure,-2048
wikitext,0,4096,multinomial_jackknife,original,0.029938503663419314,2048,4096,failure,-2048
wikitext,0,4096,source_bootstrap,original,0.029938503663419314,2048,4096,failure,-2048
wikitext,0,4096,bootstrap_jackknife,original,0.029938503663419314,4096,4096,success,0
wikitext,0,4096,direct_inverse_size,original,0.029938503663419314,4096,4096,success,0
wikitext,0,4096,direct_constant,original,0.029938503663419314,,4096,abstain,
wikitext,0,4096,source_times_1.25,original,0.029938503663419314,4096,4096,success,0
wikitext,0,4096,multinomial_times_1.25,original,0.029938503663419314,,4096,abstain,
wikitext,0,4096,source_gated,original,0.029938503663419314,4096,4096,success,0
wikitext,0,4096,multinomial_gated,original,0.029938503663419314,2048,4096,failure,-2048
wikitext,1,1024,source_full,original,0.029938503663419314,1024,4096,failure,-3072
wikitext,1,1024,source_jackknife,original,0.029938503663419314,2048,4096,failure,-2048
wikitext,1,1024,multinomial,original,0.029938503663419314,1024,4096,failure,-3072
wikitext,1,1024,multinomial_jackknife,original,0.029938503663419314,2048,4096,failure,-2048
wikitext,1,1024,source_bootstrap,original,0.029938503663419314,512,4096,failure,-3584
wikitext,1,1024,bootstrap_jackknife,original,0.029938503663419314,2048,4096,failure,-2048
wikitext,1,1024,direct_inverse_size,original,0.029938503663419314,1024,4096,failure,-3072
wikitext,1,1024,direct_constant,original,0.029938503663419314,,4096,abstain,
wikitext,1,1024,source_times_1.25,original,0.029938503663419314,2048,4096,failure,-2048
wikitext,1,1024,multinomial_times_1.25,original,0.029938503663419314,4096,4096,success,0
wikitext,1,1024,source_gated,original,0.029938503663419314,2048,4096,failure,-2048
wikitext,1,1024,multinomial_gated,original,0.029938503663419314,2048,4096,failure,-2048
wikitext,1,2048,source_full,original,0.029938503663419314,2048,4096,failure,-2048
wikitext,1,2048,source_jackknife,original,0.029938503663419314,4096,4096,success,0
wikitext,1,2048,multinomial,original,0.029938503663419314,1024,4096,failure,-3072
wikitext,1,2048,multinomial_jackknife,original,0.029938503663419314,2048,4096,failure,-2048
wikitext,1,2048,source_bootstrap,original,0.029938503663419314,1024,4096,failure,-3072
wikitext,1,2048,bootstrap_jackknife,original,0.029938503663419314,2048,4096,failure,-2048
wikitext,1,2048,direct_inverse_size,original,0.029938503663419314,2048,4096,failure,-2048
wikitext,1,2048,direct_constant,original,0.029938503663419314,,4096,abstain,
wikitext,1,2048,source_times_1.25,original,0.029938503663419314,4096,4096,success,0
wikitext,1,2048,multinomial_times_1.25,original,0.029938503663419314,4096,4096,success,0
wikitext,1,2048,source_gated,original,0.029938503663419314,4096,4096,success,0
wikitext,1,2048,multinomial_gated,original,0.029938503663419314,1024,4096,failure,-3072
wikitext,1,4096,source_full,original,0.029938503663419314,2048,4096,failure,-2048
wikitext,1,4096,source_jackknife,original,0.029938503663419314,4096,4096,success,0
wikitext,1,4096,multinomial,original,0.029938503663419314,2048,4096,failure,-2048
wikitext,1,4096,multinomial_jackknife,original,0.029938503663419314,2048,4096,failure,-2048
wikitext,1,4096,source_bootstrap,original,0.029938503663419314,2048,4096,failure,-2048
wikitext,1,4096,bootstrap_jackknife,original,0.029938503663419314,4096,4096,success,0
wikitext,1,4096,direct_inverse_size,original,0.029938503663419314,4096,4096,success,0
wikitext,1,4096,direct_constant,original,0.029938503663419314,,4096,abstain,
wikitext,1,4096,source_times_1.25,original,0.029938503663419314,4096,4096,success,0
wikitext,1,4096,multinomial_times_1.25,original,0.029938503663419314,,4096,abstain,
wikitext,1,4096,source_gated,original,0.029938503663419314,2048,4096,failure,-2048
wikitext,1,4096,multinomial_gated,original,0.029938503663419314,2048,4096,failure,-2048
wikitext,2,1024,source_full,original,0.029938503663419314,1024,4096,failure,-3072
wikitext,2,1024,source_jackknife,original,0.029938503663419314,2048,4096,failure,-2048
wikitext,2,1024,multinomial,original,0.029938503663419314,512,4096,failure,-3584
wikitext,2,1024,multinomial_jackknife,original,0.029938503663419314,2048,4096,failure,-2048
wikitext,2,1024,source_bootstrap,original,0.029938503663419314,512,4096,failure,-3584
wikitext,2,1024,bootstrap_jackknife,original,0.029938503663419314,2048,4096,failure,-2048
wikitext,2,1024,direct_inverse_size,original,0.029938503663419314,1024,4096,failure,-3072
wikitext,2,1024,direct_constant,original,0.029938503663419314,,4096,abstain,
wikitext,2,1024,source_times_1.25,original,0.029938503663419314,2048,4096,failure,-2048
wikitext,2,1024,multinomial_times_1.25,original,0.029938503663419314,4096,4096,success,0
wikitext,2,1024,source_gated,original,0.029938503663419314,2048,4096,failure,-2048
wikitext,2,1024,multinomial_gated,original,0.029938503663419314,512,4096,failure,-3584
wikitext,2,2048,source_full,original,0.029938503663419314,2048,4096,failure,-2048
wikitext,2,2048,source_jackknife,original,0.029938503663419314,4096,4096,success,0
wikitext,2,2048,multinomial,original,0.029938503663419314,1024,4096,failure,-3072
wikitext,2,2048,multinomial_jackknife,original,0.029938503663419314,2048,4096,failure,-2048
wikitext,2,2048,source_bootstrap,original,0.029938503663419314,1024,4096,failure,-3072
wikitext,2,2048,bootstrap_jackknife,original,0.029938503663419314,4096,4096,success,0
wikitext,2,2048,direct_inverse_size,original,0.029938503663419314,2048,4096,failure,-2048
wikitext,2,2048,direct_constant,original,0.029938503663419314,,4096,abstain,
wikitext,2,2048,source_times_1.25,original,0.029938503663419314,4096,4096,success,0
wikitext,2,2048,multinomial_times_1.25,original,0.029938503663419314,4096,4096,success,0
wikitext,2,2048,source_gated,original,0.029938503663419314,4096,4096,success,0
wikitext,2,2048,multinomial_gated,original,0.029938503663419314,1024,4096,failure,-3072
wikitext,2,4096,source_full,original,0.029938503663419314,4096,4096,success,0
wikitext,2,4096,source_jackknife,original,0.029938503663419314,4096,4096,success,0
wikitext,2,4096,multinomial,original,0.029938503663419314,2048,4096,failure,-2048
wikitext,2,4096,multinomial_jackknife,original,0.029938503663419314,2048,4096,failure,-2048
wikitext,2,4096,source_bootstrap,original,0.029938503663419314,2048,4096,failure,-2048
wikitext,2,4096,bootstrap_jackknife,original,0.029938503663419314,4096,4096,success,0
wikitext,2,4096,direct_inverse_size,original,0.029938503663419314,4096,4096,success,0
wikitext,2,4096,direct_constant,original,0.029938503663419314,,4096,abstain,
wikitext,2,4096,source_times_1.25,original,0.029938503663419314,4096,4096,success,0
wikitext,2,4096,multinomial_times_1.25,original,0.029938503663419314,,4096,abstain,
wikitext,2,4096,source_gated,original,0.029938503663419314,4096,4096,success,0
wikitext,2,4096,multinomial_gated,original,0.029938503663419314,2048,4096,failure,-2048
wikitext,3,1024,source_full,original,0.029938503663419314,1024,4096,failure,-3072
wikitext,3,1024,source_jackknife,original,0.029938503663419314,2048,4096,failure,-2048
wikitext,3,1024,multinomial,original,0.029938503663419314,512,4096,failure,-3584
wikitext,3,1024,multinomial_jackknife,original,0.029938503663419314,2048,4096,failure,-2048
wikitext,3,1024,source_bootstrap,original,0.029938503663419314,512,4096,failure,-3584
wikitext,3,1024,bootstrap_jackknife,original,0.029938503663419314,2048,4096,failure,-2048
wikitext,3,1024,direct_inverse_size,original,0.029938503663419314,1024,4096,failure,-3072
wikitext,3,1024,direct_constant,original,0.029938503663419314,,4096,abstain,
wikitext,3,1024,source_times_1.25,original,0.029938503663419314,2048,4096,failure,-2048
wikitext,3,1024,multinomial_times_1.25,original,0.029938503663419314,4096,4096,success,0
wikitext,3,1024,source_gated,original,0.029938503663419314,2048,4096,failure,-2048
wikitext,3,1024,multinomial_gated,original,0.029938503663419314,512,4096,failure,-3584
wikitext,3,2048,source_full,original,0.029938503663419314,2048,4096,failure,-2048
wikitext,3,2048,source_jackknife,original,0.029938503663419314,4096,4096,success,0
wikitext,3,2048,multinomial,original,0.029938503663419314,1024,4096,failure,-3072
wikitext,3,2048,multinomial_jackknife,original,0.029938503663419314,2048,4096,failure,-2048
wikitext,3,2048,source_bootstrap,original,0.029938503663419314,1024,4096,failure,-3072
wikitext,3,2048,bootstrap_jackknife,original,0.029938503663419314,2048,4096,failure,-2048
wikitext,3,2048,direct_inverse_size,original,0.029938503663419314,2048,4096,failure,-2048
wikitext,3,2048,direct_constant,original,0.029938503663419314,,4096,abstain,
wikitext,3,2048,source_times_1.25,original,0.029938503663419314,4096,4096,success,0
wikitext,3,2048,multinomial_times_1.25,original,0.029938503663419314,4096,4096,success,0
wikitext,3,2048,source_gated,original,0.029938503663419314,4096,4096,success,0
wikitext,3,2048,multinomial_gated,original,0.029938503663419314,1024,4096,failure,-3072
wikitext,3,4096,source_full,original,0.029938503663419314,2048,4096,failure,-2048
wikitext,3,4096,source_jackknife,original,0.029938503663419314,4096,4096,success,0
wikitext,3,4096,multinomial,original,0.029938503663419314,2048,4096,failure,-2048
wikitext,3,4096,multinomial_jackknife,original,0.029938503663419314,2048,4096,failure,-2048
wikitext,3,4096,source_bootstrap,original,0.029938503663419314,2048,4096,failure,-2048
wikitext,3,4096,bootstrap_jackknife,original,0.029938503663419314,4096,4096,success,0
wikitext,3,4096,direct_inverse_size,original,0.029938503663419314,4096,4096,success,0
wikitext,3,4096,direct_constant,original,0.029938503663419314,,4096,abstain,
wikitext,3,4096,source_times_1.25,original,0.029938503663419314,4096,4096,success,0
wikitext,3,4096,multinomial_times_1.25,original,0.029938503663419314,,4096,abstain,
wikitext,3,4096,source_gated,original,0.029938503663419314,2048,4096,failure,-2048
wikitext,3,4096,multinomial_gated,original,0.029938503663419314,2048,4096,failure,-2048
wikitext,4,1024,source_full,original,0.029938503663419314,1024,4096,failure,-3072
wikitext,4,1024,source_jackknife,original,0.029938503663419314,2048,4096,failure,-2048
wikitext,4,1024,multinomial,original,0.029938503663419314,512,4096,failure,-3584
wikitext,4,1024,multinomial_jackknife,original,0.029938503663419314,2048,4096,failure,-2048
wikitext,4,1024,source_bootstrap,original,0.029938503663419314,512,4096,failure,-3584
wikitext,4,1024,bootstrap_jackknife,original,0.029938503663419314,2048,4096,failure,-2048
wikitext,4,1024,direct_inverse_size,original,0.029938503663419314,1024,4096,failure,-3072
wikitext,4,1024,direct_constant,original,0.029938503663419314,,4096,abstain,
wikitext,4,1024,source_times_1.25,original,0.029938503663419314,2048,4096,failure,-2048
wikitext,4,1024,multinomial_times_1.25,original,0.029938503663419314,4096,4096,success,0
wikitext,4,1024,source_gated,original,0.029938503663419314,2048,4096,failure,-2048
wikitext,4,1024,multinomial_gated,original,0.029938503663419314,512,4096,failure,-3584
wikitext,4,2048,source_full,original,0.029938503663419314,2048,4096,failure,-2048
wikitext,4,2048,source_jackknife,original,0.029938503663419314,4096,4096,success,0
wikitext,4,2048,multinomial,original,0.029938503663419314,2048,4096,failure,-2048
wikitext,4,2048,multinomial_jackknife,original,0.029938503663419314,4096,4096,success,0
wikitext,4,2048,source_bootstrap,original,0.029938503663419314,1024,4096,failure,-3072
wikitext,4,2048,bootstrap_jackknife,original,0.029938503663419314,4096,4096,success,0
wikitext,4,2048,direct_inverse_size,original,0.029938503663419314,2048,4096,failure,-2048
wikitext,4,2048,direct_constant,original,0.029938503663419314,,4096,abstain,
wikitext,4,2048,source_times_1.25,original,0.029938503663419314,4096,4096,success,0
wikitext,4,2048,multinomial_times_1.25,original,0.029938503663419314,4096,4096,success,0
wikitext,4,2048,source_gated,original,0.029938503663419314,4096,4096,success,0
wikitext,4,2048,multinomial_gated,original,0.029938503663419314,4096,4096,success,0
wikitext,4,4096,source_full,original,0.029938503663419314,2048,4096,failure,-2048
wikitext,4,4096,source_jackknife,original,0.029938503663419314,4096,4096,success,0
wikitext,4,4096,multinomial,original,0.029938503663419314,2048,4096,failure,-2048
wikitext,4,4096,multinomial_jackknife,original,0.029938503663419314,2048,4096,failure,-2048
wikitext,4,4096,source_bootstrap,original,0.029938503663419314,2048,4096,failure,-2048
wikitext,4,4096,bootstrap_jackknife,original,0.029938503663419314,4096,4096,success,0
wikitext,4,4096,direct_inverse_size,original,0.029938503663419314,4096,4096,success,0
wikitext,4,4096,direct_constant,original,0.029938503663419314,,4096,abstain,
wikitext,4,4096,source_times_1.25,original,0.029938503663419314,4096,4096,success,0
wikitext,4,4096,multinomial_times_1.25,original,0.029938503663419314,,4096,abstain,
wikitext,4,4096,source_gated,original,0.029938503663419314,2048,4096,failure,-2048
wikitext,4,4096,multinomial_gated,original,0.029938503663419314,2048,4096,failure,-2048
wikitext,5,1024,source_full,original,0.029938503663419314,1024,4096,failure,-3072
wikitext,5,1024,source_jackknife,original,0.029938503663419314,2048,4096,failure,-2048
wikitext,5,1024,multinomial,original,0.029938503663419314,512,4096,failure,-3584
wikitext,5,1024,multinomial_jackknife,original,0.029938503663419314,2048,4096,failure,-2048
wikitext,5,1024,source_bootstrap,original,0.029938503663419314,512,4096,failure,-3584
wikitext,5,1024,bootstrap_jackknife,original,0.029938503663419314,2048,4096,failure,-2048
wikitext,5,1024,direct_inverse_size,original,0.029938503663419314,1024,4096,failure,-3072
wikitext,5,1024,direct_constant,original,0.029938503663419314,,4096,abstain,
wikitext,5,1024,source_times_1.25,original,0.029938503663419314,2048,4096,failure,-2048
wikitext,5,1024,multinomial_times_1.25,original,0.029938503663419314,4096,4096,success,0
wikitext,5,1024,source_gated,original,0.029938503663419314,2048,4096,failure,-2048
wikitext,5,1024,multinomial_gated,original,0.029938503663419314,512,4096,failure,-3584
wikitext,5,2048,source_full,original,0.029938503663419314,2048,4096,failure,-2048
wikitext,5,2048,source_jackknife,original,0.029938503663419314,4096,4096,success,0
wikitext,5,2048,multinomial,original,0.029938503663419314,1024,4096,failure,-3072
wikitext,5,2048,multinomial_jackknife,original,0.029938503663419314,2048,4096,failure,-2048
wikitext,5,2048,source_bootstrap,original,0.029938503663419314,512,4096,failure,-3584
wikitext,5,2048,bootstrap_jackknife,original,0.029938503663419314,2048,4096,failure,-2048
wikitext,5,2048,direct_inverse_size,original,0.029938503663419314,2048,4096,failure,-2048
wikitext,5,2048,direct_constant,original,0.029938503663419314,,4096,abstain,
wikitext,5,2048,source_times_1.25,original,0.029938503663419314,4096,4096,success,0
wikitext,5,2048,multinomial_times_1.25,original,0.029938503663419314,4096,4096,success,0
wikitext,5,2048,source_gated,original,0.029938503663419314,4096,4096,success,0
wikitext,5,2048,multinomial_gated,original,0.029938503663419314,1024,4096,failure,-3072
wikitext,5,4096,source_full,original,0.029938503663419314,2048,4096,failure,-2048
wikitext,5,4096,source_jackknife,original,0.029938503663419314,4096,4096,success,0
wikitext,5,4096,multinomial,original,0.029938503663419314,2048,4096,failure,-2048
wikitext,5,4096,multinomial_jackknife,original,0.029938503663419314,2048,4096,failure,-2048
wikitext,5,4096,source_bootstrap,original,0.029938503663419314,2048,4096,failure,-2048
wikitext,5,4096,bootstrap_jackknife,original,0.029938503663419314,4096,4096,success,0
wikitext,5,4096,direct_inverse_size,original,0.029938503663419314,4096,4096,success,0
wikitext,5,4096,direct_constant,original,0.029938503663419314,,4096,abstain,
wikitext,5,4096,source_times_1.25,original,0.029938503663419314,4096,4096,success,0
wikitext,5,4096,multinomial_times_1.25,original,0.029938503663419314,,4096,abstain,
wikitext,5,4096,source_gated,original,0.029938503663419314,2048,4096,failure,-2048
wikitext,5,4096,multinomial_gated,original,0.029938503663419314,2048,4096,failure,-2048
wikitext,0,1024,source_full,0.02,0.02,4096,,failure,
wikitext,0,1024,source_jackknife,0.02,0.02,4096,,failure,
wikitext,0,1024,multinomial,0.02,0.02,,,abstain,
wikitext,0,1024,multinomial_jackknife,0.02,0.02,,,abstain,
wikitext,0,1024,source_bootstrap,0.02,0.02,4096,,failure,
wikitext,0,1024,bootstrap_jackknife,0.02,0.02,4096,,failure,
wikitext,0,1024,direct_inverse_size,0.02,0.02,1024,,failure,
wikitext,0,1024,direct_constant,0.02,0.02,,,abstain,
wikitext,0,1024,source_times_1.25,0.02,0.02,4096,,failure,
wikitext,0,1024,multinomial_times_1.25,0.02,0.02,,,abstain,
wikitext,0,1024,source_gated,0.02,0.02,4096,,failure,
wikitext,0,1024,multinomial_gated,0.02,0.02,,,abstain,
wikitext,0,2048,source_full,0.02,0.02,4096,,failure,
wikitext,0,2048,source_jackknife,0.02,0.02,,,abstain,
wikitext,0,2048,multinomial,0.02,0.02,,,abstain,
wikitext,0,2048,multinomial_jackknife,0.02,0.02,,,abstain,
wikitext,0,2048,source_bootstrap,0.02,0.02,4096,,failure,
wikitext,0,2048,bootstrap_jackknife,0.02,0.02,,,abstain,
wikitext,0,2048,direct_inverse_size,0.02,0.02,2048,,failure,
wikitext,0,2048,direct_constant,0.02,0.02,,,abstain,
wikitext,0,2048,source_times_1.25,0.02,0.02,,,abstain,
wikitext,0,2048,multinomial_times_1.25,0.02,0.02,,,abstain,
wikitext,0,2048,source_gated,0.02,0.02,,,abstain,
wikitext,0,2048,multinomial_gated,0.02,0.02,,,abstain,
wikitext,0,4096,source_full,0.02,0.02,,,abstain,
wikitext,0,4096,source_jackknife,0.02,0.02,,,abstain,
wikitext,0,4096,multinomial,0.02,0.02,,,abstain,
wikitext,0,4096,multinomial_jackknife,0.02,0.02,,,abstain,
wikitext,0,4096,source_bootstrap,0.02,0.02,,,abstain,
wikitext,0,4096,bootstrap_jackknife,0.02,0.02,,,abstain,
wikitext,0,4096,direct_inverse_size,0.02,0.02,4096,,failure,
wikitext,0,4096,direct_constant,0.02,0.02,,,abstain,
wikitext,0,4096,source_times_1.25,0.02,0.02,,,abstain,
wikitext,0,4096,multinomial_times_1.25,0.02,0.02,,,abstain,
wikitext,0,4096,source_gated,0.02,0.02,,,abstain,
wikitext,0,4096,multinomial_gated,0.02,0.02,,,abstain,
wikitext,1,1024,source_full,0.02,0.02,4096,,failure,
wikitext,1,1024,source_jackknife,0.02,0.02,4096,,failure,
wikitext,1,1024,multinomial,0.02,0.02,,,abstain,
wikitext,1,1024,multinomial_jackknife,0.02,0.02,,,abstain,
wikitext,1,1024,source_bootstrap,0.02,0.02,4096,,failure,
wikitext,1,1024,bootstrap_jackknife,0.02,0.02,4096,,failure,
wikitext,1,1024,direct_inverse_size,0.02,0.02,1024,,failure,
wikitext,1,1024,direct_constant,0.02,0.02,,,abstain,
wikitext,1,1024,source_times_1.25,0.02,0.02,4096,,failure,
wikitext,1,1024,multinomial_times_1.25,0.02,0.02,,,abstain,
wikitext,1,1024,source_gated,0.02,0.02,4096,,failure,
wikitext,1,1024,multinomial_gated,0.02,0.02,,,abstain,
wikitext,1,2048,source_full,0.02,0.02,4096,,failure,
wikitext,1,2048,source_jackknife,0.02,0.02,,,abstain,
wikitext,1,2048,multinomial,0.02,0.02,,,abstain,
wikitext,1,2048,multinomial_jackknife,0.02,0.02,,,abstain,
wikitext,1,2048,source_bootstrap,0.02,0.02,4096,,failure,
wikitext,1,2048,bootstrap_jackknife,0.02,0.02,,,abstain,
wikitext,1,2048,direct_inverse_size,0.02,0.02,2048,,failure,
wikitext,1,2048,direct_constant,0.02,0.02,,,abstain,
wikitext,1,2048,source_times_1.25,0.02,0.02,,,abstain,
wikitext,1,2048,multinomial_times_1.25,0.02,0.02,,,abstain,
wikitext,1,2048,source_gated,0.02,0.02,,,abstain,
wikitext,1,2048,multinomial_gated,0.02,0.02,,,abstain,
wikitext,1,4096,source_full,0.02,0.02,,,abstain,
wikitext,1,4096,source_jackknife,0.02,0.02,,,abstain,
wikitext,1,4096,multinomial,0.02,0.02,,,abstain,
wikitext,1,4096,multinomial_jackknife,0.02,0.02,,,abstain,
wikitext,1,4096,source_bootstrap,0.02,0.02,,,abstain,
wikitext,1,4096,bootstrap_jackknife,0.02,0.02,,,abstain,
wikitext,1,4096,direct_inverse_size,0.02,0.02,4096,,failure,
wikitext,1,4096,direct_constant,0.02,0.02,,,abstain,
wikitext,1,4096,source_times_1.25,0.02,0.02,,,abstain,
wikitext,1,4096,multinomial_times_1.25,0.02,0.02,,,abstain,
wikitext,1,4096,source_gated,0.02,0.02,,,abstain,
wikitext,1,4096,multinomial_gated,0.02,0.02,,,abstain,
wikitext,2,1024,source_full,0.02,0.02,2048,,failure,
wikitext,2,1024,source_jackknife,0.02,0.02,4096,,failure,
wikitext,2,1024,multinomial,0.02,0.02,,,abstain,
wikitext,2,1024,multinomial_jackknife,0.02,0.02,,,abstain,
wikitext,2,1024,source_bootstrap,0.02,0.02,4096,,failure,
wikitext,2,1024,bootstrap_jackknife,0.02,0.02,4096,,failure,
wikitext,2,1024,direct_inverse_size,0.02,0.02,1024,,failure,
wikitext,2,1024,direct_constant,0.02,0.02,,,abstain,
wikitext,2,1024,source_times_1.25,0.02,0.02,4096,,failure,
wikitext,2,1024,multinomial_times_1.25,0.02,0.02,,,abstain,
wikitext,2,1024,source_gated,0.02,0.02,4096,,failure,
wikitext,2,1024,multinomial_gated,0.02,0.02,,,abstain,
wikitext,2,2048,source_full,0.02,0.02,4096,,failure,
wikitext,2,2048,source_jackknife,0.02,0.02,,,abstain,
wikitext,2,2048,multinomial,0.02,0.02,,,abstain,
wikitext,2,2048,multinomial_jackknife,0.02,0.02,,,abstain,
wikitext,2,2048,source_bootstrap,0.02,0.02,4096,,failure,
wikitext,2,2048,bootstrap_jackknife,0.02,0.02,,,abstain,
wikitext,2,2048,direct_inverse_size,0.02,0.02,2048,,failure,
wikitext,2,2048,direct_constant,0.02,0.02,,,abstain,
wikitext,2,2048,source_times_1.25,0.02,0.02,,,abstain,
wikitext,2,2048,multinomial_times_1.25,0.02,0.02,,,abstain,
wikitext,2,2048,source_gated,0.02,0.02,,,abstain,
wikitext,2,2048,multinomial_gated,0.02,0.02,,,abstain,
wikitext,2,4096,source_full,0.02,0.02,,,abstain,
wikitext,2,4096,source_jackknife,0.02,0.02,,,abstain,
wikitext,2,4096,multinomial,0.02,0.02,,,abstain,
wikitext,2,4096,multinomial_jackknife,0.02,0.02,,,abstain,
wikitext,2,4096,source_bootstrap,0.02,0.02,,,abstain,
wikitext,2,4096,bootstrap_jackknife,0.02,0.02,,,abstain,
wikitext,2,4096,direct_inverse_size,0.02,0.02,4096,,failure,
wikitext,2,4096,direct_constant,0.02,0.02,,,abstain,
wikitext,2,4096,source_times_1.25,0.02,0.02,,,abstain,
wikitext,2,4096,multinomial_times_1.25,0.02,0.02,,,abstain,
wikitext,2,4096,source_gated,0.02,0.02,,,abstain,
wikitext,2,4096,multinomial_gated,0.02,0.02,,,abstain,
wikitext,3,1024,source_full,0.02,0.02,2048,,failure,
wikitext,3,1024,source_jackknife,0.02,0.02,4096,,failure,
wikitext,3,1024,multinomial,0.02,0.02,4096,,failure,
wikitext,3,1024,multinomial_jackknife,0.02,0.02,,,abstain,
wikitext,3,1024,source_bootstrap,0.02,0.02,4096,,failure,
wikitext,3,1024,bootstrap_jackknife,0.02,0.02,4096,,failure,
wikitext,3,1024,direct_inverse_size,0.02,0.02,1024,,failure,
wikitext,3,1024,direct_constant,0.02,0.02,,,abstain,
wikitext,3,1024,source_times_1.25,0.02,0.02,4096,,failure,
wikitext,3,1024,multinomial_times_1.25,0.02,0.02,,,abstain,
wikitext,3,1024,source_gated,0.02,0.02,4096,,failure,
wikitext,3,1024,multinomial_gated,0.02,0.02,,,abstain,
wikitext,3,2048,source_full,0.02,0.02,4096,,failure,
wikitext,3,2048,source_jackknife,0.02,0.02,,,abstain,
wikitext,3,2048,multinomial,0.02,0.02,,,abstain,
wikitext,3,2048,multinomial_jackknife,0.02,0.02,,,abstain,
wikitext,3,2048,source_bootstrap,0.02,0.02,4096,,failure,
wikitext,3,2048,bootstrap_jackknife,0.02,0.02,,,abstain,
wikitext,3,2048,direct_inverse_size,0.02,0.02,2048,,failure,
wikitext,3,2048,direct_constant,0.02,0.02,,,abstain,
wikitext,3,2048,source_times_1.25,0.02,0.02,,,abstain,
wikitext,3,2048,multinomial_times_1.25,0.02,0.02,,,abstain,
wikitext,3,2048,source_gated,0.02,0.02,,,abstain,
wikitext,3,2048,multinomial_gated,0.02,0.02,,,abstain,
wikitext,3,4096,source_full,0.02,0.02,,,abstain,
wikitext,3,4096,source_jackknife,0.02,0.02,,,abstain,
wikitext,3,4096,multinomial,0.02,0.02,,,abstain,
wikitext,3,4096,multinomial_jackknife,0.02,0.02,,,abstain,
wikitext,3,4096,source_bootstrap,0.02,0.02,,,abstain,
wikitext,3,4096,bootstrap_jackknife,0.02,0.02,,,abstain,
wikitext,3,4096,direct_inverse_size,0.02,0.02,4096,,failure,
wikitext,3,4096,direct_constant,0.02,0.02,,,abstain,
wikitext,3,4096,source_times_1.25,0.02,0.02,,,abstain,
wikitext,3,4096,multinomial_times_1.25,0.02,0.02,,,abstain,
wikitext,3,4096,source_gated,0.02,0.02,,,abstain,
wikitext,3,4096,multinomial_gated,0.02,0.02,,,abstain,
wikitext,4,1024,source_full,0.02,0.02,2048,,failure,
wikitext,4,1024,source_jackknife,0.02,0.02,4096,,failure,
wikitext,4,1024,multinomial,0.02,0.02,,,abstain,
wikitext,4,1024,multinomial_jackknife,0.02,0.02,,,abstain,
wikitext,4,1024,source_bootstrap,0.02,0.02,4096,,failure,
wikitext,4,1024,bootstrap_jackknife,0.02,0.02,4096,,failure,
wikitext,4,1024,direct_inverse_size,0.02,0.02,1024,,failure,
wikitext,4,1024,direct_constant,0.02,0.02,,,abstain,
wikitext,4,1024,source_times_1.25,0.02,0.02,4096,,failure,
wikitext,4,1024,multinomial_times_1.25,0.02,0.02,,,abstain,
wikitext,4,1024,source_gated,0.02,0.02,4096,,failure,
wikitext,4,1024,multinomial_gated,0.02,0.02,,,abstain,
wikitext,4,2048,source_full,0.02,0.02,4096,,failure,
wikitext,4,2048,source_jackknife,0.02,0.02,,,abstain,
wikitext,4,2048,multinomial,0.02,0.02,,,abstain,
wikitext,4,2048,multinomial_jackknife,0.02,0.02,,,abstain,
wikitext,4,2048,source_bootstrap,0.02,0.02,4096,,failure,
wikitext,4,2048,bootstrap_jackknife,0.02,0.02,,,abstain,
wikitext,4,2048,direct_inverse_size,0.02,0.02,2048,,failure,
wikitext,4,2048,direct_constant,0.02,0.02,,,abstain,
wikitext,4,2048,source_times_1.25,0.02,0.02,,,abstain,
wikitext,4,2048,multinomial_times_1.25,0.02,0.02,,,abstain,
wikitext,4,2048,source_gated,0.02,0.02,,,abstain,
wikitext,4,2048,multinomial_gated,0.02,0.02,,,abstain,
wikitext,4,4096,source_full,0.02,0.02,,,abstain,
wikitext,4,4096,source_jackknife,0.02,0.02,,,abstain,
wikitext,4,4096,multinomial,0.02,0.02,,,abstain,
wikitext,4,4096,multinomial_jackknife,0.02,0.02,,,abstain,
wikitext,4,4096,source_bootstrap,0.02,0.02,,,abstain,
wikitext,4,4096,bootstrap_jackknife,0.02,0.02,,,abstain,
wikitext,4,4096,direct_inverse_size,0.02,0.02,4096,,failure,
wikitext,4,4096,direct_constant,0.02,0.02,,,abstain,
wikitext,4,4096,source_times_1.25,0.02,0.02,,,abstain,
wikitext,4,4096,multinomial_times_1.25,0.02,0.02,,,abstain,
wikitext,4,4096,source_gated,0.02,0.02,,,abstain,
wikitext,4,4096,multinomial_gated,0.02,0.02,,,abstain,
wikitext,5,1024,source_full,0.02,0.02,2048,,failure,
wikitext,5,1024,source_jackknife,0.02,0.02,4096,,failure,
wikitext,5,1024,multinomial,0.02,0.02,,,abstain,
wikitext,5,1024,multinomial_jackknife,0.02,0.02,,,abstain,
wikitext,5,1024,source_bootstrap,0.02,0.02,4096,,failure,
wikitext,5,1024,bootstrap_jackknife,0.02,0.02,4096,,failure,
wikitext,5,1024,direct_inverse_size,0.02,0.02,1024,,failure,
wikitext,5,1024,direct_constant,0.02,0.02,,,abstain,
wikitext,5,1024,source_times_1.25,0.02,0.02,4096,,failure,
wikitext,5,1024,multinomial_times_1.25,0.02,0.02,,,abstain,
wikitext,5,1024,source_gated,0.02,0.02,4096,,failure,
wikitext,5,1024,multinomial_gated,0.02,0.02,,,abstain,
wikitext,5,2048,source_full,0.02,0.02,4096,,failure,
wikitext,5,2048,source_jackknife,0.02,0.02,,,abstain,
wikitext,5,2048,multinomial,0.02,0.02,,,abstain,
wikitext,5,2048,multinomial_jackknife,0.02,0.02,,,abstain,
wikitext,5,2048,source_bootstrap,0.02,0.02,4096,,failure,
wikitext,5,2048,bootstrap_jackknife,0.02,0.02,,,abstain,
wikitext,5,2048,direct_inverse_size,0.02,0.02,2048,,failure,
wikitext,5,2048,direct_constant,0.02,0.02,,,abstain,
wikitext,5,2048,source_times_1.25,0.02,0.02,,,abstain,
wikitext,5,2048,multinomial_times_1.25,0.02,0.02,,,abstain,
wikitext,5,2048,source_gated,0.02,0.02,,,abstain,
wikitext,5,2048,multinomial_gated,0.02,0.02,,,abstain,
wikitext,5,4096,source_full,0.02,0.02,,,abstain,
wikitext,5,4096,source_jackknife,0.02,0.02,,,abstain,
wikitext,5,4096,multinomial,0.02,0.02,,,abstain,
wikitext,5,4096,multinomial_jackknife,0.02,0.02,,,abstain,
wikitext,5,4096,source_bootstrap,0.02,0.02,,,abstain,
wikitext,5,4096,bootstrap_jackknife,0.02,0.02,,,abstain,
wikitext,5,4096,direct_inverse_size,0.02,0.02,4096,,failure,
wikitext,5,4096,direct_constant,0.02,0.02,,,abstain,
wikitext,5,4096,source_times_1.25,0.02,0.02,,,abstain,
wikitext,5,4096,multinomial_times_1.25,0.02,0.02,,,abstain,
wikitext,5,4096,source_gated,0.02,0.02,,,abstain,
wikitext,5,4096,multinomial_gated,0.02,0.02,,,abstain,
wikitext,0,1024,source_full,0.025,0.025,2048,,failure,
wikitext,0,1024,source_jackknife,0.025,0.025,4096,,failure,
wikitext,0,1024,multinomial,0.025,0.025,4096,,failure,
wikitext,0,1024,multinomial_jackknife,0.025,0.025,,,abstain,
wikitext,0,1024,source_bootstrap,0.025,0.025,2048,,failure,
wikitext,0,1024,bootstrap_jackknife,0.025,0.025,4096,,failure,
wikitext,0,1024,direct_inverse_size,0.025,0.025,1024,,failure,
wikitext,0,1024,direct_constant,0.025,0.025,,,abstain,
wikitext,0,1024,source_times_1.25,0.025,0.025,4096,,failure,
wikitext,0,1024,multinomial_times_1.25,0.025,0.025,,,abstain,
wikitext,0,1024,source_gated,0.025,0.025,4096,,failure,
wikitext,0,1024,multinomial_gated,0.025,0.025,,,abstain,
wikitext,0,2048,source_full,0.025,0.025,4096,,failure,
wikitext,0,2048,source_jackknife,0.025,0.025,,,abstain,
wikitext,0,2048,multinomial,0.025,0.025,4096,,failure,
wikitext,0,2048,multinomial_jackknife,0.025,0.025,,,abstain,
wikitext,0,2048,source_bootstrap,0.025,0.025,4096,,failure,
wikitext,0,2048,bootstrap_jackknife,0.025,0.025,,,abstain,
wikitext,0,2048,direct_inverse_size,0.025,0.025,2048,,failure,
wikitext,0,2048,direct_constant,0.025,0.025,,,abstain,
wikitext,0,2048,source_times_1.25,0.025,0.025,4096,,failure,
wikitext,0,2048,multinomial_times_1.25,0.025,0.025,,,abstain,
wikitext,0,2048,source_gated,0.025,0.025,,,abstain,
wikitext,0,2048,multinomial_gated,0.025,0.025,,,abstain,
wikitext,0,4096,source_full,0.025,0.025,4096,,failure,
wikitext,0,4096,source_jackknife,0.025,0.025,,,abstain,
wikitext,0,4096,multinomial,0.025,0.025,4096,,failure,
wikitext,0,4096,multinomial_jackknife,0.025,0.025,,,abstain,
wikitext,0,4096,source_bootstrap,0.025,0.025,4096,,failure,
wikitext,0,4096,bootstrap_jackknife,0.025,0.025,,,abstain,
wikitext,0,4096,direct_inverse_size,0.025,0.025,4096,,failure,
wikitext,0,4096,direct_constant,0.025,0.025,,,abstain,
wikitext,0,4096,source_times_1.25,0.025,0.025,,,abstain,
wikitext,0,4096,multinomial_times_1.25,0.025,0.025,,,abstain,
wikitext,0,4096,source_gated,0.025,0.025,,,abstain,
wikitext,0,4096,multinomial_gated,0.025,0.025,,,abstain,
wikitext,1,1024,source_full,0.025,0.025,2048,,failure,
wikitext,1,1024,source_jackknife,0.025,0.025,4096,,failure,
wikitext,1,1024,multinomial,0.025,0.025,4096,,failure,
wikitext,1,1024,multinomial_jackknife,0.025,0.025,4096,,failure,
wikitext,1,1024,source_bootstrap,0.025,0.025,2048,,failure,
wikitext,1,1024,bootstrap_jackknife,0.025,0.025,4096,,failure,
wikitext,1,1024,direct_inverse_size,0.025,0.025,1024,,failure,
wikitext,1,1024,direct_constant,0.025,0.025,,,abstain,
wikitext,1,1024,source_times_1.25,0.025,0.025,4096,,failure,
wikitext,1,1024,multinomial_times_1.25,0.025,0.025,,,abstain,
wikitext,1,1024,source_gated,0.025,0.025,4096,,failure,
wikitext,1,1024,multinomial_gated,0.025,0.025,4096,,failure,
wikitext,1,2048,source_full,0.025,0.025,4096,,failure,
wikitext,1,2048,source_jackknife,0.025,0.025,4096,,failure,
wikitext,1,2048,multinomial,0.025,0.025,4096,,failure,
wikitext,1,2048,multinomial_jackknife,0.025,0.025,,,abstain,
wikitext,1,2048,source_bootstrap,0.025,0.025,4096,,failure,
wikitext,1,2048,bootstrap_jackknife,0.025,0.025,4096,,failure,
wikitext,1,2048,direct_inverse_size,0.025,0.025,2048,,failure,
wikitext,1,2048,direct_constant,0.025,0.025,,,abstain,
wikitext,1,2048,source_times_1.25,0.025,0.025,4096,,failure,
wikitext,1,2048,multinomial_times_1.25,0.025,0.025,,,abstain,
wikitext,1,2048,source_gated,0.025,0.025,4096,,failure,
wikitext,1,2048,multinomial_gated,0.025,0.025,,,abstain,
wikitext,1,4096,source_full,0.025,0.025,4096,,failure,
wikitext,1,4096,source_jackknife,0.025,0.025,,,abstain,
wikitext,1,4096,multinomial,0.025,0.025,4096,,failure,
wikitext,1,4096,multinomial_jackknife,0.025,0.025,,,abstain,
wikitext,1,4096,source_bootstrap,0.025,0.025,4096,,failure,
wikitext,1,4096,bootstrap_jackknife,0.025,0.025,,,abstain,
wikitext,1,4096,direct_inverse_size,0.025,0.025,4096,,failure,
wikitext,1,4096,direct_constant,0.025,0.025,,,abstain,
wikitext,1,4096,source_times_1.25,0.025,0.025,,,abstain,
wikitext,1,4096,multinomial_times_1.25,0.025,0.025,,,abstain,
wikitext,1,4096,source_gated,0.025,0.025,,,abstain,
wikitext,1,4096,multinomial_gated,0.025,0.025,,,abstain,
wikitext,2,1024,source_full,0.025,0.025,2048,,failure,
wikitext,2,1024,source_jackknife,0.025,0.025,4096,,failure,
wikitext,2,1024,multinomial,0.025,0.025,2048,,failure,
wikitext,2,1024,multinomial_jackknife,0.025,0.025,4096,,failure,
wikitext,2,1024,source_bootstrap,0.025,0.025,2048,,failure,
wikitext,2,1024,bootstrap_jackknife,0.025,0.025,4096,,failure,
wikitext,2,1024,direct_inverse_size,0.025,0.025,1024,,failure,
wikitext,2,1024,direct_constant,0.025,0.025,,,abstain,
wikitext,2,1024,source_times_1.25,0.025,0.025,2048,,failure,
wikitext,2,1024,multinomial_times_1.25,0.025,0.025,,,abstain,
wikitext,2,1024,source_gated,0.025,0.025,4096,,failure,
wikitext,2,1024,multinomial_gated,0.025,0.025,4096,,failure,
wikitext,2,2048,source_full,0.025,0.025,4096,,failure,
wikitext,2,2048,source_jackknife,0.025,0.025,4096,,failure,
wikitext,2,2048,multinomial,0.025,0.025,4096,,failure,
wikitext,2,2048,multinomial_jackknife,0.025,0.025,,,abstain,
wikitext,2,2048,source_bootstrap,0.025,0.025,4096,,failure,
wikitext,2,2048,bootstrap_jackknife,0.025,0.025,,,abstain,
wikitext,2,2048,direct_inverse_size,0.025,0.025,2048,,failure,
wikitext,2,2048,direct_constant,0.025,0.025,,,abstain,
wikitext,2,2048,source_times_1.25,0.025,0.025,4096,,failure,
wikitext,2,2048,multinomial_times_1.25,0.025,0.025,,,abstain,
wikitext,2,2048,source_gated,0.025,0.025,4096,,failure,
wikitext,2,2048,multinomial_gated,0.025,0.025,,,abstain,
wikitext,2,4096,source_full,0.025,0.025,4096,,failure,
wikitext,2,4096,source_jackknife,0.025,0.025,,,abstain,
wikitext,2,4096,multinomial,0.025,0.025,,,abstain,
wikitext,2,4096,multinomial_jackknife,0.025,0.025,,,abstain,
wikitext,2,4096,source_bootstrap,0.025,0.025,4096,,failure,
wikitext,2,4096,bootstrap_jackknife,0.025,0.025,,,abstain,
wikitext,2,4096,direct_inverse_size,0.025,0.025,4096,,failure,
wikitext,2,4096,direct_constant,0.025,0.025,,,abstain,
wikitext,2,4096,source_times_1.25,0.025,0.025,,,abstain,
wikitext,2,4096,multinomial_times_1.25,0.025,0.025,,,abstain,
wikitext,2,4096,source_gated,0.025,0.025,,,abstain,
wikitext,2,4096,multinomial_gated,0.025,0.025,,,abstain,
wikitext,3,1024,source_full,0.025,0.025,2048,,failure,
wikitext,3,1024,source_jackknife,0.025,0.025,4096,,failure,
wikitext,3,1024,multinomial,0.025,0.025,2048,,failure,
wikitext,3,1024,multinomial_jackknife,0.025,0.025,4096,,failure,
wikitext,3,1024,source_bootstrap,0.025,0.025,2048,,failure,
wikitext,3,1024,bootstrap_jackknife,0.025,0.025,4096,,failure,
wikitext,3,1024,direct_inverse_size,0.025,0.025,1024,,failure,
wikitext,3,1024,direct_constant,0.025,0.025,,,abstain,
wikitext,3,1024,source_times_1.25,0.025,0.025,2048,,failure,
wikitext,3,1024,multinomial_times_1.25,0.025,0.025,4096,,failure,
wikitext,3,1024,source_gated,0.025,0.025,4096,,failure,
wikitext,3,1024,multinomial_gated,0.025,0.025,4096,,failure,
wikitext,3,2048,source_full,0.025,0.025,4096,,failure,
wikitext,3,2048,source_jackknife,0.025,0.025,4096,,failure,
wikitext,3,2048,multinomial,0.025,0.025,4096,,failure,
wikitext,3,2048,multinomial_jackknife,0.025,0.025,,,abstain,
wikitext,3,2048,source_bootstrap,0.025,0.025,4096,,failure,
wikitext,3,2048,bootstrap_jackknife,0.025,0.025,4096,,failure,
wikitext,3,2048,direct_inverse_size,0.025,0.025,2048,,failure,
wikitext,3,2048,direct_constant,0.025,0.025,,,abstain,
wikitext,3,2048,source_times_1.25,0.025,0.025,4096,,failure,
wikitext,3,2048,multinomial_times_1.25,0.025,0.025,,,abstain,
wikitext,3,2048,source_gated,0.025,0.025,4096,,failure,
wikitext,3,2048,multinomial_gated,0.025,0.025,,,abstain,
wikitext,3,4096,source_full,0.025,0.025,4096,,failure,
wikitext,3,4096,source_jackknife,0.025,0.025,,,abstain,
wikitext,3,4096,multinomial,0.025,0.025,4096,,failure,
wikitext,3,4096,multinomial_jackknife,0.025,0.025,,,abstain,
wikitext,3,4096,source_bootstrap,0.025,0.025,4096,,failure,
wikitext,3,4096,bootstrap_jackknife,0.025,0.025,,,abstain,
wikitext,3,4096,direct_inverse_size,0.025,0.025,4096,,failure,
wikitext,3,4096,direct_constant,0.025,0.025,,,abstain,
wikitext,3,4096,source_times_1.25,0.025,0.025,,,abstain,
wikitext,3,4096,multinomial_times_1.25,0.025,0.025,,,abstain,
wikitext,3,4096,source_gated,0.025,0.025,,,abstain,
wikitext,3,4096,multinomial_gated,0.025,0.025,,,abstain,
wikitext,4,1024,source_full,0.025,0.025,2048,,failure,
wikitext,4,1024,source_jackknife,0.025,0.025,4096,,failure,
wikitext,4,1024,multinomial,0.025,0.025,4096,,failure,
wikitext,4,1024,multinomial_jackknife,0.025,0.025,4096,,failure,
wikitext,4,1024,source_bootstrap,0.025,0.025,2048,,failure,
wikitext,4,1024,bootstrap_jackknife,0.025,0.025,4096,,failure,
wikitext,4,1024,direct_inverse_size,0.025,0.025,1024,,failure,
wikitext,4,1024,direct_constant,0.025,0.025,,,abstain,
wikitext,4,1024,source_times_1.25,0.025,0.025,2048,,failure,
wikitext,4,1024,multinomial_times_1.25,0.025,0.025,,,abstain,
wikitext,4,1024,source_gated,0.025,0.025,4096,,failure,
wikitext,4,1024,multinomial_gated,0.025,0.025,4096,,failure,
wikitext,4,2048,source_full,0.025,0.025,4096,,failure,
wikitext,4,2048,source_jackknife,0.025,0.025,,,abstain,
wikitext,4,2048,multinomial,0.025,0.025,4096,,failure,
wikitext,4,2048,multinomial_jackknife,0.025,0.025,,,abstain,
wikitext,4,2048,source_bootstrap,0.025,0.025,4096,,failure,
wikitext,4,2048,bootstrap_jackknife,0.025,0.025,,,abstain,
wikitext,4,2048,direct_inverse_size,0.025,0.025,2048,,failure,
wikitext,4,2048,direct_constant,0.025,0.025,,,abstain,
wikitext,4,2048,source_times_1.25,0.025,0.025,4096,,failure,
wikitext,4,2048,multinomial_times_1.25,0.025,0.025,,,abstain,
wikitext,4,2048,source_gated,0.025,0.025,,,abstain,
wikitext,4,2048,multinomial_gated,0.025,0.025,,,abstain,
wikitext,4,4096,source_full,0.025,0.025,4096,,failure,
wikitext,4,4096,source_jackknife,0.025,0.025,,,abstain,
wikitext,4,4096,multinomial,0.025,0.025,4096,,failure,
wikitext,4,4096,multinomial_jackknife,0.025,0.025,,,abstain,
wikitext,4,4096,source_bootstrap,0.025,0.025,4096,,failure,
wikitext,4,4096,bootstrap_jackknife,0.025,0.025,,,abstain,
wikitext,4,4096,direct_inverse_size,0.025,0.025,4096,,failure,
wikitext,4,4096,direct_constant,0.025,0.025,,,abstain,
wikitext,4,4096,source_times_1.25,0.025,0.025,,,abstain,
wikitext,4,4096,multinomial_times_1.25,0.025,0.025,,,abstain,
wikitext,4,4096,source_gated,0.025,0.025,,,abstain,
wikitext,4,4096,multinomial_gated,0.025,0.025,,,abstain,
wikitext,5,1024,source_full,0.025,0.025,2048,,failure,
wikitext,5,1024,source_jackknife,0.025,0.025,4096,,failure,
wikitext,5,1024,multinomial,0.025,0.025,2048,,failure,
wikitext,5,1024,multinomial_jackknife,0.025,0.025,4096,,failure,
wikitext,5,1024,source_bootstrap,0.025,0.025,2048,,failure,
wikitext,5,1024,bootstrap_jackknife,0.025,0.025,4096,,failure,
wikitext,5,1024,direct_inverse_size,0.025,0.025,1024,,failure,
wikitext,5,1024,direct_constant,0.025,0.025,,,abstain,
wikitext,5,1024,source_times_1.25,0.025,0.025,2048,,failure,
wikitext,5,1024,multinomial_times_1.25,0.025,0.025,,,abstain,
wikitext,5,1024,source_gated,0.025,0.025,4096,,failure,
wikitext,5,1024,multinomial_gated,0.025,0.025,4096,,failure,
wikitext,5,2048,source_full,0.025,0.025,4096,,failure,
wikitext,5,2048,source_jackknife,0.025,0.025,4096,,failure,
wikitext,5,2048,multinomial,0.025,0.025,4096,,failure,
wikitext,5,2048,multinomial_jackknife,0.025,0.025,,,abstain,
wikitext,5,2048,source_bootstrap,0.025,0.025,2048,,failure,
wikitext,5,2048,bootstrap_jackknife,0.025,0.025,4096,,failure,
wikitext,5,2048,direct_inverse_size,0.025,0.025,2048,,failure,
wikitext,5,2048,direct_constant,0.025,0.025,,,abstain,
wikitext,5,2048,source_times_1.25,0.025,0.025,4096,,failure,
wikitext,5,2048,multinomial_times_1.25,0.025,0.025,,,abstain,
wikitext,5,2048,source_gated,0.025,0.025,4096,,failure,
wikitext,5,2048,multinomial_gated,0.025,0.025,,,abstain,
wikitext,5,4096,source_full,0.025,0.025,4096,,failure,
wikitext,5,4096,source_jackknife,0.025,0.025,,,abstain,
wikitext,5,4096,multinomial,0.025,0.025,4096,,failure,
wikitext,5,4096,multinomial_jackknife,0.025,0.025,,,abstain,
wikitext,5,4096,source_bootstrap,0.025,0.025,4096,,failure,
wikitext,5,4096,bootstrap_jackknife,0.025,0.025,,,abstain,
wikitext,5,4096,direct_inverse_size,0.025,0.025,4096,,failure,
wikitext,5,4096,direct_constant,0.025,0.025,,,abstain,
wikitext,5,4096,source_times_1.25,0.025,0.025,,,abstain,
wikitext,5,4096,multinomial_times_1.25,0.025,0.025,,,abstain,
wikitext,5,4096,source_gated,0.025,0.025,,,abstain,
wikitext,5,4096,multinomial_gated,0.025,0.025,,,abstain,
wikitext,0,1024,source_full,0.03,0.03,1024,4096,failure,-3072
wikitext,0,1024,source_jackknife,0.03,0.03,2048,4096,failure,-2048
wikitext,0,1024,multinomial,0.03,0.03,512,4096,failure,-3584
wikitext,0,1024,multinomial_jackknife,0.03,0.03,2048,4096,failure,-2048
wikitext,0,1024,source_bootstrap,0.03,0.03,512,4096,failure,-3584
wikitext,0,1024,bootstrap_jackknife,0.03,0.03,2048,4096,failure,-2048
wikitext,0,1024,direct_inverse_size,0.03,0.03,1024,4096,failure,-3072
wikitext,0,1024,direct_constant,0.03,0.03,,4096,abstain,
wikitext,0,1024,source_times_1.25,0.03,0.03,2048,4096,failure,-2048
wikitext,0,1024,multinomial_times_1.25,0.03,0.03,4096,4096,success,0
wikitext,0,1024,source_gated,0.03,0.03,2048,4096,failure,-2048
wikitext,0,1024,multinomial_gated,0.03,0.03,512,4096,failure,-3584
wikitext,0,2048,source_full,0.03,0.03,2048,4096,failure,-2048
wikitext,0,2048,source_jackknife,0.03,0.03,4096,4096,success,0
wikitext,0,2048,multinomial,0.03,0.03,2048,4096,failure,-2048
wikitext,0,2048,multinomial_jackknife,0.03,0.03,2048,4096,failure,-2048
wikitext,0,2048,source_bootstrap,0.03,0.03,1024,4096,failure,-3072
wikitext,0,2048,bootstrap_jackknife,0.03,0.03,4096,4096,success,0
wikitext,0,2048,direct_inverse_size,0.03,0.03,2048,4096,failure,-2048
wikitext,0,2048,direct_constant,0.03,0.03,,4096,abstain,
wikitext,0,2048,source_times_1.25,0.03,0.03,4096,4096,success,0
wikitext,0,2048,multinomial_times_1.25,0.03,0.03,4096,4096,success,0
wikitext,0,2048,source_gated,0.03,0.03,4096,4096,success,0
wikitext,0,2048,multinomial_gated,0.03,0.03,2048,4096,failure,-2048
wikitext,0,4096,source_full,0.03,0.03,4096,4096,success,0
wikitext,0,4096,source_jackknife,0.03,0.03,4096,4096,success,0
wikitext,0,4096,multinomial,0.03,0.03,2048,4096,failure,-2048
wikitext,0,4096,multinomial_jackknife,0.03,0.03,2048,4096,failure,-2048
wikitext,0,4096,source_bootstrap,0.03,0.03,2048,4096,failure,-2048
wikitext,0,4096,bootstrap_jackknife,0.03,0.03,4096,4096,success,0
wikitext,0,4096,direct_inverse_size,0.03,0.03,4096,4096,success,0
wikitext,0,4096,direct_constant,0.03,0.03,,4096,abstain,
wikitext,0,4096,source_times_1.25,0.03,0.03,4096,4096,success,0
wikitext,0,4096,multinomial_times_1.25,0.03,0.03,,4096,abstain,
wikitext,0,4096,source_gated,0.03,0.03,4096,4096,success,0
wikitext,0,4096,multinomial_gated,0.03,0.03,2048,4096,failure,-2048
wikitext,1,1024,source_full,0.03,0.03,1024,4096,failure,-3072
wikitext,1,1024,source_jackknife,0.03,0.03,2048,4096,failure,-2048
wikitext,1,1024,multinomial,0.03,0.03,1024,4096,failure,-3072
wikitext,1,1024,multinomial_jackknife,0.03,0.03,2048,4096,failure,-2048
wikitext,1,1024,source_bootstrap,0.03,0.03,512,4096,failure,-3584
wikitext,1,1024,bootstrap_jackknife,0.03,0.03,2048,4096,failure,-2048
wikitext,1,1024,direct_inverse_size,0.03,0.03,1024,4096,failure,-3072
wikitext,1,1024,direct_constant,0.03,0.03,,4096,abstain,
wikitext,1,1024,source_times_1.25,0.03,0.03,2048,4096,failure,-2048
wikitext,1,1024,multinomial_times_1.25,0.03,0.03,4096,4096,success,0
wikitext,1,1024,source_gated,0.03,0.03,2048,4096,failure,-2048
wikitext,1,1024,multinomial_gated,0.03,0.03,2048,4096,failure,-2048
wikitext,1,2048,source_full,0.03,0.03,2048,4096,failure,-2048
wikitext,1,2048,source_jackknife,0.03,0.03,4096,4096,success,0
wikitext,1,2048,multinomial,0.03,0.03,1024,4096,failure,-3072
wikitext,1,2048,multinomial_jackknife,0.03,0.03,2048,4096,failure,-2048
wikitext,1,2048,source_bootstrap,0.03,0.03,1024,4096,failure,-3072
wikitext,1,2048,bootstrap_jackknife,0.03,0.03,2048,4096,failure,-2048
wikitext,1,2048,direct_inverse_size,0.03,0.03,2048,4096,failure,-2048
wikitext,1,2048,direct_constant,0.03,0.03,,4096,abstain,
wikitext,1,2048,source_times_1.25,0.03,0.03,4096,4096,success,0
wikitext,1,2048,multinomial_times_1.25,0.03,0.03,4096,4096,success,0
wikitext,1,2048,source_gated,0.03,0.03,4096,4096,success,0
wikitext,1,2048,multinomial_gated,0.03,0.03,1024,4096,failure,-3072
wikitext,1,4096,source_full,0.03,0.03,2048,4096,failure,-2048
wikitext,1,4096,source_jackknife,0.03,0.03,4096,4096,success,0
wikitext,1,4096,multinomial,0.03,0.03,2048,4096,failure,-2048
wikitext,1,4096,multinomial_jackknife,0.03,0.03,2048,4096,failure,-2048
wikitext,1,4096,source_bootstrap,0.03,0.03,2048,4096,failure,-2048
wikitext,1,4096,bootstrap_jackknife,0.03,0.03,4096,4096,success,0
wikitext,1,4096,direct_inverse_size,0.03,0.03,4096,4096,success,0
wikitext,1,4096,direct_constant,0.03,0.03,,4096,abstain,
wikitext,1,4096,source_times_1.25,0.03,0.03,4096,4096,success,0
wikitext,1,4096,multinomial_times_1.25,0.03,0.03,,4096,abstain,
wikitext,1,4096,source_gated,0.03,0.03,2048,4096,failure,-2048
wikitext,1,4096,multinomial_gated,0.03,0.03,2048,4096,failure,-2048
wikitext,2,1024,source_full,0.03,0.03,1024,4096,failure,-3072
wikitext,2,1024,source_jackknife,0.03,0.03,2048,4096,failure,-2048
wikitext,2,1024,multinomial,0.03,0.03,512,4096,failure,-3584
wikitext,2,1024,multinomial_jackknife,0.03,0.03,2048,4096,failure,-2048
wikitext,2,1024,source_bootstrap,0.03,0.03,512,4096,failure,-3584
wikitext,2,1024,bootstrap_jackknife,0.03,0.03,2048,4096,failure,-2048
wikitext,2,1024,direct_inverse_size,0.03,0.03,1024,4096,failure,-3072
wikitext,2,1024,direct_constant,0.03,0.03,,4096,abstain,
wikitext,2,1024,source_times_1.25,0.03,0.03,2048,4096,failure,-2048
wikitext,2,1024,multinomial_times_1.25,0.03,0.03,4096,4096,success,0
wikitext,2,1024,source_gated,0.03,0.03,2048,4096,failure,-2048
wikitext,2,1024,multinomial_gated,0.03,0.03,512,4096,failure,-3584
wikitext,2,2048,source_full,0.03,0.03,2048,4096,failure,-2048
wikitext,2,2048,source_jackknife,0.03,0.03,4096,4096,success,0
wikitext,2,2048,multinomial,0.03,0.03,1024,4096,failure,-3072
wikitext,2,2048,multinomial_jackknife,0.03,0.03,2048,4096,failure,-2048
wikitext,2,2048,source_bootstrap,0.03,0.03,1024,4096,failure,-3072
wikitext,2,2048,bootstrap_jackknife,0.03,0.03,4096,4096,success,0
wikitext,2,2048,direct_inverse_size,0.03,0.03,2048,4096,failure,-2048
wikitext,2,2048,direct_constant,0.03,0.03,,4096,abstain,
wikitext,2,2048,source_times_1.25,0.03,0.03,4096,4096,success,0
wikitext,2,2048,multinomial_times_1.25,0.03,0.03,4096,4096,success,0
wikitext,2,2048,source_gated,0.03,0.03,4096,4096,success,0
wikitext,2,2048,multinomial_gated,0.03,0.03,1024,4096,failure,-3072
wikitext,2,4096,source_full,0.03,0.03,2048,4096,failure,-2048
wikitext,2,4096,source_jackknife,0.03,0.03,4096,4096,success,0
wikitext,2,4096,multinomial,0.03,0.03,2048,4096,failure,-2048
wikitext,2,4096,multinomial_jackknife,0.03,0.03,2048,4096,failure,-2048
wikitext,2,4096,source_bootstrap,0.03,0.03,2048,4096,failure,-2048
wikitext,2,4096,bootstrap_jackknife,0.03,0.03,4096,4096,success,0
wikitext,2,4096,direct_inverse_size,0.03,0.03,4096,4096,success,0
wikitext,2,4096,direct_constant,0.03,0.03,,4096,abstain,
wikitext,2,4096,source_times_1.25,0.03,0.03,4096,4096,success,0
wikitext,2,4096,multinomial_times_1.25,0.03,0.03,,4096,abstain,
wikitext,2,4096,source_gated,0.03,0.03,2048,4096,failure,-2048
wikitext,2,4096,multinomial_gated,0.03,0.03,2048,4096,failure,-2048
wikitext,3,1024,source_full,0.03,0.03,1024,4096,failure,-3072
wikitext,3,1024,source_jackknife,0.03,0.03,2048,4096,failure,-2048
wikitext,3,1024,multinomial,0.03,0.03,512,4096,failure,-3584
wikitext,3,1024,multinomial_jackknife,0.03,0.03,2048,4096,failure,-2048
wikitext,3,1024,source_bootstrap,0.03,0.03,512,4096,failure,-3584
wikitext,3,1024,bootstrap_jackknife,0.03,0.03,2048,4096,failure,-2048
wikitext,3,1024,direct_inverse_size,0.03,0.03,1024,4096,failure,-3072
wikitext,3,1024,direct_constant,0.03,0.03,,4096,abstain,
wikitext,3,1024,source_times_1.25,0.03,0.03,2048,4096,failure,-2048
wikitext,3,1024,multinomial_times_1.25,0.03,0.03,4096,4096,success,0
wikitext,3,1024,source_gated,0.03,0.03,2048,4096,failure,-2048
wikitext,3,1024,multinomial_gated,0.03,0.03,512,4096,failure,-3584
wikitext,3,2048,source_full,0.03,0.03,2048,4096,failure,-2048
wikitext,3,2048,source_jackknife,0.03,0.03,4096,4096,success,0
wikitext,3,2048,multinomial,0.03,0.03,1024,4096,failure,-3072
wikitext,3,2048,multinomial_jackknife,0.03,0.03,2048,4096,failure,-2048
wikitext,3,2048,source_bootstrap,0.03,0.03,1024,4096,failure,-3072
wikitext,3,2048,bootstrap_jackknife,0.03,0.03,2048,4096,failure,-2048
wikitext,3,2048,direct_inverse_size,0.03,0.03,2048,4096,failure,-2048
wikitext,3,2048,direct_constant,0.03,0.03,,4096,abstain,
wikitext,3,2048,source_times_1.25,0.03,0.03,4096,4096,success,0
wikitext,3,2048,multinomial_times_1.25,0.03,0.03,4096,4096,success,0
wikitext,3,2048,source_gated,0.03,0.03,4096,4096,success,0
wikitext,3,2048,multinomial_gated,0.03,0.03,1024,4096,failure,-3072
wikitext,3,4096,source_full,0.03,0.03,2048,4096,failure,-2048
wikitext,3,4096,source_jackknife,0.03,0.03,4096,4096,success,0
wikitext,3,4096,multinomial,0.03,0.03,2048,4096,failure,-2048
wikitext,3,4096,multinomial_jackknife,0.03,0.03,2048,4096,failure,-2048
wikitext,3,4096,source_bootstrap,0.03,0.03,2048,4096,failure,-2048
wikitext,3,4096,bootstrap_jackknife,0.03,0.03,4096,4096,success,0
wikitext,3,4096,direct_inverse_size,0.03,0.03,4096,4096,success,0
wikitext,3,4096,direct_constant,0.03,0.03,,4096,abstain,
wikitext,3,4096,source_times_1.25,0.03,0.03,4096,4096,success,0
wikitext,3,4096,multinomial_times_1.25,0.03,0.03,,4096,abstain,
wikitext,3,4096,source_gated,0.03,0.03,2048,4096,failure,-2048
wikitext,3,4096,multinomial_gated,0.03,0.03,2048,4096,failure,-2048
wikitext,4,1024,source_full,0.03,0.03,1024,4096,failure,-3072
wikitext,4,1024,source_jackknife,0.03,0.03,2048,4096,failure,-2048
wikitext,4,1024,multinomial,0.03,0.03,512,4096,failure,-3584
wikitext,4,1024,multinomial_jackknife,0.03,0.03,2048,4096,failure,-2048
wikitext,4,1024,source_bootstrap,0.03,0.03,512,4096,failure,-3584
wikitext,4,1024,bootstrap_jackknife,0.03,0.03,2048,4096,failure,-2048
wikitext,4,1024,direct_inverse_size,0.03,0.03,1024,4096,failure,-3072
wikitext,4,1024,direct_constant,0.03,0.03,,4096,abstain,
wikitext,4,1024,source_times_1.25,0.03,0.03,2048,4096,failure,-2048
wikitext,4,1024,multinomial_times_1.25,0.03,0.03,4096,4096,success,0
wikitext,4,1024,source_gated,0.03,0.03,2048,4096,failure,-2048
wikitext,4,1024,multinomial_gated,0.03,0.03,512,4096,failure,-3584
wikitext,4,2048,source_full,0.03,0.03,2048,4096,failure,-2048
wikitext,4,2048,source_jackknife,0.03,0.03,4096,4096,success,0
wikitext,4,2048,multinomial,0.03,0.03,2048,4096,failure,-2048
wikitext,4,2048,multinomial_jackknife,0.03,0.03,4096,4096,success,0
wikitext,4,2048,source_bootstrap,0.03,0.03,1024,4096,failure,-3072
wikitext,4,2048,bootstrap_jackknife,0.03,0.03,4096,4096,success,0
wikitext,4,2048,direct_inverse_size,0.03,0.03,2048,4096,failure,-2048
wikitext,4,2048,direct_constant,0.03,0.03,,4096,abstain,
wikitext,4,2048,source_times_1.25,0.03,0.03,4096,4096,success,0
wikitext,4,2048,multinomial_times_1.25,0.03,0.03,4096,4096,success,0
wikitext,4,2048,source_gated,0.03,0.03,4096,4096,success,0
wikitext,4,2048,multinomial_gated,0.03,0.03,4096,4096,success,0
wikitext,4,4096,source_full,0.03,0.03,2048,4096,failure,-2048
wikitext,4,4096,source_jackknife,0.03,0.03,4096,4096,success,0
wikitext,4,4096,multinomial,0.03,0.03,2048,4096,failure,-2048
wikitext,4,4096,multinomial_jackknife,0.03,0.03,2048,4096,failure,-2048
wikitext,4,4096,source_bootstrap,0.03,0.03,2048,4096,failure,-2048
wikitext,4,4096,bootstrap_jackknife,0.03,0.03,4096,4096,success,0
wikitext,4,4096,direct_inverse_size,0.03,0.03,4096,4096,success,0
wikitext,4,4096,direct_constant,0.03,0.03,,4096,abstain,
wikitext,4,4096,source_times_1.25,0.03,0.03,4096,4096,success,0
wikitext,4,4096,multinomial_times_1.25,0.03,0.03,,4096,abstain,
wikitext,4,4096,source_gated,0.03,0.03,2048,4096,failure,-2048
wikitext,4,4096,multinomial_gated,0.03,0.03,2048,4096,failure,-2048
wikitext,5,1024,source_full,0.03,0.03,1024,4096,failure,-3072
wikitext,5,1024,source_jackknife,0.03,0.03,2048,4096,failure,-2048
wikitext,5,1024,multinomial,0.03,0.03,512,4096,failure,-3584
wikitext,5,1024,multinomial_jackknife,0.03,0.03,2048,4096,failure,-2048
wikitext,5,1024,source_bootstrap,0.03,0.03,512,4096,failure,-3584
wikitext,5,1024,bootstrap_jackknife,0.03,0.03,2048,4096,failure,-2048
wikitext,5,1024,direct_inverse_size,0.03,0.03,1024,4096,failure,-3072
wikitext,5,1024,direct_constant,0.03,0.03,,4096,abstain,
wikitext,5,1024,source_times_1.25,0.03,0.03,2048,4096,failure,-2048
wikitext,5,1024,multinomial_times_1.25,0.03,0.03,4096,4096,success,0
wikitext,5,1024,source_gated,0.03,0.03,2048,4096,failure,-2048
wikitext,5,1024,multinomial_gated,0.03,0.03,512,4096,failure,-3584
wikitext,5,2048,source_full,0.03,0.03,2048,4096,failure,-2048
wikitext,5,2048,source_jackknife,0.03,0.03,4096,4096,success,0
wikitext,5,2048,multinomial,0.03,0.03,1024,4096,failure,-3072
wikitext,5,2048,multinomial_jackknife,0.03,0.03,2048,4096,failure,-2048
wikitext,5,2048,source_bootstrap,0.03,0.03,512,4096,failure,-3584
wikitext,5,2048,bootstrap_jackknife,0.03,0.03,2048,4096,failure,-2048
wikitext,5,2048,direct_inverse_size,0.03,0.03,2048,4096,failure,-2048
wikitext,5,2048,direct_constant,0.03,0.03,,4096,abstain,
wikitext,5,2048,source_times_1.25,0.03,0.03,4096,4096,success,0
wikitext,5,2048,multinomial_times_1.25,0.03,0.03,4096,4096,success,0
wikitext,5,2048,source_gated,0.03,0.03,4096,4096,success,0
wikitext,5,2048,multinomial_gated,0.03,0.03,1024,4096,failure,-3072
wikitext,5,4096,source_full,0.03,0.03,2048,4096,failure,-2048
wikitext,5,4096,source_jackknife,0.03,0.03,4096,4096,success,0
wikitext,5,4096,multinomial,0.03,0.03,2048,4096,failure,-2048
wikitext,5,4096,multinomial_jackknife,0.03,0.03,2048,4096,failure,-2048
wikitext,5,4096,source_bootstrap,0.03,0.03,2048,4096,failure,-2048
wikitext,5,4096,bootstrap_jackknife,0.03,0.03,4096,4096,success,0
wikitext,5,4096,direct_inverse_size,0.03,0.03,4096,4096,success,0
wikitext,5,4096,direct_constant,0.03,0.03,,4096,abstain,
wikitext,5,4096,source_times_1.25,0.03,0.03,4096,4096,success,0
wikitext,5,4096,multinomial_times_1.25,0.03,0.03,,4096,abstain,
wikitext,5,4096,source_gated,0.03,0.03,2048,4096,failure,-2048
wikitext,5,4096,multinomial_gated,0.03,0.03,2048,4096,failure,-2048
cnn_dailymail,0,1024,source_full,original,0.025036420947643745,1024,4096,failure,-3072
cnn_dailymail,0,1024,source_jackknife,original,0.025036420947643745,2048,4096,failure,-2048
cnn_dailymail,0,1024,multinomial,original,0.025036420947643745,2048,4096,failure,-2048
cnn_dailymail,0,1024,multinomial_jackknife,original,0.025036420947643745,4096,4096,success,0
cnn_dailymail,0,1024,source_bootstrap,original,0.025036420947643745,1024,4096,failure,-3072
cnn_dailymail,0,1024,bootstrap_jackknife,original,0.025036420947643745,2048,4096,failure,-2048
cnn_dailymail,0,1024,direct_inverse_size,original,0.025036420947643745,1024,4096,failure,-3072
cnn_dailymail,0,1024,direct_constant,original,0.025036420947643745,,4096,abstain,
cnn_dailymail,0,1024,source_times_1.25,original,0.025036420947643745,2048,4096,failure,-2048
cnn_dailymail,0,1024,multinomial_times_1.25,original,0.025036420947643745,4096,4096,success,0
cnn_dailymail,0,1024,source_gated,original,0.025036420947643745,2048,4096,failure,-2048
cnn_dailymail,0,1024,multinomial_gated,original,0.025036420947643745,4096,4096,success,0
cnn_dailymail,0,2048,source_full,original,0.025036420947643745,2048,4096,failure,-2048
cnn_dailymail,0,2048,source_jackknife,original,0.025036420947643745,4096,4096,success,0
cnn_dailymail,0,2048,multinomial,original,0.025036420947643745,2048,4096,failure,-2048
cnn_dailymail,0,2048,multinomial_jackknife,original,0.025036420947643745,4096,4096,success,0
cnn_dailymail,0,2048,source_bootstrap,original,0.025036420947643745,2048,4096,failure,-2048
cnn_dailymail,0,2048,bootstrap_jackknife,original,0.025036420947643745,4096,4096,success,0
cnn_dailymail,0,2048,direct_inverse_size,original,0.025036420947643745,2048,4096,failure,-2048
cnn_dailymail,0,2048,direct_constant,original,0.025036420947643745,,4096,abstain,
cnn_dailymail,0,2048,source_times_1.25,original,0.025036420947643745,4096,4096,success,0
cnn_dailymail,0,2048,multinomial_times_1.25,original,0.025036420947643745,,4096,abstain,
cnn_dailymail,0,2048,source_gated,original,0.025036420947643745,4096,4096,success,0
cnn_dailymail,0,2048,multinomial_gated,original,0.025036420947643745,4096,4096,success,0
cnn_dailymail,0,4096,source_full,original,0.025036420947643745,4096,4096,success,0
cnn_dailymail,0,4096,source_jackknife,original,0.025036420947643745,4096,4096,success,0
cnn_dailymail,0,4096,multinomial,original,0.025036420947643745,2048,4096,failure,-2048
cnn_dailymail,0,4096,multinomial_jackknife,original,0.025036420947643745,4096,4096,success,0
cnn_dailymail,0,4096,source_bootstrap,original,0.025036420947643745,2048,4096,failure,-2048
cnn_dailymail,0,4096,bootstrap_jackknife,original,0.025036420947643745,4096,4096,success,0
cnn_dailymail,0,4096,direct_inverse_size,original,0.025036420947643745,4096,4096,success,0
cnn_dailymail,0,4096,direct_constant,original,0.025036420947643745,,4096,abstain,
cnn_dailymail,0,4096,source_times_1.25,original,0.025036420947643745,4096,4096,success,0
cnn_dailymail,0,4096,multinomial_times_1.25,original,0.025036420947643745,,4096,abstain,
cnn_dailymail,0,4096,source_gated,original,0.025036420947643745,4096,4096,success,0
cnn_dailymail,0,4096,multinomial_gated,original,0.025036420947643745,2048,4096,failure,-2048
cnn_dailymail,1,1024,source_full,original,0.025036420947643745,1024,4096,failure,-3072
cnn_dailymail,1,1024,source_jackknife,original,0.025036420947643745,2048,4096,failure,-2048
cnn_dailymail,1,1024,multinomial,original,0.025036420947643745,2048,4096,failure,-2048
cnn_dailymail,1,1024,multinomial_jackknife,original,0.025036420947643745,4096,4096,success,0
cnn_dailymail,1,1024,source_bootstrap,original,0.025036420947643745,1024,4096,failure,-3072
cnn_dailymail,1,1024,bootstrap_jackknife,original,0.025036420947643745,2048,4096,failure,-2048
cnn_dailymail,1,1024,direct_inverse_size,original,0.025036420947643745,1024,4096,failure,-3072
cnn_dailymail,1,1024,direct_constant,original,0.025036420947643745,,4096,abstain,
cnn_dailymail,1,1024,source_times_1.25,original,0.025036420947643745,2048,4096,failure,-2048
cnn_dailymail,1,1024,multinomial_times_1.25,original,0.025036420947643745,4096,4096,success,0
cnn_dailymail,1,1024,source_gated,original,0.025036420947643745,2048,4096,failure,-2048
cnn_dailymail,1,1024,multinomial_gated,original,0.025036420947643745,4096,4096,success,0
cnn_dailymail,1,2048,source_full,original,0.025036420947643745,2048,4096,failure,-2048
cnn_dailymail,1,2048,source_jackknife,original,0.025036420947643745,4096,4096,success,0
cnn_dailymail,1,2048,multinomial,original,0.025036420947643745,2048,4096,failure,-2048
cnn_dailymail,1,2048,multinomial_jackknife,original,0.025036420947643745,4096,4096,success,0
cnn_dailymail,1,2048,source_bootstrap,original,0.025036420947643745,1024,4096,failure,-3072
cnn_dailymail,1,2048,bootstrap_jackknife,original,0.025036420947643745,2048,4096,failure,-2048
cnn_dailymail,1,2048,direct_inverse_size,original,0.025036420947643745,2048,4096,failure,-2048
cnn_dailymail,1,2048,direct_constant,original,0.025036420947643745,,4096,abstain,
cnn_dailymail,1,2048,source_times_1.25,original,0.025036420947643745,4096,4096,success,0
cnn_dailymail,1,2048,multinomial_times_1.25,original,0.025036420947643745,,4096,abstain,
cnn_dailymail,1,2048,source_gated,original,0.025036420947643745,4096,4096,success,0
cnn_dailymail,1,2048,multinomial_gated,original,0.025036420947643745,4096,4096,success,0
cnn_dailymail,1,4096,source_full,original,0.025036420947643745,2048,4096,failure,-2048
cnn_dailymail,1,4096,source_jackknife,original,0.025036420947643745,4096,4096,success,0
cnn_dailymail,1,4096,multinomial,original,0.025036420947643745,2048,4096,failure,-2048
cnn_dailymail,1,4096,multinomial_jackknife,original,0.025036420947643745,4096,4096,success,0
cnn_dailymail,1,4096,source_bootstrap,original,0.025036420947643745,2048,4096,failure,-2048
cnn_dailymail,1,4096,bootstrap_jackknife,original,0.025036420947643745,4096,4096,success,0
cnn_dailymail,1,4096,direct_inverse_size,original,0.025036420947643745,4096,4096,success,0
cnn_dailymail,1,4096,direct_constant,original,0.025036420947643745,,4096,abstain,
cnn_dailymail,1,4096,source_times_1.25,original,0.025036420947643745,4096,4096,success,0
cnn_dailymail,1,4096,multinomial_times_1.25,original,0.025036420947643745,,4096,abstain,
cnn_dailymail,1,4096,source_gated,original,0.025036420947643745,2048,4096,failure,-2048
cnn_dailymail,1,4096,multinomial_gated,original,0.025036420947643745,2048,4096,failure,-2048
cnn_dailymail,2,1024,source_full,original,0.025036420947643745,1024,4096,failure,-3072
cnn_dailymail,2,1024,source_jackknife,original,0.025036420947643745,2048,4096,failure,-2048
cnn_dailymail,2,1024,multinomial,original,0.025036420947643745,2048,4096,failure,-2048
cnn_dailymail,2,1024,multinomial_jackknife,original,0.025036420947643745,2048,4096,failure,-2048
cnn_dailymail,2,1024,source_bootstrap,original,0.025036420947643745,1024,4096,failure,-3072
cnn_dailymail,2,1024,bootstrap_jackknife,original,0.025036420947643745,2048,4096,failure,-2048
cnn_dailymail,2,1024,direct_inverse_size,original,0.025036420947643745,1024,4096,failure,-3072
cnn_dailymail,2,1024,direct_constant,original,0.025036420947643745,,4096,abstain,
cnn_dailymail,2,1024,source_times_1.25,original,0.025036420947643745,2048,4096,failure,-2048
cnn_dailymail,2,1024,multinomial_times_1.25,original,0.025036420947643745,4096,4096,success,0
cnn_dailymail,2,1024,source_gated,original,0.025036420947643745,2048,4096,failure,-2048
cnn_dailymail,2,1024,multinomial_gated,original,0.025036420947643745,2048,4096,failure,-2048
cnn_dailymail,2,2048,source_full,original,0.025036420947643745,2048,4096,failure,-2048
cnn_dailymail,2,2048,source_jackknife,original,0.025036420947643745,4096,4096,success,0
cnn_dailymail,2,2048,multinomial,original,0.025036420947643745,2048,4096,failure,-2048
cnn_dailymail,2,2048,multinomial_jackknife,original,0.025036420947643745,4096,4096,success,0
cnn_dailymail,2,2048,source_bootstrap,original,0.025036420947643745,2048,4096,failure,-2048
cnn_dailymail,2,2048,bootstrap_jackknife,original,0.025036420947643745,4096,4096,success,0
cnn_dailymail,2,2048,direct_inverse_size,original,0.025036420947643745,2048,4096,failure,-2048
cnn_dailymail,2,2048,direct_constant,original,0.025036420947643745,,4096,abstain,
cnn_dailymail,2,2048,source_times_1.25,original,0.025036420947643745,4096,4096,success,0
cnn_dailymail,2,2048,multinomial_times_1.25,original,0.025036420947643745,,4096,abstain,
cnn_dailymail,2,2048,source_gated,original,0.025036420947643745,4096,4096,success,0
cnn_dailymail,2,2048,multinomial_gated,original,0.025036420947643745,4096,4096,success,0
cnn_dailymail,2,4096,source_full,original,0.025036420947643745,2048,4096,failure,-2048
cnn_dailymail,2,4096,source_jackknife,original,0.025036420947643745,4096,4096,success,0
cnn_dailymail,2,4096,multinomial,original,0.025036420947643745,2048,4096,failure,-2048
cnn_dailymail,2,4096,multinomial_jackknife,original,0.025036420947643745,4096,4096,success,0
cnn_dailymail,2,4096,source_bootstrap,original,0.025036420947643745,2048,4096,failure,-2048
cnn_dailymail,2,4096,bootstrap_jackknife,original,0.025036420947643745,4096,4096,success,0
cnn_dailymail,2,4096,direct_inverse_size,original,0.025036420947643745,4096,4096,success,0
cnn_dailymail,2,4096,direct_constant,original,0.025036420947643745,,4096,abstain,
cnn_dailymail,2,4096,source_times_1.25,original,0.025036420947643745,4096,4096,success,0
cnn_dailymail,2,4096,multinomial_times_1.25,original,0.025036420947643745,,4096,abstain,
cnn_dailymail,2,4096,source_gated,original,0.025036420947643745,2048,4096,failure,-2048
cnn_dailymail,2,4096,multinomial_gated,original,0.025036420947643745,2048,4096,failure,-2048
cnn_dailymail,3,1024,source_full,original,0.025036420947643745,1024,4096,failure,-3072
cnn_dailymail,3,1024,source_jackknife,original,0.025036420947643745,2048,4096,failure,-2048
cnn_dailymail,3,1024,multinomial,original,0.025036420947643745,2048,4096,failure,-2048
cnn_dailymail,3,1024,multinomial_jackknife,original,0.025036420947643745,2048,4096,failure,-2048
cnn_dailymail,3,1024,source_bootstrap,original,0.025036420947643745,1024,4096,failure,-3072
cnn_dailymail,3,1024,bootstrap_jackknife,original,0.025036420947643745,2048,4096,failure,-2048
cnn_dailymail,3,1024,direct_inverse_size,original,0.025036420947643745,1024,4096,failure,-3072
cnn_dailymail,3,1024,direct_constant,original,0.025036420947643745,,4096,abstain,
cnn_dailymail,3,1024,source_times_1.25,original,0.025036420947643745,2048,4096,failure,-2048
cnn_dailymail,3,1024,multinomial_times_1.25,original,0.025036420947643745,4096,4096,success,0
cnn_dailymail,3,1024,source_gated,original,0.025036420947643745,2048,4096,failure,-2048
cnn_dailymail,3,1024,multinomial_gated,original,0.025036420947643745,2048,4096,failure,-2048
cnn_dailymail,3,2048,source_full,original,0.025036420947643745,2048,4096,failure,-2048
cnn_dailymail,3,2048,source_jackknife,original,0.025036420947643745,4096,4096,success,0
cnn_dailymail,3,2048,multinomial,original,0.025036420947643745,2048,4096,failure,-2048
cnn_dailymail,3,2048,multinomial_jackknife,original,0.025036420947643745,4096,4096,success,0
cnn_dailymail,3,2048,source_bootstrap,original,0.025036420947643745,1024,4096,failure,-3072
cnn_dailymail,3,2048,bootstrap_jackknife,original,0.025036420947643745,4096,4096,success,0
cnn_dailymail,3,2048,direct_inverse_size,original,0.025036420947643745,2048,4096,failure,-2048
cnn_dailymail,3,2048,direct_constant,original,0.025036420947643745,,4096,abstain,
cnn_dailymail,3,2048,source_times_1.25,original,0.025036420947643745,4096,4096,success,0
cnn_dailymail,3,2048,multinomial_times_1.25,original,0.025036420947643745,4096,4096,success,0
cnn_dailymail,3,2048,source_gated,original,0.025036420947643745,4096,4096,success,0
cnn_dailymail,3,2048,multinomial_gated,original,0.025036420947643745,4096,4096,success,0
cnn_dailymail,3,4096,source_full,original,0.025036420947643745,2048,4096,failure,-2048
cnn_dailymail,3,4096,source_jackknife,original,0.025036420947643745,4096,4096,success,0
cnn_dailymail,3,4096,multinomial,original,0.025036420947643745,2048,4096,failure,-2048
cnn_dailymail,3,4096,multinomial_jackknife,original,0.025036420947643745,4096,4096,success,0
cnn_dailymail,3,4096,source_bootstrap,original,0.025036420947643745,2048,4096,failure,-2048
cnn_dailymail,3,4096,bootstrap_jackknife,original,0.025036420947643745,4096,4096,success,0
cnn_dailymail,3,4096,direct_inverse_size,original,0.025036420947643745,4096,4096,success,0
cnn_dailymail,3,4096,direct_constant,original,0.025036420947643745,,4096,abstain,
cnn_dailymail,3,4096,source_times_1.25,original,0.025036420947643745,4096,4096,success,0
cnn_dailymail,3,4096,multinomial_times_1.25,original,0.025036420947643745,,4096,abstain,
cnn_dailymail,3,4096,source_gated,original,0.025036420947643745,2048,4096,failure,-2048
cnn_dailymail,3,4096,multinomial_gated,original,0.025036420947643745,2048,4096,failure,-2048
cnn_dailymail,4,1024,source_full,original,0.025036420947643745,1024,4096,failure,-3072
cnn_dailymail,4,1024,source_jackknife,original,0.025036420947643745,2048,4096,failure,-2048
cnn_dailymail,4,1024,multinomial,original,0.025036420947643745,2048,4096,failure,-2048
cnn_dailymail,4,1024,multinomial_jackknife,original,0.025036420947643745,4096,4096,success,0
cnn_dailymail,4,1024,source_bootstrap,original,0.025036420947643745,1024,4096,failure,-3072
cnn_dailymail,4,1024,bootstrap_jackknife,original,0.025036420947643745,2048,4096,failure,-2048
cnn_dailymail,4,1024,direct_inverse_size,original,0.025036420947643745,1024,4096,failure,-3072
cnn_dailymail,4,1024,direct_constant,original,0.025036420947643745,,4096,abstain,
cnn_dailymail,4,1024,source_times_1.25,original,0.025036420947643745,2048,4096,failure,-2048
cnn_dailymail,4,1024,multinomial_times_1.25,original,0.025036420947643745,4096,4096,success,0
cnn_dailymail,4,1024,source_gated,original,0.025036420947643745,2048,4096,failure,-2048
cnn_dailymail,4,1024,multinomial_gated,original,0.025036420947643745,4096,4096,success,0
cnn_dailymail,4,2048,source_full,original,0.025036420947643745,2048,4096,failure,-2048
cnn_dailymail,4,2048,source_jackknife,original,0.025036420947643745,4096,4096,success,0
cnn_dailymail,4,2048,multinomial,original,0.025036420947643745,2048,4096,failure,-2048
cnn_dailymail,4,2048,multinomial_jackknife,original,0.025036420947643745,4096,4096,success,0
cnn_dailymail,4,2048,source_bootstrap,original,0.025036420947643745,2048,4096,failure,-2048
cnn_dailymail,4,2048,bootstrap_jackknife,original,0.025036420947643745,4096,4096,success,0
cnn_dailymail,4,2048,direct_inverse_size,original,0.025036420947643745,2048,4096,failure,-2048
cnn_dailymail,4,2048,direct_constant,original,0.025036420947643745,,4096,abstain,
cnn_dailymail,4,2048,source_times_1.25,original,0.025036420947643745,4096,4096,success,0
cnn_dailymail,4,2048,multinomial_times_1.25,original,0.025036420947643745,,4096,abstain,
cnn_dailymail,4,2048,source_gated,original,0.025036420947643745,4096,4096,success,0
cnn_dailymail,4,2048,multinomial_gated,original,0.025036420947643745,4096,4096,success,0
cnn_dailymail,4,4096,source_full,original,0.025036420947643745,2048,4096,failure,-2048
cnn_dailymail,4,4096,source_jackknife,original,0.025036420947643745,4096,4096,success,0
cnn_dailymail,4,4096,multinomial,original,0.025036420947643745,2048,4096,failure,-2048
cnn_dailymail,4,4096,multinomial_jackknife,original,0.025036420947643745,4096,4096,success,0
cnn_dailymail,4,4096,source_bootstrap,original,0.025036420947643745,2048,4096,failure,-2048
cnn_dailymail,4,4096,bootstrap_jackknife,original,0.025036420947643745,4096,4096,success,0
cnn_dailymail,4,4096,direct_inverse_size,original,0.025036420947643745,4096,4096,success,0
cnn_dailymail,4,4096,direct_constant,original,0.025036420947643745,,4096,abstain,
cnn_dailymail,4,4096,source_times_1.25,original,0.025036420947643745,4096,4096,success,0
cnn_dailymail,4,4096,multinomial_times_1.25,original,0.025036420947643745,,4096,abstain,
cnn_dailymail,4,4096,source_gated,original,0.025036420947643745,2048,4096,failure,-2048
cnn_dailymail,4,4096,multinomial_gated,original,0.025036420947643745,2048,4096,failure,-2048
cnn_dailymail,5,1024,source_full,original,0.025036420947643745,1024,4096,failure,-3072
cnn_dailymail,5,1024,source_jackknife,original,0.025036420947643745,2048,4096,failure,-2048
cnn_dailymail,5,1024,multinomial,original,0.025036420947643745,2048,4096,failure,-2048
cnn_dailymail,5,1024,multinomial_jackknife,original,0.025036420947643745,4096,4096,success,0
cnn_dailymail,5,1024,source_bootstrap,original,0.025036420947643745,1024,4096,failure,-3072
cnn_dailymail,5,1024,bootstrap_jackknife,original,0.025036420947643745,2048,4096,failure,-2048
cnn_dailymail,5,1024,direct_inverse_size,original,0.025036420947643745,1024,4096,failure,-3072
cnn_dailymail,5,1024,direct_constant,original,0.025036420947643745,,4096,abstain,
cnn_dailymail,5,1024,source_times_1.25,original,0.025036420947643745,2048,4096,failure,-2048
cnn_dailymail,5,1024,multinomial_times_1.25,original,0.025036420947643745,4096,4096,success,0
cnn_dailymail,5,1024,source_gated,original,0.025036420947643745,2048,4096,failure,-2048
cnn_dailymail,5,1024,multinomial_gated,original,0.025036420947643745,4096,4096,success,0
cnn_dailymail,5,2048,source_full,original,0.025036420947643745,2048,4096,failure,-2048
cnn_dailymail,5,2048,source_jackknife,original,0.025036420947643745,4096,4096,success,0
cnn_dailymail,5,2048,multinomial,original,0.025036420947643745,2048,4096,failure,-2048
cnn_dailymail,5,2048,multinomial_jackknife,original,0.025036420947643745,4096,4096,success,0
cnn_dailymail,5,2048,source_bootstrap,original,0.025036420947643745,2048,4096,failure,-2048
cnn_dailymail,5,2048,bootstrap_jackknife,original,0.025036420947643745,4096,4096,success,0
cnn_dailymail,5,2048,direct_inverse_size,original,0.025036420947643745,2048,4096,failure,-2048
cnn_dailymail,5,2048,direct_constant,original,0.025036420947643745,,4096,abstain,
cnn_dailymail,5,2048,source_times_1.25,original,0.025036420947643745,4096,4096,success,0
cnn_dailymail,5,2048,multinomial_times_1.25,original,0.025036420947643745,4096,4096,success,0
cnn_dailymail,5,2048,source_gated,original,0.025036420947643745,4096,4096,success,0
cnn_dailymail,5,2048,multinomial_gated,original,0.025036420947643745,4096,4096,success,0
cnn_dailymail,5,4096,source_full,original,0.025036420947643745,2048,4096,failure,-2048
cnn_dailymail,5,4096,source_jackknife,original,0.025036420947643745,4096,4096,success,0
cnn_dailymail,5,4096,multinomial,original,0.025036420947643745,2048,4096,failure,-2048
cnn_dailymail,5,4096,multinomial_jackknife,original,0.025036420947643745,4096,4096,success,0
cnn_dailymail,5,4096,source_bootstrap,original,0.025036420947643745,2048,4096,failure,-2048
cnn_dailymail,5,4096,bootstrap_jackknife,original,0.025036420947643745,4096,4096,success,0
cnn_dailymail,5,4096,direct_inverse_size,original,0.025036420947643745,4096,4096,success,0
cnn_dailymail,5,4096,direct_constant,original,0.025036420947643745,,4096,abstain,
cnn_dailymail,5,4096,source_times_1.25,original,0.025036420947643745,4096,4096,success,0
cnn_dailymail,5,4096,multinomial_times_1.25,original,0.025036420947643745,,4096,abstain,
cnn_dailymail,5,4096,source_gated,original,0.025036420947643745,2048,4096,failure,-2048
cnn_dailymail,5,4096,multinomial_gated,original,0.025036420947643745,2048,4096,failure,-2048
cnn_dailymail,0,1024,source_full,0.02,0.02,2048,,failure,
cnn_dailymail,0,1024,source_jackknife,0.02,0.02,4096,,failure,
cnn_dailymail,0,1024,multinomial,0.02,0.02,4096,,failure,
cnn_dailymail,0,1024,multinomial_jackknife,0.02,0.02,,,abstain,
cnn_dailymail,0,1024,source_bootstrap,0.02,0.02,2048,,failure,
cnn_dailymail,0,1024,bootstrap_jackknife,0.02,0.02,4096,,failure,
cnn_dailymail,0,1024,direct_inverse_size,0.02,0.02,1024,,failure,
cnn_dailymail,0,1024,direct_constant,0.02,0.02,,,abstain,
cnn_dailymail,0,1024,source_times_1.25,0.02,0.02,4096,,failure,
cnn_dailymail,0,1024,multinomial_times_1.25,0.02,0.02,,,abstain,
cnn_dailymail,0,1024,source_gated,0.02,0.02,4096,,failure,
cnn_dailymail,0,1024,multinomial_gated,0.02,0.02,,,abstain,
cnn_dailymail,0,2048,source_full,0.02,0.02,4096,,failure,
cnn_dailymail,0,2048,source_jackknife,0.02,0.02,,,abstain,
cnn_dailymail,0,2048,multinomial,0.02,0.02,,,abstain,
cnn_dailymail,0,2048,multinomial_jackknife,0.02,0.02,,,abstain,
cnn_dailymail,0,2048,source_bootstrap,0.02,0.02,4096,,failure,
cnn_dailymail,0,2048,bootstrap_jackknife,0.02,0.02,,,abstain,
cnn_dailymail,0,2048,direct_inverse_size,0.02,0.02,2048,,failure,
cnn_dailymail,0,2048,direct_constant,0.02,0.02,,,abstain,
cnn_dailymail,0,2048,source_times_1.25,0.02,0.02,,,abstain,
cnn_dailymail,0,2048,multinomial_times_1.25,0.02,0.02,,,abstain,
cnn_dailymail,0,2048,source_gated,0.02,0.02,,,abstain,
cnn_dailymail,0,2048,multinomial_gated,0.02,0.02,,,abstain,
cnn_dailymail,0,4096,source_full,0.02,0.02,4096,,failure,
cnn_dailymail,0,4096,source_jackknife,0.02,0.02,,,abstain,
cnn_dailymail,0,4096,multinomial,0.02,0.02,,,abstain,
cnn_dailymail,0,4096,multinomial_jackknife,0.02,0.02,,,abstain,
cnn_dailymail,0,4096,source_bootstrap,0.02,0.02,4096,,failure,
cnn_dailymail,0,4096,bootstrap_jackknife,0.02,0.02,,,abstain,
cnn_dailymail,0,4096,direct_inverse_size,0.02,0.02,4096,,failure,
cnn_dailymail,0,4096,direct_constant,0.02,0.02,,,abstain,
cnn_dailymail,0,4096,source_times_1.25,0.02,0.02,,,abstain,
cnn_dailymail,0,4096,multinomial_times_1.25,0.02,0.02,,,abstain,
cnn_dailymail,0,4096,source_gated,0.02,0.02,,,abstain,
cnn_dailymail,0,4096,multinomial_gated,0.02,0.02,,,abstain,
cnn_dailymail,1,1024,source_full,0.02,0.02,2048,,failure,
cnn_dailymail,1,1024,source_jackknife,0.02,0.02,4096,,failure,
cnn_dailymail,1,1024,multinomial,0.02,0.02,4096,,failure,
cnn_dailymail,1,1024,multinomial_jackknife,0.02,0.02,,,abstain,
cnn_dailymail,1,1024,source_bootstrap,0.02,0.02,2048,,failure,
cnn_dailymail,1,1024,bootstrap_jackknife,0.02,0.02,4096,,failure,
cnn_dailymail,1,1024,direct_inverse_size,0.02,0.02,1024,,failure,
cnn_dailymail,1,1024,direct_constant,0.02,0.02,,,abstain,
cnn_dailymail,1,1024,source_times_1.25,0.02,0.02,4096,,failure,
cnn_dailymail,1,1024,multinomial_times_1.25,0.02,0.02,,,abstain,
cnn_dailymail,1,1024,source_gated,0.02,0.02,4096,,failure,
cnn_dailymail,1,1024,multinomial_gated,0.02,0.02,,,abstain,
cnn_dailymail,1,2048,source_full,0.02,0.02,4096,,failure,
cnn_dailymail,1,2048,source_jackknife,0.02,0.02,,,abstain,
cnn_dailymail,1,2048,multinomial,0.02,0.02,,,abstain,
cnn_dailymail,1,2048,multinomial_jackknife,0.02,0.02,,,abstain,
cnn_dailymail,1,2048,source_bootstrap,0.02,0.02,4096,,failure,
cnn_dailymail,1,2048,bootstrap_jackknife,0.02,0.02,,,abstain,
cnn_dailymail,1,2048,direct_inverse_size,0.02,0.02,2048,,failure,
cnn_dailymail,1,2048,direct_constant,0.02,0.02,,,abstain,
cnn_dailymail,1,2048,source_times_1.25,0.02,0.02,,,abstain,
cnn_dailymail,1,2048,multinomial_times_1.25,0.02,0.02,,,abstain,
cnn_dailymail,1,2048,source_gated,0.02,0.02,,,abstain,
cnn_dailymail,1,2048,multinomial_gated,0.02,0.02,,,abstain,
cnn_dailymail,1,4096,source_full,0.02,0.02,4096,,failure,
cnn_dailymail,1,4096,source_jackknife,0.02,0.02,,,abstain,
cnn_dailymail,1,4096,multinomial,0.02,0.02,,,abstain,
cnn_dailymail,1,4096,multinomial_jackknife,0.02,0.02,,,abstain,
cnn_dailymail,1,4096,source_bootstrap,0.02,0.02,4096,,failure,
cnn_dailymail,1,4096,bootstrap_jackknife,0.02,0.02,,,abstain,
cnn_dailymail,1,4096,direct_inverse_size,0.02,0.02,4096,,failure,
cnn_dailymail,1,4096,direct_constant,0.02,0.02,,,abstain,
cnn_dailymail,1,4096,source_times_1.25,0.02,0.02,,,abstain,
cnn_dailymail,1,4096,multinomial_times_1.25,0.02,0.02,,,abstain,
cnn_dailymail,1,4096,source_gated,0.02,0.02,,,abstain,
cnn_dailymail,1,4096,multinomial_gated,0.02,0.02,,,abstain,
cnn_dailymail,2,1024,source_full,0.02,0.02,2048,,failure,
cnn_dailymail,2,1024,source_jackknife,0.02,0.02,4096,,failure,
cnn_dailymail,2,1024,multinomial,0.02,0.02,4096,,failure,
cnn_dailymail,2,1024,multinomial_jackknife,0.02,0.02,,,abstain,
cnn_dailymail,2,1024,source_bootstrap,0.02,0.02,2048,,failure,
cnn_dailymail,2,1024,bootstrap_jackknife,0.02,0.02,4096,,failure,
cnn_dailymail,2,1024,direct_inverse_size,0.02,0.02,1024,,failure,
cnn_dailymail,2,1024,direct_constant,0.02,0.02,,,abstain,
cnn_dailymail,2,1024,source_times_1.25,0.02,0.02,4096,,failure,
cnn_dailymail,2,1024,multinomial_times_1.25,0.02,0.02,,,abstain,
cnn_dailymail,2,1024,source_gated,0.02,0.02,4096,,failure,
cnn_dailymail,2,1024,multinomial_gated,0.02,0.02,,,abstain,
cnn_dailymail,2,2048,source_full,0.02,0.02,4096,,failure,
cnn_dailymail,2,2048,source_jackknife,0.02,0.02,,,abstain,
cnn_dailymail,2,2048,multinomial,0.02,0.02,,,abstain,
cnn_dailymail,2,2048,multinomial_jackknife,0.02,0.02,,,abstain,
cnn_dailymail,2,2048,source_bootstrap,0.02,0.02,4096,,failure,
cnn_dailymail,2,2048,bootstrap_jackknife,0.02,0.02,,,abstain,
cnn_dailymail,2,2048,direct_inverse_size,0.02,0.02,2048,,failure,
cnn_dailymail,2,2048,direct_constant,0.02,0.02,,,abstain,
cnn_dailymail,2,2048,source_times_1.25,0.02,0.02,,,abstain,
cnn_dailymail,2,2048,multinomial_times_1.25,0.02,0.02,,,abstain,
cnn_dailymail,2,2048,source_gated,0.02,0.02,,,abstain,
cnn_dailymail,2,2048,multinomial_gated,0.02,0.02,,,abstain,
cnn_dailymail,2,4096,source_full,0.02,0.02,4096,,failure,
cnn_dailymail,2,4096,source_jackknife,0.02,0.02,,,abstain,
cnn_dailymail,2,4096,multinomial,0.02,0.02,,,abstain,
cnn_dailymail,2,4096,multinomial_jackknife,0.02,0.02,,,abstain,
cnn_dailymail,2,4096,source_bootstrap,0.02,0.02,4096,,failure,
cnn_dailymail,2,4096,bootstrap_jackknife,0.02,0.02,,,abstain,
cnn_dailymail,2,4096,direct_inverse_size,0.02,0.02,4096,,failure,
cnn_dailymail,2,4096,direct_constant,0.02,0.02,,,abstain,
cnn_dailymail,2,4096,source_times_1.25,0.02,0.02,,,abstain,
cnn_dailymail,2,4096,multinomial_times_1.25,0.02,0.02,,,abstain,
cnn_dailymail,2,4096,source_gated,0.02,0.02,,,abstain,
cnn_dailymail,2,4096,multinomial_gated,0.02,0.02,,,abstain,
cnn_dailymail,3,1024,source_full,0.02,0.02,2048,,failure,
cnn_dailymail,3,1024,source_jackknife,0.02,0.02,4096,,failure,
cnn_dailymail,3,1024,multinomial,0.02,0.02,4096,,failure,
cnn_dailymail,3,1024,multinomial_jackknife,0.02,0.02,,,abstain,
cnn_dailymail,3,1024,source_bootstrap,0.02,0.02,2048,,failure,
cnn_dailymail,3,1024,bootstrap_jackknife,0.02,0.02,4096,,failure,
cnn_dailymail,3,1024,direct_inverse_size,0.02,0.02,1024,,failure,
cnn_dailymail,3,1024,direct_constant,0.02,0.02,,,abstain,
cnn_dailymail,3,1024,source_times_1.25,0.02,0.02,4096,,failure,
cnn_dailymail,3,1024,multinomial_times_1.25,0.02,0.02,,,abstain,
cnn_dailymail,3,1024,source_gated,0.02,0.02,4096,,failure,
cnn_dailymail,3,1024,multinomial_gated,0.02,0.02,,,abstain,
cnn_dailymail,3,2048,source_full,0.02,0.02,4096,,failure,
cnn_dailymail,3,2048,source_jackknife,0.02,0.02,,,abstain,
cnn_dailymail,3,2048,multinomial,0.02,0.02,4096,,failure,
cnn_dailymail,3,2048,multinomial_jackknife,0.02,0.02,,,abstain,
cnn_dailymail,3,2048,source_bootstrap,0.02,0.02,4096,,failure,
cnn_dailymail,3,2048,bootstrap_jackknife,0.02,0.02,,,abstain,
cnn_dailymail,3,2048,direct_inverse_size,0.02,0.02,2048,,failure,
cnn_dailymail,3,2048,direct_constant,0.02,0.02,,,abstain,
cnn_dailymail,3,2048,source_times_1.25,0.02,0.02,,,abstain,
cnn_dailymail,3,2048,multinomial_times_1.25,0.02,0.02,,,abstain,
cnn_dailymail,3,2048,source_gated,0.02,0.02,,,abstain,
cnn_dailymail,3,2048,multinomial_gated,0.02,0.02,,,abstain,
cnn_dailymail,3,4096,source_full,0.02,0.02,4096,,failure,
cnn_dailymail,3,4096,source_jackknife,0.02,0.02,,,abstain,
cnn_dailymail,3,4096,multinomial,0.02,0.02,,,abstain,
cnn_dailymail,3,4096,multinomial_jackknife,0.02,0.02,,,abstain,
cnn_dailymail,3,4096,source_bootstrap,0.02,0.02,4096,,failure,
cnn_dailymail,3,4096,bootstrap_jackknife,0.02,0.02,,,abstain,
cnn_dailymail,3,4096,direct_inverse_size,0.02,0.02,4096,,failure,
cnn_dailymail,3,4096,direct_constant,0.02,0.02,,,abstain,
cnn_dailymail,3,4096,source_times_1.25,0.02,0.02,,,abstain,
cnn_dailymail,3,4096,multinomial_times_1.25,0.02,0.02,,,abstain,
cnn_dailymail,3,4096,source_gated,0.02,0.02,,,abstain,
cnn_dailymail,3,4096,multinomial_gated,0.02,0.02,,,abstain,
cnn_dailymail,4,1024,source_full,0.02,0.02,2048,,failure,
cnn_dailymail,4,1024,source_jackknife,0.02,0.02,4096,,failure,
cnn_dailymail,4,1024,multinomial,0.02,0.02,4096,,failure,
cnn_dailymail,4,1024,multinomial_jackknife,0.02,0.02,,,abstain,
cnn_dailymail,4,1024,source_bootstrap,0.02,0.02,2048,,failure,
cnn_dailymail,4,1024,bootstrap_jackknife,0.02,0.02,4096,,failure,
cnn_dailymail,4,1024,direct_inverse_size,0.02,0.02,1024,,failure,
cnn_dailymail,4,1024,direct_constant,0.02,0.02,,,abstain,
cnn_dailymail,4,1024,source_times_1.25,0.02,0.02,4096,,failure,
cnn_dailymail,4,1024,multinomial_times_1.25,0.02,0.02,,,abstain,
cnn_dailymail,4,1024,source_gated,0.02,0.02,4096,,failure,
cnn_dailymail,4,1024,multinomial_gated,0.02,0.02,,,abstain,
cnn_dailymail,4,2048,source_full,0.02,0.02,4096,,failure,
cnn_dailymail,4,2048,source_jackknife,0.02,0.02,,,abstain,
cnn_dailymail,4,2048,multinomial,0.02,0.02,,,abstain,
cnn_dailymail,4,2048,multinomial_jackknife,0.02,0.02,,,abstain,
cnn_dailymail,4,2048,source_bootstrap,0.02,0.02,4096,,failure,
cnn_dailymail,4,2048,bootstrap_jackknife,0.02,0.02,,,abstain,
cnn_dailymail,4,2048,direct_inverse_size,0.02,0.02,2048,,failure,
cnn_dailymail,4,2048,direct_constant,0.02,0.02,,,abstain,
cnn_dailymail,4,2048,source_times_1.25,0.02,0.02,,,abstain,
cnn_dailymail,4,2048,multinomial_times_1.25,0.02,0.02,,,abstain,
cnn_dailymail,4,2048,source_gated,0.02,0.02,,,abstain,
cnn_dailymail,4,2048,multinomial_gated,0.02,0.02,,,abstain,
cnn_dailymail,4,4096,source_full,0.02,0.02,4096,,failure,
cnn_dailymail,4,4096,source_jackknife,0.02,0.02,,,abstain,
cnn_dailymail,4,4096,multinomial,0.02,0.02,,,abstain,
cnn_dailymail,4,4096,multinomial_jackknife,0.02,0.02,,,abstain,
cnn_dailymail,4,4096,source_bootstrap,0.02,0.02,4096,,failure,
cnn_dailymail,4,4096,bootstrap_jackknife,0.02,0.02,,,abstain,
cnn_dailymail,4,4096,direct_inverse_size,0.02,0.02,4096,,failure,
cnn_dailymail,4,4096,direct_constant,0.02,0.02,,,abstain,
cnn_dailymail,4,4096,source_times_1.25,0.02,0.02,,,abstain,
cnn_dailymail,4,4096,multinomial_times_1.25,0.02,0.02,,,abstain,
cnn_dailymail,4,4096,source_gated,0.02,0.02,,,abstain,
cnn_dailymail,4,4096,multinomial_gated,0.02,0.02,,,abstain,
cnn_dailymail,5,1024,source_full,0.02,0.02,2048,,failure,
cnn_dailymail,5,1024,source_jackknife,0.02,0.02,4096,,failure,
cnn_dailymail,5,1024,multinomial,0.02,0.02,4096,,failure,
cnn_dailymail,5,1024,multinomial_jackknife,0.02,0.02,,,abstain,
cnn_dailymail,5,1024,source_bootstrap,0.02,0.02,2048,,failure,
cnn_dailymail,5,1024,bootstrap_jackknife,0.02,0.02,4096,,failure,
cnn_dailymail,5,1024,direct_inverse_size,0.02,0.02,1024,,failure,
cnn_dailymail,5,1024,direct_constant,0.02,0.02,,,abstain,
cnn_dailymail,5,1024,source_times_1.25,0.02,0.02,4096,,failure,
cnn_dailymail,5,1024,multinomial_times_1.25,0.02,0.02,,,abstain,
cnn_dailymail,5,1024,source_gated,0.02,0.02,4096,,failure,
cnn_dailymail,5,1024,multinomial_gated,0.02,0.02,,,abstain,
cnn_dailymail,5,2048,source_full,0.02,0.02,4096,,failure,
cnn_dailymail,5,2048,source_jackknife,0.02,0.02,,,abstain,
cnn_dailymail,5,2048,multinomial,0.02,0.02,4096,,failure,
cnn_dailymail,5,2048,multinomial_jackknife,0.02,0.02,,,abstain,
cnn_dailymail,5,2048,source_bootstrap,0.02,0.02,4096,,failure,
cnn_dailymail,5,2048,bootstrap_jackknife,0.02,0.02,,,abstain,
cnn_dailymail,5,2048,direct_inverse_size,0.02,0.02,2048,,failure,
cnn_dailymail,5,2048,direct_constant,0.02,0.02,,,abstain,
cnn_dailymail,5,2048,source_times_1.25,0.02,0.02,,,abstain,
cnn_dailymail,5,2048,multinomial_times_1.25,0.02,0.02,,,abstain,
cnn_dailymail,5,2048,source_gated,0.02,0.02,,,abstain,
cnn_dailymail,5,2048,multinomial_gated,0.02,0.02,,,abstain,
cnn_dailymail,5,4096,source_full,0.02,0.02,4096,,failure,
cnn_dailymail,5,4096,source_jackknife,0.02,0.02,,,abstain,
cnn_dailymail,5,4096,multinomial,0.02,0.02,,,abstain,
cnn_dailymail,5,4096,multinomial_jackknife,0.02,0.02,,,abstain,
cnn_dailymail,5,4096,source_bootstrap,0.02,0.02,4096,,failure,
cnn_dailymail,5,4096,bootstrap_jackknife,0.02,0.02,,,abstain,
cnn_dailymail,5,4096,direct_inverse_size,0.02,0.02,4096,,failure,
cnn_dailymail,5,4096,direct_constant,0.02,0.02,,,abstain,
cnn_dailymail,5,4096,source_times_1.25,0.02,0.02,,,abstain,
cnn_dailymail,5,4096,multinomial_times_1.25,0.02,0.02,,,abstain,
cnn_dailymail,5,4096,source_gated,0.02,0.02,,,abstain,
cnn_dailymail,5,4096,multinomial_gated,0.02,0.02,,,abstain,
cnn_dailymail,0,1024,source_full,0.025,0.025,1024,4096,failure,-3072
cnn_dailymail,0,1024,source_jackknife,0.025,0.025,2048,4096,failure,-2048
cnn_dailymail,0,1024,multinomial,0.025,0.025,2048,4096,failure,-2048
cnn_dailymail,0,1024,multinomial_jackknife,0.025,0.025,4096,4096,success,0
cnn_dailymail,0,1024,source_bootstrap,0.025,0.025,1024,4096,failure,-3072
cnn_dailymail,0,1024,bootstrap_jackknife,0.025,0.025,2048,4096,failure,-2048
cnn_dailymail,0,1024,direct_inverse_size,0.025,0.025,1024,4096,failure,-3072
cnn_dailymail,0,1024,direct_constant,0.025,0.025,,4096,abstain,
cnn_dailymail,0,1024,source_times_1.25,0.025,0.025,2048,4096,failure,-2048
cnn_dailymail,0,1024,multinomial_times_1.25,0.025,0.025,4096,4096,success,0
cnn_dailymail,0,1024,source_gated,0.025,0.025,2048,4096,failure,-2048
cnn_dailymail,0,1024,multinomial_gated,0.025,0.025,4096,4096,success,0
cnn_dailymail,0,2048,source_full,0.025,0.025,2048,4096,failure,-2048
cnn_dailymail,0,2048,source_jackknife,0.025,0.025,4096,4096,success,0
cnn_dailymail,0,2048,multinomial,0.025,0.025,2048,4096,failure,-2048
cnn_dailymail,0,2048,multinomial_jackknife,0.025,0.025,4096,4096,success,0
cnn_dailymail,0,2048,source_bootstrap,0.025,0.025,2048,4096,failure,-2048
cnn_dailymail,0,2048,bootstrap_jackknife,0.025,0.025,4096,4096,success,0
cnn_dailymail,0,2048,direct_inverse_size,0.025,0.025,2048,4096,failure,-2048
cnn_dailymail,0,2048,direct_constant,0.025,0.025,,4096,abstain,
cnn_dailymail,0,2048,source_times_1.25,0.025,0.025,4096,4096,success,0
cnn_dailymail,0,2048,multinomial_times_1.25,0.025,0.025,,4096,abstain,
cnn_dailymail,0,2048,source_gated,0.025,0.025,4096,4096,success,0
cnn_dailymail,0,2048,multinomial_gated,0.025,0.025,4096,4096,success,0
cnn_dailymail,0,4096,source_full,0.025,0.025,4096,4096,success,0
cnn_dailymail,0,4096,source_jackknife,0.025,0.025,4096,4096,success,0
cnn_dailymail,0,4096,multinomial,0.025,0.025,4096,4096,success,0
cnn_dailymail,0,4096,multinomial_jackknife,0.025,0.025,4096,4096,success,0
cnn_dailymail,0,4096,source_bootstrap,0.025,0.025,2048,4096,failure,-2048
cnn_dailymail,0,4096,bootstrap_jackknife,0.025,0.025,4096,4096,success,0
cnn_dailymail,0,4096,direct_inverse_size,0.025,0.025,4096,4096,success,0
cnn_dailymail,0,4096,direct_constant,0.025,0.025,,4096,abstain,
cnn_dailymail,0,4096,source_times_1.25,0.025,0.025,4096,4096,success,0
cnn_dailymail,0,4096,multinomial_times_1.25,0.025,0.025,,4096,abstain,
cnn_dailymail,0,4096,source_gated,0.025,0.025,4096,4096,success,0
cnn_dailymail,0,4096,multinomial_gated,0.025,0.025,4096,4096,success,0
cnn_dailymail,1,1024,source_full,0.025,0.025,1024,4096,failure,-3072
cnn_dailymail,1,1024,source_jackknife,0.025,0.025,2048,4096,failure,-2048
cnn_dailymail,1,1024,multinomial,0.025,0.025,2048,4096,failure,-2048
cnn_dailymail,1,1024,multinomial_jackknife,0.025,0.025,4096,4096,success,0
cnn_dailymail,1,1024,source_bootstrap,0.025,0.025,1024,4096,failure,-3072
cnn_dailymail,1,1024,bootstrap_jackknife,0.025,0.025,2048,4096,failure,-2048
cnn_dailymail,1,1024,direct_inverse_size,0.025,0.025,1024,4096,failure,-3072
cnn_dailymail,1,1024,direct_constant,0.025,0.025,,4096,abstain,
cnn_dailymail,1,1024,source_times_1.25,0.025,0.025,2048,4096,failure,-2048
cnn_dailymail,1,1024,multinomial_times_1.25,0.025,0.025,4096,4096,success,0
cnn_dailymail,1,1024,source_gated,0.025,0.025,2048,4096,failure,-2048
cnn_dailymail,1,1024,multinomial_gated,0.025,0.025,4096,4096,success,0
cnn_dailymail,1,2048,source_full,0.025,0.025,2048,4096,failure,-2048
cnn_dailymail,1,2048,source_jackknife,0.025,0.025,4096,4096,success,0
cnn_dailymail,1,2048,multinomial,0.025,0.025,2048,4096,failure,-2048
cnn_dailymail,1,2048,multinomial_jackknife,0.025,0.025,4096,4096,success,0
cnn_dailymail,1,2048,source_bootstrap,0.025,0.025,1024,4096,failure,-3072
cnn_dailymail,1,2048,bootstrap_jackknife,0.025,0.025,4096,4096,success,0
cnn_dailymail,1,2048,direct_inverse_size,0.025,0.025,2048,4096,failure,-2048
cnn_dailymail,1,2048,direct_constant,0.025,0.025,,4096,abstain,
cnn_dailymail,1,2048,source_times_1.25,0.025,0.025,4096,4096,success,0
cnn_dailymail,1,2048,multinomial_times_1.25,0.025,0.025,,4096,abstain,
cnn_dailymail,1,2048,source_gated,0.025,0.025,4096,4096,success,0
cnn_dailymail,1,2048,multinomial_gated,0.025,0.025,4096,4096,success,0
cnn_dailymail,1,4096,source_full,0.025,0.025,4096,4096,success,0
cnn_dailymail,1,4096,source_jackknife,0.025,0.025,4096,4096,success,0
cnn_dailymail,1,4096,multinomial,0.025,0.025,2048,4096,failure,-2048
cnn_dailymail,1,4096,multinomial_jackknife,0.025,0.025,4096,4096,success,0
cnn_dailymail,1,4096,source_bootstrap,0.025,0.025,2048,4096,failure,-2048
cnn_dailymail,1,4096,bootstrap_jackknife,0.025,0.025,4096,4096,success,0
cnn_dailymail,1,4096,direct_inverse_size,0.025,0.025,4096,4096,success,0
cnn_dailymail,1,4096,direct_constant,0.025,0.025,,4096,abstain,
cnn_dailymail,1,4096,source_times_1.25,0.025,0.025,4096,4096,success,0
cnn_dailymail,1,4096,multinomial_times_1.25,0.025,0.025,,4096,abstain,
cnn_dailymail,1,4096,source_gated,0.025,0.025,4096,4096,success,0
cnn_dailymail,1,4096,multinomial_gated,0.025,0.025,2048,4096,failure,-2048
cnn_dailymail,2,1024,source_full,0.025,0.025,1024,4096,failure,-3072
cnn_dailymail,2,1024,source_jackknife,0.025,0.025,2048,4096,failure,-2048
cnn_dailymail,2,1024,multinomial,0.025,0.025,2048,4096,failure,-2048
cnn_dailymail,2,1024,multinomial_jackknife,0.025,0.025,4096,4096,success,0
cnn_dailymail,2,1024,source_bootstrap,0.025,0.025,1024,4096,failure,-3072
cnn_dailymail,2,1024,bootstrap_jackknife,0.025,0.025,2048,4096,failure,-2048
cnn_dailymail,2,1024,direct_inverse_size,0.025,0.025,1024,4096,failure,-3072
cnn_dailymail,2,1024,direct_constant,0.025,0.025,,4096,abstain,
cnn_dailymail,2,1024,source_times_1.25,0.025,0.025,2048,4096,failure,-2048
cnn_dailymail,2,1024,multinomial_times_1.25,0.025,0.025,4096,4096,success,0
cnn_dailymail,2,1024,source_gated,0.025,0.025,2048,4096,failure,-2048
cnn_dailymail,2,1024,multinomial_gated,0.025,0.025,4096,4096,success,0
cnn_dailymail,2,2048,source_full,0.025,0.025,2048,4096,failure,-2048
cnn_dailymail,2,2048,source_jackknife,0.025,0.025,4096,4096,success,0
cnn_dailymail,2,2048,multinomial,0.025,0.025,2048,4096,failure,-2048
cnn_dailymail,2,2048,multinomial_jackknife,0.025,0.025,4096,4096,success,0
cnn_dailymail,2,2048,source_bootstrap,0.025,0.025,2048,4096,failure,-2048
cnn_dailymail,2,2048,bootstrap_jackknife,0.025,0.025,4096,4096,success,0
cnn_dailymail,2,2048,direct_inverse_size,0.025,0.025,2048,4096,failure,-2048
cnn_dailymail,2,2048,direct_constant,0.025,0.025,,4096,abstain,
cnn_dailymail,2,2048,source_times_1.25,0.025,0.025,4096,4096,success,0
cnn_dailymail,2,2048,multinomial_times_1.25,0.025,0.025,,4096,abstain,
cnn_dailymail,2,2048,source_gated,0.025,0.025,4096,4096,success,0
cnn_dailymail,2,2048,multinomial_gated,0.025,0.025,4096,4096,success,0
cnn_dailymail,2,4096,source_full,0.025,0.025,4096,4096,success,0
cnn_dailymail,2,4096,source_jackknife,0.025,0.025,4096,4096,success,0
cnn_dailymail,2,4096,multinomial,0.025,0.025,2048,4096,failure,-2048
cnn_dailymail,2,4096,multinomial_jackknife,0.025,0.025,4096,4096,success,0
cnn_dailymail,2,4096,source_bootstrap,0.025,0.025,2048,4096,failure,-2048
cnn_dailymail,2,4096,bootstrap_jackknife,0.025,0.025,4096,4096,success,0
cnn_dailymail,2,4096,direct_inverse_size,0.025,0.025,4096,4096,success,0
cnn_dailymail,2,4096,direct_constant,0.025,0.025,,4096,abstain,
cnn_dailymail,2,4096,source_times_1.25,0.025,0.025,4096,4096,success,0
cnn_dailymail,2,4096,multinomial_times_1.25,0.025,0.025,,4096,abstain,
cnn_dailymail,2,4096,source_gated,0.025,0.025,4096,4096,success,0
cnn_dailymail,2,4096,multinomial_gated,0.025,0.025,2048,4096,failure,-2048
cnn_dailymail,3,1024,source_full,0.025,0.025,1024,4096,failure,-3072
cnn_dailymail,3,1024,source_jackknife,0.025,0.025,2048,4096,failure,-2048
cnn_dailymail,3,1024,multinomial,0.025,0.025,2048,4096,failure,-2048
cnn_dailymail,3,1024,multinomial_jackknife,0.025,0.025,4096,4096,success,0
cnn_dailymail,3,1024,source_bootstrap,0.025,0.025,1024,4096,failure,-3072
cnn_dailymail,3,1024,bootstrap_jackknife,0.025,0.025,2048,4096,failure,-2048
cnn_dailymail,3,1024,direct_inverse_size,0.025,0.025,1024,4096,failure,-3072
cnn_dailymail,3,1024,direct_constant,0.025,0.025,,4096,abstain,
cnn_dailymail,3,1024,source_times_1.25,0.025,0.025,2048,4096,failure,-2048
cnn_dailymail,3,1024,multinomial_times_1.25,0.025,0.025,4096,4096,success,0
cnn_dailymail,3,1024,source_gated,0.025,0.025,2048,4096,failure,-2048
cnn_dailymail,3,1024,multinomial_gated,0.025,0.025,4096,4096,success,0
cnn_dailymail,3,2048,source_full,0.025,0.025,2048,4096,failure,-2048
cnn_dailymail,3,2048,source_jackknife,0.025,0.025,4096,4096,success,0
cnn_dailymail,3,2048,multinomial,0.025,0.025,2048,4096,failure,-2048
cnn_dailymail,3,2048,multinomial_jackknife,0.025,0.025,4096,4096,success,0
cnn_dailymail,3,2048,source_bootstrap,0.025,0.025,1024,4096,failure,-3072
cnn_dailymail,3,2048,bootstrap_jackknife,0.025,0.025,4096,4096,success,0
cnn_dailymail,3,2048,direct_inverse_size,0.025,0.025,2048,4096,failure,-2048
cnn_dailymail,3,2048,direct_constant,0.025,0.025,,4096,abstain,
cnn_dailymail,3,2048,source_times_1.25,0.025,0.025,4096,4096,success,0
cnn_dailymail,3,2048,multinomial_times_1.25,0.025,0.025,4096,4096,success,0
cnn_dailymail,3,2048,source_gated,0.025,0.025,4096,4096,success,0
cnn_dailymail,3,2048,multinomial_gated,0.025,0.025,4096,4096,success,0
cnn_dailymail,3,4096,source_full,0.025,0.025,2048,4096,failure,-2048
cnn_dailymail,3,4096,source_jackknife,0.025,0.025,4096,4096,success,0
cnn_dailymail,3,4096,multinomial,0.025,0.025,2048,4096,failure,-2048
cnn_dailymail,3,4096,multinomial_jackknife,0.025,0.025,4096,4096,success,0
cnn_dailymail,3,4096,source_bootstrap,0.025,0.025,2048,4096,failure,-2048
cnn_dailymail,3,4096,bootstrap_jackknife,0.025,0.025,4096,4096,success,0
cnn_dailymail,3,4096,direct_inverse_size,0.025,0.025,4096,4096,success,0
cnn_dailymail,3,4096,direct_constant,0.025,0.025,,4096,abstain,
cnn_dailymail,3,4096,source_times_1.25,0.025,0.025,4096,4096,success,0
cnn_dailymail,3,4096,multinomial_times_1.25,0.025,0.025,,4096,abstain,
cnn_dailymail,3,4096,source_gated,0.025,0.025,2048,4096,failure,-2048
cnn_dailymail,3,4096,multinomial_gated,0.025,0.025,2048,4096,failure,-2048
cnn_dailymail,4,1024,source_full,0.025,0.025,1024,4096,failure,-3072
cnn_dailymail,4,1024,source_jackknife,0.025,0.025,2048,4096,failure,-2048
cnn_dailymail,4,1024,multinomial,0.025,0.025,2048,4096,failure,-2048
cnn_dailymail,4,1024,multinomial_jackknife,0.025,0.025,4096,4096,success,0
cnn_dailymail,4,1024,source_bootstrap,0.025,0.025,1024,4096,failure,-3072
cnn_dailymail,4,1024,bootstrap_jackknife,0.025,0.025,2048,4096,failure,-2048
cnn_dailymail,4,1024,direct_inverse_size,0.025,0.025,1024,4096,failure,-3072
cnn_dailymail,4,1024,direct_constant,0.025,0.025,,4096,abstain,
cnn_dailymail,4,1024,source_times_1.25,0.025,0.025,2048,4096,failure,-2048
cnn_dailymail,4,1024,multinomial_times_1.25,0.025,0.025,4096,4096,success,0
cnn_dailymail,4,1024,source_gated,0.025,0.025,2048,4096,failure,-2048
cnn_dailymail,4,1024,multinomial_gated,0.025,0.025,4096,4096,success,0
cnn_dailymail,4,2048,source_full,0.025,0.025,2048,4096,failure,-2048
cnn_dailymail,4,2048,source_jackknife,0.025,0.025,4096,4096,success,0
cnn_dailymail,4,2048,multinomial,0.025,0.025,2048,4096,failure,-2048
cnn_dailymail,4,2048,multinomial_jackknife,0.025,0.025,4096,4096,success,0
cnn_dailymail,4,2048,source_bootstrap,0.025,0.025,2048,4096,failure,-2048
cnn_dailymail,4,2048,bootstrap_jackknife,0.025,0.025,4096,4096,success,0
cnn_dailymail,4,2048,direct_inverse_size,0.025,0.025,2048,4096,failure,-2048
cnn_dailymail,4,2048,direct_constant,0.025,0.025,,4096,abstain,
cnn_dailymail,4,2048,source_times_1.25,0.025,0.025,4096,4096,success,0
cnn_dailymail,4,2048,multinomial_times_1.25,0.025,0.025,,4096,abstain,
cnn_dailymail,4,2048,source_gated,0.025,0.025,4096,4096,success,0
cnn_dailymail,4,2048,multinomial_gated,0.025,0.025,4096,4096,success,0
cnn_dailymail,4,4096,source_full,0.025,0.025,4096,4096,success,0
cnn_dailymail,4,4096,source_jackknife,0.025,0.025,4096,4096,success,0
cnn_dailymail,4,4096,multinomial,0.025,0.025,2048,4096,failure,-2048
cnn_dailymail,4,4096,multinomial_jackknife,0.025,0.025,4096,4096,success,0
cnn_dailymail,4,4096,source_bootstrap,0.025,0.025,2048,4096,failure,-2048
cnn_dailymail,4,4096,bootstrap_jackknife,0.025,0.025,4096,4096,success,0
cnn_dailymail,4,4096,direct_inverse_size,0.025,0.025,4096,4096,success,0
cnn_dailymail,4,4096,direct_constant,0.025,0.025,,4096,abstain,
cnn_dailymail,4,4096,source_times_1.25,0.025,0.025,4096,4096,success,0
cnn_dailymail,4,4096,multinomial_times_1.25,0.025,0.025,,4096,abstain,
cnn_dailymail,4,4096,source_gated,0.025,0.025,4096,4096,success,0
cnn_dailymail,4,4096,multinomial_gated,0.025,0.025,2048,4096,failure,-2048
cnn_dailymail,5,1024,source_full,0.025,0.025,1024,4096,failure,-3072
cnn_dailymail,5,1024,source_jackknife,0.025,0.025,2048,4096,failure,-2048
cnn_dailymail,5,1024,multinomial,0.025,0.025,2048,4096,failure,-2048
cnn_dailymail,5,1024,multinomial_jackknife,0.025,0.025,4096,4096,success,0
cnn_dailymail,5,1024,source_bootstrap,0.025,0.025,1024,4096,failure,-3072
cnn_dailymail,5,1024,bootstrap_jackknife,0.025,0.025,2048,4096,failure,-2048
cnn_dailymail,5,1024,direct_inverse_size,0.025,0.025,1024,4096,failure,-3072
cnn_dailymail,5,1024,direct_constant,0.025,0.025,,4096,abstain,
cnn_dailymail,5,1024,source_times_1.25,0.025,0.025,2048,4096,failure,-2048
cnn_dailymail,5,1024,multinomial_times_1.25,0.025,0.025,4096,4096,success,0
cnn_dailymail,5,1024,source_gated,0.025,0.025,2048,4096,failure,-2048
cnn_dailymail,5,1024,multinomial_gated,0.025,0.025,4096,4096,success,0
cnn_dailymail,5,2048,source_full,0.025,0.025,2048,4096,failure,-2048
cnn_dailymail,5,2048,source_jackknife,0.025,0.025,4096,4096,success,0
cnn_dailymail,5,2048,multinomial,0.025,0.025,2048,4096,failure,-2048
cnn_dailymail,5,2048,multinomial_jackknife,0.025,0.025,4096,4096,success,0
cnn_dailymail,5,2048,source_bootstrap,0.025,0.025,2048,4096,failure,-2048
cnn_dailymail,5,2048,bootstrap_jackknife,0.025,0.025,4096,4096,success,0
cnn_dailymail,5,2048,direct_inverse_size,0.025,0.025,2048,4096,failure,-2048
cnn_dailymail,5,2048,direct_constant,0.025,0.025,,4096,abstain,
cnn_dailymail,5,2048,source_times_1.25,0.025,0.025,4096,4096,success,0
cnn_dailymail,5,2048,multinomial_times_1.25,0.025,0.025,4096,4096,success,0
cnn_dailymail,5,2048,source_gated,0.025,0.025,4096,4096,success,0
cnn_dailymail,5,2048,multinomial_gated,0.025,0.025,4096,4096,success,0
cnn_dailymail,5,4096,source_full,0.025,0.025,2048,4096,failure,-2048
cnn_dailymail,5,4096,source_jackknife,0.025,0.025,4096,4096,success,0
cnn_dailymail,5,4096,multinomial,0.025,0.025,2048,4096,failure,-2048
cnn_dailymail,5,4096,multinomial_jackknife,0.025,0.025,4096,4096,success,0
cnn_dailymail,5,4096,source_bootstrap,0.025,0.025,2048,4096,failure,-2048
cnn_dailymail,5,4096,bootstrap_jackknife,0.025,0.025,4096,4096,success,0
cnn_dailymail,5,4096,direct_inverse_size,0.025,0.025,4096,4096,success,0
cnn_dailymail,5,4096,direct_constant,0.025,0.025,,4096,abstain,
cnn_dailymail,5,4096,source_times_1.25,0.025,0.025,4096,4096,success,0
cnn_dailymail,5,4096,multinomial_times_1.25,0.025,0.025,,4096,abstain,
cnn_dailymail,5,4096,source_gated,0.025,0.025,2048,4096,failure,-2048
cnn_dailymail,5,4096,multinomial_gated,0.025,0.025,2048,4096,failure,-2048
cnn_dailymail,0,1024,source_full,0.03,0.03,512,512,success,0
cnn_dailymail,0,1024,source_jackknife,0.03,0.03,1024,512,success,512
cnn_dailymail,0,1024,multinomial,0.03,0.03,512,512,success,0
cnn_dailymail,0,1024,multinomial_jackknife,0.03,0.03,512,512,success,0
cnn_dailymail,0,1024,source_bootstrap,0.03,0.03,512,512,success,0
cnn_dailymail,0,1024,bootstrap_jackknife,0.03,0.03,512,512,success,0
cnn_dailymail,0,1024,direct_inverse_size,0.03,0.03,512,512,success,0
cnn_dailymail,0,1024,direct_constant,0.03,0.03,512,512,success,0
cnn_dailymail,0,1024,source_times_1.25,0.03,0.03,1024,512,success,512
cnn_dailymail,0,1024,multinomial_times_1.25,0.03,0.03,2048,512,success,1536
cnn_dailymail,0,1024,source_gated,0.03,0.03,512,512,success,0
cnn_dailymail,0,1024,multinomial_gated,0.03,0.03,512,512,success,0
cnn_dailymail,0,2048,source_full,0.03,0.03,512,512,success,0
cnn_dailymail,0,2048,source_jackknife,0.03,0.03,2048,512,success,1536
cnn_dailymail,0,2048,multinomial,0.03,0.03,512,512,success,0
cnn_dailymail,0,2048,multinomial_jackknife,0.03,0.03,512,512,success,0
cnn_dailymail,0,2048,source_bootstrap,0.03,0.03,512,512,success,0
cnn_dailymail,0,2048,bootstrap_jackknife,0.03,0.03,512,512,success,0
cnn_dailymail,0,2048,direct_inverse_size,0.03,0.03,1024,512,success,512
cnn_dailymail,0,2048,direct_constant,0.03,0.03,512,512,success,0
cnn_dailymail,0,2048,source_times_1.25,0.03,0.03,2048,512,success,1536
cnn_dailymail,0,2048,multinomial_times_1.25,0.03,0.03,4096,512,success,3584
cnn_dailymail,0,2048,source_gated,0.03,0.03,512,512,success,0
cnn_dailymail,0,2048,multinomial_gated,0.03,0.03,512,512,success,0
cnn_dailymail,0,4096,source_full,0.03,0.03,1024,512,success,512
cnn_dailymail,0,4096,source_jackknife,0.03,0.03,2048,512,success,1536
cnn_dailymail,0,4096,multinomial,0.03,0.03,512,512,success,0
cnn_dailymail,0,4096,multinomial_jackknife,0.03,0.03,512,512,success,0
cnn_dailymail,0,4096,source_bootstrap,0.03,0.03,512,512,success,0
cnn_dailymail,0,4096,bootstrap_jackknife,0.03,0.03,512,512,success,0
cnn_dailymail,0,4096,direct_inverse_size,0.03,0.03,2048,512,success,1536
cnn_dailymail,0,4096,direct_constant,0.03,0.03,512,512,success,0
cnn_dailymail,0,4096,source_times_1.25,0.03,0.03,4096,512,success,3584
cnn_dailymail,0,4096,multinomial_times_1.25,0.03,0.03,4096,512,success,3584
cnn_dailymail,0,4096,source_gated,0.03,0.03,1024,512,success,512
cnn_dailymail,0,4096,multinomial_gated,0.03,0.03,512,512,success,0
cnn_dailymail,1,1024,source_full,0.03,0.03,512,512,success,0
cnn_dailymail,1,1024,source_jackknife,0.03,0.03,1024,512,success,512
cnn_dailymail,1,1024,multinomial,0.03,0.03,512,512,success,0
cnn_dailymail,1,1024,multinomial_jackknife,0.03,0.03,512,512,success,0
cnn_dailymail,1,1024,source_bootstrap,0.03,0.03,512,512,success,0
cnn_dailymail,1,1024,bootstrap_jackknife,0.03,0.03,512,512,success,0
cnn_dailymail,1,1024,direct_inverse_size,0.03,0.03,512,512,success,0
cnn_dailymail,1,1024,direct_constant,0.03,0.03,512,512,success,0
cnn_dailymail,1,1024,source_times_1.25,0.03,0.03,1024,512,success,512
cnn_dailymail,1,1024,multinomial_times_1.25,0.03,0.03,2048,512,success,1536
cnn_dailymail,1,1024,source_gated,0.03,0.03,512,512,success,0
cnn_dailymail,1,1024,multinomial_gated,0.03,0.03,512,512,success,0
cnn_dailymail,1,2048,source_full,0.03,0.03,512,512,success,0
cnn_dailymail,1,2048,source_jackknife,0.03,0.03,1024,512,success,512
cnn_dailymail,1,2048,multinomial,0.03,0.03,512,512,success,0
cnn_dailymail,1,2048,multinomial_jackknife,0.03,0.03,512,512,success,0
cnn_dailymail,1,2048,source_bootstrap,0.03,0.03,512,512,success,0
cnn_dailymail,1,2048,bootstrap_jackknife,0.03,0.03,512,512,success,0
cnn_dailymail,1,2048,direct_inverse_size,0.03,0.03,1024,512,success,512
cnn_dailymail,1,2048,direct_constant,0.03,0.03,512,512,success,0
cnn_dailymail,1,2048,source_times_1.25,0.03,0.03,2048,512,success,1536
cnn_dailymail,1,2048,multinomial_times_1.25,0.03,0.03,2048,512,success,1536
cnn_dailymail,1,2048,source_gated,0.03,0.03,512,512,success,0
cnn_dailymail,1,2048,multinomial_gated,0.03,0.03,512,512,success,0
cnn_dailymail,1,4096,source_full,0.03,0.03,1024,512,success,512
cnn_dailymail,1,4096,source_jackknife,0.03,0.03,2048,512,success,1536
cnn_dailymail,1,4096,multinomial,0.03,0.03,512,512,success,0
cnn_dailymail,1,4096,multinomial_jackknife,0.03,0.03,512,512,success,0
cnn_dailymail,1,4096,source_bootstrap,0.03,0.03,512,512,success,0
cnn_dailymail,1,4096,bootstrap_jackknife,0.03,0.03,512,512,success,0
cnn_dailymail,1,4096,direct_inverse_size,0.03,0.03,2048,512,success,1536
cnn_dailymail,1,4096,direct_constant,0.03,0.03,512,512,success,0
cnn_dailymail,1,4096,source_times_1.25,0.03,0.03,4096,512,success,3584
cnn_dailymail,1,4096,multinomial_times_1.25,0.03,0.03,4096,512,success,3584
cnn_dailymail,1,4096,source_gated,0.03,0.03,1024,512,success,512
cnn_dailymail,1,4096,multinomial_gated,0.03,0.03,512,512,success,0
cnn_dailymail,2,1024,source_full,0.03,0.03,512,512,success,0
cnn_dailymail,2,1024,source_jackknife,0.03,0.03,1024,512,success,512
cnn_dailymail,2,1024,multinomial,0.03,0.03,512,512,success,0
cnn_dailymail,2,1024,multinomial_jackknife,0.03,0.03,512,512,success,0
cnn_dailymail,2,1024,source_bootstrap,0.03,0.03,512,512,success,0
cnn_dailymail,2,1024,bootstrap_jackknife,0.03,0.03,512,512,success,0
cnn_dailymail,2,1024,direct_inverse_size,0.03,0.03,512,512,success,0
cnn_dailymail,2,1024,direct_constant,0.03,0.03,512,512,success,0
cnn_dailymail,2,1024,source_times_1.25,0.03,0.03,1024,512,success,512
cnn_dailymail,2,1024,multinomial_times_1.25,0.03,0.03,2048,512,success,1536
cnn_dailymail,2,1024,source_gated,0.03,0.03,512,512,success,0
cnn_dailymail,2,1024,multinomial_gated,0.03,0.03,512,512,success,0
cnn_dailymail,2,2048,source_full,0.03,0.03,512,512,success,0
cnn_dailymail,2,2048,source_jackknife,0.03,0.03,2048,512,success,1536
cnn_dailymail,2,2048,multinomial,0.03,0.03,512,512,success,0
cnn_dailymail,2,2048,multinomial_jackknife,0.03,0.03,512,512,success,0
cnn_dailymail,2,2048,source_bootstrap,0.03,0.03,512,512,success,0
cnn_dailymail,2,2048,bootstrap_jackknife,0.03,0.03,512,512,success,0
cnn_dailymail,2,2048,direct_inverse_size,0.03,0.03,1024,512,success,512
cnn_dailymail,2,2048,direct_constant,0.03,0.03,512,512,success,0
cnn_dailymail,2,2048,source_times_1.25,0.03,0.03,2048,512,success,1536
cnn_dailymail,2,2048,multinomial_times_1.25,0.03,0.03,4096,512,success,3584
cnn_dailymail,2,2048,source_gated,0.03,0.03,512,512,success,0
cnn_dailymail,2,2048,multinomial_gated,0.03,0.03,512,512,success,0
cnn_dailymail,2,4096,source_full,0.03,0.03,1024,512,success,512
cnn_dailymail,2,4096,source_jackknife,0.03,0.03,2048,512,success,1536
cnn_dailymail,2,4096,multinomial,0.03,0.03,512,512,success,0
cnn_dailymail,2,4096,multinomial_jackknife,0.03,0.03,512,512,success,0
cnn_dailymail,2,4096,source_bootstrap,0.03,0.03,512,512,success,0
cnn_dailymail,2,4096,bootstrap_jackknife,0.03,0.03,512,512,success,0
cnn_dailymail,2,4096,direct_inverse_size,0.03,0.03,2048,512,success,1536
cnn_dailymail,2,4096,direct_constant,0.03,0.03,512,512,success,0
cnn_dailymail,2,4096,source_times_1.25,0.03,0.03,4096,512,success,3584
cnn_dailymail,2,4096,multinomial_times_1.25,0.03,0.03,4096,512,success,3584
cnn_dailymail,2,4096,source_gated,0.03,0.03,1024,512,success,512
cnn_dailymail,2,4096,multinomial_gated,0.03,0.03,512,512,success,0
cnn_dailymail,3,1024,source_full,0.03,0.03,512,512,success,0
cnn_dailymail,3,1024,source_jackknife,0.03,0.03,1024,512,success,512
cnn_dailymail,3,1024,multinomial,0.03,0.03,512,512,success,0
cnn_dailymail,3,1024,multinomial_jackknife,0.03,0.03,512,512,success,0
cnn_dailymail,3,1024,source_bootstrap,0.03,0.03,512,512,success,0
cnn_dailymail,3,1024,bootstrap_jackknife,0.03,0.03,512,512,success,0
cnn_dailymail,3,1024,direct_inverse_size,0.03,0.03,512,512,success,0
cnn_dailymail,3,1024,direct_constant,0.03,0.03,512,512,success,0
cnn_dailymail,3,1024,source_times_1.25,0.03,0.03,1024,512,success,512
cnn_dailymail,3,1024,multinomial_times_1.25,0.03,0.03,2048,512,success,1536
cnn_dailymail,3,1024,source_gated,0.03,0.03,512,512,success,0
cnn_dailymail,3,1024,multinomial_gated,0.03,0.03,512,512,success,0
cnn_dailymail,3,2048,source_full,0.03,0.03,512,512,success,0
cnn_dailymail,3,2048,source_jackknife,0.03,0.03,1024,512,success,512
cnn_dailymail,3,2048,multinomial,0.03,0.03,512,512,success,0
cnn_dailymail,3,2048,multinomial_jackknife,0.03,0.03,512,512,success,0
cnn_dailymail,3,2048,source_bootstrap,0.03,0.03,512,512,success,0
cnn_dailymail,3,2048,bootstrap_jackknife,0.03,0.03,512,512,success,0
cnn_dailymail,3,2048,direct_inverse_size,0.03,0.03,1024,512,success,512
cnn_dailymail,3,2048,direct_constant,0.03,0.03,512,512,success,0
cnn_dailymail,3,2048,source_times_1.25,0.03,0.03,2048,512,success,1536
cnn_dailymail,3,2048,multinomial_times_1.25,0.03,0.03,2048,512,success,1536
cnn_dailymail,3,2048,source_gated,0.03,0.03,512,512,success,0
cnn_dailymail,3,2048,multinomial_gated,0.03,0.03,512,512,success,0
cnn_dailymail,3,4096,source_full,0.03,0.03,1024,512,success,512
cnn_dailymail,3,4096,source_jackknife,0.03,0.03,2048,512,success,1536
cnn_dailymail,3,4096,multinomial,0.03,0.03,512,512,success,0
cnn_dailymail,3,4096,multinomial_jackknife,0.03,0.03,512,512,success,0
cnn_dailymail,3,4096,source_bootstrap,0.03,0.03,512,512,success,0
cnn_dailymail,3,4096,bootstrap_jackknife,0.03,0.03,512,512,success,0
cnn_dailymail,3,4096,direct_inverse_size,0.03,0.03,2048,512,success,1536
cnn_dailymail,3,4096,direct_constant,0.03,0.03,512,512,success,0
cnn_dailymail,3,4096,source_times_1.25,0.03,0.03,4096,512,success,3584
cnn_dailymail,3,4096,multinomial_times_1.25,0.03,0.03,4096,512,success,3584
cnn_dailymail,3,4096,source_gated,0.03,0.03,1024,512,success,512
cnn_dailymail,3,4096,multinomial_gated,0.03,0.03,512,512,success,0
cnn_dailymail,4,1024,source_full,0.03,0.03,512,512,success,0
cnn_dailymail,4,1024,source_jackknife,0.03,0.03,1024,512,success,512
cnn_dailymail,4,1024,multinomial,0.03,0.03,512,512,success,0
cnn_dailymail,4,1024,multinomial_jackknife,0.03,0.03,512,512,success,0
cnn_dailymail,4,1024,source_bootstrap,0.03,0.03,512,512,success,0
cnn_dailymail,4,1024,bootstrap_jackknife,0.03,0.03,512,512,success,0
cnn_dailymail,4,1024,direct_inverse_size,0.03,0.03,512,512,success,0
cnn_dailymail,4,1024,direct_constant,0.03,0.03,512,512,success,0
cnn_dailymail,4,1024,source_times_1.25,0.03,0.03,1024,512,success,512
cnn_dailymail,4,1024,multinomial_times_1.25,0.03,0.03,2048,512,success,1536
cnn_dailymail,4,1024,source_gated,0.03,0.03,512,512,success,0
cnn_dailymail,4,1024,multinomial_gated,0.03,0.03,512,512,success,0
cnn_dailymail,4,2048,source_full,0.03,0.03,512,512,success,0
cnn_dailymail,4,2048,source_jackknife,0.03,0.03,2048,512,success,1536
cnn_dailymail,4,2048,multinomial,0.03,0.03,512,512,success,0
cnn_dailymail,4,2048,multinomial_jackknife,0.03,0.03,512,512,success,0
cnn_dailymail,4,2048,source_bootstrap,0.03,0.03,512,512,success,0
cnn_dailymail,4,2048,bootstrap_jackknife,0.03,0.03,512,512,success,0
cnn_dailymail,4,2048,direct_inverse_size,0.03,0.03,1024,512,success,512
cnn_dailymail,4,2048,direct_constant,0.03,0.03,512,512,success,0
cnn_dailymail,4,2048,source_times_1.25,0.03,0.03,2048,512,success,1536
cnn_dailymail,4,2048,multinomial_times_1.25,0.03,0.03,4096,512,success,3584
cnn_dailymail,4,2048,source_gated,0.03,0.03,512,512,success,0
cnn_dailymail,4,2048,multinomial_gated,0.03,0.03,512,512,success,0
cnn_dailymail,4,4096,source_full,0.03,0.03,1024,512,success,512
cnn_dailymail,4,4096,source_jackknife,0.03,0.03,2048,512,success,1536
cnn_dailymail,4,4096,multinomial,0.03,0.03,512,512,success,0
cnn_dailymail,4,4096,multinomial_jackknife,0.03,0.03,512,512,success,0
cnn_dailymail,4,4096,source_bootstrap,0.03,0.03,512,512,success,0
cnn_dailymail,4,4096,bootstrap_jackknife,0.03,0.03,512,512,success,0
cnn_dailymail,4,4096,direct_inverse_size,0.03,0.03,2048,512,success,1536
cnn_dailymail,4,4096,direct_constant,0.03,0.03,512,512,success,0
cnn_dailymail,4,4096,source_times_1.25,0.03,0.03,4096,512,success,3584
cnn_dailymail,4,4096,multinomial_times_1.25,0.03,0.03,4096,512,success,3584
cnn_dailymail,4,4096,source_gated,0.03,0.03,1024,512,success,512
cnn_dailymail,4,4096,multinomial_gated,0.03,0.03,512,512,success,0
cnn_dailymail,5,1024,source_full,0.03,0.03,512,512,success,0
cnn_dailymail,5,1024,source_jackknife,0.03,0.03,1024,512,success,512
cnn_dailymail,5,1024,multinomial,0.03,0.03,512,512,success,0
cnn_dailymail,5,1024,multinomial_jackknife,0.03,0.03,512,512,success,0
cnn_dailymail,5,1024,source_bootstrap,0.03,0.03,512,512,success,0
cnn_dailymail,5,1024,bootstrap_jackknife,0.03,0.03,512,512,success,0
cnn_dailymail,5,1024,direct_inverse_size,0.03,0.03,512,512,success,0
cnn_dailymail,5,1024,direct_constant,0.03,0.03,512,512,success,0
cnn_dailymail,5,1024,source_times_1.25,0.03,0.03,1024,512,success,512
cnn_dailymail,5,1024,multinomial_times_1.25,0.03,0.03,2048,512,success,1536
cnn_dailymail,5,1024,source_gated,0.03,0.03,512,512,success,0
cnn_dailymail,5,1024,multinomial_gated,0.03,0.03,512,512,success,0
cnn_dailymail,5,2048,source_full,0.03,0.03,512,512,success,0
cnn_dailymail,5,2048,source_jackknife,0.03,0.03,2048,512,success,1536
cnn_dailymail,5,2048,multinomial,0.03,0.03,512,512,success,0
cnn_dailymail,5,2048,multinomial_jackknife,0.03,0.03,512,512,success,0
cnn_dailymail,5,2048,source_bootstrap,0.03,0.03,512,512,success,0
cnn_dailymail,5,2048,bootstrap_jackknife,0.03,0.03,512,512,success,0
cnn_dailymail,5,2048,direct_inverse_size,0.03,0.03,1024,512,success,512
cnn_dailymail,5,2048,direct_constant,0.03,0.03,512,512,success,0
cnn_dailymail,5,2048,source_times_1.25,0.03,0.03,2048,512,success,1536
cnn_dailymail,5,2048,multinomial_times_1.25,0.03,0.03,4096,512,success,3584
cnn_dailymail,5,2048,source_gated,0.03,0.03,512,512,success,0
cnn_dailymail,5,2048,multinomial_gated,0.03,0.03,512,512,success,0
cnn_dailymail,5,4096,source_full,0.03,0.03,1024,512,success,512
cnn_dailymail,5,4096,source_jackknife,0.03,0.03,2048,512,success,1536
cnn_dailymail,5,4096,multinomial,0.03,0.03,512,512,success,0
cnn_dailymail,5,4096,multinomial_jackknife,0.03,0.03,512,512,success,0
cnn_dailymail,5,4096,source_bootstrap,0.03,0.03,512,512,success,0
cnn_dailymail,5,4096,bootstrap_jackknife,0.03,0.03,512,512,success,0
cnn_dailymail,5,4096,direct_inverse_size,0.03,0.03,2048,512,success,1536
cnn_dailymail,5,4096,direct_constant,0.03,0.03,512,512,success,0
cnn_dailymail,5,4096,source_times_1.25,0.03,0.03,4096,512,success,3584
cnn_dailymail,5,4096,multinomial_times_1.25,0.03,0.03,4096,512,success,3584
cnn_dailymail,5,4096,source_gated,0.03,0.03,1024,512,success,512
cnn_dailymail,5,4096,multinomial_gated,0.03,0.03,512,512,success,0
