corpus,m,n,factor,error
tinystories,1024,512,0.85,0.27495735398149534
tinystories,1024,512,0.855,0.2690922345290973
tinystories,1024,512,0.86,0.26326131421830407
tinystories,1024,512,0.865,0.2574641965339781
tinystories,1024,512,0.87,0.25170049181722803
tinystories,1024,512,0.875,0.24596981710824303
tinystories,1024,512,0.88,0.2402717959936053
tinystories,1024,512,0.885,0.23460605845792792
tinystories,1024,512,0.89,0.2289722407396719
tinystories,1024,512,0.895,0.22336998519100204
tinystories,1024,512,0.9,0.2177989401415467
tinystories,1024,512,0.905,0.2122587597659313
tinystories,1024,512,0.9099999999999999,0.20674910395496182
tinystories,1024,512,0.915,0.20126963819033614
tinystories,1024,512,0.9199999999999999,0.19582003342277154
tinystories,1024,512,0.9249999999999999,0.19039996595343234
tinystories,1024,512,0.9299999999999999,0.18500911731855593
tinystories,1024,512,0.9349999999999999,0.17964717417717055
tinystories,1024,512,0.94,0.17431382820180794
tinystories,1024,512,0.945,0.16900877597211475
tinystories,1024,512,0.95,0.163731718871271
tinystories,1024,512,0.955,0.15848236298512727
tinystories,1024,512,0.96,0.15326041900397558
tinystories,1024,512,0.965,0.14806560212687156
tinystories,1024,512,0.97,0.142897631968429
tinystories,1024,512,0.975,0.1377562324680103
tinystories,1024,512,0.98,0.13264113180123988
tinystories,1024,512,0.985,0.12755206229376861
tinystories,1024,512,0.99,0.12248876033722185
tinystories,1024,512,0.995,0.1174509663072647
tinystories,1024,512,1.0,0.11243842448372039
tinystories,1024,512,1.005,0.10745088297268142
tinystories,1024,512,1.01,0.1024880936305523
tinystories,1024,512,1.015,0.09754981198996986
tinystories,1024,512,1.02,0.09263579718754068
tinystories,1024,512,1.025,0.08774581189334901
tinystories,1024,512,1.03,0.08287962224217597
tinystories,1024,512,1.035,0.0780369977663881
tinystories,1024,512,1.04,0.07321771133043908
tinystories,1024,512,1.045,0.06842153906694615
tinystories,1024,512,1.05,0.06364826031428837
tinystories,1024,512,1.055,0.05889765755569065
tinystories,1024,512,1.06,0.05416951635974459
tinystories,1024,512,1.065,0.049463625322332026
tinystories,1024,512,1.07,0.04477977600990555
tinystories,1024,512,1.075,0.040117762904094335
tinystories,1024,512,1.08,0.03547738334759202
tinystories,1024,512,1.085,0.030858437491297564
tinystories,1024,512,1.0899999999999999,0.026260728242668212
tinystories,1024,512,1.095,0.0216840612152563
tinystories,1024,512,1.1,0.017128244679395478
tinystories,1024,512,1.105,0.012593089514004292
tinystories,1024,512,1.1099999999999999,0.008877150301297994
tinystories,1024,512,1.115,0.00625087930915947
tinystories,1024,512,1.12,0.004759452510852406
tinystories,1024,512,1.125,0.005344611172663043
tinystories,1024,512,1.13,0.009779208240528699
tinystories,1024,512,1.135,0.014194226449645596
tinystories,1024,512,1.14,0.018589837922683587
tinystories,1024,512,1.145,0.02296621252248256
tinystories,1024,512,1.15,0.027323517891438217
tinystories,1024,512,1.155,0.03166191949003646
tinystories,1024,512,1.16,0.035981580634552805
tinystories,1024,512,1.165,0.04028266253394352
tinystories,1024,512,1.17,0.04456532432594429
tinystories,1024,512,1.175,0.04882972311240191
tinystories,1024,512,1.18,0.05307601399385292
tinystories,1024,512,1.185,0.057304350103374146
tinystories,1024,512,1.19,0.06151488263971757
tinystories,1024,512,1.195,0.06570776089975364
tinystories,1024,512,1.2,0.06988313231023419
tinystories,1024,512,1.205,0.07404114245889798
tinystories,1024,512,1.21,0.07818193512492928
tinystories,1024,512,1.2149999999999999,0.08230565230879124
tinystories,1024,512,1.22,0.08641243426144478
tinystories,1024,512,1.225,0.09050241951296996
tinystories,1024,512,1.23,0.09457574490060572
tinystories,1024,512,1.2349999999999999,0.09863254559621999
tinystories,1024,512,1.24,0.1026729551332251
tinystories,1024,512,1.245,0.10669710543295059
tinystories,1024,512,1.25,0.11070512683048934
tinystories,1024,512,1.255,0.1146971481000267
tinystories,1024,512,1.26,0.11867329647966623
tinystories,1024,512,1.2650000000000001,0.12263369769576322
tinystories,1024,512,1.27,0.1265784759867795
tinystories,1024,512,1.275,0.13050775412666896
tinystories,1024,512,1.28,0.1344216534478054
tinystories,1024,512,1.285,0.13832029386346265
tinystories,1024,512,1.29,0.14220379388986035
tinystories,1024,512,1.295,0.14607227066778058
tinystories,1024,512,1.3,0.14992583998377065
tinystories,1024,512,1.305,0.15376461629093627
tinystories,1024,512,1.31,0.1575887127293398
tinystories,1024,512,1.315,0.16139824114600745
tinystories,1024,512,1.32,0.16519331211455915
tinystories,1024,512,1.325,0.16897403495446509
tinystories,1024,512,1.33,0.17274051774994206
tinystories,1024,512,1.335,0.17649286736849243
tinystories,1024,512,1.3399999999999999,0.18023118947909947
tinystories,1024,512,1.345,0.183955588570082
tinystories,1024,512,1.35,0.18766616796661775
tinystories,1024,512,1.355,0.19136302984794382
tinystories,1024,512,1.3599999999999999,0.19504627526424015
tinystories,1024,512,1.365,0.19871600415320265
tinystories,1024,512,1.37,0.2023723153563132
tinystories,1024,512,1.375,0.20601530663481418
tinystories,1024,512,1.38,0.20964507468539284
tinystories,1024,512,1.385,0.21326171515558143
tinystories,1024,512,1.3900000000000001,0.21686532265888006
tinystories,1024,512,1.395,0.22045599078960856
tinystories,1024,512,1.4,0.22403381213749252
tinystories,1024,512,1.405,0.2275988783019887
tinystories,1024,512,1.4100000000000001,0.23115127990635664
tinystories,1024,512,1.415,0.23469110661148054
tinystories,1024,512,1.42,0.23821844712944892
tinystories,1024,512,1.425,0.2417333892368935
tinystories,1024,512,1.43,0.24523601978809548
tinystories,1024,512,1.435,0.24872642472786408
tinystories,1024,512,1.44,0.25220468910418886
tinystories,1024,512,1.4449999999999998,0.255670897080675
tinystories,1024,512,1.45,0.25912513194876263
tinystories,1024,512,1.455,0.26256747613973547
tinystories,1024,512,1.46,0.2659980112365246
tinystories,1024,512,1.4649999999999999,0.2694168179853101
tinystories,1024,512,1.47,0.2728239763069245
tinystories,1024,512,1.475,0.27621956530806285
tinystories,1024,512,1.48,0.2796036632923033
tinystories,1024,512,1.4849999999999999,0.28297634777094244
tinystories,1024,512,1.49,0.28633769547364735
tinystories,1024,512,1.495,0.28968778235892945
tinystories,1024,512,1.5,0.293026683624444
tinystories,1024,1024,0.85,0.291808972976259
tinystories,1024,1024,0.855,0.2859438535238609
tinystories,1024,1024,0.86,0.2801129332130677
tinystories,1024,1024,0.865,0.2743158155287418
tinystories,1024,1024,0.87,0.26855211081199165
tinystories,1024,1024,0.875,0.2628214361030066
tinystories,1024,1024,0.88,0.25712341498836894
tinystories,1024,1024,0.885,0.2514576774526916
tinystories,1024,1024,0.89,0.24582385973443557
tinystories,1024,1024,0.895,0.24022160418576569
tinystories,1024,1024,0.9,0.23465055913631036
tinystories,1024,1024,0.905,0.22911037876069495
tinystories,1024,1024,0.9099999999999999,0.22360072294972547
tinystories,1024,1024,0.915,0.21812125718509975
tinystories,1024,1024,0.9199999999999999,0.2126716524175352
tinystories,1024,1024,0.9249999999999999,0.20725158494819598
tinystories,1024,1024,0.9299999999999999,0.20186073631331955
tinystories,1024,1024,0.9349999999999999,0.1964987931719342
tinystories,1024,1024,0.94,0.19116544719657158
tinystories,1024,1024,0.945,0.18586039496687842
tinystories,1024,1024,0.95,0.18058333786603464
tinystories,1024,1024,0.955,0.17533398197989092
tinystories,1024,1024,0.96,0.17011203799873922
tinystories,1024,1024,0.965,0.1649172211216352
tinystories,1024,1024,0.97,0.15974925096319262
tinystories,1024,1024,0.975,0.15460785146277398
tinystories,1024,1024,0.98,0.14949275079600352
tinystories,1024,1024,0.985,0.14440368128853223
tinystories,1024,1024,0.99,0.13934037933198548
tinystories,1024,1024,0.995,0.13430258530202835
tinystories,1024,1024,1.0,0.12929004347848405
tinystories,1024,1024,1.005,0.12430250196744508
tinystories,1024,1024,1.01,0.11933971262531595
tinystories,1024,1024,1.015,0.1144014309847335
tinystories,1024,1024,1.02,0.10948741618230433
tinystories,1024,1024,1.025,0.10459743088811264
tinystories,1024,1024,1.03,0.09973124123693962
tinystories,1024,1024,1.035,0.09488861676115175
tinystories,1024,1024,1.04,0.09006933032520274
tinystories,1024,1024,1.045,0.0852731580617098
tinystories,1024,1024,1.05,0.080499879309052
tinystories,1024,1024,1.055,0.07574927655045431
tinystories,1024,1024,1.06,0.07102113535450824
tinystories,1024,1024,1.065,0.06631524431709566
tinystories,1024,1024,1.07,0.06163139500466919
tinystories,1024,1024,1.075,0.056969381898857974
tinystories,1024,1024,1.08,0.05232900234235566
tinystories,1024,1024,1.085,0.04771005648606122
tinystories,1024,1024,1.0899999999999999,0.043112347237431854
tinystories,1024,1024,1.095,0.03853568021001994
tinystories,1024,1024,1.1,0.03397986367415912
tinystories,1024,1024,1.105,0.02944470850876794
tinystories,1024,1024,1.1099999999999999,0.0249300281542414
tinystories,1024,1024,1.115,0.02043563856640198
tinystories,1024,1024,1.12,0.01596135817148079
tinystories,1024,1024,1.125,0.011507007822100603
tinystories,1024,1024,1.13,0.008658694258477746
tinystories,1024,1024,1.135,0.008658694258477746
tinystories,1024,1024,1.14,0.008658694258477746
tinystories,1024,1024,1.145,0.009835849080211153
tinystories,1024,1024,1.15,0.012108635630556365
tinystories,1024,1024,1.155,0.015000903362955197
tinystories,1024,1024,1.16,0.01912996163978916
tinystories,1024,1024,1.165,0.02343104353917987
tinystories,1024,1024,1.17,0.027713705331180633
tinystories,1024,1024,1.175,0.03197810411763826
tinystories,1024,1024,1.18,0.03622439499908927
tinystories,1024,1024,1.185,0.040452731108610494
tinystories,1024,1024,1.19,0.04466326364495393
tinystories,1024,1024,1.195,0.04885614190498999
tinystories,1024,1024,1.2,0.053031513315470534
tinystories,1024,1024,1.205,0.05718952346413433
tinystories,1024,1024,1.21,0.06133031613016563
tinystories,1024,1024,1.2149999999999999,0.06545403331402759
tinystories,1024,1024,1.22,0.06956081526668112
tinystories,1024,1024,1.225,0.07365080051820631
tinystories,1024,1024,1.23,0.07772412590584206
tinystories,1024,1024,1.2349999999999999,0.08178092660145635
tinystories,1024,1024,1.24,0.08582133613846143
tinystories,1024,1024,1.245,0.08984548643818695
tinystories,1024,1024,1.25,0.0938535078357257
tinystories,1024,1024,1.255,0.09784552910526305
tinystories,1024,1024,1.26,0.10182167748490258
tinystories,1024,1024,1.2650000000000001,0.10578207870099958
tinystories,1024,1024,1.27,0.10972685699201586
tinystories,1024,1024,1.275,0.11365613513190533
tinystories,1024,1024,1.28,0.11757003445304175
tinystories,1024,1024,1.285,0.12146867486869899
tinystories,1024,1024,1.29,0.12535217489509667
tinystories,1024,1024,1.295,0.1292206516730169
tinystories,1024,1024,1.3,0.13307422098900704
tinystories,1024,1024,1.305,0.1369129972961726
tinystories,1024,1024,1.31,0.14073709373457613
tinystories,1024,1024,1.315,0.14454662215124384
tinystories,1024,1024,1.32,0.14834169311979553
tinystories,1024,1024,1.325,0.15212241595970147
tinystories,1024,1024,1.33,0.15588889875517845
tinystories,1024,1024,1.335,0.15964124837372876
tinystories,1024,1024,1.3399999999999999,0.16337957048433585
tinystories,1024,1024,1.345,0.16710396957531837
tinystories,1024,1024,1.35,0.1708145489718541
tinystories,1024,1024,1.355,0.17451141085318014
tinystories,1024,1024,1.3599999999999999,0.1781946562694765
tinystories,1024,1024,1.365,0.18186438515843897
tinystories,1024,1024,1.37,0.18552069636154955
tinystories,1024,1024,1.375,0.18916368764005054
tinystories,1024,1024,1.38,0.19279345569062914
tinystories,1024,1024,1.385,0.19641009616081775
tinystories,1024,1024,1.3900000000000001,0.20001370366411642
tinystories,1024,1024,1.395,0.20360437179484492
tinystories,1024,1024,1.4,0.20718219314272887
tinystories,1024,1024,1.405,0.21074725930722504
tinystories,1024,1024,1.4100000000000001,0.214299660911593
tinystories,1024,1024,1.415,0.2178394876167169
tinystories,1024,1024,1.42,0.22136682813468525
tinystories,1024,1024,1.425,0.22488177024212985
tinystories,1024,1024,1.43,0.2283844007933318
tinystories,1024,1024,1.435,0.2318748057331004
tinystories,1024,1024,1.44,0.2353530701094252
tinystories,1024,1024,1.4449999999999998,0.2388192780859113
tinystories,1024,1024,1.45,0.24227351295399893
tinystories,1024,1024,1.455,0.24571585714497182
tinystories,1024,1024,1.46,0.24914639224176097
tinystories,1024,1024,1.4649999999999999,0.25256519899054647
tinystories,1024,1024,1.47,0.25597235731216084
tinystories,1024,1024,1.475,0.2593679463132992
tinystories,1024,1024,1.48,0.2627520442975397
tinystories,1024,1024,1.4849999999999999,0.2661247287761788
tinystories,1024,1024,1.49,0.26948607647888373
tinystories,1024,1024,1.495,0.2728361633641658
tinystories,1024,1024,1.5,0.27617506462968033
tinystories,1024,2048,0.85,0.32875795311038664
tinystories,1024,2048,0.855,0.32289283365798854
tinystories,1024,2048,0.86,0.3170619133471954
tinystories,1024,2048,0.865,0.3112647956628694
tinystories,1024,2048,0.87,0.3055010909461193
tinystories,1024,2048,0.875,0.29977041623713435
tinystories,1024,2048,0.88,0.29407239512249655
tinystories,1024,2048,0.885,0.2884066575868192
tinystories,1024,2048,0.89,0.2827728398685632
tinystories,1024,2048,0.895,0.27717058431989333
tinystories,1024,2048,0.9,0.27159953927043795
tinystories,1024,2048,0.905,0.26605935889482263
tinystories,1024,2048,0.9099999999999999,0.2605497030838531
tinystories,1024,2048,0.915,0.25507023731922746
tinystories,1024,2048,0.9199999999999999,0.24962063255166286
tinystories,1024,2048,0.9249999999999999,0.24420056508232366
tinystories,1024,2048,0.9299999999999999,0.2388097164474472
tinystories,1024,2048,0.9349999999999999,0.2334477733060618
tinystories,1024,2048,0.94,0.2281144273306992
tinystories,1024,2048,0.945,0.22280937510100604
tinystories,1024,2048,0.95,0.21753231800016226
tinystories,1024,2048,0.955,0.21228296211401854
tinystories,1024,2048,0.96,0.20706101813286684
tinystories,1024,2048,0.965,0.20186620125576282
tinystories,1024,2048,0.97,0.19669823109732024
tinystories,1024,2048,0.975,0.1915568315969016
tinystories,1024,2048,0.98,0.18644173093013117
tinystories,1024,2048,0.985,0.18135266142265985
tinystories,1024,2048,0.99,0.17628935946611315
tinystories,1024,2048,0.995,0.17125156543615597
tinystories,1024,2048,1.0,0.1662390236126117
tinystories,1024,2048,1.005,0.16125148210157272
tinystories,1024,2048,1.01,0.1562886927594436
tinystories,1024,2048,1.015,0.15135041111886113
tinystories,1024,2048,1.02,0.14643639631643193
tinystories,1024,2048,1.025,0.14154641102224028
tinystories,1024,2048,1.03,0.13668022137106728
tinystories,1024,2048,1.035,0.13183759689527938
tinystories,1024,2048,1.04,0.12701831045933037
tinystories,1024,2048,1.045,0.12222213819583744
tinystories,1024,2048,1.05,0.11744885944317963
tinystories,1024,2048,1.055,0.11269825668458194
tinystories,1024,2048,1.06,0.10797011548863589
tinystories,1024,2048,1.065,0.10326422445122331
tinystories,1024,2048,1.07,0.09858037513879682
tinystories,1024,2048,1.075,0.0939183620329856
tinystories,1024,2048,1.08,0.08927798247648329
tinystories,1024,2048,1.085,0.08465903662018885
tinystories,1024,2048,1.0899999999999999,0.0800613273715595
tinystories,1024,2048,1.095,0.07548466034414758
tinystories,1024,2048,1.1,0.07092884380828676
tinystories,1024,2048,1.105,0.06639368864289558
tinystories,1024,2048,1.1099999999999999,0.061879008288369036
tinystories,1024,2048,1.115,0.05738461870052961
tinystories,1024,2048,1.12,0.05291033830560843
tinystories,1024,2048,1.125,0.04845598795622824
tinystories,1024,2048,1.13,0.04402139088836258
tinystories,1024,2048,1.135,0.03960637267924569
tinystories,1024,2048,1.14,0.0352107612062077
tinystories,1024,2048,1.145,0.03083438660640872
tinystories,1024,2048,1.15,0.02647708123745307
tinystories,1024,2048,1.155,0.022138679638854825
tinystories,1024,2048,1.16,0.019154755126247026
tinystories,1024,2048,1.165,0.016287367193319885
tinystories,1024,2048,1.17,0.014111919057976022
tinystories,1024,2048,1.175,0.014111919057976022
tinystories,1024,2048,1.18,0.015214906017554921
tinystories,1024,2048,1.185,0.01662435138739533
tinystories,1024,2048,1.19,0.01802786223284314
tinystories,1024,2048,1.195,0.019425488319521827
tinystories,1024,2048,1.2,0.02081727878968201
tinystories,1024,2048,1.205,0.02220328217256994
tinystories,1024,2048,1.21,0.024381335996038006
tinystories,1024,2048,1.2149999999999999,0.02850505317989996
tinystories,1024,2048,1.22,0.032611835132553474
tinystories,1024,2048,1.225,0.03670182038407868
tinystories,1024,2048,1.23,0.04077514577171443
tinystories,1024,2048,1.2349999999999999,0.044831946467328715
tinystories,1024,2048,1.24,0.04887235600433379
tinystories,1024,2048,1.245,0.052896506304059315
tinystories,1024,2048,1.25,0.05690452770159807
tinystories,1024,2048,1.255,0.06089654897113542
tinystories,1024,2048,1.26,0.06487269735077494
tinystories,1024,2048,1.2650000000000001,0.06883309856687195
tinystories,1024,2048,1.27,0.07277787685788822
tinystories,1024,2048,1.275,0.0767071549977777
tinystories,1024,2048,1.28,0.0806210543189141
tinystories,1024,2048,1.285,0.08451969473457134
tinystories,1024,2048,1.29,0.08840319476096904
tinystories,1024,2048,1.295,0.09227167153888928
tinystories,1024,2048,1.3,0.09612524085487938
tinystories,1024,2048,1.305,0.09996401716204495
tinystories,1024,2048,1.31,0.10378811360044848
tinystories,1024,2048,1.315,0.10759764201711618
tinystories,1024,2048,1.32,0.11139271298566787
tinystories,1024,2048,1.325,0.11517343582557381
tinystories,1024,2048,1.33,0.11893991862105079
tinystories,1024,2048,1.335,0.12269226823960115
tinystories,1024,2048,1.3399999999999999,0.12643059035020818
tinystories,1024,2048,1.345,0.13015498944119072
tinystories,1024,2048,1.35,0.13386556883772646
tinystories,1024,2048,1.355,0.13756243071905253
tinystories,1024,2048,1.3599999999999999,0.14124567613534886
tinystories,1024,2048,1.365,0.14491540502431136
tinystories,1024,2048,1.37,0.1485717162274219
tinystories,1024,2048,1.375,0.1522147075059229
tinystories,1024,2048,1.38,0.15584447555650152
tinystories,1024,2048,1.385,0.15946111602669014
tinystories,1024,2048,1.3900000000000001,0.16306472352998877
tinystories,1024,2048,1.395,0.16665539166071727
tinystories,1024,2048,1.4,0.1702332130086012
tinystories,1024,2048,1.405,0.17379827917309743
tinystories,1024,2048,1.4100000000000001,0.17735068077746532
tinystories,1024,2048,1.415,0.18089050748258928
tinystories,1024,2048,1.42,0.18441784800055763
tinystories,1024,2048,1.425,0.1879327901080022
tinystories,1024,2048,1.43,0.1914354206592042
tinystories,1024,2048,1.435,0.19492582559897279
tinystories,1024,2048,1.44,0.19840408997529757
tinystories,1024,2048,1.4449999999999998,0.20187029795178368
tinystories,1024,2048,1.45,0.2053245328198713
tinystories,1024,2048,1.455,0.2087668770108442
tinystories,1024,2048,1.46,0.21219741210763335
tinystories,1024,2048,1.4649999999999999,0.21561621885641882
tinystories,1024,2048,1.47,0.21902337717803322
tinystories,1024,2048,1.475,0.22241896617917156
tinystories,1024,2048,1.48,0.225803064163412
tinystories,1024,2048,1.4849999999999999,0.22917574864205117
tinystories,1024,2048,1.49,0.23253709634475608
tinystories,1024,2048,1.495,0.23588718323003813
tinystories,1024,2048,1.5,0.23922608449555272
tinystories,1024,4096,0.85,0.3867286504645608
tinystories,1024,4096,0.855,0.3808635310121627
tinystories,1024,4096,0.86,0.3750326107013695
tinystories,1024,4096,0.865,0.3692354930170436
tinystories,1024,4096,0.87,0.3634717883002934
tinystories,1024,4096,0.875,0.3577411135913085
tinystories,1024,4096,0.88,0.3520430924766707
tinystories,1024,4096,0.885,0.3463773549409934
tinystories,1024,4096,0.89,0.34074353722273737
tinystories,1024,4096,0.895,0.33514128167406754
tinystories,1024,4096,0.9,0.3295702366246121
tinystories,1024,4096,0.905,0.3240300562489968
tinystories,1024,4096,0.9099999999999999,0.31852040043802726
tinystories,1024,4096,0.915,0.31304093467340155
tinystories,1024,4096,0.9199999999999999,0.307591329905837
tinystories,1024,4096,0.9249999999999999,0.3021712624364978
tinystories,1024,4096,0.9299999999999999,0.29678041380162135
tinystories,1024,4096,0.9349999999999999,0.29141847066023596
tinystories,1024,4096,0.94,0.2860851246848734
tinystories,1024,4096,0.945,0.2807800724551802
tinystories,1024,4096,0.95,0.2755030153543364
tinystories,1024,4096,0.955,0.2702536594681927
tinystories,1024,4096,0.96,0.265031715487041
tinystories,1024,4096,0.965,0.25983689860993703
tinystories,1024,4096,0.97,0.2546689284514944
tinystories,1024,4096,0.975,0.24952752895107574
tinystories,1024,4096,0.98,0.24441242828430532
tinystories,1024,4096,0.985,0.23932335877683406
tinystories,1024,4096,0.99,0.23426005682028728
tinystories,1024,4096,0.995,0.22922226279033012
tinystories,1024,4096,1.0,0.22420972096678585
tinystories,1024,4096,1.005,0.21922217945574687
tinystories,1024,4096,1.01,0.21425939011361775
tinystories,1024,4096,1.015,0.20932110847303528
tinystories,1024,4096,1.02,0.20440709367060614
tinystories,1024,4096,1.025,0.19951710837641443
tinystories,1024,4096,1.03,0.1946509187252414
tinystories,1024,4096,1.035,0.18980829424945353
tinystories,1024,4096,1.04,0.1849890078135045
tinystories,1024,4096,1.045,0.18019283555001156
tinystories,1024,4096,1.05,0.1754195567973538
tinystories,1024,4096,1.055,0.17066895403875607
tinystories,1024,4096,1.06,0.16594081284281004
tinystories,1024,4096,1.065,0.16123492180539747
tinystories,1024,4096,1.07,0.15655107249297098
tinystories,1024,4096,1.075,0.15188905938715977
tinystories,1024,4096,1.08,0.14724867983065745
tinystories,1024,4096,1.085,0.142629733974363
tinystories,1024,4096,1.0899999999999999,0.13803202472573364
tinystories,1024,4096,1.095,0.1334553576983217
tinystories,1024,4096,1.1,0.1288995411624609
tinystories,1024,4096,1.105,0.12436438599706971
tinystories,1024,4096,1.1099999999999999,0.11984970564254317
tinystories,1024,4096,1.115,0.11535531605470374
tinystories,1024,4096,1.12,0.11088103565978258
tinystories,1024,4096,1.125,0.10642668531040238
tinystories,1024,4096,1.13,0.10199208824253674
tinystories,1024,4096,1.135,0.09757707003341982
tinystories,1024,4096,1.14,0.09318145856038183
tinystories,1024,4096,1.145,0.08880508396058286
tinystories,1024,4096,1.15,0.0844477785916272
tinystories,1024,4096,1.155,0.08010937699302896
tinystories,1024,4096,1.16,0.07578971584851261
tinystories,1024,4096,1.165,0.0714886339491219
tinystories,1024,4096,1.17,0.06720597215712114
tinystories,1024,4096,1.175,0.06294157337066353
tinystories,1024,4096,1.18,0.05869528248921251
tinystories,1024,4096,1.185,0.05446694637969129
tinystories,1024,4096,1.19,0.05025641384334786
tinystories,1024,4096,1.195,0.0460635355833118
tinystories,1024,4096,1.2,0.04188816417283125
tinystories,1024,4096,1.205,0.037730154024167455
tinystories,1024,4096,1.21,0.03436234427420561
tinystories,1024,4096,1.2149999999999999,0.031613199484964306
tinystories,1024,4096,1.22,0.028875344849861966
tinystories,1024,4096,1.225,0.026148688015511828
tinystories,1024,4096,1.23,0.023433137757087996
tinystories,1024,4096,1.2349999999999999,0.02207373600098116
tinystories,1024,4096,1.24,0.02207373600098116
tinystories,1024,4096,1.245,0.0229831797514005
tinystories,1024,4096,1.25,0.024319186883913418
tinystories,1024,4096,1.255,0.025649860640425865
tinystories,1024,4096,1.26,0.02697524343363904
tinystories,1024,4096,1.2650000000000001,0.028295377172338043
tinystories,1024,4096,1.27,0.02961030326934347
tinystories,1024,4096,1.275,0.030920062649306624
tinystories,1024,4096,1.28,0.0322246957563521
tinystories,1024,4096,1.285,0.03352424256157118
tinystories,1024,4096,1.29,0.03563655258144858
tinystories,1024,4096,1.295,0.03821553710006207
tinystories,1024,4096,1.3,0.04078458331072212
tinystories,1024,4096,1.305,0.0433437675154992
tinystories,1024,4096,1.31,0.045893165141101554
tinystories,1024,4096,1.315,0.04962694466294202
tinystories,1024,4096,1.32,0.053422015631493715
tinystories,1024,4096,1.325,0.05720273847139965
tinystories,1024,4096,1.33,0.06096922126687663
tinystories,1024,4096,1.335,0.064721570885427
tinystories,1024,4096,1.3399999999999999,0.06845989299603404
tinystories,1024,4096,1.345,0.07218429208701659
tinystories,1024,4096,1.35,0.07589487148355233
tinystories,1024,4096,1.355,0.07959173336487839
tinystories,1024,4096,1.3599999999999999,0.08327497878117472
tinystories,1024,4096,1.365,0.08694470767013722
tinystories,1024,4096,1.37,0.09060101887324777
tinystories,1024,4096,1.375,0.09424401015174876
tinystories,1024,4096,1.38,0.09787377820232739
tinystories,1024,4096,1.385,0.101490418672516
tinystories,1024,4096,1.3900000000000001,0.10509402617581463
tinystories,1024,4096,1.395,0.10868469430654314
tinystories,1024,4096,1.4,0.11226251565442706
tinystories,1024,4096,1.405,0.11582758181892323
tinystories,1024,4096,1.4100000000000001,0.11937998342329119
tinystories,1024,4096,1.415,0.12291981012841509
tinystories,1024,4096,1.42,0.12644715064638348
tinystories,1024,4096,1.425,0.12996209275382806
tinystories,1024,4096,1.43,0.13346472330503004
tinystories,1024,4096,1.435,0.13695512824479864
tinystories,1024,4096,1.44,0.1404333926211234
tinystories,1024,4096,1.4449999999999998,0.1438996005976095
tinystories,1024,4096,1.45,0.14735383546569716
tinystories,1024,4096,1.455,0.15079617965667005
tinystories,1024,4096,1.46,0.1542267147534592
tinystories,1024,4096,1.4649999999999999,0.15764552150224467
tinystories,1024,4096,1.47,0.16105267982385904
tinystories,1024,4096,1.475,0.16444826882499738
tinystories,1024,4096,1.48,0.16783236680923783
tinystories,1024,4096,1.4849999999999999,0.17120505128787702
tinystories,1024,4096,1.49,0.17456639899058193
tinystories,1024,4096,1.495,0.17791648587586398
tinystories,1024,4096,1.5,0.18125538714137854
tinystories,2048,512,0.85,0.26679551194239826
tinystories,2048,512,0.855,0.2609303924900001
tinystories,2048,512,0.86,0.255099472179207
tinystories,2048,512,0.865,0.24930235449488106
tinystories,2048,512,0.87,0.24353864977813097
tinystories,2048,512,0.875,0.23780797506914594
tinystories,2048,512,0.88,0.23210995395450817
tinystories,2048,512,0.885,0.22644421641883083
tinystories,2048,512,0.89,0.22081039870057484
tinystories,2048,512,0.895,0.21520814315190498
tinystories,2048,512,0.9,0.20963709810244957
tinystories,2048,512,0.905,0.20409691772683425
tinystories,2048,512,0.9099999999999999,0.19858726191586473
tinystories,2048,512,0.915,0.193107796151239
tinystories,2048,512,0.9199999999999999,0.18765819138367446
tinystories,2048,512,0.9249999999999999,0.18223812391433525
tinystories,2048,512,0.9299999999999999,0.17684727527945884
tinystories,2048,512,0.9349999999999999,0.17148533213807346
tinystories,2048,512,0.94,0.16615198616271085
tinystories,2048,512,0.945,0.16084693393301766
tinystories,2048,512,0.95,0.15556987683217388
tinystories,2048,512,0.955,0.15032052094603016
tinystories,2048,512,0.96,0.14509857696487846
tinystories,2048,512,0.965,0.13990376008777447
tinystories,2048,512,0.97,0.13473578992933188
tinystories,2048,512,0.975,0.12959439042891321
tinystories,2048,512,0.98,0.12447928976214279
tinystories,2048,512,0.985,0.1193902202546715
tinystories,2048,512,0.99,0.11432691829812476
tinystories,2048,512,0.995,0.10928912426816757
tinystories,2048,512,1.0,0.1042765824446233
tinystories,2048,512,1.005,0.09928904093358433
tinystories,2048,512,1.01,0.0943262515914552
tinystories,2048,512,1.015,0.08938796995087274
tinystories,2048,512,1.02,0.08447395514844358
tinystories,2048,512,1.025,0.07958396985425191
tinystories,2048,512,1.03,0.07471778020307888
tinystories,2048,512,1.035,0.06987515572729099
tinystories,2048,512,1.04,0.06505586929134198
tinystories,2048,512,1.045,0.06025969702784905
tinystories,2048,512,1.05,0.05548641827519127
tinystories,2048,512,1.055,0.05073581551659354
tinystories,2048,512,1.06,0.04600767432064748
tinystories,2048,512,1.065,0.041301783283234916
tinystories,2048,512,1.07,0.03661793397080844
tinystories,2048,512,1.075,0.031955920864997225
tinystories,2048,512,1.08,0.027315541308494912
tinystories,2048,512,1.085,0.02269659545220046
tinystories,2048,512,1.0899999999999999,0.018098886203571102
tinystories,2048,512,1.095,0.013522219176159192
tinystories,2048,512,1.1,0.009158387858329203
tinystories,2048,512,1.105,0.006394435450931671
tinystories,2048,512,1.1099999999999999,0.004889541999422824
tinystories,2048,512,1.115,0.004891569066112503
tinystories,2048,512,1.12,0.00905210286237996
tinystories,2048,512,1.125,0.013506453211760147
tinystories,2048,512,1.13,0.017941050279625805
tinystories,2048,512,1.135,0.022356068488742702
tinystories,2048,512,1.14,0.026751679961780694
tinystories,2048,512,1.145,0.03112805456157967
tinystories,2048,512,1.15,0.035485359930535317
tinystories,2048,512,1.155,0.03982376152913357
tinystories,2048,512,1.16,0.04414342267364991
tinystories,2048,512,1.165,0.04844450457304062
tinystories,2048,512,1.17,0.052727166365041385
tinystories,2048,512,1.175,0.05699156515149901
tinystories,2048,512,1.18,0.06123785603295002
tinystories,2048,512,1.185,0.06546619214247124
tinystories,2048,512,1.19,0.06967672467881468
tinystories,2048,512,1.195,0.07386960293885074
tinystories,2048,512,1.2,0.07804497434933128
tinystories,2048,512,1.205,0.08220298449799507
tinystories,2048,512,1.21,0.0863437771640264
tinystories,2048,512,1.2149999999999999,0.09046749434788835
tinystories,2048,512,1.22,0.09457427630054187
tinystories,2048,512,1.225,0.09866426155206708
tinystories,2048,512,1.23,0.10273758693970281
tinystories,2048,512,1.2349999999999999,0.10679438763531711
tinystories,2048,512,1.24,0.11083479717232218
tinystories,2048,512,1.245,0.11485894747204771
tinystories,2048,512,1.25,0.11886696886958646
tinystories,2048,512,1.255,0.12285899013912381
tinystories,2048,512,1.26,0.12683513851876332
tinystories,2048,512,1.2650000000000001,0.13079553973486033
tinystories,2048,512,1.27,0.1347403180258766
tinystories,2048,512,1.275,0.13866959616576607
tinystories,2048,512,1.28,0.1425834954869025
tinystories,2048,512,1.285,0.14648213590255973
tinystories,2048,512,1.29,0.15036563592895744
tinystories,2048,512,1.295,0.15423411270687767
tinystories,2048,512,1.3,0.15808768202286774
tinystories,2048,512,1.305,0.16192645833003336
tinystories,2048,512,1.31,0.1657505547684369
tinystories,2048,512,1.315,0.16956008318510454
tinystories,2048,512,1.32,0.17335515415365624
tinystories,2048,512,1.325,0.17713587699356217
tinystories,2048,512,1.33,0.18090235978903915
tinystories,2048,512,1.335,0.18465470940758952
tinystories,2048,512,1.3399999999999999,0.18839303151819656
tinystories,2048,512,1.345,0.1921174306091791
tinystories,2048,512,1.35,0.19582801000571484
tinystories,2048,512,1.355,0.1995248718870409
tinystories,2048,512,1.3599999999999999,0.20320811730333724
tinystories,2048,512,1.365,0.20687784619229976
tinystories,2048,512,1.37,0.2105341573954103
tinystories,2048,512,1.375,0.21417714867391127
tinystories,2048,512,1.38,0.2178069167244899
tinystories,2048,512,1.385,0.22142355719467854
tinystories,2048,512,1.3900000000000001,0.22502716469797715
tinystories,2048,512,1.395,0.22861783282870565
tinystories,2048,512,1.4,0.23219565417658958
tinystories,2048,512,1.405,0.23576072034108578
tinystories,2048,512,1.4100000000000001,0.2393131219454537
tinystories,2048,512,1.415,0.24285294865057763
tinystories,2048,512,1.42,0.24638028916854604
tinystories,2048,512,1.425,0.2498952312759906
tinystories,2048,512,1.43,0.25339786182719265
tinystories,2048,512,1.435,0.2568882667669612
tinystories,2048,512,1.44,0.26036653114328595
tinystories,2048,512,1.4449999999999998,0.26383273911977206
tinystories,2048,512,1.45,0.2672869739878597
tinystories,2048,512,1.455,0.2707293181788326
tinystories,2048,512,1.46,0.27415985327562176
tinystories,2048,512,1.4649999999999999,0.27757866002440723
tinystories,2048,512,1.47,0.2809858183460216
tinystories,2048,512,1.475,0.28438140734715994
tinystories,2048,512,1.48,0.2877655053314004
tinystories,2048,512,1.4849999999999999,0.2911381898100396
tinystories,2048,512,1.49,0.2944995375127445
tinystories,2048,512,1.495,0.29784962439802654
tinystories,2048,512,1.5,0.3011885256635411
tinystories,2048,1024,0.85,0.2747495650359109
tinystories,2048,1024,0.855,0.2688844455835128
tinystories,2048,1024,0.86,0.2630535252727197
tinystories,2048,1024,0.865,0.2572564075883937
tinystories,2048,1024,0.87,0.25149270287164366
tinystories,2048,1024,0.875,0.24576202816265866
tinystories,2048,1024,0.88,0.24006400704802092
tinystories,2048,1024,0.885,0.23439826951234352
tinystories,2048,1024,0.89,0.22876445179408747
tinystories,2048,1024,0.895,0.22316219624541764
tinystories,2048,1024,0.9,0.2175911511959623
tinystories,2048,1024,0.905,0.21205097082034688
tinystories,2048,1024,0.9099999999999999,0.20654131500937736
tinystories,2048,1024,0.915,0.2010618492447517
tinystories,2048,1024,0.9199999999999999,0.19561224447718714
tinystories,2048,1024,0.9249999999999999,0.19019217700784793
tinystories,2048,1024,0.9299999999999999,0.1848013283729715
tinystories,2048,1024,0.9349999999999999,0.17943938523158612
tinystories,2048,1024,0.94,0.17410603925622356
tinystories,2048,1024,0.945,0.16880098702653035
tinystories,2048,1024,0.95,0.1635239299256866
tinystories,2048,1024,0.955,0.15827457403954284
tinystories,2048,1024,0.96,0.15305263005839118
tinystories,2048,1024,0.965,0.14785781318128718
tinystories,2048,1024,0.97,0.14268984302284457
tinystories,2048,1024,0.975,0.1375484435224259
tinystories,2048,1024,0.98,0.13243334285565544
tinystories,2048,1024,0.985,0.12734427334818418
tinystories,2048,1024,0.99,0.12228097139163745
tinystories,2048,1024,0.995,0.11724317736168029
tinystories,2048,1024,1.0,0.112230635538136
tinystories,2048,1024,1.005,0.10724309402709703
tinystories,2048,1024,1.01,0.10228030468496792
tinystories,2048,1024,1.015,0.09734202304438544
tinystories,2048,1024,1.02,0.09242800824195628
tinystories,2048,1024,1.025,0.08753802294776458
tinystories,2048,1024,1.03,0.08267183329659157
tinystories,2048,1024,1.035,0.0778292088208037
tinystories,2048,1024,1.04,0.07300992238485467
tinystories,2048,1024,1.045,0.06821375012136174
tinystories,2048,1024,1.05,0.06344047136870397
tinystories,2048,1024,1.055,0.05868986861010624
tinystories,2048,1024,1.06,0.05396172741416017
tinystories,2048,1024,1.065,0.04925583637674762
tinystories,2048,1024,1.07,0.04457198706432114
tinystories,2048,1024,1.075,0.039909973958509926
tinystories,2048,1024,1.08,0.03526959440200761
tinystories,2048,1024,1.085,0.030650648545713158
tinystories,2048,1024,1.0899999999999999,0.0260529392970838
tinystories,2048,1024,1.095,0.021476272269671887
tinystories,2048,1024,1.1,0.016952159993296134
tinystories,2048,1024,1.105,0.013928723216368677
tinystories,2048,1024,1.1099999999999999,0.010918936313350983
tinystories,2048,1024,1.115,0.007922676588124705
tinystories,2048,1024,1.12,0.006225893535051499
tinystories,2048,1024,1.125,0.007143442324446067
tinystories,2048,1024,1.13,0.009986997186113108
tinystories,2048,1024,1.135,0.014402015395230006
tinystories,2048,1024,1.14,0.018797626868267997
tinystories,2048,1024,1.145,0.023174001468066974
tinystories,2048,1024,1.15,0.027531306837022623
tinystories,2048,1024,1.155,0.03186970843562087
tinystories,2048,1024,1.16,0.036189369580137215
tinystories,2048,1024,1.165,0.04049045147952793
tinystories,2048,1024,1.17,0.04477311327152869
tinystories,2048,1024,1.175,0.049037512057986316
tinystories,2048,1024,1.18,0.053283802939437325
tinystories,2048,1024,1.185,0.05751213904895855
tinystories,2048,1024,1.19,0.06172267158530197
tinystories,2048,1024,1.195,0.06591554984533803
tinystories,2048,1024,1.2,0.07009092125581859
tinystories,2048,1024,1.205,0.07424893140448238
tinystories,2048,1024,1.21,0.07838972407051369
tinystories,2048,1024,1.2149999999999999,0.08251344125437564
tinystories,2048,1024,1.22,0.08662022320702917
tinystories,2048,1024,1.225,0.09071020845855438
tinystories,2048,1024,1.23,0.09478353384619011
tinystories,2048,1024,1.2349999999999999,0.09884033454180441
tinystories,2048,1024,1.24,0.10288074407880948
tinystories,2048,1024,1.245,0.10690489437853501
tinystories,2048,1024,1.25,0.11091291577607376
tinystories,2048,1024,1.255,0.11490493704561111
tinystories,2048,1024,1.26,0.11888108542525062
tinystories,2048,1024,1.2650000000000001,0.12284148664134764
tinystories,2048,1024,1.27,0.12678626493236392
tinystories,2048,1024,1.275,0.1307155430722534
tinystories,2048,1024,1.28,0.1346294423933898
tinystories,2048,1024,1.285,0.13852808280904702
tinystories,2048,1024,1.29,0.14241158283544472
tinystories,2048,1024,1.295,0.14628005961336496
tinystories,2048,1024,1.3,0.15013362892935503
tinystories,2048,1024,1.305,0.15397240523652064
tinystories,2048,1024,1.31,0.15779650167492418
tinystories,2048,1024,1.315,0.16160603009159183
tinystories,2048,1024,1.32,0.16540110106014352
tinystories,2048,1024,1.325,0.16918182390004946
tinystories,2048,1024,1.33,0.17294830669552644
tinystories,2048,1024,1.335,0.17670065631407686
tinystories,2048,1024,1.3399999999999999,0.18043897842468384
tinystories,2048,1024,1.345,0.1841633775156664
tinystories,2048,1024,1.35,0.18787395691220213
tinystories,2048,1024,1.355,0.19157081879352825
tinystories,2048,1024,1.3599999999999999,0.19525406420982452
tinystories,2048,1024,1.365,0.19892379309878702
tinystories,2048,1024,1.37,0.20258010430189757
tinystories,2048,1024,1.375,0.20622309558039856
tinystories,2048,1024,1.38,0.20985286363097724
tinystories,2048,1024,1.385,0.2134695041011658
tinystories,2048,1024,1.3900000000000001,0.21707311160446444
tinystories,2048,1024,1.395,0.22066377973519294
tinystories,2048,1024,1.4,0.22424160108307692
tinystories,2048,1024,1.405,0.22780666724757306
tinystories,2048,1024,1.4100000000000001,0.23135906885194105
tinystories,2048,1024,1.415,0.23489889555706492
tinystories,2048,1024,1.42,0.2384262360750333
tinystories,2048,1024,1.425,0.24194117818247787
tinystories,2048,1024,1.43,0.24544380873367985
tinystories,2048,1024,1.435,0.24893421367344845
tinystories,2048,1024,1.44,0.25241247804977324
tinystories,2048,1024,1.4449999999999998,0.25587868602625935
tinystories,2048,1024,1.45,0.25933292089434706
tinystories,2048,1024,1.455,0.26277526508531984
tinystories,2048,1024,1.46,0.266205800182109
tinystories,2048,1024,1.4649999999999999,0.26962460693089446
tinystories,2048,1024,1.47,0.2730317652525089
tinystories,2048,1024,1.475,0.27642735425364723
tinystories,2048,1024,1.48,0.27981145223788767
tinystories,2048,1024,1.4849999999999999,0.2831841367165268
tinystories,2048,1024,1.49,0.28654548441923183
tinystories,2048,1024,1.495,0.2898955713045139
tinystories,2048,1024,1.5,0.2932344725700284
tinystories,2048,2048,0.85,0.2973104624807443
tinystories,2048,2048,0.855,0.2914453430283462
tinystories,2048,2048,0.86,0.285614422717553
tinystories,2048,2048,0.865,0.2798173050332271
tinystories,2048,2048,0.87,0.274053600316477
tinystories,2048,2048,0.875,0.268322925607492
tinystories,2048,2048,0.88,0.2626249044928542
tinystories,2048,2048,0.885,0.25695916695717685
tinystories,2048,2048,0.89,0.25132534923892086
tinystories,2048,2048,0.895,0.24572309369025103
tinystories,2048,2048,0.9,0.24015204864079565
tinystories,2048,2048,0.905,0.23461186826518024
tinystories,2048,2048,0.9099999999999999,0.22910221245421078
tinystories,2048,2048,0.915,0.22362274668958504
tinystories,2048,2048,0.9199999999999999,0.2181731419220205
tinystories,2048,2048,0.9249999999999999,0.2127530744526813
tinystories,2048,2048,0.9299999999999999,0.20736222581780483
tinystories,2048,2048,0.9349999999999999,0.20200028267641945
tinystories,2048,2048,0.94,0.19666693670105687
tinystories,2048,2048,0.945,0.19136188447136368
tinystories,2048,2048,0.95,0.18608482737051993
tinystories,2048,2048,0.955,0.18083547148437618
tinystories,2048,2048,0.96,0.17561352750322454
tinystories,2048,2048,0.965,0.1704187106261205
tinystories,2048,2048,0.97,0.16525074046767793
tinystories,2048,2048,0.975,0.16010934096725923
tinystories,2048,2048,0.98,0.1549942403004888
tinystories,2048,2048,0.985,0.14990517079301754
tinystories,2048,2048,0.99,0.1448418688364708
tinystories,2048,2048,0.995,0.13980407480651366
tinystories,2048,2048,1.0,0.13479153298296934
tinystories,2048,2048,1.005,0.12980399147193036
tinystories,2048,2048,1.01,0.12484120212980125
tinystories,2048,2048,1.015,0.1199029204892188
tinystories,2048,2048,1.02,0.11498890568678961
tinystories,2048,2048,1.025,0.11009892039259794
tinystories,2048,2048,1.03,0.10523273074142492
tinystories,2048,2048,1.035,0.10039010626563705
tinystories,2048,2048,1.04,0.09557081982968803
tinystories,2048,2048,1.045,0.09077464756619509
tinystories,2048,2048,1.05,0.0860013688135373
tinystories,2048,2048,1.055,0.0812507660549396
tinystories,2048,2048,1.06,0.07652262485899353
tinystories,2048,2048,1.065,0.07181673382158096
tinystories,2048,2048,1.07,0.06713288450915449
tinystories,2048,2048,1.075,0.06247087140334329
tinystories,2048,2048,1.08,0.05783049184684097
tinystories,2048,2048,1.085,0.05321154599054651
tinystories,2048,2048,1.0899999999999999,0.04861383674191715
tinystories,2048,2048,1.095,0.04403716971450524
tinystories,2048,2048,1.1,0.03948135317864442
tinystories,2048,2048,1.105,0.03494619801325324
tinystories,2048,2048,1.1099999999999999,0.03043151765872669
tinystories,2048,2048,1.115,0.025937128070887272
tinystories,2048,2048,1.12,0.021462847675966085
tinystories,2048,2048,1.125,0.017414742023214223
tinystories,2048,2048,1.13,0.014458343977970451
tinystories,2048,2048,1.135,0.011514998505225853
tinystories,2048,2048,1.14,0.008636729647098239
tinystories,2048,2048,1.145,0.007782972548867231
tinystories,2048,2048,1.15,0.00863553202809033
tinystories,2048,2048,1.155,0.010081665894289745
tinystories,2048,2048,1.16,0.013628472135303866
tinystories,2048,2048,1.165,0.017929554034694577
tinystories,2048,2048,1.17,0.02221221582669534
tinystories,2048,2048,1.175,0.026476614613152965
tinystories,2048,2048,1.18,0.030722905494603974
tinystories,2048,2048,1.185,0.034951241604125195
tinystories,2048,2048,1.19,0.039161774140468626
tinystories,2048,2048,1.195,0.043354652400504685
tinystories,2048,2048,1.2,0.047530023810985235
tinystories,2048,2048,1.205,0.05168803395964903
tinystories,2048,2048,1.21,0.05582882662568034
tinystories,2048,2048,1.2149999999999999,0.05995254380954229
tinystories,2048,2048,1.22,0.06405932576219582
tinystories,2048,2048,1.225,0.06814931101372101
tinystories,2048,2048,1.23,0.07222263640135677
tinystories,2048,2048,1.2349999999999999,0.07627943709697105
tinystories,2048,2048,1.24,0.08031984663397614
tinystories,2048,2048,1.245,0.08434399693370165
tinystories,2048,2048,1.25,0.0883520183312404
tinystories,2048,2048,1.255,0.09234403960077775
tinystories,2048,2048,1.26,0.0963201879804173
tinystories,2048,2048,1.2650000000000001,0.10028058919651428
tinystories,2048,2048,1.27,0.10422536748753057
tinystories,2048,2048,1.275,0.10815464562742004
tinystories,2048,2048,1.28,0.11206854494855645
tinystories,2048,2048,1.285,0.11596718536421369
tinystories,2048,2048,1.29,0.11985068539061139
tinystories,2048,2048,1.295,0.12371916216853163
tinystories,2048,2048,1.3,0.12757273148452172
tinystories,2048,2048,1.305,0.13141150779168734
tinystories,2048,2048,1.31,0.13523560423009087
tinystories,2048,2048,1.315,0.13904513264675852
tinystories,2048,2048,1.32,0.14284020361531022
tinystories,2048,2048,1.325,0.14662092645521616
tinystories,2048,2048,1.33,0.15038740925069313
tinystories,2048,2048,1.335,0.1541397588692435
tinystories,2048,2048,1.3399999999999999,0.15787808097985054
tinystories,2048,2048,1.345,0.16160248007083308
tinystories,2048,2048,1.35,0.16531305946736882
tinystories,2048,2048,1.355,0.16900992134869486
tinystories,2048,2048,1.3599999999999999,0.17269316676499122
tinystories,2048,2048,1.365,0.17636289565395372
tinystories,2048,2048,1.37,0.18001920685706427
tinystories,2048,2048,1.375,0.18366219813556525
tinystories,2048,2048,1.38,0.18729196618614385
tinystories,2048,2048,1.385,0.1909086066563325
tinystories,2048,2048,1.3900000000000001,0.19451221415963113
tinystories,2048,2048,1.395,0.19810288229035963
tinystories,2048,2048,1.4,0.20168070363824353
tinystories,2048,2048,1.405,0.20524576980273976
tinystories,2048,2048,1.4100000000000001,0.20879817140710766
tinystories,2048,2048,1.415,0.2123379981122316
tinystories,2048,2048,1.42,0.21586533863019997
tinystories,2048,2048,1.425,0.21938028073764457
tinystories,2048,2048,1.43,0.22288291128884652
tinystories,2048,2048,1.435,0.22637331622861512
tinystories,2048,2048,1.44,0.2298515806049399
tinystories,2048,2048,1.4449999999999998,0.23331778858142602
tinystories,2048,2048,1.45,0.23677202344951365
tinystories,2048,2048,1.455,0.24021436764048654
tinystories,2048,2048,1.46,0.24364490273727568
tinystories,2048,2048,1.4649999999999999,0.24706370948606116
tinystories,2048,2048,1.47,0.2504708678076755
tinystories,2048,2048,1.475,0.25386645680881387
tinystories,2048,2048,1.48,0.25725055479305436
tinystories,2048,2048,1.4849999999999999,0.2606232392716935
tinystories,2048,2048,1.49,0.2639845869743984
tinystories,2048,2048,1.495,0.26733467385968046
tinystories,2048,2048,1.5,0.270673575125195
tinystories,2048,4096,0.85,0.3327327782598233
tinystories,2048,4096,0.855,0.3268676588074252
tinystories,2048,4096,0.86,0.321036738496632
tinystories,2048,4096,0.865,0.3152396208123061
tinystories,2048,4096,0.87,0.30947591609555597
tinystories,2048,4096,0.875,0.30374524138657094
tinystories,2048,4096,0.88,0.29804722027193326
tinystories,2048,4096,0.885,0.2923814827362559
tinystories,2048,4096,0.89,0.28674766501799986
tinystories,2048,4096,0.895,0.28114540946933003
tinystories,2048,4096,0.9,0.27557436441987465
tinystories,2048,4096,0.905,0.2700341840442592
tinystories,2048,4096,0.9099999999999999,0.26452452823328976
tinystories,2048,4096,0.915,0.25904506246866404
tinystories,2048,4096,0.9199999999999999,0.2535954577010995
tinystories,2048,4096,0.9249999999999999,0.24817539023176027
tinystories,2048,4096,0.9299999999999999,0.2427845415968838
tinystories,2048,4096,0.9349999999999999,0.23742259845549843
tinystories,2048,4096,0.94,0.2320892524801359
tinystories,2048,4096,0.945,0.22678420025044266
tinystories,2048,4096,0.95,0.22150714314959888
tinystories,2048,4096,0.955,0.21625778726345515
tinystories,2048,4096,0.96,0.21103584328230351
tinystories,2048,4096,0.965,0.20584102640519952
tinystories,2048,4096,0.97,0.2006730562467569
tinystories,2048,4096,0.975,0.19553165674633824
tinystories,2048,4096,0.98,0.19041655607956778
tinystories,2048,4096,0.985,0.18532748657209652
tinystories,2048,4096,0.99,0.1802641846155498
tinystories,2048,4096,0.995,0.17522639058559264
tinystories,2048,4096,1.0,0.17021384876204837
tinystories,2048,4096,1.005,0.16522630725100937
tinystories,2048,4096,1.01,0.16026351790888024
tinystories,2048,4096,1.015,0.15532523626829778
tinystories,2048,4096,1.02,0.1504112214658686
tinystories,2048,4096,1.025,0.14552123617167692
tinystories,2048,4096,1.03,0.14065504652050392
tinystories,2048,4096,1.035,0.13581242204471602
tinystories,2048,4096,1.04,0.13099313560876702
tinystories,2048,4096,1.045,0.12619696334527408
tinystories,2048,4096,1.05,0.12142368459261628
tinystories,2048,4096,1.055,0.11667308183401859
tinystories,2048,4096,1.06,0.11194494063807253
tinystories,2048,4096,1.065,0.10723904960065996
tinystories,2048,4096,1.07,0.10255520028823349
tinystories,2048,4096,1.075,0.09789318718242228
tinystories,2048,4096,1.08,0.09325280762591996
tinystories,2048,4096,1.085,0.0886338617696255
tinystories,2048,4096,1.0899999999999999,0.08403615252099615
tinystories,2048,4096,1.095,0.07945948549358423
tinystories,2048,4096,1.1,0.07490366895772342
tinystories,2048,4096,1.105,0.07036851379233224
tinystories,2048,4096,1.1099999999999999,0.0658538334378057
tinystories,2048,4096,1.115,0.06135944384996627
tinystories,2048,4096,1.12,0.056885163455045074
tinystories,2048,4096,1.125,0.05243081310566489
tinystories,2048,4096,1.13,0.04799621603779924
tinystories,2048,4096,1.135,0.04358119782868234
tinystories,2048,4096,1.14,0.03918558635564435
tinystories,2048,4096,1.145,0.03480921175584537
tinystories,2048,4096,1.15,0.03045190638688972
tinystories,2048,4096,1.155,0.026113504788291473
tinystories,2048,4096,1.16,0.021793843643775127
tinystories,2048,4096,1.165,0.017492761744384414
tinystories,2048,4096,1.17,0.013210099952383652
tinystories,2048,4096,1.175,0.010166782559949836
tinystories,2048,4096,1.18,0.008751352266132833
tinystories,2048,4096,1.185,0.0073419068962924244
tinystories,2048,4096,1.19,0.0070413859234144255
tinystories,2048,4096,1.195,0.007990076183592631
tinystories,2048,4096,1.2,0.012107708031906245
tinystories,2048,4096,1.205,0.01626571818057004
tinystories,2048,4096,1.21,0.020406510846601358
tinystories,2048,4096,1.2149999999999999,0.02453022803046331
tinystories,2048,4096,1.22,0.028637009983116826
tinystories,2048,4096,1.225,0.03272699523464203
tinystories,2048,4096,1.23,0.036800320622277775
tinystories,2048,4096,1.2349999999999999,0.04085712131789206
tinystories,2048,4096,1.24,0.04489753085489714
tinystories,2048,4096,1.245,0.048921681154622663
tinystories,2048,4096,1.25,0.052929702552161416
tinystories,2048,4096,1.255,0.056921723821698765
tinystories,2048,4096,1.26,0.0608978722013383
tinystories,2048,4096,1.2650000000000001,0.06485827341743529
tinystories,2048,4096,1.27,0.06880305170845157
tinystories,2048,4096,1.275,0.07273232984834105
tinystories,2048,4096,1.28,0.07664622916947746
tinystories,2048,4096,1.285,0.0805448695851347
tinystories,2048,4096,1.29,0.0844283696115324
tinystories,2048,4096,1.295,0.08829684638945264
tinystories,2048,4096,1.3,0.0921504157054427
tinystories,2048,4096,1.305,0.09598919201260832
tinystories,2048,4096,1.31,0.09981328845101185
tinystories,2048,4096,1.315,0.10362281686767953
tinystories,2048,4096,1.32,0.10741788783623123
tinystories,2048,4096,1.325,0.11119861067613714
tinystories,2048,4096,1.33,0.11496509347161414
tinystories,2048,4096,1.335,0.11871744309016448
tinystories,2048,4096,1.3399999999999999,0.12245576520077155
tinystories,2048,4096,1.345,0.12618016429175408
tinystories,2048,4096,1.35,0.12989074368828982
tinystories,2048,4096,1.355,0.13358760556961588
tinystories,2048,4096,1.3599999999999999,0.1372708509859122
tinystories,2048,4096,1.365,0.1409405798748747
tinystories,2048,4096,1.37,0.14459689107798526
tinystories,2048,4096,1.375,0.14823988235648625
tinystories,2048,4096,1.38,0.15186965040706488
tinystories,2048,4096,1.385,0.1554862908772535
tinystories,2048,4096,1.3900000000000001,0.15908989838055212
tinystories,2048,4096,1.395,0.16268056651128063
tinystories,2048,4096,1.4,0.16625838785916455
tinystories,2048,4096,1.405,0.16982345402366072
tinystories,2048,4096,1.4100000000000001,0.17337585562802868
tinystories,2048,4096,1.415,0.17691568233315258
tinystories,2048,4096,1.42,0.180443022851121
tinystories,2048,4096,1.425,0.18395796495856556
tinystories,2048,4096,1.43,0.18746059550976754
tinystories,2048,4096,1.435,0.19095100044953614
tinystories,2048,4096,1.44,0.1944292648258609
tinystories,2048,4096,1.4449999999999998,0.19789547280234698
tinystories,2048,4096,1.45,0.20134970767043467
tinystories,2048,4096,1.455,0.2047920518614076
tinystories,2048,4096,1.46,0.2082225869581967
tinystories,2048,4096,1.4649999999999999,0.21164139370698218
tinystories,2048,4096,1.47,0.21504855202859652
tinystories,2048,4096,1.475,0.21844414102973486
tinystories,2048,4096,1.48,0.22182823901397533
tinystories,2048,4096,1.4849999999999999,0.22520092349261456
tinystories,2048,4096,1.49,0.22856227119531944
tinystories,2048,4096,1.495,0.23191235808060148
tinystories,2048,4096,1.5,0.23525125934611602
tinystories,4096,512,0.85,0.2657726496305142
tinystories,4096,512,0.855,0.25990753017811613
tinystories,4096,512,0.86,0.25407660986732294
tinystories,4096,512,0.865,0.24827949218299702
tinystories,4096,512,0.87,0.24251578746624694
tinystories,4096,512,0.875,0.23678511275726188
tinystories,4096,512,0.88,0.2310870916426242
tinystories,4096,512,0.885,0.22542135410694678
tinystories,4096,512,0.89,0.21978753638869078
tinystories,4096,512,0.895,0.21418528084002095
tinystories,4096,512,0.9,0.2086142357905656
tinystories,4096,512,0.905,0.2030740554149502
tinystories,4096,512,0.9099999999999999,0.19756439960398067
tinystories,4096,512,0.915,0.192084933839355
tinystories,4096,512,0.9199999999999999,0.1866353290717904
tinystories,4096,512,0.9249999999999999,0.1812152616024512
tinystories,4096,512,0.9299999999999999,0.1758244129675748
tinystories,4096,512,0.9349999999999999,0.17046246982618943
tinystories,4096,512,0.94,0.16512912385082681
tinystories,4096,512,0.945,0.15982407162113363
tinystories,4096,512,0.95,0.15454701452028985
tinystories,4096,512,0.955,0.1492976586341461
tinystories,4096,512,0.96,0.14407571465299446
tinystories,4096,512,0.965,0.13888089777589044
tinystories,4096,512,0.97,0.13371292761744785
tinystories,4096,512,0.975,0.12857152811702918
tinystories,4096,512,0.98,0.12345642745025874
tinystories,4096,512,0.985,0.11836735794278747
tinystories,4096,512,0.99,0.11330405598624071
tinystories,4096,512,0.995,0.10826626195628358
tinystories,4096,512,1.0,0.1032537201327393
tinystories,4096,512,1.005,0.0982661786217003
tinystories,4096,512,1.01,0.0933033892795712
tinystories,4096,512,1.015,0.08836510763898871
tinystories,4096,512,1.02,0.08345109283655955
tinystories,4096,512,1.025,0.07856110754236788
tinystories,4096,512,1.03,0.07369491789119485
tinystories,4096,512,1.035,0.06885229341540697
tinystories,4096,512,1.04,0.06403300697945796
tinystories,4096,512,1.045,0.059236834715965025
tinystories,4096,512,1.05,0.05446355596330724
tinystories,4096,512,1.055,0.049712953204709524
tinystories,4096,512,1.06,0.044984812008763454
tinystories,4096,512,1.065,0.040278920971350905
tinystories,4096,512,1.07,0.03559507165892442
tinystories,4096,512,1.075,0.030933058553113207
tinystories,4096,512,1.08,0.02629267899661089
tinystories,4096,512,1.085,0.02167373314031644
tinystories,4096,512,1.0899999999999999,0.01707602389168708
tinystories,4096,512,1.095,0.012499356864275168
tinystories,4096,512,1.1,0.00794354032841435
tinystories,4096,512,1.105,0.004964226229078018
tinystories,4096,512,1.1099999999999999,0.004301445354592717
tinystories,4096,512,1.115,0.006148708339827845
tinystories,4096,512,1.12,0.010074965174263983
tinystories,4096,512,1.125,0.01452931552364417
tinystories,4096,512,1.13,0.018963912591509827
tinystories,4096,512,1.135,0.023378930800626724
tinystories,4096,512,1.14,0.027774542273664715
tinystories,4096,512,1.145,0.03215091687346369
tinystories,4096,512,1.15,0.036508222242419335
tinystories,4096,512,1.155,0.04084662384101759
tinystories,4096,512,1.16,0.04516628498553393
tinystories,4096,512,1.165,0.049467366884924646
tinystories,4096,512,1.17,0.05375002867692541
tinystories,4096,512,1.175,0.058014427463383034
tinystories,4096,512,1.18,0.06226071834483404
tinystories,4096,512,1.185,0.06648905445435527
tinystories,4096,512,1.19,0.0706995869906987
tinystories,4096,512,1.195,0.07489246525073476
tinystories,4096,512,1.2,0.07906783666121531
tinystories,4096,512,1.205,0.0832258468098791
tinystories,4096,512,1.21,0.08736663947591043
tinystories,4096,512,1.2149999999999999,0.09149035665977238
tinystories,4096,512,1.22,0.0955971386124259
tinystories,4096,512,1.225,0.09968712386395111
tinystories,4096,512,1.23,0.10376044925158684
tinystories,4096,512,1.2349999999999999,0.10781724994720111
tinystories,4096,512,1.24,0.11185765948420619
tinystories,4096,512,1.245,0.11588180978393171
tinystories,4096,512,1.25,0.11988983118147047
tinystories,4096,512,1.255,0.12388185245100784
tinystories,4096,512,1.26,0.12785800083064738
tinystories,4096,512,1.2650000000000001,0.13181840204674436
tinystories,4096,512,1.27,0.13576318033776064
tinystories,4096,512,1.275,0.1396924584776501
tinystories,4096,512,1.28,0.14360635779878653
tinystories,4096,512,1.285,0.14750499821444377
tinystories,4096,512,1.29,0.15138849824084147
tinystories,4096,512,1.295,0.1552569750187617
tinystories,4096,512,1.3,0.15911054433475177
tinystories,4096,512,1.305,0.1629493206419174
tinystories,4096,512,1.31,0.16677341708032092
tinystories,4096,512,1.315,0.1705829454969886
tinystories,4096,512,1.32,0.1743780164655403
tinystories,4096,512,1.325,0.1781587393054462
tinystories,4096,512,1.33,0.1819252221009232
tinystories,4096,512,1.335,0.18567757171947355
tinystories,4096,512,1.3399999999999999,0.18941589383008062
tinystories,4096,512,1.345,0.19314029292106316
tinystories,4096,512,1.35,0.1968508723175989
tinystories,4096,512,1.355,0.2005477341989249
tinystories,4096,512,1.3599999999999999,0.20423097961522127
tinystories,4096,512,1.365,0.20790070850418374
tinystories,4096,512,1.37,0.21155701970729435
tinystories,4096,512,1.375,0.21520001098579533
tinystories,4096,512,1.38,0.2188297790363739
tinystories,4096,512,1.385,0.22244641950656252
tinystories,4096,512,1.3900000000000001,0.2260500270098612
tinystories,4096,512,1.395,0.2296406951405897
tinystories,4096,512,1.4,0.23321851648847358
tinystories,4096,512,1.405,0.2367835826529698
tinystories,4096,512,1.4100000000000001,0.2403359842573377
tinystories,4096,512,1.415,0.24387581096246166
tinystories,4096,512,1.42,0.24740315148043002
tinystories,4096,512,1.425,0.25091809358787465
tinystories,4096,512,1.43,0.25442072413907657
tinystories,4096,512,1.435,0.25791112907884517
tinystories,4096,512,1.44,0.2613893934551699
tinystories,4096,512,1.4449999999999998,0.26485560143165604
tinystories,4096,512,1.45,0.26830983629974375
tinystories,4096,512,1.455,0.2717521804907166
tinystories,4096,512,1.46,0.27518271558750573
tinystories,4096,512,1.4649999999999999,0.2786015223362912
tinystories,4096,512,1.47,0.2820086806579056
tinystories,4096,512,1.475,0.2854042696590439
tinystories,4096,512,1.48,0.28878836764328436
tinystories,4096,512,1.4849999999999999,0.29216105212192356
tinystories,4096,512,1.49,0.29552239982462847
tinystories,4096,512,1.495,0.29887248670991057
tinystories,4096,512,1.5,0.30221138797542507
tinystories,4096,1024,0.85,0.27160180088113567
tinystories,4096,1024,0.855,0.2657366814287376
tinystories,4096,1024,0.86,0.25990576111794444
tinystories,4096,1024,0.865,0.25410864343361855
tinystories,4096,1024,0.87,0.24834493871686839
tinystories,4096,1024,0.875,0.24261426400788336
tinystories,4096,1024,0.88,0.23691624289324562
tinystories,4096,1024,0.885,0.23125050535756828
tinystories,4096,1024,0.89,0.22561668763931228
tinystories,4096,1024,0.895,0.22001443209064242
tinystories,4096,1024,0.9,0.214443387041187
tinystories,4096,1024,0.905,0.20890320666557163
tinystories,4096,1024,0.9099999999999999,0.20339355085460217
tinystories,4096,1024,0.915,0.19791408508997643
tinystories,4096,1024,0.9199999999999999,0.1924644803224119
tinystories,4096,1024,0.9249999999999999,0.1870444128530727
tinystories,4096,1024,0.9299999999999999,0.18165356421819623
tinystories,4096,1024,0.9349999999999999,0.17629162107681084
tinystories,4096,1024,0.94,0.17095827510144826
tinystories,4096,1024,0.945,0.1656532228717551
tinystories,4096,1024,0.95,0.16037616577091132
tinystories,4096,1024,0.955,0.15512680988476757
tinystories,4096,1024,0.96,0.14990486590361593
tinystories,4096,1024,0.965,0.14471004902651188
tinystories,4096,1024,0.97,0.1395420788680693
tinystories,4096,1024,0.975,0.13440067936765063
tinystories,4096,1024,0.98,0.1292855787008802
tinystories,4096,1024,0.985,0.12419650919340892
tinystories,4096,1024,0.99,0.1191332072368622
tinystories,4096,1024,0.995,0.11409541320690503
tinystories,4096,1024,1.0,0.10908287138336074
tinystories,4096,1024,1.005,0.10409532987232177
tinystories,4096,1024,1.01,0.09913254053019264
tinystories,4096,1024,1.015,0.09419425888961018
tinystories,4096,1024,1.02,0.08928024408718101
tinystories,4096,1024,1.025,0.08439025879298932
tinystories,4096,1024,1.03,0.07952406914181633
tinystories,4096,1024,1.035,0.07468144466602843
tinystories,4096,1024,1.04,0.06986215823007942
tinystories,4096,1024,1.045,0.06506598596658648
tinystories,4096,1024,1.05,0.0602927072139287
tinystories,4096,1024,1.055,0.05554210445533098
tinystories,4096,1024,1.06,0.05081396325938492
tinystories,4096,1024,1.065,0.04610807222197235
tinystories,4096,1024,1.07,0.04142422290954588
tinystories,4096,1024,1.075,0.03676220980373466
tinystories,4096,1024,1.08,0.03212183024723234
tinystories,4096,1024,1.085,0.0275028843909379
tinystories,4096,1024,1.0899999999999999,0.022905175142308536
tinystories,4096,1024,1.095,0.018328508114896624
tinystories,4096,1024,1.1,0.013772691579035807
tinystories,4096,1024,1.105,0.009237536413644621
tinystories,4096,1024,1.1099999999999999,0.0057067301322985655
tinystories,4096,1024,1.115,0.00533597112385176
tinystories,4096,1024,1.12,0.005631086255781757
tinystories,4096,1024,1.125,0.008700164273022714
tinystories,4096,1024,1.13,0.01313476134088837
tinystories,4096,1024,1.135,0.01754977955000527
tinystories,4096,1024,1.14,0.02194539102304326
tinystories,4096,1024,1.145,0.026321765622842233
tinystories,4096,1024,1.15,0.030679070991797886
tinystories,4096,1024,1.155,0.035017472590396136
tinystories,4096,1024,1.16,0.03933713373491248
tinystories,4096,1024,1.165,0.043638215634303194
tinystories,4096,1024,1.17,0.04792087742630396
tinystories,4096,1024,1.175,0.05218527621276158
tinystories,4096,1024,1.18,0.05643156709421259
tinystories,4096,1024,1.185,0.060659903203733816
tinystories,4096,1024,1.19,0.06487043574007724
tinystories,4096,1024,1.195,0.0690633140001133
tinystories,4096,1024,1.2,0.07323868541059385
tinystories,4096,1024,1.205,0.07739669555925764
tinystories,4096,1024,1.21,0.08153748822528896
tinystories,4096,1024,1.2149999999999999,0.08566120540915091
tinystories,4096,1024,1.22,0.08976798736180443
tinystories,4096,1024,1.225,0.09385797261332963
tinystories,4096,1024,1.23,0.09793129800096538
tinystories,4096,1024,1.2349999999999999,0.10198809869657967
tinystories,4096,1024,1.24,0.10602850823358474
tinystories,4096,1024,1.245,0.11005265853331027
tinystories,4096,1024,1.25,0.11406067993084902
tinystories,4096,1024,1.255,0.11805270120038637
tinystories,4096,1024,1.26,0.12202884958002591
tinystories,4096,1024,1.2650000000000001,0.12598925079612291
tinystories,4096,1024,1.27,0.12993402908713916
tinystories,4096,1024,1.275,0.13386330722702866
tinystories,4096,1024,1.28,0.13777720654816508
tinystories,4096,1024,1.285,0.14167584696382232
tinystories,4096,1024,1.29,0.14555934699022002
tinystories,4096,1024,1.295,0.14942782376814026
tinystories,4096,1024,1.3,0.15328139308413033
tinystories,4096,1024,1.305,0.15712016939129594
tinystories,4096,1024,1.31,0.16094426582969948
tinystories,4096,1024,1.315,0.16475379424636713
tinystories,4096,1024,1.32,0.16854886521491882
tinystories,4096,1024,1.325,0.17232958805482476
tinystories,4096,1024,1.33,0.17609607085030174
tinystories,4096,1024,1.335,0.17984842046885208
tinystories,4096,1024,1.3399999999999999,0.18358674257945914
tinystories,4096,1024,1.345,0.1873111416704417
tinystories,4096,1024,1.35,0.19102172106697743
tinystories,4096,1024,1.355,0.19471858294830346
tinystories,4096,1024,1.3599999999999999,0.19840182836459982
tinystories,4096,1024,1.365,0.20207155725356232
tinystories,4096,1024,1.37,0.20572786845667287
tinystories,4096,1024,1.375,0.20937085973517386
tinystories,4096,1024,1.38,0.21300062778575246
tinystories,4096,1024,1.385,0.2166172682559411
tinystories,4096,1024,1.3900000000000001,0.22022087575923974
tinystories,4096,1024,1.395,0.22381154388996824
tinystories,4096,1024,1.4,0.22738936523785214
tinystories,4096,1024,1.405,0.23095443140234836
tinystories,4096,1024,1.4100000000000001,0.23450683300671626
tinystories,4096,1024,1.415,0.23804665971184022
tinystories,4096,1024,1.42,0.2415740002298086
tinystories,4096,1024,1.425,0.24508894233725317
tinystories,4096,1024,1.43,0.24859157288845515
tinystories,4096,1024,1.435,0.2520819778282237
tinystories,4096,1024,1.44,0.2555602422045485
tinystories,4096,1024,1.4449999999999998,0.2590264501810346
tinystories,4096,1024,1.45,0.2624806850491222
tinystories,4096,1024,1.455,0.2659230292400951
tinystories,4096,1024,1.46,0.2693535643368843
tinystories,4096,1024,1.4649999999999999,0.27277237108566976
tinystories,4096,1024,1.47,0.27617952940728413
tinystories,4096,1024,1.475,0.2795751184084225
tinystories,4096,1024,1.48,0.2829592163926629
tinystories,4096,1024,1.4849999999999999,0.28633190087130206
tinystories,4096,1024,1.49,0.28969324857400697
tinystories,4096,1024,1.495,0.293043335459289
tinystories,4096,1024,1.5,0.2963822367248036
tinystories,4096,2048,0.85,0.2871172904768356
tinystories,4096,2048,0.855,0.2812521710244375
tinystories,4096,2048,0.86,0.27542125071364426
tinystories,4096,2048,0.865,0.26962413302931837
tinystories,4096,2048,0.87,0.2638604283125683
tinystories,4096,2048,0.875,0.25812975360358326
tinystories,4096,2048,0.88,0.2524317324889455
tinystories,4096,2048,0.885,0.2467659949532682
tinystories,4096,2048,0.89,0.24113217723501212
tinystories,4096,2048,0.895,0.23552992168634232
tinystories,4096,2048,0.9,0.22995887663688688
tinystories,4096,2048,0.905,0.22441869626127153
tinystories,4096,2048,0.9099999999999999,0.21890904045030202
tinystories,4096,2048,0.915,0.21342957468567636
tinystories,4096,2048,0.9199999999999999,0.20797996991811174
tinystories,4096,2048,0.9249999999999999,0.20255990244877253
tinystories,4096,2048,0.9299999999999999,0.19716905381389613
tinystories,4096,2048,0.9349999999999999,0.19180711067251074
tinystories,4096,2048,0.94,0.18647376469714816
tinystories,4096,2048,0.945,0.181168712467455
tinystories,4096,2048,0.95,0.1758916553666112
tinystories,4096,2048,0.955,0.17064229948046747
tinystories,4096,2048,0.96,0.16542035549931577
tinystories,4096,2048,0.965,0.16022553862221178
tinystories,4096,2048,0.97,0.15505756846376922
tinystories,4096,2048,0.975,0.14991616896335055
tinystories,4096,2048,0.98,0.1448010682965801
tinystories,4096,2048,0.985,0.1397119987891088
tinystories,4096,2048,0.99,0.1346486968325621
tinystories,4096,2048,0.995,0.12961090280260493
tinystories,4096,2048,1.0,0.12459836097906063
tinystories,4096,2048,1.005,0.11961081946802166
tinystories,4096,2048,1.01,0.11464803012589253
tinystories,4096,2048,1.015,0.10970974848531007
tinystories,4096,2048,1.02,0.10479573368288088
tinystories,4096,2048,1.025,0.09990574838868922
tinystories,4096,2048,1.03,0.0950395587375162
tinystories,4096,2048,1.035,0.09019693426172831
tinystories,4096,2048,1.04,0.0853776478257793
tinystories,4096,2048,1.045,0.08058147556228637
tinystories,4096,2048,1.05,0.07580819680962858
tinystories,4096,2048,1.055,0.07105759405103086
tinystories,4096,2048,1.06,0.0663294528550848
tinystories,4096,2048,1.065,0.061623561817672236
tinystories,4096,2048,1.07,0.056939712505245765
tinystories,4096,2048,1.075,0.05227769939943455
tinystories,4096,2048,1.08,0.047637319842932235
tinystories,4096,2048,1.085,0.04301837398663778
tinystories,4096,2048,1.0899999999999999,0.038420664738008425
tinystories,4096,2048,1.095,0.03384399771059651
tinystories,4096,2048,1.1,0.029288181174735695
tinystories,4096,2048,1.105,0.02475302600934451
tinystories,4096,2048,1.1099999999999999,0.020238345654817965
tinystories,4096,2048,1.115,0.015743956066978548
tinystories,4096,2048,1.12,0.01126967567205736
tinystories,4096,2048,1.125,0.006815325322677171
tinystories,4096,2048,1.13,0.004433394835680987
tinystories,4096,2048,1.135,0.005290264275450811
tinystories,4096,2048,1.14,0.008220671924142805
tinystories,4096,2048,1.145,0.011138254990675457
tinystories,4096,2048,1.15,0.015163581396097999
tinystories,4096,2048,1.155,0.019501982994696247
tinystories,4096,2048,1.16,0.02382164413921259
tinystories,4096,2048,1.165,0.028122726038603302
tinystories,4096,2048,1.17,0.032405387830604065
tinystories,4096,2048,1.175,0.03666978661706169
tinystories,4096,2048,1.18,0.0409160774985127
tinystories,4096,2048,1.185,0.04514441360803392
tinystories,4096,2048,1.19,0.049354946144377354
tinystories,4096,2048,1.195,0.05354782440441341
tinystories,4096,2048,1.2,0.05772319581489396
tinystories,4096,2048,1.205,0.061881205963557756
tinystories,4096,2048,1.21,0.06602199862958906
tinystories,4096,2048,1.2149999999999999,0.07014571581345101
tinystories,4096,2048,1.22,0.07425249776610454
tinystories,4096,2048,1.225,0.07834248301762974
tinystories,4096,2048,1.23,0.08241580840526551
tinystories,4096,2048,1.2349999999999999,0.08647260910087978
tinystories,4096,2048,1.24,0.09051301863788486
tinystories,4096,2048,1.245,0.09453716893761038
tinystories,4096,2048,1.25,0.09854519033514914
tinystories,4096,2048,1.255,0.10253721160468648
tinystories,4096,2048,1.26,0.106513359984326
tinystories,4096,2048,1.2650000000000001,0.11047376120042302
tinystories,4096,2048,1.27,0.1144185394914393
tinystories,4096,2048,1.275,0.11834781763132875
tinystories,4096,2048,1.28,0.12226171695246517
tinystories,4096,2048,1.285,0.1261603573681224
tinystories,4096,2048,1.29,0.1300438573945201
tinystories,4096,2048,1.295,0.13391233417244033
tinystories,4096,2048,1.3,0.13776590348843043
tinystories,4096,2048,1.305,0.14160467979559602
tinystories,4096,2048,1.31,0.14542877623399955
tinystories,4096,2048,1.315,0.14923830465066723
tinystories,4096,2048,1.32,0.15303337561921893
tinystories,4096,2048,1.325,0.15681409845912486
tinystories,4096,2048,1.33,0.16058058125460184
tinystories,4096,2048,1.335,0.16433293087315218
tinystories,4096,2048,1.3399999999999999,0.16807125298375925
tinystories,4096,2048,1.345,0.1717956520747418
tinystories,4096,2048,1.35,0.17550623147127753
tinystories,4096,2048,1.355,0.17920309335260357
tinystories,4096,2048,1.3599999999999999,0.18288633876889993
tinystories,4096,2048,1.365,0.1865560676578624
tinystories,4096,2048,1.37,0.19021237886097297
tinystories,4096,2048,1.375,0.19385537013947396
tinystories,4096,2048,1.38,0.19748513819005256
tinystories,4096,2048,1.385,0.20110177866024123
tinystories,4096,2048,1.3900000000000001,0.20470538616353984
tinystories,4096,2048,1.395,0.20829605429426834
tinystories,4096,2048,1.4,0.21187387564215224
tinystories,4096,2048,1.405,0.21543894180664847
tinystories,4096,2048,1.4100000000000001,0.21899134341101636
tinystories,4096,2048,1.415,0.22253117011614032
tinystories,4096,2048,1.42,0.22605851063410873
tinystories,4096,2048,1.425,0.22957345274155327
tinystories,4096,2048,1.43,0.23307608329275528
tinystories,4096,2048,1.435,0.23656648823252388
tinystories,4096,2048,1.44,0.2400447526088486
tinystories,4096,2048,1.4449999999999998,0.24351096058533472
tinystories,4096,2048,1.45,0.24696519545342235
tinystories,4096,2048,1.455,0.25040753964439527
tinystories,4096,2048,1.46,0.2538380747411844
tinystories,4096,2048,1.4649999999999999,0.2572568814899699
tinystories,4096,2048,1.47,0.26066403981158426
tinystories,4096,2048,1.475,0.2640596288127226
tinystories,4096,2048,1.48,0.26744372679696304
tinystories,4096,2048,1.4849999999999999,0.27081641127560224
tinystories,4096,2048,1.49,0.27417775897830715
tinystories,4096,2048,1.495,0.2775278458635892
tinystories,4096,2048,1.5,0.28086674712910376
tinystories,4096,4096,0.85,0.3086373049081463
tinystories,4096,4096,0.855,0.3027721854557482
tinystories,4096,4096,0.86,0.296941265144955
tinystories,4096,4096,0.865,0.29114414746062905
tinystories,4096,4096,0.87,0.28538044274387897
tinystories,4096,4096,0.875,0.27964976803489394
tinystories,4096,4096,0.88,0.27395174692025626
tinystories,4096,4096,0.885,0.26828600938457886
tinystories,4096,4096,0.89,0.26265219166632287
tinystories,4096,4096,0.895,0.257049936117653
tinystories,4096,4096,0.9,0.25147889106819765
tinystories,4096,4096,0.905,0.24593871069258225
tinystories,4096,4096,0.9099999999999999,0.24042905488161273
tinystories,4096,4096,0.915,0.23494958911698702
tinystories,4096,4096,0.9199999999999999,0.22949998434942245
tinystories,4096,4096,0.9249999999999999,0.22407991688008325
tinystories,4096,4096,0.9299999999999999,0.21868906824520684
tinystories,4096,4096,0.9349999999999999,0.21332712510382146
tinystories,4096,4096,0.94,0.20799377912845887
tinystories,4096,4096,0.945,0.2026887268987657
tinystories,4096,4096,0.95,0.19741166979792193
tinystories,4096,4096,0.955,0.19216231391177818
tinystories,4096,4096,0.96,0.1869403699306265
tinystories,4096,4096,0.965,0.1817455530535225
tinystories,4096,4096,0.97,0.17657758289507988
tinystories,4096,4096,0.975,0.17143618339466124
tinystories,4096,4096,0.98,0.1663210827278908
tinystories,4096,4096,0.985,0.1612320132204195
tinystories,4096,4096,0.99,0.1561687112638728
tinystories,4096,4096,0.995,0.1511309172339156
tinystories,4096,4096,1.0,0.14611837541037134
tinystories,4096,4096,1.005,0.14113083389933237
tinystories,4096,4096,1.01,0.13616804455720324
tinystories,4096,4096,1.015,0.13122976291662078
tinystories,4096,4096,1.02,0.12631574811419158
tinystories,4096,4096,1.025,0.12142576281999991
tinystories,4096,4096,1.03,0.11655957316882691
tinystories,4096,4096,1.035,0.11171694869303901
tinystories,4096,4096,1.04,0.10689766225709
tinystories,4096,4096,1.045,0.10210148999359708
tinystories,4096,4096,1.05,0.09732821124093931
tinystories,4096,4096,1.055,0.09257760848234159
tinystories,4096,4096,1.06,0.08784946728639552
tinystories,4096,4096,1.065,0.08314357624898296
tinystories,4096,4096,1.07,0.07845972693655646
tinystories,4096,4096,1.075,0.07379771383074527
tinystories,4096,4096,1.08,0.06915733427424295
tinystories,4096,4096,1.085,0.0645383884179485
tinystories,4096,4096,1.0899999999999999,0.05994067916931913
tinystories,4096,4096,1.095,0.055364012141907226
tinystories,4096,4096,1.1,0.05080819560604641
tinystories,4096,4096,1.105,0.04627304044065522
tinystories,4096,4096,1.1099999999999999,0.041758360086128675
tinystories,4096,4096,1.115,0.03726397049828926
tinystories,4096,4096,1.12,0.03278969010336807
tinystories,4096,4096,1.125,0.028335339753987884
tinystories,4096,4096,1.13,0.023900742686122228
tinystories,4096,4096,1.135,0.01948572447700533
tinystories,4096,4096,1.14,0.015090113003967337
tinystories,4096,4096,1.145,0.01071373840416836
tinystories,4096,4096,1.15,0.007850161767446828
tinystories,4096,4096,1.155,0.00781669927151415
tinystories,4096,4096,1.16,0.007974936176544309
tinystories,4096,4096,1.165,0.00940863014300788
tinystories,4096,4096,1.17,0.011620493051353029
tinystories,4096,4096,1.175,0.015149772185750981
tinystories,4096,4096,1.18,0.01939606306720199
tinystories,4096,4096,1.185,0.023624399176723213
tinystories,4096,4096,1.19,0.027834931713066644
tinystories,4096,4096,1.195,0.03202780997310271
tinystories,4096,4096,1.2,0.036203181383583256
tinystories,4096,4096,1.205,0.04036119153224705
tinystories,4096,4096,1.21,0.04450198419827837
tinystories,4096,4096,1.2149999999999999,0.04862570138214032
tinystories,4096,4096,1.22,0.052732483334793835
tinystories,4096,4096,1.225,0.056822468586319036
tinystories,4096,4096,1.23,0.06089579397395478
tinystories,4096,4096,1.2349999999999999,0.06495259466956907
tinystories,4096,4096,1.24,0.06899300420657416
tinystories,4096,4096,1.245,0.07301715450629967
tinystories,4096,4096,1.25,0.07702517590383842
tinystories,4096,4096,1.255,0.08101719717337579
tinystories,4096,4096,1.26,0.0849933455530153
tinystories,4096,4096,1.2650000000000001,0.08895374676911232
tinystories,4096,4096,1.27,0.09289852506012858
tinystories,4096,4096,1.275,0.09682780320001805
tinystories,4096,4096,1.28,0.10074170252115448
tinystories,4096,4096,1.285,0.10464034293681172
tinystories,4096,4096,1.29,0.10852384296320942
tinystories,4096,4096,1.295,0.11239231974112966
tinystories,4096,4096,1.3,0.1162458890571197
tinystories,4096,4096,1.305,0.12008466536428535
tinystories,4096,4096,1.31,0.12390876180268888
tinystories,4096,4096,1.315,0.12771829021935652
tinystories,4096,4096,1.32,0.1315133611879082
tinystories,4096,4096,1.325,0.13529408402781415
tinystories,4096,4096,1.33,0.13906056682329113
tinystories,4096,4096,1.335,0.1428129164418415
tinystories,4096,4096,1.3399999999999999,0.14655123855244853
tinystories,4096,4096,1.345,0.15027563764343108
tinystories,4096,4096,1.35,0.15398621703996682
tinystories,4096,4096,1.355,0.15768307892129288
tinystories,4096,4096,1.3599999999999999,0.1613663243375892
tinystories,4096,4096,1.365,0.1650360532265517
tinystories,4096,4096,1.37,0.16869236442966226
tinystories,4096,4096,1.375,0.17233535570816325
tinystories,4096,4096,1.38,0.17596512375874188
tinystories,4096,4096,1.385,0.1795817642289305
tinystories,4096,4096,1.3900000000000001,0.18318537173222912
tinystories,4096,4096,1.395,0.18677603986295763
tinystories,4096,4096,1.4,0.19035386121084155
tinystories,4096,4096,1.405,0.19391892737533775
tinystories,4096,4096,1.4100000000000001,0.19747132897970568
tinystories,4096,4096,1.415,0.2010111556848296
tinystories,4096,4096,1.42,0.204538496202798
tinystories,4096,4096,1.425,0.2080534383102426
tinystories,4096,4096,1.43,0.21155606886144454
tinystories,4096,4096,1.435,0.21504647380121314
tinystories,4096,4096,1.44,0.21852473817753792
tinystories,4096,4096,1.4449999999999998,0.221990946154024
tinystories,4096,4096,1.45,0.22544518102211167
tinystories,4096,4096,1.455,0.22888752521308456
tinystories,4096,4096,1.46,0.2323180603098737
tinystories,4096,4096,1.4649999999999999,0.23573686705865918
tinystories,4096,4096,1.47,0.23914402538027354
tinystories,4096,4096,1.475,0.2425396143814119
tinystories,4096,4096,1.48,0.24592371236565236
tinystories,4096,4096,1.4849999999999999,0.24929639684429153
tinystories,4096,4096,1.49,0.25265774454699647
tinystories,4096,4096,1.495,0.2560078314322785
tinystories,4096,4096,1.5,0.25934673269779307
wikitext,1024,512,0.85,0.2501110982472348
wikitext,1024,512,0.855,0.2442459787948367
wikitext,1024,512,0.86,0.2384150584840435
wikitext,1024,512,0.865,0.23261794079971762
wikitext,1024,512,0.87,0.2268542360829675
wikitext,1024,512,0.875,0.22112356137398245
wikitext,1024,512,0.88,0.2154255402593447
wikitext,1024,512,0.885,0.20975980272366743
wikitext,1024,512,0.89,0.20412598500541135
wikitext,1024,512,0.895,0.19852372945674154
wikitext,1024,512,0.9,0.1929526844072861
wikitext,1024,512,0.905,0.18741250403167076
wikitext,1024,512,0.9099999999999999,0.18190284822070127
wikitext,1024,512,0.915,0.17642338245607556
wikitext,1024,512,0.9199999999999999,0.170973777688511
wikitext,1024,512,0.9249999999999999,0.16555371021917178
wikitext,1024,512,0.9299999999999999,0.16016286158429535
wikitext,1024,512,0.9349999999999999,0.15480091844290997
wikitext,1024,512,0.94,0.14946757246754738
wikitext,1024,512,0.945,0.14416252023785422
wikitext,1024,512,0.95,0.13888546313701045
wikitext,1024,512,0.955,0.1336361072508667
wikitext,1024,512,0.96,0.12841416326971503
wikitext,1024,512,0.965,0.123219346392611
wikitext,1024,512,0.97,0.11805137623416843
wikitext,1024,512,0.975,0.11290997673374976
wikitext,1024,512,0.98,0.10779487606697934
wikitext,1024,512,0.985,0.10270580655950805
wikitext,1024,512,0.99,0.09764250460296131
wikitext,1024,512,0.995,0.09260471057300414
wikitext,1024,512,1.0,0.08759216874945985
wikitext,1024,512,1.005,0.08260462723842088
wikitext,1024,512,1.01,0.07764183789629177
wikitext,1024,512,1.015,0.0727035562557093
wikitext,1024,512,1.02,0.06778954145328013
wikitext,1024,512,1.025,0.06289955615908845
wikitext,1024,512,1.03,0.05803336650791543
wikitext,1024,512,1.035,0.053190742032127536
wikitext,1024,512,1.04,0.04837145559617853
wikitext,1024,512,1.045,0.043575283332685615
wikitext,1024,512,1.05,0.038802004580027825
wikitext,1024,512,1.055,0.0340514018214301
wikitext,1024,512,1.06,0.02932326062548404
wikitext,1024,512,1.065,0.024617369588071477
wikitext,1024,512,1.07,0.019933520275645
wikitext,1024,512,1.075,0.015271507169833784
wikitext,1024,512,1.08,0.011744894501852223
wikitext,1024,512,1.085,0.008665597264322589
wikitext,1024,512,1.0899999999999999,0.008665198907377802
wikitext,1024,512,1.095,0.010190754583181772
wikitext,1024,512,1.1,0.011932853398451857
wikitext,1024,512,1.105,0.014956290175379314
wikitext,1024,512,1.1099999999999999,0.017966077078397008
wikitext,1024,512,1.115,0.021262236162622215
wikitext,1024,512,1.12,0.025736516557543405
wikitext,1024,512,1.125,0.030190866906923592
wikitext,1024,512,1.13,0.03462546397478925
wikitext,1024,512,1.135,0.03904048218390615
wikitext,1024,512,1.14,0.043436093656944126
wikitext,1024,512,1.145,0.047812468256743124
wikitext,1024,512,1.15,0.05216977362569875
wikitext,1024,512,1.155,0.05650817522429702
wikitext,1024,512,1.16,0.06082783636881336
wikitext,1024,512,1.165,0.06512891826820406
wikitext,1024,512,1.17,0.06941158006020483
wikitext,1024,512,1.175,0.07367597884666245
wikitext,1024,512,1.18,0.07792226972811346
wikitext,1024,512,1.185,0.08215060583763469
wikitext,1024,512,1.19,0.08636113837397813
wikitext,1024,512,1.195,0.09055401663401419
wikitext,1024,512,1.2,0.09472938804449473
wikitext,1024,512,1.205,0.09888739819315852
wikitext,1024,512,1.21,0.10302819085918984
wikitext,1024,512,1.2149999999999999,0.10715190804305179
wikitext,1024,512,1.22,0.11125868999570532
wikitext,1024,512,1.225,0.11534867524723051
wikitext,1024,512,1.23,0.11942200063486626
wikitext,1024,512,1.2349999999999999,0.12347880133048056
wikitext,1024,512,1.24,0.12751921086748563
wikitext,1024,512,1.245,0.13154336116721116
wikitext,1024,512,1.25,0.13555138256474988
wikitext,1024,512,1.255,0.1395434038342873
wikitext,1024,512,1.26,0.1435195522139268
wikitext,1024,512,1.2650000000000001,0.14747995343002376
wikitext,1024,512,1.27,0.15142473172104007
wikitext,1024,512,1.275,0.15535400986092954
wikitext,1024,512,1.28,0.15926790918206593
wikitext,1024,512,1.285,0.16316654959772323
wikitext,1024,512,1.29,0.16705004962412093
wikitext,1024,512,1.295,0.1709185264020411
wikitext,1024,512,1.3,0.1747720957180312
wikitext,1024,512,1.305,0.1786108720251968
wikitext,1024,512,1.31,0.18243496846360033
wikitext,1024,512,1.315,0.186244496880268
wikitext,1024,512,1.32,0.1900395678488197
wikitext,1024,512,1.325,0.19382029068872564
wikitext,1024,512,1.33,0.19758677348420262
wikitext,1024,512,1.335,0.20133912310275295
wikitext,1024,512,1.3399999999999999,0.20507744521336005
wikitext,1024,512,1.345,0.2088018443043426
wikitext,1024,512,1.35,0.21251242370087828
wikitext,1024,512,1.355,0.21620928558220434
wikitext,1024,512,1.3599999999999999,0.2198925309985007
wikitext,1024,512,1.365,0.22356225988746323
wikitext,1024,512,1.37,0.22721857109057372
wikitext,1024,512,1.375,0.23086156236907476
wikitext,1024,512,1.38,0.23449133041965334
wikitext,1024,512,1.385,0.238107970889842
wikitext,1024,512,1.3900000000000001,0.24171157839314059
wikitext,1024,512,1.395,0.2453022465238691
wikitext,1024,512,1.4,0.24888006787175307
wikitext,1024,512,1.405,0.2524451340362492
wikitext,1024,512,1.4100000000000001,0.25599753564061717
wikitext,1024,512,1.415,0.25953736234574104
wikitext,1024,512,1.42,0.2630647028637095
wikitext,1024,512,1.425,0.266579644971154
wikitext,1024,512,1.43,0.27008227552235603
wikitext,1024,512,1.435,0.27357268046212463
wikitext,1024,512,1.44,0.27705094483844933
wikitext,1024,512,1.4449999999999998,0.2805171528149355
wikitext,1024,512,1.45,0.28397138768302316
wikitext,1024,512,1.455,0.28741373187399605
wikitext,1024,512,1.46,0.2908442669707852
wikitext,1024,512,1.4649999999999999,0.29426307371957067
wikitext,1024,512,1.47,0.29767023204118503
wikitext,1024,512,1.475,0.3010658210423234
wikitext,1024,512,1.48,0.30444991902656376
wikitext,1024,512,1.4849999999999999,0.307822603505203
wikitext,1024,512,1.49,0.3111839512079079
wikitext,1024,512,1.495,0.31453403809318997
wikitext,1024,512,1.5,0.31787293935870453
wikitext,1024,1024,0.85,0.30474893745005877
wikitext,1024,1024,0.855,0.2988838179976607
wikitext,1024,1024,0.86,0.29305289768686743
wikitext,1024,1024,0.865,0.28725578000254154
wikitext,1024,1024,0.87,0.2814920752857915
wikitext,1024,1024,0.875,0.2757614005768065
wikitext,1024,1024,0.88,0.2700633794621687
wikitext,1024,1024,0.885,0.26439764192649134
wikitext,1024,1024,0.89,0.25876382420823535
wikitext,1024,1024,0.895,0.25316156865956546
wikitext,1024,1024,0.9,0.2475905236101101
wikitext,1024,1024,0.905,0.2420503432344947
wikitext,1024,1024,0.9099999999999999,0.23654068742352521
wikitext,1024,1024,0.915,0.2310612216588995
wikitext,1024,1024,0.9199999999999999,0.22561161689133494
wikitext,1024,1024,0.9249999999999999,0.22019154942199573
wikitext,1024,1024,0.9299999999999999,0.21480070078711933
wikitext,1024,1024,0.9349999999999999,0.20943875764573394
wikitext,1024,1024,0.94,0.20410541167037133
wikitext,1024,1024,0.945,0.19880035944067817
wikitext,1024,1024,0.95,0.1935233023398344
wikitext,1024,1024,0.955,0.18827394645369067
wikitext,1024,1024,0.96,0.18305200247253897
wikitext,1024,1024,0.965,0.17785718559543495
wikitext,1024,1024,0.97,0.17268921543699237
wikitext,1024,1024,0.975,0.16754781593657372
wikitext,1024,1024,0.98,0.1624327152698033
wikitext,1024,1024,0.985,0.15734364576233198
wikitext,1024,1024,0.99,0.15228034380578528
wikitext,1024,1024,0.995,0.1472425497758281
wikitext,1024,1024,1.0,0.14223000795228383
wikitext,1024,1024,1.005,0.13724246644124485
wikitext,1024,1024,1.01,0.13227967709911573
wikitext,1024,1024,1.015,0.12734139545853326
wikitext,1024,1024,1.02,0.12242738065610408
wikitext,1024,1024,1.025,0.11753739536191239
wikitext,1024,1024,1.03,0.1126712057107394
wikitext,1024,1024,1.035,0.1078285812349515
wikitext,1024,1024,1.04,0.10300929479900249
wikitext,1024,1024,1.045,0.09821312253550955
wikitext,1024,1024,1.05,0.09343984378285176
wikitext,1024,1024,1.055,0.08868924102425406
wikitext,1024,1024,1.06,0.083961099828308
wikitext,1024,1024,1.065,0.07925520879089541
wikitext,1024,1024,1.07,0.07457135947846895
wikitext,1024,1024,1.075,0.06990934637265774
wikitext,1024,1024,1.08,0.06526896681615542
wikitext,1024,1024,1.085,0.06065002095986097
wikitext,1024,1024,1.0899999999999999,0.0560523117112316
wikitext,1024,1024,1.095,0.05147564468381969
wikitext,1024,1024,1.1,0.04691982814795887
wikitext,1024,1024,1.105,0.042384672982567685
wikitext,1024,1024,1.1099999999999999,0.037869992628041145
wikitext,1024,1024,1.115,0.03337560304020173
wikitext,1024,1024,1.12,0.02890132264528054
wikitext,1024,1024,1.125,0.024446972295900354
wikitext,1024,1024,1.13,0.020012375228034698
wikitext,1024,1024,1.135,0.015597357018917799
wikitext,1024,1024,1.14,0.012657625735000483
wikitext,1024,1024,1.145,0.010847157161380497
wikitext,1024,1024,1.15,0.010847157161380497
wikitext,1024,1024,1.155,0.010847157161380497
wikitext,1024,1024,1.16,0.012001241555388639
wikitext,1024,1024,1.165,0.01343493552185221
wikitext,1024,1024,1.17,0.016247997965293276
wikitext,1024,1024,1.175,0.019090930489598357
wikitext,1024,1024,1.18,0.02328443052528952
wikitext,1024,1024,1.185,0.027512766634810743
wikitext,1024,1024,1.19,0.03172329917115418
wikitext,1024,1024,1.195,0.03591617743119024
wikitext,1024,1024,1.2,0.040091548841670786
wikitext,1024,1024,1.205,0.04424955899033458
wikitext,1024,1024,1.21,0.0483903516563659
wikitext,1024,1024,1.2149999999999999,0.05251406884022785
wikitext,1024,1024,1.22,0.056620850792881365
wikitext,1024,1024,1.225,0.06071083604440657
wikitext,1024,1024,1.23,0.06478416143204231
wikitext,1024,1024,1.2349999999999999,0.0688409621276566
wikitext,1024,1024,1.24,0.07288137166466167
wikitext,1024,1024,1.245,0.0769055219643872
wikitext,1024,1024,1.25,0.08091354336192595
wikitext,1024,1024,1.255,0.0849055646314633
wikitext,1024,1024,1.26,0.08888171301110283
wikitext,1024,1024,1.2650000000000001,0.09284211422719983
wikitext,1024,1024,1.27,0.09678689251821611
wikitext,1024,1024,1.275,0.10071617065810558
wikitext,1024,1024,1.28,0.104630069979242
wikitext,1024,1024,1.285,0.10852871039489924
wikitext,1024,1024,1.29,0.11241221042129694
wikitext,1024,1024,1.295,0.11628068719921718
wikitext,1024,1024,1.3,0.12013425651520725
wikitext,1024,1024,1.305,0.12397303282237286
wikitext,1024,1024,1.31,0.12779712926077638
wikitext,1024,1024,1.315,0.13160665767744403
wikitext,1024,1024,1.32,0.13540172864599573
wikitext,1024,1024,1.325,0.13918245148590166
wikitext,1024,1024,1.33,0.14294893428137864
wikitext,1024,1024,1.335,0.146701283899929
wikitext,1024,1024,1.3399999999999999,0.15043960601053605
wikitext,1024,1024,1.345,0.1541640051015186
wikitext,1024,1024,1.35,0.15787458449805433
wikitext,1024,1024,1.355,0.1615714463793804
wikitext,1024,1024,1.3599999999999999,0.16525469179567673
wikitext,1024,1024,1.365,0.16892442068463923
wikitext,1024,1024,1.37,0.17258073188774978
wikitext,1024,1024,1.375,0.17622372316625076
wikitext,1024,1024,1.38,0.17985349121682945
wikitext,1024,1024,1.385,0.183470131687018
wikitext,1024,1024,1.3900000000000001,0.18707373919031664
wikitext,1024,1024,1.395,0.19066440732104514
wikitext,1024,1024,1.4,0.19424222866892912
wikitext,1024,1024,1.405,0.1978072948334253
wikitext,1024,1024,1.4100000000000001,0.20135969643779325
wikitext,1024,1024,1.415,0.20489952314291715
wikitext,1024,1024,1.42,0.2084268636608855
wikitext,1024,1024,1.425,0.21194180576833008
wikitext,1024,1024,1.43,0.21544443631953206
wikitext,1024,1024,1.435,0.21893484125930066
wikitext,1024,1024,1.44,0.2224131056356254
wikitext,1024,1024,1.4449999999999998,0.22587931361211155
wikitext,1024,1024,1.45,0.22933354848019924
wikitext,1024,1024,1.455,0.23277589267117207
wikitext,1024,1024,1.46,0.23620642776796122
wikitext,1024,1024,1.4649999999999999,0.2396252345167467
wikitext,1024,1024,1.47,0.24303239283836106
wikitext,1024,1024,1.475,0.2464279818394994
wikitext,1024,1024,1.48,0.2498120798237399
wikitext,1024,1024,1.4849999999999999,0.2531847643023791
wikitext,1024,1024,1.49,0.256546112005084
wikitext,1024,1024,1.495,0.259896198890366
wikitext,1024,1024,1.5,0.26323510015588053
wikitext,1024,2048,0.85,0.3892347338273368
wikitext,1024,2048,0.855,0.3833696143749387
wikitext,1024,2048,0.86,0.3775386940641456
wikitext,1024,2048,0.865,0.3717415763798196
wikitext,1024,2048,0.87,0.3659778716630695
wikitext,1024,2048,0.875,0.3602471969540845
wikitext,1024,2048,0.88,0.35454917583944673
wikitext,1024,2048,0.885,0.3488834383037694
wikitext,1024,2048,0.89,0.3432496205855134
wikitext,1024,2048,0.895,0.3376473650368435
wikitext,1024,2048,0.9,0.3320763199873881
wikitext,1024,2048,0.905,0.3265361396117728
wikitext,1024,2048,0.9099999999999999,0.3210264838008033
wikitext,1024,2048,0.915,0.31554701803617763
wikitext,1024,2048,0.9199999999999999,0.310097413268613
wikitext,1024,2048,0.9249999999999999,0.3046773457992738
wikitext,1024,2048,0.9299999999999999,0.2992864971643974
wikitext,1024,2048,0.9349999999999999,0.29392455402301204
wikitext,1024,2048,0.94,0.28859120804764943
wikitext,1024,2048,0.945,0.28328615581795624
wikitext,1024,2048,0.95,0.2780090987171125
wikitext,1024,2048,0.955,0.27275974283096877
wikitext,1024,2048,0.96,0.26753779884981704
wikitext,1024,2048,0.965,0.26234298197271305
wikitext,1024,2048,0.97,0.25717501181427044
wikitext,1024,2048,0.975,0.2520336123138518
wikitext,1024,2048,0.98,0.24691851164708134
wikitext,1024,2048,0.985,0.24182944213961008
wikitext,1024,2048,0.99,0.23676614018306333
wikitext,1024,2048,0.995,0.2317283461531061
wikitext,1024,2048,1.0,0.22671580432956184
wikitext,1024,2048,1.005,0.22172826281852287
wikitext,1024,2048,1.01,0.21676547347639374
wikitext,1024,2048,1.015,0.2118271918358113
wikitext,1024,2048,1.02,0.20691317703338216
wikitext,1024,2048,1.025,0.20202319173919045
wikitext,1024,2048,1.03,0.19715700208801745
wikitext,1024,2048,1.035,0.19231437761222958
wikitext,1024,2048,1.04,0.18749509117628052
wikitext,1024,2048,1.045,0.18269891891278758
wikitext,1024,2048,1.05,0.17792564016012982
wikitext,1024,2048,1.055,0.1731750374015321
wikitext,1024,2048,1.06,0.16844689620558603
wikitext,1024,2048,1.065,0.16374100516817347
wikitext,1024,2048,1.07,0.159057155855747
wikitext,1024,2048,1.075,0.1543951427499358
wikitext,1024,2048,1.08,0.14975476319343348
wikitext,1024,2048,1.085,0.145135817337139
wikitext,1024,2048,1.0899999999999999,0.14053810808850967
wikitext,1024,2048,1.095,0.13596144106109775
wikitext,1024,2048,1.1,0.1314056245252369
wikitext,1024,2048,1.105,0.12687046935984575
wikitext,1024,2048,1.1099999999999999,0.12235578900531922
wikitext,1024,2048,1.115,0.11786139941747979
wikitext,1024,2048,1.12,0.1133871190225586
wikitext,1024,2048,1.125,0.10893276867317842
wikitext,1024,2048,1.13,0.10449817160531276
wikitext,1024,2048,1.135,0.10008315339619585
wikitext,1024,2048,1.14,0.09568754192315787
wikitext,1024,2048,1.145,0.09131116732335891
wikitext,1024,2048,1.15,0.08695386195440324
wikitext,1024,2048,1.155,0.08261546035580498
wikitext,1024,2048,1.16,0.07829579921128865
wikitext,1024,2048,1.165,0.07399471731189794
wikitext,1024,2048,1.17,0.06971205551989718
wikitext,1024,2048,1.175,0.06544765673343955
wikitext,1024,2048,1.18,0.061201365851988536
wikitext,1024,2048,1.185,0.05697302974246731
wikitext,1024,2048,1.19,0.05276249720612388
wikitext,1024,2048,1.195,0.04856961894608782
wikitext,1024,2048,1.2,0.04439424753560728
wikitext,1024,2048,1.205,0.04023623738694348
wikitext,1024,2048,1.21,0.03609544472091216
wikitext,1024,2048,1.2149999999999999,0.03197172753705021
wikitext,1024,2048,1.22,0.027864945584396696
wikitext,1024,2048,1.225,0.02377496033287149
wikitext,1024,2048,1.23,0.019701634945235743
wikitext,1024,2048,1.2349999999999999,0.016243075478910976
wikitext,1024,2048,1.24,0.01396710849427033
wikitext,1024,2048,1.245,0.012625725061028487
wikitext,1024,2048,1.25,0.01232379309891104
wikitext,1024,2048,1.255,0.01232379309891104
wikitext,1024,2048,1.26,0.01232379309891104
wikitext,1024,2048,1.2650000000000001,0.01232379309891104
wikitext,1024,2048,1.27,0.012797298513808503
wikitext,1024,2048,1.275,0.016230374280827523
wikitext,1024,2048,1.28,0.020144273601963945
wikitext,1024,2048,1.285,0.024042914017621184
wikitext,1024,2048,1.29,0.027926414044018886
wikitext,1024,2048,1.295,0.03179489082193913
wikitext,1024,2048,1.3,0.035648460137929196
wikitext,1024,2048,1.305,0.03948723644509481
wikitext,1024,2048,1.31,0.043311332883498345
wikitext,1024,2048,1.315,0.047120861300165996
wikitext,1024,2048,1.32,0.05091593226871769
wikitext,1024,2048,1.325,0.05469665510862363
wikitext,1024,2048,1.33,0.058463137904100605
wikitext,1024,2048,1.335,0.06221548752265097
wikitext,1024,2048,1.3399999999999999,0.06595380963325799
wikitext,1024,2048,1.345,0.06967820872424053
wikitext,1024,2048,1.35,0.07338878812077627
wikitext,1024,2048,1.355,0.07708565000210237
wikitext,1024,2048,1.3599999999999999,0.08076889541839867
wikitext,1024,2048,1.365,0.0844386243073612
wikitext,1024,2048,1.37,0.08809493551047172
wikitext,1024,2048,1.375,0.0917379267889727
wikitext,1024,2048,1.38,0.09536769483955136
wikitext,1024,2048,1.385,0.09898433530973998
wikitext,1024,2048,1.3900000000000001,0.10258794281303858
wikitext,1024,2048,1.395,0.10617861094376708
wikitext,1024,2048,1.4,0.10975643229165104
wikitext,1024,2048,1.405,0.11332149845614721
wikitext,1024,2048,1.4100000000000001,0.11687390006051517
wikitext,1024,2048,1.415,0.12041372676563906
wikitext,1024,2048,1.42,0.12394106728360747
wikitext,1024,2048,1.425,0.12745600939105203
wikitext,1024,2048,1.43,0.130958639942254
wikitext,1024,2048,1.435,0.1344490448820226
wikitext,1024,2048,1.44,0.13792730925834737
wikitext,1024,2048,1.4449999999999998,0.14139351723483348
wikitext,1024,2048,1.45,0.14484775210292114
wikitext,1024,2048,1.455,0.14829009629389403
wikitext,1024,2048,1.46,0.15172063139068317
wikitext,1024,2048,1.4649999999999999,0.15513943813946865
wikitext,1024,2048,1.47,0.15854659646108302
wikitext,1024,2048,1.475,0.16194218546222136
wikitext,1024,2048,1.48,0.1653262834464618
wikitext,1024,2048,1.4849999999999999,0.16869896792510097
wikitext,1024,2048,1.49,0.1720603156278059
wikitext,1024,2048,1.495,0.17541040251308795
wikitext,1024,2048,1.5,0.17874930377860251
wikitext,1024,4096,0.85,0.5060545361282828
wikitext,1024,4096,0.855,0.5001894166758846
wikitext,1024,4096,0.86,0.4943584963650913
wikitext,1024,4096,0.865,0.4885613786807655
wikitext,1024,4096,0.87,0.4827976739640154
wikitext,1024,4096,0.875,0.47706699925503043
wikitext,1024,4096,0.88,0.47136897814039264
wikitext,1024,4096,0.885,0.46570324060471524
wikitext,1024,4096,0.89,0.4600694228864592
wikitext,1024,4096,0.895,0.4544671673377894
wikitext,1024,4096,0.9,0.44889612228833403
wikitext,1024,4096,0.905,0.4433559419127186
wikitext,1024,4096,0.9099999999999999,0.4378462861017491
wikitext,1024,4096,0.915,0.4323668203371234
wikitext,1024,4096,0.9199999999999999,0.4269172155695589
wikitext,1024,4096,0.9249999999999999,0.42149714810021965
wikitext,1024,4096,0.9299999999999999,0.4161062994653433
wikitext,1024,4096,0.9349999999999999,0.41074435632395784
wikitext,1024,4096,0.94,0.4054110103485953
wikitext,1024,4096,0.945,0.4001059581189021
wikitext,1024,4096,0.95,0.39482890101805834
wikitext,1024,4096,0.955,0.3895795451319146
wikitext,1024,4096,0.96,0.38435760115076284
wikitext,1024,4096,0.965,0.3791627842736589
wikitext,1024,4096,0.97,0.37399481411521635
wikitext,1024,4096,0.975,0.36885341461479765
wikitext,1024,4096,0.98,0.3637383139480272
wikitext,1024,4096,0.985,0.35864924444055596
wikitext,1024,4096,0.99,0.35358594248400915
wikitext,1024,4096,0.995,0.348548148454052
wikitext,1024,4096,1.0,0.34353560663050775
wikitext,1024,4096,1.005,0.3385480651194688
wikitext,1024,4096,1.01,0.33358527577733965
wikitext,1024,4096,1.015,0.3286469941367572
wikitext,1024,4096,1.02,0.32373297933432804
wikitext,1024,4096,1.025,0.31884299404013633
wikitext,1024,4096,1.03,0.3139768043889633
wikitext,1024,4096,1.035,0.30913417991317543
wikitext,1024,4096,1.04,0.3043148934772264
wikitext,1024,4096,1.045,0.2995187212137335
wikitext,1024,4096,1.05,0.29474544246107565
wikitext,1024,4096,1.055,0.2899948397024779
wikitext,1024,4096,1.06,0.2852666985065319
wikitext,1024,4096,1.065,0.2805608074691193
wikitext,1024,4096,1.07,0.2758769581566929
wikitext,1024,4096,1.075,0.2712149450508817
wikitext,1024,4096,1.08,0.26657456549437936
wikitext,1024,4096,1.085,0.26195561963808484
wikitext,1024,4096,1.0899999999999999,0.2573579103894555
wikitext,1024,4096,1.095,0.2527812433620436
wikitext,1024,4096,1.1,0.2482254268261828
wikitext,1024,4096,1.105,0.2436902716607916
wikitext,1024,4096,1.1099999999999999,0.23917559130626506
wikitext,1024,4096,1.115,0.23468120171842566
wikitext,1024,4096,1.12,0.23020692132350448
wikitext,1024,4096,1.125,0.2257525709741243
wikitext,1024,4096,1.13,0.2213179739062586
wikitext,1024,4096,1.135,0.21690295569714177
wikitext,1024,4096,1.14,0.21250734422410375
wikitext,1024,4096,1.145,0.20813096962430477
wikitext,1024,4096,1.15,0.20377366425534912
wikitext,1024,4096,1.155,0.19943526265675085
wikitext,1024,4096,1.16,0.19511560151223453
wikitext,1024,4096,1.165,0.19081451961284382
wikitext,1024,4096,1.17,0.18653185782084306
wikitext,1024,4096,1.175,0.18226745903438543
wikitext,1024,4096,1.18,0.17802116815293442
wikitext,1024,4096,1.185,0.1737928320434132
wikitext,1024,4096,1.19,0.16958229950706974
wikitext,1024,4096,1.195,0.1653894212470337
wikitext,1024,4096,1.2,0.16121404983655316
wikitext,1024,4096,1.205,0.15705603968788936
wikitext,1024,4096,1.21,0.15291524702185802
wikitext,1024,4096,1.2149999999999999,0.14879152983799607
wikitext,1024,4096,1.22,0.14468474788534258
wikitext,1024,4096,1.225,0.14059476263381734
wikitext,1024,4096,1.23,0.13652143724618163
wikitext,1024,4096,1.2349999999999999,0.1324646365505673
wikitext,1024,4096,1.24,0.12842422701356226
wikitext,1024,4096,1.245,0.12440007671383672
wikitext,1024,4096,1.25,0.12039205531629797
wikitext,1024,4096,1.255,0.11640003404676062
wikitext,1024,4096,1.26,0.1124238856671211
wikitext,1024,4096,1.2650000000000001,0.10846348445102409
wikitext,1024,4096,1.27,0.10451870616000782
wikitext,1024,4096,1.275,0.10058942802011835
wikitext,1024,4096,1.28,0.09667552869898192
wikitext,1024,4096,1.285,0.09277688828332468
wikitext,1024,4096,1.29,0.08889338825692698
wikitext,1024,4096,1.295,0.08502491147900675
wikitext,1024,4096,1.3,0.08117134216301668
wikitext,1024,4096,1.305,0.07733256585585106
wikitext,1024,4096,1.31,0.07350846941744753
wikitext,1024,4096,1.315,0.06969894100077988
wikitext,1024,4096,1.32,0.06590387003222818
wikitext,1024,4096,1.325,0.06212314719232225
wikitext,1024,4096,1.33,0.058356664396845274
wikitext,1024,4096,1.335,0.05460431477829491
wikitext,1024,4096,1.3399999999999999,0.05086599266768787
wikitext,1024,4096,1.345,0.047141593576705325
wikitext,1024,4096,1.35,0.043431014180169585
wikitext,1024,4096,1.355,0.03973415229884352
wikitext,1024,4096,1.3599999999999999,0.03605090688254719
wikitext,1024,4096,1.365,0.03238117799358469
wikitext,1024,4096,1.37,0.028724866790474136
wikitext,1024,4096,1.375,0.02617127794733155
wikitext,1024,4096,1.38,0.02375143258027913
wikitext,1024,4096,1.385,0.02134033893348672
wikitext,1024,4096,1.3900000000000001,0.01893793393128763
wikitext,1024,4096,1.395,0.016544155177468628
wikitext,1024,4096,1.4,0.014158940945546011
wikitext,1024,4096,1.405,0.012795833128711418
wikitext,1024,4096,1.4100000000000001,0.012137970441804138
wikitext,1024,4096,1.415,0.012137970441804138
wikitext,1024,4096,1.42,0.012213820294438321
wikitext,1024,4096,1.425,0.014380240295927335
wikitext,1024,4096,1.43,0.01671532733006199
wikitext,1024,4096,1.435,0.01904226395657439
wikitext,1024,4096,1.44,0.021361106874124226
wikitext,1024,4096,1.4449999999999998,0.024573714933887613
wikitext,1024,4096,1.45,0.02802794980197527
wikitext,1024,4096,1.455,0.03147029399294816
wikitext,1024,4096,1.46,0.0349008290897373
wikitext,1024,4096,1.4649999999999999,0.03831963583852278
wikitext,1024,4096,1.47,0.041726794160137144
wikitext,1024,4096,1.475,0.04512238316127549
wikitext,1024,4096,1.48,0.04850648114551593
wikitext,1024,4096,1.4849999999999999,0.05187916562415513
wikitext,1024,4096,1.49,0.05524051332686004
wikitext,1024,4096,1.495,0.05859060021214208
wikitext,1024,4096,1.5,0.06192950147765664
wikitext,2048,512,0.85,0.2174381034021743
wikitext,2048,512,0.855,0.21157298394977622
wikitext,2048,512,0.86,0.20574206363898306
wikitext,2048,512,0.865,0.1999449459546571
wikitext,2048,512,0.87,0.19418124123790703
wikitext,2048,512,0.875,0.188450566528922
wikitext,2048,512,0.88,0.1827525454142843
wikitext,2048,512,0.885,0.1770868078786069
wikitext,2048,512,0.89,0.17145299016035087
wikitext,2048,512,0.895,0.16585073461168104
wikitext,2048,512,0.9,0.16027968956222566
wikitext,2048,512,0.905,0.15473950918661028
wikitext,2048,512,0.9099999999999999,0.1492298533756408
wikitext,2048,512,0.915,0.14375038761101508
wikitext,2048,512,0.9199999999999999,0.13830078284345051
wikitext,2048,512,0.9249999999999999,0.1328807153741113
wikitext,2048,512,0.9299999999999999,0.12748986673923488
wikitext,2048,512,0.9349999999999999,0.12212792359784948
wikitext,2048,512,0.94,0.1167945776224869
wikitext,2048,512,0.945,0.11148952539279372
wikitext,2048,512,0.95,0.10621246829194993
wikitext,2048,512,0.955,0.1009631124058062
wikitext,2048,512,0.96,0.09574116842465452
wikitext,2048,512,0.965,0.09054635154755053
wikitext,2048,512,0.97,0.08537838138910796
wikitext,2048,512,0.975,0.08023698188868927
wikitext,2048,512,0.98,0.07512188122191883
wikitext,2048,512,0.985,0.07003281171444756
wikitext,2048,512,0.99,0.06496950975790083
wikitext,2048,512,0.995,0.05993171572794365
wikitext,2048,512,1.0,0.054919173904399377
wikitext,2048,512,1.005,0.0499316323933604
wikitext,2048,512,1.01,0.04496884305123128
wikitext,2048,512,1.015,0.040030561410648806
wikitext,2048,512,1.02,0.03511654660821963
wikitext,2048,512,1.025,0.030226561314027955
wikitext,2048,512,1.03,0.02536037166285494
wikitext,2048,512,1.035,0.020517747187067052
wikitext,2048,512,1.04,0.01569846075111804
wikitext,2048,512,1.045,0.01090228848762511
wikitext,2048,512,1.05,0.006129009734967328
wikitext,2048,512,1.055,0.0029746347300513057
wikitext,2048,512,1.06,0.004891151485328045
wikitext,2048,512,1.065,0.008055625256989017
wikitext,2048,512,1.07,0.012739474569415495
wikitext,2048,512,1.075,0.017401487675226708
wikitext,2048,512,1.08,0.02204186723172902
wikitext,2048,512,1.085,0.026660813088023472
wikitext,2048,512,1.0899999999999999,0.031258522336652834
wikitext,2048,512,1.095,0.03583518936406475
wikitext,2048,512,1.1,0.040391005899925565
wikitext,2048,512,1.105,0.04492616106531675
wikitext,2048,512,1.1099999999999999,0.049440841419843284
wikitext,2048,512,1.115,0.05393523100768271
wikitext,2048,512,1.12,0.0584095114026039
wikitext,2048,512,1.125,0.06286386175198408
wikitext,2048,512,1.13,0.06729845881984975
wikitext,2048,512,1.135,0.07171347702896663
wikitext,2048,512,1.14,0.07610908850200464
wikitext,2048,512,1.145,0.0804854631018036
wikitext,2048,512,1.15,0.08484276847075926
wikitext,2048,512,1.155,0.0891811700693575
wikitext,2048,512,1.16,0.09350083121387383
wikitext,2048,512,1.165,0.09780191311326454
wikitext,2048,512,1.17,0.1020845749052653
wikitext,2048,512,1.175,0.10634897369172296
wikitext,2048,512,1.18,0.11059526457317397
wikitext,2048,512,1.185,0.11482360068269519
wikitext,2048,512,1.19,0.11903413321903861
wikitext,2048,512,1.195,0.12322701147907467
wikitext,2048,512,1.2,0.12740238288955522
wikitext,2048,512,1.205,0.131560393038219
wikitext,2048,512,1.21,0.13570118570425033
wikitext,2048,512,1.2149999999999999,0.13982490288811228
wikitext,2048,512,1.22,0.1439316848407658
wikitext,2048,512,1.225,0.148021670092291
wikitext,2048,512,1.23,0.15209499547992675
wikitext,2048,512,1.2349999999999999,0.15615179617554104
wikitext,2048,512,1.24,0.1601922057125461
wikitext,2048,512,1.245,0.16421635601227164
wikitext,2048,512,1.25,0.16822437740981036
wikitext,2048,512,1.255,0.17221639867934777
wikitext,2048,512,1.26,0.17619254705898726
wikitext,2048,512,1.2650000000000001,0.18015294827508424
wikitext,2048,512,1.27,0.18409772656610054
wikitext,2048,512,1.275,0.18802700470599001
wikitext,2048,512,1.28,0.1919409040271264
wikitext,2048,512,1.285,0.1958395444427837
wikitext,2048,512,1.29,0.1997230444691814
wikitext,2048,512,1.295,0.20359152124710167
wikitext,2048,512,1.3,0.20744509056309168
wikitext,2048,512,1.305,0.21128386687025733
wikitext,2048,512,1.31,0.2151079633086609
wikitext,2048,512,1.315,0.21891749172532848
wikitext,2048,512,1.32,0.22271256269388018
wikitext,2048,512,1.325,0.22649328553378612
wikitext,2048,512,1.33,0.2302597683292631
wikitext,2048,512,1.335,0.2340121179478135
wikitext,2048,512,1.3399999999999999,0.2377504400584205
wikitext,2048,512,1.345,0.24147483914940304
wikitext,2048,512,1.35,0.24518541854593878
wikitext,2048,512,1.355,0.24888228042726482
wikitext,2048,512,1.3599999999999999,0.25256552584356123
wikitext,2048,512,1.365,0.2562352547325237
wikitext,2048,512,1.37,0.25989156593563423
wikitext,2048,512,1.375,0.2635345572141352
wikitext,2048,512,1.38,0.2671643252647138
wikitext,2048,512,1.385,0.27078096573490246
wikitext,2048,512,1.3900000000000001,0.2743845732382011
wikitext,2048,512,1.395,0.2779752413689296
wikitext,2048,512,1.4,0.28155306271681346
wikitext,2048,512,1.405,0.2851181288813098
wikitext,2048,512,1.4100000000000001,0.2886705304856776
wikitext,2048,512,1.415,0.29221035719080163
wikitext,2048,512,1.42,0.29573769770876995
wikitext,2048,512,1.425,0.2992526398162145
wikitext,2048,512,1.43,0.3027552703674165
wikitext,2048,512,1.435,0.3062456753071851
wikitext,2048,512,1.44,0.30972393968350986
wikitext,2048,512,1.4449999999999998,0.31319014765999603
wikitext,2048,512,1.45,0.31664438252808363
wikitext,2048,512,1.455,0.3200867267190565
wikitext,2048,512,1.46,0.32351726181584567
wikitext,2048,512,1.4649999999999999,0.32693606856463114
wikitext,2048,512,1.47,0.33034322688624557
wikitext,2048,512,1.475,0.3337388158873839
wikitext,2048,512,1.48,0.3371229138716243
wikitext,2048,512,1.4849999999999999,0.3404955983502635
wikitext,2048,512,1.49,0.34385694605296835
wikitext,2048,512,1.495,0.34720703293825045
wikitext,2048,512,1.5,0.35054593420376506
wikitext,2048,1024,0.85,0.25226657239859407
wikitext,2048,1024,0.855,0.24640145294619595
wikitext,2048,1024,0.86,0.24057053263540276
wikitext,2048,1024,0.865,0.23477341495107687
wikitext,2048,1024,0.87,0.22900971023432679
wikitext,2048,1024,0.875,0.22327903552534176
wikitext,2048,1024,0.88,0.21758101441070396
wikitext,2048,1024,0.885,0.21191527687502668
wikitext,2048,1024,0.89,0.20628145915677062
wikitext,2048,1024,0.895,0.2006792036081008
wikitext,2048,1024,0.9,0.19510815855864538
wikitext,2048,1024,0.905,0.18956797818303003
wikitext,2048,1024,0.9099999999999999,0.18405832237206055
wikitext,2048,1024,0.915,0.1785788566074348
wikitext,2048,1024,0.9199999999999999,0.17312925183987027
wikitext,2048,1024,0.9249999999999999,0.16770918437053106
wikitext,2048,1024,0.9299999999999999,0.1623183357356546
wikitext,2048,1024,0.9349999999999999,0.15695639259426922
wikitext,2048,1024,0.94,0.15162304661890663
wikitext,2048,1024,0.945,0.14631799438921347
wikitext,2048,1024,0.95,0.1410409372883697
wikitext,2048,1024,0.955,0.13579158140222594
wikitext,2048,1024,0.96,0.13056963742107427
wikitext,2048,1024,0.965,0.12537482054397026
wikitext,2048,1024,0.97,0.1202068503855277
wikitext,2048,1024,0.975,0.11506545088510901
wikitext,2048,1024,0.98,0.10995035021833859
wikitext,2048,1024,0.985,0.10486128071086727
wikitext,2048,1024,0.99,0.09979797875432056
wikitext,2048,1024,0.995,0.09476018472436339
wikitext,2048,1024,1.0,0.0897476429008191
wikitext,2048,1024,1.005,0.08476010138978013
wikitext,2048,1024,1.01,0.079797312047651
wikitext,2048,1024,1.015,0.07485903040706855
wikitext,2048,1024,1.02,0.06994501560463938
wikitext,2048,1024,1.025,0.0650550303104477
wikitext,2048,1024,1.03,0.060188840659274684
wikitext,2048,1024,1.035,0.055346216183486806
wikitext,2048,1024,1.04,0.05052692974753778
wikitext,2048,1024,1.045,0.04573075748404485
wikitext,2048,1024,1.05,0.04095747873138707
wikitext,2048,1024,1.055,0.036206875972789355
wikitext,2048,1024,1.06,0.03147873477684329
wikitext,2048,1024,1.065,0.026772843739430726
wikitext,2048,1024,1.07,0.02208899442700425
wikitext,2048,1024,1.075,0.017426981321193035
wikitext,2048,1024,1.08,0.012786601764690717
wikitext,2048,1024,1.085,0.008167655908396266
wikitext,2048,1024,1.0899999999999999,0.005255307409721873
wikitext,2048,1024,1.095,0.0044837669114623875
wikitext,2048,1024,1.1,0.006964538067794457
wikitext,2048,1024,1.105,0.01009769206889701
wikitext,2048,1024,1.1099999999999999,0.01461237242342355
wikitext,2048,1024,1.115,0.019106762011262966
wikitext,2048,1024,1.12,0.023581042406184156
wikitext,2048,1024,1.125,0.028035392755564343
wikitext,2048,1024,1.13,0.032469989823429996
wikitext,2048,1024,1.135,0.0368850080325469
wikitext,2048,1024,1.14,0.04128061950558489
wikitext,2048,1024,1.145,0.04565699410538387
wikitext,2048,1024,1.15,0.05001429947433952
wikitext,2048,1024,1.155,0.05435270107293775
wikitext,2048,1024,1.16,0.05867236221745411
wikitext,2048,1024,1.165,0.06297344411684482
wikitext,2048,1024,1.17,0.06725610590884558
wikitext,2048,1024,1.175,0.0715205046953032
wikitext,2048,1024,1.18,0.07576679557675421
wikitext,2048,1024,1.185,0.07999513168627544
wikitext,2048,1024,1.19,0.08420566422261887
wikitext,2048,1024,1.195,0.08839854248265494
wikitext,2048,1024,1.2,0.09257391389313548
wikitext,2048,1024,1.205,0.09673192404179927
wikitext,2048,1024,1.21,0.10087271670783059
wikitext,2048,1024,1.2149999999999999,0.10499643389169254
wikitext,2048,1024,1.22,0.10910321584434607
wikitext,2048,1024,1.225,0.11319320109587126
wikitext,2048,1024,1.23,0.117266526483507
wikitext,2048,1024,1.2349999999999999,0.1213233271791213
wikitext,2048,1024,1.24,0.12536373671612638
wikitext,2048,1024,1.245,0.12938788701585188
wikitext,2048,1024,1.25,0.13339590841339063
wikitext,2048,1024,1.255,0.13738792968292798
wikitext,2048,1024,1.26,0.14136407806256754
wikitext,2048,1024,1.2650000000000001,0.14532447927866451
wikitext,2048,1024,1.27,0.14926925756968082
wikitext,2048,1024,1.275,0.1531985357095703
wikitext,2048,1024,1.28,0.15711243503070668
wikitext,2048,1024,1.285,0.16101107544636392
wikitext,2048,1024,1.29,0.16489457547276162
wikitext,2048,1024,1.295,0.16876305225068186
wikitext,2048,1024,1.3,0.17261662156667193
wikitext,2048,1024,1.305,0.17645539787383754
wikitext,2048,1024,1.31,0.18027949431224108
wikitext,2048,1024,1.315,0.18408902272890873
wikitext,2048,1024,1.32,0.18788409369746042
wikitext,2048,1024,1.325,0.19166481653736636
wikitext,2048,1024,1.33,0.19543129933284334
wikitext,2048,1024,1.335,0.1991836489513937
wikitext,2048,1024,1.3399999999999999,0.20292197106200074
wikitext,2048,1024,1.345,0.2066463701529833
wikitext,2048,1024,1.35,0.21035694954951903
wikitext,2048,1024,1.355,0.2140538114308451
wikitext,2048,1024,1.3599999999999999,0.21773705684714142
wikitext,2048,1024,1.365,0.22140678573610398
wikitext,2048,1024,1.37,0.22506309693921447
wikitext,2048,1024,1.375,0.22870608821771546
wikitext,2048,1024,1.38,0.2323358562682941
wikitext,2048,1024,1.385,0.23595249673848276
wikitext,2048,1024,1.3900000000000001,0.23955610424178134
wikitext,2048,1024,1.395,0.24314677237250984
wikitext,2048,1024,1.4,0.24672459372039376
wikitext,2048,1024,1.405,0.25028965988488994
wikitext,2048,1024,1.4100000000000001,0.2538420614892579
wikitext,2048,1024,1.415,0.2573818881943818
wikitext,2048,1024,1.42,0.2609092287123502
wikitext,2048,1024,1.425,0.2644241708197948
wikitext,2048,1024,1.43,0.2679268013709968
wikitext,2048,1024,1.435,0.2714172063107654
wikitext,2048,1024,1.44,0.27489547068709014
wikitext,2048,1024,1.4449999999999998,0.27836167866357625
wikitext,2048,1024,1.45,0.2818159135316639
wikitext,2048,1024,1.455,0.2852582577226368
wikitext,2048,1024,1.46,0.28868879281942594
wikitext,2048,1024,1.4649999999999999,0.2921075995682114
wikitext,2048,1024,1.47,0.2955147578898258
wikitext,2048,1024,1.475,0.29891034689096413
wikitext,2048,1024,1.48,0.30229444487520457
wikitext,2048,1024,1.4849999999999999,0.30566712935384377
wikitext,2048,1024,1.49,0.3090284770565487
wikitext,2048,1024,1.495,0.3123785639418307
wikitext,2048,1024,1.5,0.3157174652073453
wikitext,2048,2048,0.85,0.30334263748000473
wikitext,2048,2048,0.855,0.2974775180276067
wikitext,2048,2048,0.86,0.2916465977168135
wikitext,2048,2048,0.865,0.28584948003248756
wikitext,2048,2048,0.87,0.2800857753157375
wikitext,2048,2048,0.875,0.27435510060675244
wikitext,2048,2048,0.88,0.26865707949211476
wikitext,2048,2048,0.885,0.2629913419564373
wikitext,2048,2048,0.89,0.2573575242381813
wikitext,2048,2048,0.895,0.2517552686895115
wikitext,2048,2048,0.9,0.24618422364005613
wikitext,2048,2048,0.905,0.24064404326444078
wikitext,2048,2048,0.9099999999999999,0.23513438745347126
wikitext,2048,2048,0.915,0.2296549216888455
wikitext,2048,2048,0.9199999999999999,0.22420531692128098
wikitext,2048,2048,0.9249999999999999,0.21878524945194178
wikitext,2048,2048,0.9299999999999999,0.21339440081706532
wikitext,2048,2048,0.9349999999999999,0.20803245767567993
wikitext,2048,2048,0.94,0.20269911170031737
wikitext,2048,2048,0.945,0.1973940594706242
wikitext,2048,2048,0.95,0.19211700236978044
wikitext,2048,2048,0.955,0.18686764648363666
wikitext,2048,2048,0.96,0.18164570250248502
wikitext,2048,2048,0.965,0.17645088562538103
wikitext,2048,2048,0.97,0.1712829154669384
wikitext,2048,2048,0.975,0.16614151596651974
wikitext,2048,2048,0.98,0.1610264152997493
wikitext,2048,2048,0.985,0.15593734579227803
wikitext,2048,2048,0.99,0.1508740438357313
wikitext,2048,2048,0.995,0.14583624980577414
wikitext,2048,2048,1.0,0.14082370798222985
wikitext,2048,2048,1.005,0.13583616647119087
wikitext,2048,2048,1.01,0.13087337712906175
wikitext,2048,2048,1.015,0.12593509548847928
wikitext,2048,2048,1.02,0.12102108068605011
wikitext,2048,2048,1.025,0.11613109539185841
wikitext,2048,2048,1.03,0.11126490574068541
wikitext,2048,2048,1.035,0.10642228126489754
wikitext,2048,2048,1.04,0.10160299482894852
wikitext,2048,2048,1.045,0.09680682256545559
wikitext,2048,2048,1.05,0.09203354381279778
wikitext,2048,2048,1.055,0.08728294105420009
wikitext,2048,2048,1.06,0.08255479985825402
wikitext,2048,2048,1.065,0.07784890882084146
wikitext,2048,2048,1.07,0.07316505950841497
wikitext,2048,2048,1.075,0.06850304640260375
wikitext,2048,2048,1.08,0.06386266684610144
wikitext,2048,2048,1.085,0.05924372098980699
wikitext,2048,2048,1.0899999999999999,0.054646011741177634
wikitext,2048,2048,1.095,0.05006934471376573
wikitext,2048,2048,1.1,0.045513528177904904
wikitext,2048,2048,1.105,0.04097837301251372
wikitext,2048,2048,1.1099999999999999,0.03646369265798718
wikitext,2048,2048,1.115,0.03196930307014776
wikitext,2048,2048,1.12,0.027495022675226573
wikitext,2048,2048,1.125,0.023040672325846386
wikitext,2048,2048,1.13,0.01860607525798073
wikitext,2048,2048,1.135,0.014191057048863831
wikitext,2048,2048,1.14,0.01092083936052351
wikitext,2048,2048,1.145,0.008295466534345944
wikitext,2048,2048,1.15,0.006843031411360727
wikitext,2048,2048,1.155,0.005531490517320765
wikitext,2048,2048,1.16,0.007596297136043377
wikitext,2048,2048,1.165,0.011897379035434091
wikitext,2048,2048,1.17,0.016180040827434853
wikitext,2048,2048,1.175,0.020444439613892477
wikitext,2048,2048,1.18,0.024690730495343486
wikitext,2048,2048,1.185,0.02891906660486471
wikitext,2048,2048,1.19,0.033129599141208145
wikitext,2048,2048,1.195,0.037322477401244204
wikitext,2048,2048,1.2,0.041497848811724754
wikitext,2048,2048,1.205,0.04565585896038854
wikitext,2048,2048,1.21,0.049796651626419865
wikitext,2048,2048,1.2149999999999999,0.05392036881028182
wikitext,2048,2048,1.22,0.05802715076293533
wikitext,2048,2048,1.225,0.06211713601446054
wikitext,2048,2048,1.23,0.06619046140209629
wikitext,2048,2048,1.2349999999999999,0.07024726209771058
wikitext,2048,2048,1.24,0.07428767163471565
wikitext,2048,2048,1.245,0.07831182193444118
wikitext,2048,2048,1.25,0.08231984333197993
wikitext,2048,2048,1.255,0.08631186460151728
wikitext,2048,2048,1.26,0.0902880129811568
wikitext,2048,2048,1.2650000000000001,0.09424841419725381
wikitext,2048,2048,1.27,0.09819319248827008
wikitext,2048,2048,1.275,0.10212247062815955
wikitext,2048,2048,1.28,0.10603636994929595
wikitext,2048,2048,1.285,0.10993501036495322
wikitext,2048,2048,1.29,0.11381851039135092
wikitext,2048,2048,1.295,0.11768698716927116
wikitext,2048,2048,1.3,0.12154055648526123
wikitext,2048,2048,1.305,0.12537933279242683
wikitext,2048,2048,1.31,0.12920342923083036
wikitext,2048,2048,1.315,0.13301295764749801
wikitext,2048,2048,1.32,0.1368080286160497
wikitext,2048,2048,1.325,0.14058875145595565
wikitext,2048,2048,1.33,0.14435523425143262
wikitext,2048,2048,1.335,0.148107583869983
wikitext,2048,2048,1.3399999999999999,0.15184590598059003
wikitext,2048,2048,1.345,0.15557030507157257
wikitext,2048,2048,1.35,0.1592808844681083
wikitext,2048,2048,1.355,0.16297774634943438
wikitext,2048,2048,1.3599999999999999,0.1666609917657307
wikitext,2048,2048,1.365,0.1703307206546932
wikitext,2048,2048,1.37,0.17398703185780376
wikitext,2048,2048,1.375,0.17763002313630474
wikitext,2048,2048,1.38,0.1812597911868834
wikitext,2048,2048,1.385,0.184876431657072
wikitext,2048,2048,1.3900000000000001,0.18848003916037062
wikitext,2048,2048,1.395,0.19207070729109912
wikitext,2048,2048,1.4,0.19564852863898308
wikitext,2048,2048,1.405,0.19921359480347925
wikitext,2048,2048,1.4100000000000001,0.2027659964078472
wikitext,2048,2048,1.415,0.2063058231129711
wikitext,2048,2048,1.42,0.20983316363093948
wikitext,2048,2048,1.425,0.21334810573838406
wikitext,2048,2048,1.43,0.21685073628958604
wikitext,2048,2048,1.435,0.22034114122935464
wikitext,2048,2048,1.44,0.2238194056056794
wikitext,2048,2048,1.4449999999999998,0.22728561358216548
wikitext,2048,2048,1.45,0.2307398484502532
wikitext,2048,2048,1.455,0.23418219264122606
wikitext,2048,2048,1.46,0.2376127277380152
wikitext,2048,2048,1.4649999999999999,0.24103153448680067
wikitext,2048,2048,1.47,0.24443869280841504
wikitext,2048,2048,1.475,0.24783428180955336
wikitext,2048,2048,1.48,0.25121837979379386
wikitext,2048,2048,1.4849999999999999,0.254591064272433
wikitext,2048,2048,1.49,0.25795241197513796
wikitext,2048,2048,1.495,0.26130249886042
wikitext,2048,2048,1.5,0.26464140012593457
wikitext,2048,4096,0.85,0.36504211003134296
wikitext,2048,4096,0.855,0.35917699057894487
wikitext,2048,4096,0.86,0.35334607026815174
wikitext,2048,4096,0.865,0.3475489525838258
wikitext,2048,4096,0.87,0.3417852478670757
wikitext,2048,4096,0.875,0.3360545731580907
wikitext,2048,4096,0.88,0.33035655204345293
wikitext,2048,4096,0.885,0.32469081450777554
wikitext,2048,4096,0.89,0.31905699678951954
wikitext,2048,4096,0.895,0.31345474124084977
wikitext,2048,4096,0.9,0.30788369619139433
wikitext,2048,4096,0.905,0.30234351581577895
wikitext,2048,4096,0.9099999999999999,0.29683386000480944
wikitext,2048,4096,0.915,0.2913543942401838
wikitext,2048,4096,0.9199999999999999,0.28590478947261916
wikitext,2048,4096,0.9249999999999999,0.28048472200327995
wikitext,2048,4096,0.9299999999999999,0.2750938733684036
wikitext,2048,4096,0.9349999999999999,0.2697319302270182
wikitext,2048,4096,0.94,0.2643985842516556
wikitext,2048,4096,0.945,0.2590935320219624
wikitext,2048,4096,0.95,0.25381647492111864
wikitext,2048,4096,0.955,0.2485671190349749
wikitext,2048,4096,0.96,0.24334517505382322
wikitext,2048,4096,0.965,0.23815035817671917
wikitext,2048,4096,0.97,0.23298238801827664
wikitext,2048,4096,0.975,0.22784098851785795
wikitext,2048,4096,0.98,0.22272588785108752
wikitext,2048,4096,0.985,0.21763681834361623
wikitext,2048,4096,0.99,0.21257351638706953
wikitext,2048,4096,0.995,0.20753572235711237
wikitext,2048,4096,1.0,0.20252318053356802
wikitext,2048,4096,1.005,0.1975356390225291
wikitext,2048,4096,1.01,0.19257284968039998
wikitext,2048,4096,1.015,0.18763456803981748
wikitext,2048,4096,1.02,0.1827205532373883
wikitext,2048,4096,1.025,0.17783056794319663
wikitext,2048,4096,1.03,0.17296437829202363
wikitext,2048,4096,1.035,0.16812175381623573
wikitext,2048,4096,1.04,0.16330246738028673
wikitext,2048,4096,1.045,0.1585062951167938
wikitext,2048,4096,1.05,0.153733016364136
wikitext,2048,4096,1.055,0.1489824136055383
wikitext,2048,4096,1.06,0.1442542724095922
wikitext,2048,4096,1.065,0.13954838137217968
wikitext,2048,4096,1.07,0.13486453205975318
wikitext,2048,4096,1.075,0.13020251895394197
wikitext,2048,4096,1.08,0.12556213939743965
wikitext,2048,4096,1.085,0.1209431935411452
wikitext,2048,4096,1.0899999999999999,0.11634548429251584
wikitext,2048,4096,1.095,0.11176881726510395
wikitext,2048,4096,1.1,0.10721300072924311
wikitext,2048,4096,1.105,0.10267784556385191
wikitext,2048,4096,1.1099999999999999,0.09816316520932539
wikitext,2048,4096,1.115,0.09366877562148597
wikitext,2048,4096,1.12,0.0891944952265648
wikitext,2048,4096,1.125,0.08474014487718458
wikitext,2048,4096,1.13,0.08030554780931894
wikitext,2048,4096,1.135,0.07589052960020204
wikitext,2048,4096,1.14,0.07149491812716406
wikitext,2048,4096,1.145,0.06711854352736507
wikitext,2048,4096,1.15,0.06276123815840944
wikitext,2048,4096,1.155,0.05842283655981118
wikitext,2048,4096,1.16,0.05410317541529484
wikitext,2048,4096,1.165,0.049802093515904124
wikitext,2048,4096,1.17,0.04551943172390336
wikitext,2048,4096,1.175,0.041255032937445736
wikitext,2048,4096,1.18,0.03700874205599473
wikitext,2048,4096,1.185,0.0327804059464735
wikitext,2048,4096,1.19,0.028569873410130068
wikitext,2048,4096,1.195,0.02437699515009401
wikitext,2048,4096,1.2,0.02020162373961346
wikitext,2048,4096,1.205,0.01624955706454352
wikitext,2048,4096,1.21,0.013489028620522642
wikitext,2048,4096,1.2149999999999999,0.010739883831281341
wikitext,2048,4096,1.22,0.008039590815269703
wikitext,2048,4096,1.225,0.006987348583266047
wikitext,2048,4096,1.23,0.006987348583266047
wikitext,2048,4096,1.2349999999999999,0.009027308195877201
wikitext,2048,4096,1.24,0.012588199083377433
wikitext,2048,4096,1.245,0.01661234938310296
wikitext,2048,4096,1.25,0.020620370780641713
wikitext,2048,4096,1.255,0.024612392050179063
wikitext,2048,4096,1.26,0.02858854042981859
wikitext,2048,4096,1.2650000000000001,0.03254894164591559
wikitext,2048,4096,1.27,0.036493719936931866
wikitext,2048,4096,1.275,0.040422998076821336
wikitext,2048,4096,1.28,0.044336897397957764
wikitext,2048,4096,1.285,0.048235537813615004
wikitext,2048,4096,1.29,0.0521190378400127
wikitext,2048,4096,1.295,0.055987514617932936
wikitext,2048,4096,1.3,0.05984108393392301
wikitext,2048,4096,1.305,0.06367986024108863
wikitext,2048,4096,1.31,0.06750395667949216
wikitext,2048,4096,1.315,0.07131348509615981
wikitext,2048,4096,1.32,0.0751085560647115
wikitext,2048,4096,1.325,0.07888927890461744
wikitext,2048,4096,1.33,0.08265576170009442
wikitext,2048,4096,1.335,0.08640811131864479
wikitext,2048,4096,1.3399999999999999,0.09014643342925183
wikitext,2048,4096,1.345,0.09387083252023437
wikitext,2048,4096,1.35,0.09758141191677011
wikitext,2048,4096,1.355,0.10127827379809617
wikitext,2048,4096,1.3599999999999999,0.1049615192143925
wikitext,2048,4096,1.365,0.108631248103355
wikitext,2048,4096,1.37,0.11228755930646556
wikitext,2048,4096,1.375,0.11593055058496654
wikitext,2048,4096,1.38,0.11956031863554517
wikitext,2048,4096,1.385,0.12317695910573379
wikitext,2048,4096,1.3900000000000001,0.12678056660903242
wikitext,2048,4096,1.395,0.13037123473976092
wikitext,2048,4096,1.4,0.13394905608764485
wikitext,2048,4096,1.405,0.13751412225214105
wikitext,2048,4096,1.4100000000000001,0.14106652385650897
wikitext,2048,4096,1.415,0.1446063505616329
wikitext,2048,4096,1.42,0.14813369107960128
wikitext,2048,4096,1.425,0.15164863318704586
wikitext,2048,4096,1.43,0.15515126373824784
wikitext,2048,4096,1.435,0.15864166867801643
wikitext,2048,4096,1.44,0.1621199330543412
wikitext,2048,4096,1.4449999999999998,0.16558614103082728
wikitext,2048,4096,1.45,0.16904037589891496
wikitext,2048,4096,1.455,0.17248272008988785
wikitext,2048,4096,1.46,0.175913255186677
wikitext,2048,4096,1.4649999999999999,0.17933206193546247
wikitext,2048,4096,1.47,0.1827392202570768
wikitext,2048,4096,1.475,0.18613480925821516
wikitext,2048,4096,1.48,0.1895189072424556
wikitext,2048,4096,1.4849999999999999,0.19289159172109482
wikitext,2048,4096,1.49,0.19625293942379973
wikitext,2048,4096,1.495,0.19960302630908178
wikitext,2048,4096,1.5,0.20294192757459628
wikitext,4096,512,0.85,0.20136871936779535
wikitext,4096,512,0.855,0.19550359991539726
wikitext,4096,512,0.86,0.1896726796046041
wikitext,4096,512,0.865,0.18387556192027818
wikitext,4096,512,0.87,0.17811185720352807
wikitext,4096,512,0.875,0.17238118249454307
wikitext,4096,512,0.88,0.16668316137990533
wikitext,4096,512,0.885,0.16101742384422793
wikitext,4096,512,0.89,0.15538360612597193
wikitext,4096,512,0.895,0.1497813505773021
wikitext,4096,512,0.9,0.14421030552784672
wikitext,4096,512,0.905,0.13867012515223132
wikitext,4096,512,0.9099999999999999,0.13316046934126183
wikitext,4096,512,0.915,0.12768100357663614
wikitext,4096,512,0.9199999999999999,0.12223139880907156
wikitext,4096,512,0.9249999999999999,0.11681133133973236
wikitext,4096,512,0.9299999999999999,0.11142048270485594
wikitext,4096,512,0.9349999999999999,0.10605853956347056
wikitext,4096,512,0.94,0.10072519358810796
wikitext,4096,512,0.945,0.09542014135841477
wikitext,4096,512,0.95,0.090143084257571
wikitext,4096,512,0.955,0.08489372837142728
wikitext,4096,512,0.96,0.07967178439027559
wikitext,4096,512,0.965,0.07447696751317158
wikitext,4096,512,0.97,0.06930899735472901
wikitext,4096,512,0.975,0.06416759785431032
wikitext,4096,512,0.98,0.05905249718753988
wikitext,4096,512,0.985,0.0539634276800686
wikitext,4096,512,0.99,0.04890012572352188
wikitext,4096,512,0.995,0.0438623316935647
wikitext,4096,512,1.0,0.03884978987002042
wikitext,4096,512,1.005,0.03386224835898146
wikitext,4096,512,1.01,0.02889945901685233
wikitext,4096,512,1.015,0.023961177376269863
wikitext,4096,512,1.02,0.019047162573840693
wikitext,4096,512,1.025,0.01415717727964901
wikitext,4096,512,1.03,0.009290987628475992
wikitext,4096,512,1.035,0.004448363152688105
wikitext,4096,512,1.04,0.0032849901028290593
wikitext,4096,512,1.045,0.005179326125512386
wikitext,4096,512,1.05,0.00994037429941162
wikitext,4096,512,1.055,0.014690977058009341
wikitext,4096,512,1.06,0.0194191182539554
wikitext,4096,512,1.065,0.024125009291367964
wikitext,4096,512,1.07,0.02880885860379444
wikitext,4096,512,1.075,0.03347087170960566
wikitext,4096,512,1.08,0.038111251266107975
wikitext,4096,512,1.085,0.042730197122402426
wikitext,4096,512,1.0899999999999999,0.047327906371031785
wikitext,4096,512,1.095,0.051904573398443704
wikitext,4096,512,1.1,0.056460389934304515
wikitext,4096,512,1.105,0.0609955450996957
wikitext,4096,512,1.1099999999999999,0.06551022545422223
wikitext,4096,512,1.115,0.07000461504206167
wikitext,4096,512,1.12,0.07447889543698284
wikitext,4096,512,1.125,0.07893324578636303
wikitext,4096,512,1.13,0.0833678428542287
wikitext,4096,512,1.135,0.0877828610633456
wikitext,4096,512,1.14,0.09217847253638356
wikitext,4096,512,1.145,0.09655484713618255
wikitext,4096,512,1.15,0.10091215250513819
wikitext,4096,512,1.155,0.10525055410373646
wikitext,4096,512,1.16,0.10957021524825282
wikitext,4096,512,1.165,0.11387129714764353
wikitext,4096,512,1.17,0.11815395893964427
wikitext,4096,512,1.175,0.12241835772610188
wikitext,4096,512,1.18,0.1266646486075529
wikitext,4096,512,1.185,0.1308929847170741
wikitext,4096,512,1.19,0.13510351725341754
wikitext,4096,512,1.195,0.13929639551345363
wikitext,4096,512,1.2,0.14347176692393415
wikitext,4096,512,1.205,0.14762977707259795
wikitext,4096,512,1.21,0.15177056973862926
wikitext,4096,512,1.2149999999999999,0.15589428692249122
wikitext,4096,512,1.22,0.16000106887514476
wikitext,4096,512,1.225,0.16409105412666994
wikitext,4096,512,1.23,0.1681643795143057
wikitext,4096,512,1.2349999999999999,0.17222118020991997
wikitext,4096,512,1.24,0.17626158974692507
wikitext,4096,512,1.245,0.18028574004665057
wikitext,4096,512,1.25,0.18429376144418932
wikitext,4096,512,1.255,0.18828578271372667
wikitext,4096,512,1.26,0.1922619310933662
wikitext,4096,512,1.2650000000000001,0.1962223323094632
wikitext,4096,512,1.27,0.2001671106004795
wikitext,4096,512,1.275,0.20409638874036895
wikitext,4096,512,1.28,0.20801028806150537
wikitext,4096,512,1.285,0.21190892847716267
wikitext,4096,512,1.29,0.21579242850356037
wikitext,4096,512,1.295,0.2196609052814806
wikitext,4096,512,1.3,0.22351447459747065
wikitext,4096,512,1.305,0.2273532509046363
wikitext,4096,512,1.31,0.23117734734303982
wikitext,4096,512,1.315,0.23498687575970742
wikitext,4096,512,1.32,0.23878194672825911
wikitext,4096,512,1.325,0.24256266956816508
wikitext,4096,512,1.33,0.24632915236364203
wikitext,4096,512,1.335,0.2500815019821924
wikitext,4096,512,1.3399999999999999,0.2538198240927995
wikitext,4096,512,1.345,0.25754422318378206
wikitext,4096,512,1.35,0.2612548025803177
wikitext,4096,512,1.355,0.2649516644616438
wikitext,4096,512,1.3599999999999999,0.26863490987794014
wikitext,4096,512,1.365,0.2723046387669026
wikitext,4096,512,1.37,0.27596094997001314
wikitext,4096,512,1.375,0.27960394124851423
wikitext,4096,512,1.38,0.2832337092990928
wikitext,4096,512,1.385,0.28685034976928137
wikitext,4096,512,1.3900000000000001,0.29045395727258
wikitext,4096,512,1.395,0.2940446254033085
wikitext,4096,512,1.4,0.2976224467511925
wikitext,4096,512,1.405,0.3011875129156887
wikitext,4096,512,1.4100000000000001,0.3047399145200566
wikitext,4096,512,1.415,0.30827974122518054
wikitext,4096,512,1.42,0.31180708174314886
wikitext,4096,512,1.425,0.31532202385059344
wikitext,4096,512,1.43,0.3188246544017954
wikitext,4096,512,1.435,0.322315059341564
wikitext,4096,512,1.44,0.32579332371788877
wikitext,4096,512,1.4449999999999998,0.32925953169437494
wikitext,4096,512,1.45,0.3327137665624626
wikitext,4096,512,1.455,0.33615611075343543
wikitext,4096,512,1.46,0.3395866458502246
wikitext,4096,512,1.4649999999999999,0.34300545259901005
wikitext,4096,512,1.47,0.3464126109206245
wikitext,4096,512,1.475,0.3498081999217628
wikitext,4096,512,1.48,0.3531922979060032
wikitext,4096,512,1.4849999999999999,0.3565649823846424
wikitext,4096,512,1.49,0.35992633008734737
wikitext,4096,512,1.495,0.3632764169726294
wikitext,4096,512,1.5,0.366615318238144
wikitext,4096,1024,0.85,0.22797882188260973
wikitext,4096,1024,0.855,0.22211370243021167
wikitext,4096,1024,0.86,0.21628278211941845
wikitext,4096,1024,0.865,0.21048566443509253
wikitext,4096,1024,0.87,0.20472195971834242
wikitext,4096,1024,0.875,0.19899128500935745
wikitext,4096,1024,0.88,0.19329326389471968
wikitext,4096,1024,0.885,0.18762752635904234
wikitext,4096,1024,0.89,0.18199370864078632
wikitext,4096,1024,0.895,0.17639145309211646
wikitext,4096,1024,0.9,0.17082040804266108
wikitext,4096,1024,0.905,0.16528022766704573
wikitext,4096,1024,0.9099999999999999,0.1597705718560762
wikitext,4096,1024,0.915,0.1542911060914505
wikitext,4096,1024,0.9199999999999999,0.14884150132388593
wikitext,4096,1024,0.9249999999999999,0.14342143385454673
wikitext,4096,1024,0.9299999999999999,0.1380305852196703
wikitext,4096,1024,0.9349999999999999,0.1326686420782849
wikitext,4096,1024,0.94,0.12733529610292235
wikitext,4096,1024,0.945,0.12203024387322914
wikitext,4096,1024,0.95,0.11675318677238537
wikitext,4096,1024,0.955,0.11150383088624165
wikitext,4096,1024,0.96,0.10628188690508998
wikitext,4096,1024,0.965,0.10108707002798596
wikitext,4096,1024,0.97,0.09591909986954338
wikitext,4096,1024,0.975,0.09077770036912469
wikitext,4096,1024,0.98,0.08566259970235428
wikitext,4096,1024,0.985,0.08057353019488299
wikitext,4096,1024,0.99,0.07551022823833627
wikitext,4096,1024,0.995,0.07047243420837908
wikitext,4096,1024,1.0,0.06545989238483481
wikitext,4096,1024,1.005,0.06047235087379583
wikitext,4096,1024,1.01,0.0555095615316667
wikitext,4096,1024,1.015,0.05057127989108425
wikitext,4096,1024,1.02,0.045657265088655065
wikitext,4096,1024,1.025,0.04076727979446339
wikitext,4096,1024,1.03,0.03590109014329037
wikitext,4096,1024,1.035,0.031058465667502488
wikitext,4096,1024,1.04,0.026239179231553476
wikitext,4096,1024,1.045,0.021443006968060545
wikitext,4096,1024,1.05,0.01666972821540276
wikitext,4096,1024,1.055,0.011919125456805041
wikitext,4096,1024,1.06,0.007190984260858979
wikitext,4096,1024,1.065,0.004385193792620295
wikitext,4096,1024,1.07,0.005740834171143767
wikitext,4096,1024,1.075,0.007513604460548302
wikitext,4096,1024,1.08,0.01150114875129359
wikitext,4096,1024,1.085,0.01612009460758804
wikitext,4096,1024,1.0899999999999999,0.0207178038562174
wikitext,4096,1024,1.095,0.02529447088362931
wikitext,4096,1024,1.1,0.02985028741949013
wikitext,4096,1024,1.105,0.03438544258488132
wikitext,4096,1024,1.1099999999999999,0.03890012293940786
wikitext,4096,1024,1.115,0.04339451252724728
wikitext,4096,1024,1.12,0.04786879292216847
wikitext,4096,1024,1.125,0.052323143271548654
wikitext,4096,1024,1.13,0.05675774033941431
wikitext,4096,1024,1.135,0.06117275854853121
wikitext,4096,1024,1.14,0.06556837002156919
wikitext,4096,1024,1.145,0.06994474462136817
wikitext,4096,1024,1.15,0.07430204999032382
wikitext,4096,1024,1.155,0.07864045158892206
wikitext,4096,1024,1.16,0.08296011273343841
wikitext,4096,1024,1.165,0.08726119463282912
wikitext,4096,1024,1.17,0.09154385642482989
wikitext,4096,1024,1.175,0.09580825521128751
wikitext,4096,1024,1.18,0.10005454609273852
wikitext,4096,1024,1.185,0.10428288220225974
wikitext,4096,1024,1.19,0.10849341473860317
wikitext,4096,1024,1.195,0.11268629299863923
wikitext,4096,1024,1.2,0.11686166440911978
wikitext,4096,1024,1.205,0.12101967455778358
wikitext,4096,1024,1.21,0.12516046722381488
wikitext,4096,1024,1.2149999999999999,0.12928418440767683
wikitext,4096,1024,1.22,0.13339096636033035
wikitext,4096,1024,1.225,0.13748095161185556
wikitext,4096,1024,1.23,0.14155427699949133
wikitext,4096,1024,1.2349999999999999,0.1456110776951056
wikitext,4096,1024,1.24,0.14965148723211066
wikitext,4096,1024,1.245,0.1536756375318362
wikitext,4096,1024,1.25,0.15768365892937497
wikitext,4096,1024,1.255,0.1616756801989123
wikitext,4096,1024,1.26,0.16565182857855185
wikitext,4096,1024,1.2650000000000001,0.16961222979464885
wikitext,4096,1024,1.27,0.17355700808566513
wikitext,4096,1024,1.275,0.1774862862255546
wikitext,4096,1024,1.28,0.18140018554669102
wikitext,4096,1024,1.285,0.18529882596234826
wikitext,4096,1024,1.29,0.18918232598874596
wikitext,4096,1024,1.295,0.1930508027666662
wikitext,4096,1024,1.3,0.19690437208265624
wikitext,4096,1024,1.305,0.20074314838982188
wikitext,4096,1024,1.31,0.20456724482822541
wikitext,4096,1024,1.315,0.20837677324489304
wikitext,4096,1024,1.32,0.21217184421344473
wikitext,4096,1024,1.325,0.21595256705335067
wikitext,4096,1024,1.33,0.21971904984882765
wikitext,4096,1024,1.335,0.22347139946737804
wikitext,4096,1024,1.3399999999999999,0.22720972157798505
wikitext,4096,1024,1.345,0.2309341206689676
wikitext,4096,1024,1.35,0.23464470006550334
wikitext,4096,1024,1.355,0.23834156194682943
wikitext,4096,1024,1.3599999999999999,0.2420248073631258
wikitext,4096,1024,1.365,0.24569453625208826
wikitext,4096,1024,1.37,0.24935084745519878
wikitext,4096,1024,1.375,0.2529938387336998
wikitext,4096,1024,1.38,0.2566236067842784
wikitext,4096,1024,1.385,0.2602402472544671
wikitext,4096,1024,1.3900000000000001,0.2638438547577657
wikitext,4096,1024,1.395,0.2674345228884942
wikitext,4096,1024,1.4,0.2710123442363781
wikitext,4096,1024,1.405,0.2745774104008743
wikitext,4096,1024,1.4100000000000001,0.2781298120052422
wikitext,4096,1024,1.415,0.28166963871036615
wikitext,4096,1024,1.42,0.2851969792283346
wikitext,4096,1024,1.425,0.2887119213357791
wikitext,4096,1024,1.43,0.29221455188698114
wikitext,4096,1024,1.435,0.29570495682674974
wikitext,4096,1024,1.44,0.29918322120307445
wikitext,4096,1024,1.4449999999999998,0.30264942917956056
wikitext,4096,1024,1.45,0.3061036640476482
wikitext,4096,1024,1.455,0.30954600823862116
wikitext,4096,1024,1.46,0.3129765433354103
wikitext,4096,1024,1.4649999999999999,0.3163953500841958
wikitext,4096,1024,1.47,0.3198025084058101
wikitext,4096,1024,1.475,0.32319809740694844
wikitext,4096,1024,1.48,0.3265821953911889
wikitext,4096,1024,1.4849999999999999,0.32995487986982813
wikitext,4096,1024,1.49,0.333316227572533
wikitext,4096,1024,1.495,0.33666631445781503
wikitext,4096,1024,1.5,0.34000521572332953
wikitext,4096,2048,0.85,0.2662630310316824
wikitext,4096,2048,0.855,0.2603979115792843
wikitext,4096,2048,0.86,0.25456699126849114
wikitext,4096,2048,0.865,0.24876987358416525
wikitext,4096,2048,0.87,0.24300616886741513
wikitext,4096,2048,0.875,0.23727549415843016
wikitext,4096,2048,0.88,0.2315774730437924
wikitext,4096,2048,0.885,0.22591173550811502
wikitext,4096,2048,0.89,0.22027791778985903
wikitext,4096,2048,0.895,0.21467566224118914
wikitext,4096,2048,0.9,0.2091046171917338
wikitext,4096,2048,0.905,0.20356443681611838
wikitext,4096,2048,0.9099999999999999,0.19805478100514892
wikitext,4096,2048,0.915,0.19257531524052318
wikitext,4096,2048,0.9199999999999999,0.18712571047295865
wikitext,4096,2048,0.9249999999999999,0.18170564300361944
wikitext,4096,2048,0.9299999999999999,0.17631479436874298
wikitext,4096,2048,0.9349999999999999,0.1709528512273576
wikitext,4096,2048,0.94,0.165619505251995
wikitext,4096,2048,0.945,0.16031445302230185
wikitext,4096,2048,0.95,0.15503739592145807
wikitext,4096,2048,0.955,0.14978804003531435
wikitext,4096,2048,0.96,0.14456609605416268
wikitext,4096,2048,0.965,0.13937127917705866
wikitext,4096,2048,0.97,0.13420330901861607
wikitext,4096,2048,0.975,0.1290619095181974
wikitext,4096,2048,0.98,0.12394680885142696
wikitext,4096,2048,0.985,0.11885773934395567
wikitext,4096,2048,0.99,0.11379443738740895
wikitext,4096,2048,0.995,0.10875664335745178
wikitext,4096,2048,1.0,0.10374410153390749
wikitext,4096,2048,1.005,0.09875656002286852
wikitext,4096,2048,1.01,0.09379377068073941
wikitext,4096,2048,1.015,0.08885548904015694
wikitext,4096,2048,1.02,0.08394147423772776
wikitext,4096,2048,1.025,0.07905148894353609
wikitext,4096,2048,1.03,0.07418529929236306
wikitext,4096,2048,1.035,0.06934267481657519
wikitext,4096,2048,1.04,0.06452338838062617
wikitext,4096,2048,1.045,0.05972721611713325
wikitext,4096,2048,1.05,0.05495393736447546
wikitext,4096,2048,1.055,0.05020333460587773
wikitext,4096,2048,1.06,0.045475193409931676
wikitext,4096,2048,1.065,0.04076930237251911
wikitext,4096,2048,1.07,0.036085453060092636
wikitext,4096,2048,1.075,0.03142343995428142
wikitext,4096,2048,1.08,0.02678306039777911
wikitext,4096,2048,1.085,0.022164114541484658
wikitext,4096,2048,1.0899999999999999,0.017566405292855296
wikitext,4096,2048,1.095,0.012989738265443383
wikitext,4096,2048,1.1,0.008501865997049054
wikitext,4096,2048,1.105,0.006764398557312194
wikitext,4096,2048,1.1099999999999999,0.006544307617704875
wikitext,4096,2048,1.115,0.008019118459191886
wikitext,4096,2048,1.12,0.010823108904504
wikitext,4096,2048,1.125,0.014038934122475956
wikitext,4096,2048,1.13,0.018473531190341612
wikitext,4096,2048,1.135,0.022888549399458512
wikitext,4096,2048,1.14,0.027284160872496504
wikitext,4096,2048,1.145,0.03166053547229548
wikitext,4096,2048,1.15,0.03601784084125113
wikitext,4096,2048,1.155,0.04035624243984937
wikitext,4096,2048,1.16,0.04467590358436571
wikitext,4096,2048,1.165,0.048976985483756424
wikitext,4096,2048,1.17,0.05325964727575719
wikitext,4096,2048,1.175,0.05752404606221481
wikitext,4096,2048,1.18,0.06177033694366582
wikitext,4096,2048,1.185,0.06599867305318705
wikitext,4096,2048,1.19,0.07020920558953048
wikitext,4096,2048,1.195,0.07440208384956654
wikitext,4096,2048,1.2,0.07857745526004709
wikitext,4096,2048,1.205,0.08273546540871088
wikitext,4096,2048,1.21,0.0868762580747422
wikitext,4096,2048,1.2149999999999999,0.09099997525860415
wikitext,4096,2048,1.22,0.09510675721125768
wikitext,4096,2048,1.225,0.09919674246278287
wikitext,4096,2048,1.23,0.10327006785041863
wikitext,4096,2048,1.2349999999999999,0.1073268685460329
wikitext,4096,2048,1.24,0.111367278083038
wikitext,4096,2048,1.245,0.1153914283827635
wikitext,4096,2048,1.25,0.11939944978030226
wikitext,4096,2048,1.255,0.12339147104983961
wikitext,4096,2048,1.26,0.12736761942947913
wikitext,4096,2048,1.2650000000000001,0.13132802064557614
wikitext,4096,2048,1.27,0.13527279893659241
wikitext,4096,2048,1.275,0.13920207707648188
wikitext,4096,2048,1.28,0.1431159763976183
wikitext,4096,2048,1.285,0.14701461681327554
wikitext,4096,2048,1.29,0.15089811683967325
wikitext,4096,2048,1.295,0.15476659361759348
wikitext,4096,2048,1.3,0.15862016293358358
wikitext,4096,2048,1.305,0.16245893924074917
wikitext,4096,2048,1.31,0.1662830356791527
wikitext,4096,2048,1.315,0.17009256409582033
wikitext,4096,2048,1.32,0.17388763506437202
wikitext,4096,2048,1.325,0.177668357904278
wikitext,4096,2048,1.33,0.18143484069975493
wikitext,4096,2048,1.335,0.18518719031830533
wikitext,4096,2048,1.3399999999999999,0.18892551242891234
wikitext,4096,2048,1.345,0.19264991151989488
wikitext,4096,2048,1.35,0.19636049091643062
wikitext,4096,2048,1.355,0.20005735279775672
wikitext,4096,2048,1.3599999999999999,0.20374059821405308
wikitext,4096,2048,1.365,0.20741032710301555
wikitext,4096,2048,1.37,0.21106663830612607
wikitext,4096,2048,1.375,0.21470962958462705
wikitext,4096,2048,1.38,0.2183393976352057
wikitext,4096,2048,1.385,0.22195603810539433
wikitext,4096,2048,1.3900000000000001,0.22555964560869293
wikitext,4096,2048,1.395,0.22915031373942144
wikitext,4096,2048,1.4,0.2327281350873054
wikitext,4096,2048,1.405,0.23629320125180162
wikitext,4096,2048,1.4100000000000001,0.23984560285616952
wikitext,4096,2048,1.415,0.24338542956129347
wikitext,4096,2048,1.42,0.24691277007926182
wikitext,4096,2048,1.425,0.2504277121867064
wikitext,4096,2048,1.43,0.2539303427379084
wikitext,4096,2048,1.435,0.257420747677677
wikitext,4096,2048,1.44,0.26089901205400173
wikitext,4096,2048,1.4449999999999998,0.26436522003048785
wikitext,4096,2048,1.45,0.2678194548985755
wikitext,4096,2048,1.455,0.2712617990895484
wikitext,4096,2048,1.46,0.27469233418633754
wikitext,4096,2048,1.4649999999999999,0.278111140935123
wikitext,4096,2048,1.47,0.2815182992567374
wikitext,4096,2048,1.475,0.2849138882578757
wikitext,4096,2048,1.48,0.28829798624211617
wikitext,4096,2048,1.4849999999999999,0.29167067072075537
wikitext,4096,2048,1.49,0.2950320184234603
wikitext,4096,2048,1.495,0.2983821053087423
wikitext,4096,2048,1.5,0.3017210065742569
wikitext,4096,4096,0.85,0.3065744055153567
wikitext,4096,4096,0.855,0.30070928606295855
wikitext,4096,4096,0.86,0.29487836575216536
wikitext,4096,4096,0.865,0.28908124806783947
wikitext,4096,4096,0.87,0.2833175433510894
wikitext,4096,4096,0.875,0.27758686864210436
wikitext,4096,4096,0.88,0.2718888475274666
wikitext,4096,4096,0.885,0.2662231099917893
wikitext,4096,4096,0.89,0.2605892922735332
wikitext,4096,4096,0.895,0.2549870367248634
wikitext,4096,4096,0.9,0.24941599167540804
wikitext,4096,4096,0.905,0.24387581129979263
wikitext,4096,4096,0.9099999999999999,0.23836615548882314
wikitext,4096,4096,0.915,0.23288668972419743
wikitext,4096,4096,0.9199999999999999,0.22743708495663287
wikitext,4096,4096,0.9249999999999999,0.22201701748729366
wikitext,4096,4096,0.9299999999999999,0.21662616885241723
wikitext,4096,4096,0.9349999999999999,0.21126422571103184
wikitext,4096,4096,0.94,0.20593087973566926
wikitext,4096,4096,0.945,0.2006258275059761
wikitext,4096,4096,0.95,0.19534877040513232
wikitext,4096,4096,0.955,0.19009941451898857
wikitext,4096,4096,0.96,0.1848774705378369
wikitext,4096,4096,0.965,0.17968265366073288
wikitext,4096,4096,0.97,0.1745146835022903
wikitext,4096,4096,0.975,0.16937328400187165
wikitext,4096,4096,0.98,0.16425818333510123
wikitext,4096,4096,0.985,0.1591691138276299
wikitext,4096,4096,0.99,0.1541058118710832
wikitext,4096,4096,0.995,0.14906801784112603
wikitext,4096,4096,1.0,0.14405547601758173
wikitext,4096,4096,1.005,0.13906793450654276
wikitext,4096,4096,1.01,0.13410514516441363
wikitext,4096,4096,1.015,0.1291668635238312
wikitext,4096,4096,1.02,0.124252848721402
wikitext,4096,4096,1.025,0.11936286342721032
wikitext,4096,4096,1.03,0.1144966737760373
wikitext,4096,4096,1.035,0.10965404930024941
wikitext,4096,4096,1.04,0.10483476286430042
wikitext,4096,4096,1.045,0.10003859060080748
wikitext,4096,4096,1.05,0.09526531184814968
wikitext,4096,4096,1.055,0.09051470908955199
wikitext,4096,4096,1.06,0.0857865678936059
wikitext,4096,4096,1.065,0.08108067685619334
wikitext,4096,4096,1.07,0.07639682754376687
wikitext,4096,4096,1.075,0.07173481443795565
wikitext,4096,4096,1.08,0.06709443488145334
wikitext,4096,4096,1.085,0.06247548902515889
wikitext,4096,4096,1.0899999999999999,0.057877779776529525
wikitext,4096,4096,1.095,0.05330111274911761
wikitext,4096,4096,1.1,0.048745296213256795
wikitext,4096,4096,1.105,0.044210141047865616
wikitext,4096,4096,1.1099999999999999,0.039695460693339076
wikitext,4096,4096,1.115,0.03520107110549966
wikitext,4096,4096,1.12,0.030726790710578464
wikitext,4096,4096,1.125,0.026272440361198277
wikitext,4096,4096,1.13,0.02183784329333262
wikitext,4096,4096,1.135,0.017422825084215724
wikitext,4096,4096,1.14,0.013394762554875072
wikitext,4096,4096,1.145,0.01047717948834242
wikitext,4096,4096,1.15,0.007741013197442678
wikitext,4096,4096,1.155,0.007645649968318176
wikitext,4096,4096,1.16,0.00900337112441886
wikitext,4096,4096,1.165,0.011870759057346003
wikitext,4096,4096,1.17,0.014725866918679845
wikitext,4096,4096,1.175,0.017568799442984926
wikitext,4096,4096,1.18,0.021458962459991595
wikitext,4096,4096,1.185,0.02568729856951282
wikitext,4096,4096,1.19,0.02989783110585625
wikitext,4096,4096,1.195,0.034090709365892306
wikitext,4096,4096,1.2,0.038266080776372856
wikitext,4096,4096,1.205,0.04242409092503665
wikitext,4096,4096,1.21,0.046564883591067974
wikitext,4096,4096,1.2149999999999999,0.050688600774929926
wikitext,4096,4096,1.22,0.05479538272758344
wikitext,4096,4096,1.225,0.05888536797910865
wikitext,4096,4096,1.23,0.06295869336674438
wikitext,4096,4096,1.2349999999999999,0.06701549406235868
wikitext,4096,4096,1.24,0.07105590359936376
wikitext,4096,4096,1.245,0.07508005389908928
wikitext,4096,4096,1.25,0.07908807529662804
wikitext,4096,4096,1.255,0.08308009656616538
wikitext,4096,4096,1.26,0.08705624494580493
wikitext,4096,4096,1.2650000000000001,0.0910166461619019
wikitext,4096,4096,1.27,0.09496142445291818
wikitext,4096,4096,1.275,0.09889070259280767
wikitext,4096,4096,1.28,0.10280460191394408
wikitext,4096,4096,1.285,0.10670324232960131
wikitext,4096,4096,1.29,0.11058674235599901
wikitext,4096,4096,1.295,0.11445521913391925
wikitext,4096,4096,1.3,0.11830878844990933
wikitext,4096,4096,1.305,0.12214756475707493
wikitext,4096,4096,1.31,0.12597166119547845
wikitext,4096,4096,1.315,0.12978118961214613
wikitext,4096,4096,1.32,0.13357626058069783
wikitext,4096,4096,1.325,0.13735698342060376
wikitext,4096,4096,1.33,0.14112346621608074
wikitext,4096,4096,1.335,0.14487581583463108
wikitext,4096,4096,1.3399999999999999,0.14861413794523815
wikitext,4096,4096,1.345,0.1523385370362207
wikitext,4096,4096,1.35,0.15604911643275643
wikitext,4096,4096,1.355,0.15974597831408247
wikitext,4096,4096,1.3599999999999999,0.16342922373037883
wikitext,4096,4096,1.365,0.1670989526193413
wikitext,4096,4096,1.37,0.17075526382245187
wikitext,4096,4096,1.375,0.17439825510095286
wikitext,4096,4096,1.38,0.17802802315153146
wikitext,4096,4096,1.385,0.18164466362172008
wikitext,4096,4096,1.3900000000000001,0.18524827112501874
wikitext,4096,4096,1.395,0.18883893925574724
wikitext,4096,4096,1.4,0.19241676060363114
wikitext,4096,4096,1.405,0.19598182676812737
wikitext,4096,4096,1.4100000000000001,0.19953422837249526
wikitext,4096,4096,1.415,0.20307405507761922
wikitext,4096,4096,1.42,0.20660139559558757
wikitext,4096,4096,1.425,0.2101163377030322
wikitext,4096,4096,1.43,0.21361896825423413
wikitext,4096,4096,1.435,0.21710937319400272
wikitext,4096,4096,1.44,0.22058763757032754
wikitext,4096,4096,1.4449999999999998,0.22405384554681362
wikitext,4096,4096,1.45,0.22750808041490125
wikitext,4096,4096,1.455,0.23095042460587414
wikitext,4096,4096,1.46,0.2343809597026633
wikitext,4096,4096,1.4649999999999999,0.23779976645144876
wikitext,4096,4096,1.47,0.24120692477306313
wikitext,4096,4096,1.475,0.24460251377420147
wikitext,4096,4096,1.48,0.24798661175844197
wikitext,4096,4096,1.4849999999999999,0.25135929623708114
wikitext,4096,4096,1.49,0.25472064393978605
wikitext,4096,4096,1.495,0.2580707308250681
wikitext,4096,4096,1.5,0.26140963209058266
cnn_dailymail,1024,512,0.85,0.1898656327555056
cnn_dailymail,1024,512,0.855,0.18400051330310752
cnn_dailymail,1024,512,0.86,0.1781695929923143
cnn_dailymail,1024,512,0.865,0.1723724753079884
cnn_dailymail,1024,512,0.87,0.16660877059123833
cnn_dailymail,1024,512,0.875,0.1608780958822533
cnn_dailymail,1024,512,0.88,0.15518007476761556
cnn_dailymail,1024,512,0.885,0.14951433723193822
cnn_dailymail,1024,512,0.89,0.1438805195136822
cnn_dailymail,1024,512,0.895,0.13827826396501233
cnn_dailymail,1024,512,0.9,0.13270721891555695
cnn_dailymail,1024,512,0.905,0.1271670385399416
cnn_dailymail,1024,512,0.9099999999999999,0.1216573827289721
cnn_dailymail,1024,512,0.915,0.11617791696434637
cnn_dailymail,1024,512,0.9199999999999999,0.11072831219678182
cnn_dailymail,1024,512,0.9249999999999999,0.10530824472744262
cnn_dailymail,1024,512,0.9299999999999999,0.09991739609256618
cnn_dailymail,1024,512,0.9349999999999999,0.0945554529511808
cnn_dailymail,1024,512,0.94,0.08922210697581821
cnn_dailymail,1024,512,0.945,0.08391705474612503
cnn_dailymail,1024,512,0.95,0.07863999764528125
cnn_dailymail,1024,512,0.955,0.07339064175913752
cnn_dailymail,1024,512,0.96,0.06816869777798586
cnn_dailymail,1024,512,0.965,0.06297388090088184
cnn_dailymail,1024,512,0.97,0.05780591074243926
cnn_dailymail,1024,512,0.975,0.052664511242020574
cnn_dailymail,1024,512,0.98,0.047549410575250146
cnn_dailymail,1024,512,0.985,0.04246034106777886
cnn_dailymail,1024,512,0.99,0.03739703911123213
cnn_dailymail,1024,512,0.995,0.03235924508127496
cnn_dailymail,1024,512,1.0,0.027346703257730674
cnn_dailymail,1024,512,1.005,0.02235916174669171
cnn_dailymail,1024,512,1.01,0.017396372404562585
cnn_dailymail,1024,512,1.015,0.01331101312197199
cnn_dailymail,1024,512,1.02,0.010035003253685873
cnn_dailymail,1024,512,1.025,0.006775013057558084
cnn_dailymail,1024,512,1.03,0.00527633776648737
cnn_dailymail,1024,512,1.035,0.00793450710179148
cnn_dailymail,1024,512,1.04,0.011874009895550652
cnn_dailymail,1024,512,1.045,0.016670182159043583
cnn_dailymail,1024,512,1.05,0.021443460911701365
cnn_dailymail,1024,512,1.055,0.026194063670299084
cnn_dailymail,1024,512,1.06,0.030922204866245143
cnn_dailymail,1024,512,1.065,0.03562809590365771
cnn_dailymail,1024,512,1.07,0.04031194521608419
cnn_dailymail,1024,512,1.075,0.0449739583218954
cnn_dailymail,1024,512,1.08,0.04961433787839772
cnn_dailymail,1024,512,1.085,0.05423328373469216
cnn_dailymail,1024,512,1.0899999999999999,0.05883099298332153
cnn_dailymail,1024,512,1.095,0.06340766001073343
cnn_dailymail,1024,512,1.1,0.06796347654659425
cnn_dailymail,1024,512,1.105,0.07249863171198544
cnn_dailymail,1024,512,1.1099999999999999,0.07701331206651198
cnn_dailymail,1024,512,1.115,0.0815077016543514
cnn_dailymail,1024,512,1.12,0.08598198204927258
cnn_dailymail,1024,512,1.125,0.09043633239865277
cnn_dailymail,1024,512,1.13,0.09487092946651843
cnn_dailymail,1024,512,1.135,0.09928594767563532
cnn_dailymail,1024,512,1.14,0.10368155914867333
cnn_dailymail,1024,512,1.145,0.10805793374847229
cnn_dailymail,1024,512,1.15,0.11241523911742796
cnn_dailymail,1024,512,1.155,0.11675364071602619
cnn_dailymail,1024,512,1.16,0.12107330186054253
cnn_dailymail,1024,512,1.165,0.12537438375993323
cnn_dailymail,1024,512,1.17,0.129657045551934
cnn_dailymail,1024,512,1.175,0.13392144433839168
cnn_dailymail,1024,512,1.18,0.13816773521984269
cnn_dailymail,1024,512,1.185,0.1423960713293639
cnn_dailymail,1024,512,1.19,0.1466066038657073
cnn_dailymail,1024,512,1.195,0.15079948212574334
cnn_dailymail,1024,512,1.2,0.15497485353622395
cnn_dailymail,1024,512,1.205,0.15913286368488774
cnn_dailymail,1024,512,1.21,0.16327365635091903
cnn_dailymail,1024,512,1.2149999999999999,0.16739737353478099
cnn_dailymail,1024,512,1.22,0.1715041554874345
cnn_dailymail,1024,512,1.225,0.1755941407389597
cnn_dailymail,1024,512,1.23,0.17966746612659545
cnn_dailymail,1024,512,1.2349999999999999,0.18372426682220974
cnn_dailymail,1024,512,1.24,0.18776467635921482
cnn_dailymail,1024,512,1.245,0.19178882665894034
cnn_dailymail,1024,512,1.25,0.1957968480564791
cnn_dailymail,1024,512,1.255,0.19978886932601644
cnn_dailymail,1024,512,1.26,0.20376501770565594
cnn_dailymail,1024,512,1.2650000000000001,0.207725418921753
cnn_dailymail,1024,512,1.27,0.21167019721276925
cnn_dailymail,1024,512,1.275,0.21559947535265875
cnn_dailymail,1024,512,1.28,0.2195133746737951
cnn_dailymail,1024,512,1.285,0.22341201508945238
cnn_dailymail,1024,512,1.29,0.22729551511585008
cnn_dailymail,1024,512,1.295,0.23116399189377032
cnn_dailymail,1024,512,1.3,0.2350175612097604
cnn_dailymail,1024,512,1.305,0.238856337516926
cnn_dailymail,1024,512,1.31,0.24268043395532954
cnn_dailymail,1024,512,1.315,0.24648996237199716
cnn_dailymail,1024,512,1.32,0.25028503334054886
cnn_dailymail,1024,512,1.325,0.25406575618045485
cnn_dailymail,1024,512,1.33,0.25783223897593177
cnn_dailymail,1024,512,1.335,0.2615845885944822
cnn_dailymail,1024,512,1.3399999999999999,0.2653229107050892
cnn_dailymail,1024,512,1.345,0.2690473097960717
cnn_dailymail,1024,512,1.35,0.27275788919260746
cnn_dailymail,1024,512,1.355,0.2764547510739336
cnn_dailymail,1024,512,1.3599999999999999,0.2801379964902299
cnn_dailymail,1024,512,1.365,0.2838077253791924
cnn_dailymail,1024,512,1.37,0.2874640365823029
cnn_dailymail,1024,512,1.375,0.2911070278608039
cnn_dailymail,1024,512,1.38,0.2947367959113826
cnn_dailymail,1024,512,1.385,0.2983534363815712
cnn_dailymail,1024,512,1.3900000000000001,0.30195704388486977
cnn_dailymail,1024,512,1.395,0.30554771201559827
cnn_dailymail,1024,512,1.4,0.30912553336348225
cnn_dailymail,1024,512,1.405,0.31269059952797845
cnn_dailymail,1024,512,1.4100000000000001,0.3162430011323464
cnn_dailymail,1024,512,1.415,0.3197828278374703
cnn_dailymail,1024,512,1.42,0.3233101683554387
cnn_dailymail,1024,512,1.425,0.3268251104628832
cnn_dailymail,1024,512,1.43,0.33032774101408524
cnn_dailymail,1024,512,1.435,0.33381814595385384
cnn_dailymail,1024,512,1.44,0.33729641033017854
cnn_dailymail,1024,512,1.4449999999999998,0.3407626183066647
cnn_dailymail,1024,512,1.45,0.3442168531747523
cnn_dailymail,1024,512,1.455,0.3476591973657252
cnn_dailymail,1024,512,1.46,0.3510897324625144
cnn_dailymail,1024,512,1.4649999999999999,0.3545085392112999
cnn_dailymail,1024,512,1.47,0.35791569753291425
cnn_dailymail,1024,512,1.475,0.3613112865340526
cnn_dailymail,1024,512,1.48,0.364695384518293
cnn_dailymail,1024,512,1.4849999999999999,0.3680680689969322
cnn_dailymail,1024,512,1.49,0.3714294166996372
cnn_dailymail,1024,512,1.495,0.3747795035849191
cnn_dailymail,1024,512,1.5,0.37811840485043374
cnn_dailymail,1024,1024,0.85,0.2404998536280032
cnn_dailymail,1024,1024,0.855,0.2346347341756051
cnn_dailymail,1024,1024,0.86,0.22880381386481194
cnn_dailymail,1024,1024,0.865,0.223006696180486
cnn_dailymail,1024,1024,0.87,0.2172429914637359
cnn_dailymail,1024,1024,0.875,0.21151231675475088
cnn_dailymail,1024,1024,0.88,0.20581429564011314
cnn_dailymail,1024,1024,0.885,0.20014855810443577
cnn_dailymail,1024,1024,0.89,0.19451474038617977
cnn_dailymail,1024,1024,0.895,0.18891248483750991
cnn_dailymail,1024,1024,0.9,0.18334143978805453
cnn_dailymail,1024,1024,0.905,0.17780125941243916
cnn_dailymail,1024,1024,0.9099999999999999,0.17229160360146967
cnn_dailymail,1024,1024,0.915,0.16681213783684398
cnn_dailymail,1024,1024,0.9199999999999999,0.16136253306927942
cnn_dailymail,1024,1024,0.9249999999999999,0.1559424655999402
cnn_dailymail,1024,1024,0.9299999999999999,0.15055161696506378
cnn_dailymail,1024,1024,0.9349999999999999,0.1451896738236784
cnn_dailymail,1024,1024,0.94,0.13985632784831578
cnn_dailymail,1024,1024,0.945,0.13455127561862262
cnn_dailymail,1024,1024,0.95,0.12927421851777884
cnn_dailymail,1024,1024,0.955,0.1240248626316351
cnn_dailymail,1024,1024,0.96,0.11880291865048342
cnn_dailymail,1024,1024,0.965,0.11360810177337943
cnn_dailymail,1024,1024,0.97,0.10844013161493686
cnn_dailymail,1024,1024,0.975,0.10329873211451816
cnn_dailymail,1024,1024,0.98,0.09818363144774774
cnn_dailymail,1024,1024,0.985,0.09309456194027643
cnn_dailymail,1024,1024,0.99,0.0880312599837297
cnn_dailymail,1024,1024,0.995,0.08299346595377254
cnn_dailymail,1024,1024,1.0,0.07798092413022827
cnn_dailymail,1024,1024,1.005,0.07299338261918929
cnn_dailymail,1024,1024,1.01,0.06803059327706017
cnn_dailymail,1024,1024,1.015,0.0630923116364777
cnn_dailymail,1024,1024,1.02,0.05817829683404852
cnn_dailymail,1024,1024,1.025,0.05328831153985685
cnn_dailymail,1024,1024,1.03,0.04842212188868383
cnn_dailymail,1024,1024,1.035,0.04357949741289594
cnn_dailymail,1024,1024,1.04,0.03876021097694693
cnn_dailymail,1024,1024,1.045,0.033964038713454
cnn_dailymail,1024,1024,1.05,0.02919075996079622
cnn_dailymail,1024,1024,1.055,0.024440157202198498
cnn_dailymail,1024,1024,1.06,0.01971201600625244
cnn_dailymail,1024,1024,1.065,0.015006124968839874
cnn_dailymail,1024,1024,1.07,0.010322275656413396
cnn_dailymail,1024,1024,1.075,0.006730295428471751
cnn_dailymail,1024,1024,1.08,0.005033549524924658
cnn_dailymail,1024,1024,1.085,0.005438560854542589
cnn_dailymail,1024,1024,1.0899999999999999,0.008265627564768998
cnn_dailymail,1024,1024,1.095,0.012773439138235856
cnn_dailymail,1024,1024,1.1,0.017329255674096673
cnn_dailymail,1024,1024,1.105,0.02186441083948786
cnn_dailymail,1024,1024,1.1099999999999999,0.0263790911940144
cnn_dailymail,1024,1024,1.115,0.030873480781853816
cnn_dailymail,1024,1024,1.12,0.03534776117677501
cnn_dailymail,1024,1024,1.125,0.0398021115261552
cnn_dailymail,1024,1024,1.13,0.044236708594020846
cnn_dailymail,1024,1024,1.135,0.04865172680313775
cnn_dailymail,1024,1024,1.14,0.05304733827617574
cnn_dailymail,1024,1024,1.145,0.05742371287597472
cnn_dailymail,1024,1024,1.15,0.06178101824493037
cnn_dailymail,1024,1024,1.155,0.0661194198435286
cnn_dailymail,1024,1024,1.16,0.07043908098804495
cnn_dailymail,1024,1024,1.165,0.07474016288743567
cnn_dailymail,1024,1024,1.17,0.07902282467943643
cnn_dailymail,1024,1024,1.175,0.08328722346589405
cnn_dailymail,1024,1024,1.18,0.08753351434734506
cnn_dailymail,1024,1024,1.185,0.09176185045686629
cnn_dailymail,1024,1024,1.19,0.09597238299320972
cnn_dailymail,1024,1024,1.195,0.10016526125324578
cnn_dailymail,1024,1024,1.2,0.10434063266372633
cnn_dailymail,1024,1024,1.205,0.10849864281239012
cnn_dailymail,1024,1024,1.21,0.11263943547842144
cnn_dailymail,1024,1024,1.2149999999999999,0.11676315266228339
cnn_dailymail,1024,1024,1.22,0.12086993461493693
cnn_dailymail,1024,1024,1.225,0.12495991986646211
cnn_dailymail,1024,1024,1.23,0.12903324525409784
cnn_dailymail,1024,1024,1.2349999999999999,0.13309004594971216
cnn_dailymail,1024,1024,1.24,0.13713045548671723
cnn_dailymail,1024,1024,1.245,0.14115460578644276
cnn_dailymail,1024,1024,1.25,0.14516262718398149
cnn_dailymail,1024,1024,1.255,0.14915464845351886
cnn_dailymail,1024,1024,1.26,0.15313079683315836
cnn_dailymail,1024,1024,1.2650000000000001,0.15709119804925537
cnn_dailymail,1024,1024,1.27,0.16103597634027167
cnn_dailymail,1024,1024,1.275,0.1649652544801611
cnn_dailymail,1024,1024,1.28,0.16887915380129756
cnn_dailymail,1024,1024,1.285,0.1727777942169548
cnn_dailymail,1024,1024,1.29,0.1766612942433525
cnn_dailymail,1024,1024,1.295,0.18052977102127274
cnn_dailymail,1024,1024,1.3,0.1843833403372628
cnn_dailymail,1024,1024,1.305,0.18822211664442842
cnn_dailymail,1024,1024,1.31,0.19204621308283196
cnn_dailymail,1024,1024,1.315,0.1958557414994996
cnn_dailymail,1024,1024,1.32,0.1996508124680513
cnn_dailymail,1024,1024,1.325,0.2034315353079572
cnn_dailymail,1024,1024,1.33,0.20719801810343422
cnn_dailymail,1024,1024,1.335,0.21095036772198458
cnn_dailymail,1024,1024,1.3399999999999999,0.21468868983259162
cnn_dailymail,1024,1024,1.345,0.21841308892357417
cnn_dailymail,1024,1024,1.35,0.2221236683201099
cnn_dailymail,1024,1024,1.355,0.22582053020143597
cnn_dailymail,1024,1024,1.3599999999999999,0.2295037756177323
cnn_dailymail,1024,1024,1.365,0.2331735045066948
cnn_dailymail,1024,1024,1.37,0.23682981570980535
cnn_dailymail,1024,1024,1.375,0.24047280698830634
cnn_dailymail,1024,1024,1.38,0.24410257503888497
cnn_dailymail,1024,1024,1.385,0.24771921550907358
cnn_dailymail,1024,1024,1.3900000000000001,0.25132282301237224
cnn_dailymail,1024,1024,1.395,0.2549134911431007
cnn_dailymail,1024,1024,1.4,0.2584913124909846
cnn_dailymail,1024,1024,1.405,0.2620563786554808
cnn_dailymail,1024,1024,1.4100000000000001,0.26560878025984874
cnn_dailymail,1024,1024,1.415,0.26914860696497267
cnn_dailymail,1024,1024,1.42,0.27267594748294105
cnn_dailymail,1024,1024,1.425,0.2761908895903856
cnn_dailymail,1024,1024,1.43,0.2796935201415876
cnn_dailymail,1024,1024,1.435,0.2831839250813562
cnn_dailymail,1024,1024,1.44,0.28666218945768096
cnn_dailymail,1024,1024,1.4449999999999998,0.2901283974341671
cnn_dailymail,1024,1024,1.45,0.29358263230225473
cnn_dailymail,1024,1024,1.455,0.2970249764932276
cnn_dailymail,1024,1024,1.46,0.30045551159001677
cnn_dailymail,1024,1024,1.4649999999999999,0.30387431833880224
cnn_dailymail,1024,1024,1.47,0.3072814766604166
cnn_dailymail,1024,1024,1.475,0.31067706566155495
cnn_dailymail,1024,1024,1.48,0.3140611636457954
cnn_dailymail,1024,1024,1.4849999999999999,0.3174338481244346
cnn_dailymail,1024,1024,1.49,0.3207951958271395
cnn_dailymail,1024,1024,1.495,0.32414528271242155
cnn_dailymail,1024,1024,1.5,0.3274841839779361
cnn_dailymail,1024,2048,0.85,0.30482138126188213
cnn_dailymail,1024,2048,0.855,0.29895626180948404
cnn_dailymail,1024,2048,0.86,0.2931253414986908
cnn_dailymail,1024,2048,0.865,0.2873282238143649
cnn_dailymail,1024,2048,0.87,0.2815645190976148
cnn_dailymail,1024,2048,0.875,0.27583384438862985
cnn_dailymail,1024,2048,0.88,0.27013582327399205
cnn_dailymail,1024,2048,0.885,0.2644700857383147
cnn_dailymail,1024,2048,0.89,0.25883626802005866
cnn_dailymail,1024,2048,0.895,0.2532340124713888
cnn_dailymail,1024,2048,0.9,0.24766296742193342
cnn_dailymail,1024,2048,0.905,0.24212278704631807
cnn_dailymail,1024,2048,0.9099999999999999,0.23661313123534855
cnn_dailymail,1024,2048,0.915,0.23113366547072287
cnn_dailymail,1024,2048,0.9199999999999999,0.22568406070315827
cnn_dailymail,1024,2048,0.9249999999999999,0.22026399323381907
cnn_dailymail,1024,2048,0.9299999999999999,0.21487314459894266
cnn_dailymail,1024,2048,0.9349999999999999,0.20951120145755728
cnn_dailymail,1024,2048,0.94,0.2041778554821947
cnn_dailymail,1024,2048,0.945,0.19887280325250148
cnn_dailymail,1024,2048,0.95,0.19359574615165775
cnn_dailymail,1024,2048,0.955,0.188346390265514
cnn_dailymail,1024,2048,0.96,0.18312444628436234
cnn_dailymail,1024,2048,0.965,0.17792962940725832
cnn_dailymail,1024,2048,0.97,0.17276165924881573
cnn_dailymail,1024,2048,0.975,0.16762025974839703
cnn_dailymail,1024,2048,0.98,0.16250515908162663
cnn_dailymail,1024,2048,0.985,0.15741608957415534
cnn_dailymail,1024,2048,0.99,0.1523527876176086
cnn_dailymail,1024,2048,0.995,0.14731499358765146
cnn_dailymail,1024,2048,1.0,0.14230245176410716
cnn_dailymail,1024,2048,1.005,0.1373149102530682
cnn_dailymail,1024,2048,1.01,0.13235212091093906
cnn_dailymail,1024,2048,1.015,0.12741383927035657
cnn_dailymail,1024,2048,1.02,0.12249982446792741
cnn_dailymail,1024,2048,1.025,0.11760983917373573
cnn_dailymail,1024,2048,1.03,0.11274364952256273
cnn_dailymail,1024,2048,1.035,0.10790102504677483
cnn_dailymail,1024,2048,1.04,0.10308173861082583
cnn_dailymail,1024,2048,1.045,0.09828556634733289
cnn_dailymail,1024,2048,1.05,0.09351228759467511
cnn_dailymail,1024,2048,1.055,0.0887616848360774
cnn_dailymail,1024,2048,1.06,0.08403354364013133
cnn_dailymail,1024,2048,1.065,0.07932765260271878
cnn_dailymail,1024,2048,1.07,0.07464380329029228
cnn_dailymail,1024,2048,1.075,0.06998179018448107
cnn_dailymail,1024,2048,1.08,0.06534141062797875
cnn_dailymail,1024,2048,1.085,0.060722464771684304
cnn_dailymail,1024,2048,1.0899999999999999,0.05612475552305495
cnn_dailymail,1024,2048,1.095,0.05154808849564304
cnn_dailymail,1024,2048,1.1,0.04699227195978222
cnn_dailymail,1024,2048,1.105,0.042457116794391035
cnn_dailymail,1024,2048,1.1099999999999999,0.037942436439864495
cnn_dailymail,1024,2048,1.115,0.03344804685202507
cnn_dailymail,1024,2048,1.12,0.028973766457103884
cnn_dailymail,1024,2048,1.125,0.024519416107723697
cnn_dailymail,1024,2048,1.13,0.02008481903985804
cnn_dailymail,1024,2048,1.135,0.015669800830741144
cnn_dailymail,1024,2048,1.14,0.01146498118475849
cnn_dailymail,1024,2048,1.145,0.008547398118225838
cnn_dailymail,1024,2048,1.15,0.006392276302033891
cnn_dailymail,1024,2048,1.155,0.005136747435839241
cnn_dailymail,1024,2048,1.16,0.006881786701725336
cnn_dailymail,1024,2048,1.165,0.010418635253556777
cnn_dailymail,1024,2048,1.17,0.01470129704555754
cnn_dailymail,1024,2048,1.175,0.018965695832015166
cnn_dailymail,1024,2048,1.18,0.023211986713466175
cnn_dailymail,1024,2048,1.185,0.0274403228229874
cnn_dailymail,1024,2048,1.19,0.03165085535933083
cnn_dailymail,1024,2048,1.195,0.03584373361936689
cnn_dailymail,1024,2048,1.2,0.040019105029847436
cnn_dailymail,1024,2048,1.205,0.04417711517851123
cnn_dailymail,1024,2048,1.21,0.04831790784454255
cnn_dailymail,1024,2048,1.2149999999999999,0.0524416250284045
cnn_dailymail,1024,2048,1.22,0.056548406981058015
cnn_dailymail,1024,2048,1.225,0.06063839223258322
cnn_dailymail,1024,2048,1.23,0.06471171762021898
cnn_dailymail,1024,2048,1.2349999999999999,0.06876851831583326
cnn_dailymail,1024,2048,1.24,0.07280892785283834
cnn_dailymail,1024,2048,1.245,0.07683307815256386
cnn_dailymail,1024,2048,1.25,0.08084109955010262
cnn_dailymail,1024,2048,1.255,0.08483312081963996
cnn_dailymail,1024,2048,1.26,0.08880926919927949
cnn_dailymail,1024,2048,1.2650000000000001,0.0927696704153765
cnn_dailymail,1024,2048,1.27,0.09671444870639277
cnn_dailymail,1024,2048,1.275,0.10064372684628224
cnn_dailymail,1024,2048,1.28,0.10455762616741866
cnn_dailymail,1024,2048,1.285,0.1084562665830759
cnn_dailymail,1024,2048,1.29,0.1123397666094736
cnn_dailymail,1024,2048,1.295,0.11620824338739384
cnn_dailymail,1024,2048,1.3,0.1200618127033839
cnn_dailymail,1024,2048,1.305,0.12390058901054953
cnn_dailymail,1024,2048,1.31,0.12772468544895307
cnn_dailymail,1024,2048,1.315,0.13153421386562072
cnn_dailymail,1024,2048,1.32,0.13532928483417242
cnn_dailymail,1024,2048,1.325,0.13911000767407833
cnn_dailymail,1024,2048,1.33,0.14287649046955533
cnn_dailymail,1024,2048,1.335,0.1466288400881057
cnn_dailymail,1024,2048,1.3399999999999999,0.15036716219871274
cnn_dailymail,1024,2048,1.345,0.15409156128969528
cnn_dailymail,1024,2048,1.35,0.15780214068623102
cnn_dailymail,1024,2048,1.355,0.1614990025675571
cnn_dailymail,1024,2048,1.3599999999999999,0.1651822479838534
cnn_dailymail,1024,2048,1.365,0.16885197687281592
cnn_dailymail,1024,2048,1.37,0.17250828807592647
cnn_dailymail,1024,2048,1.375,0.17615127935442745
cnn_dailymail,1024,2048,1.38,0.17978104740500603
cnn_dailymail,1024,2048,1.385,0.1833976878751947
cnn_dailymail,1024,2048,1.3900000000000001,0.18700129537849333
cnn_dailymail,1024,2048,1.395,0.19059196350922183
cnn_dailymail,1024,2048,1.4,0.1941697848571057
cnn_dailymail,1024,2048,1.405,0.19773485102160193
cnn_dailymail,1024,2048,1.4100000000000001,0.20128725262596983
cnn_dailymail,1024,2048,1.415,0.2048270793310938
cnn_dailymail,1024,2048,1.42,0.2083544198490622
cnn_dailymail,1024,2048,1.425,0.21186936195650677
cnn_dailymail,1024,2048,1.43,0.21537199250770875
cnn_dailymail,1024,2048,1.435,0.21886239744747735
cnn_dailymail,1024,2048,1.44,0.2223406618238021
cnn_dailymail,1024,2048,1.4449999999999998,0.2258068698002882
cnn_dailymail,1024,2048,1.45,0.22926110466837588
cnn_dailymail,1024,2048,1.455,0.23270344885934877
cnn_dailymail,1024,2048,1.46,0.2361339839561379
cnn_dailymail,1024,2048,1.4649999999999999,0.23955279070492339
cnn_dailymail,1024,2048,1.47,0.24295994902653772
cnn_dailymail,1024,2048,1.475,0.24635553802767607
cnn_dailymail,1024,2048,1.48,0.24973963601191648
cnn_dailymail,1024,2048,1.4849999999999999,0.2531123204905557
cnn_dailymail,1024,2048,1.49,0.2564736681932606
cnn_dailymail,1024,2048,1.495,0.25982375507854266
cnn_dailymail,1024,2048,1.5,0.2631626563440572
cnn_dailymail,1024,4096,0.85,0.40459316346393526
cnn_dailymail,1024,4096,0.855,0.3987280440115372
cnn_dailymail,1024,4096,0.86,0.3928971237007441
cnn_dailymail,1024,4096,0.865,0.3871000060164181
cnn_dailymail,1024,4096,0.87,0.38133630129966806
cnn_dailymail,1024,4096,0.875,0.37560562659068303
cnn_dailymail,1024,4096,0.88,0.3699076054760453
cnn_dailymail,1024,4096,0.885,0.3642418679403679
cnn_dailymail,1024,4096,0.89,0.35860805022211184
cnn_dailymail,1024,4096,0.895,0.353005794673442
cnn_dailymail,1024,4096,0.9,0.3474347496239867
cnn_dailymail,1024,4096,0.905,0.34189456924837125
cnn_dailymail,1024,4096,0.9099999999999999,0.33638491343740173
cnn_dailymail,1024,4096,0.915,0.3309054476727761
cnn_dailymail,1024,4096,0.9199999999999999,0.32545584290521146
cnn_dailymail,1024,4096,0.9249999999999999,0.3200357754358723
cnn_dailymail,1024,4096,0.9299999999999999,0.31464492680099587
cnn_dailymail,1024,4096,0.9349999999999999,0.3092829836596105
cnn_dailymail,1024,4096,0.94,0.30394963768424793
cnn_dailymail,1024,4096,0.945,0.2986445854545547
cnn_dailymail,1024,4096,0.95,0.293367528353711
cnn_dailymail,1024,4096,0.955,0.28811817246756727
cnn_dailymail,1024,4096,0.96,0.28289622848641555
cnn_dailymail,1024,4096,0.965,0.27770141160931155
cnn_dailymail,1024,4096,0.97,0.272533441450869
cnn_dailymail,1024,4096,0.975,0.26739204195045024
cnn_dailymail,1024,4096,0.98,0.2622769412836798
cnn_dailymail,1024,4096,0.985,0.25718787177620855
cnn_dailymail,1024,4096,0.99,0.2521245698196618
cnn_dailymail,1024,4096,0.995,0.2470867757897047
cnn_dailymail,1024,4096,1.0,0.24207423396616035
cnn_dailymail,1024,4096,1.005,0.23708669245512137
cnn_dailymail,1024,4096,1.01,0.23212390311299225
cnn_dailymail,1024,4096,1.015,0.22718562147240984
cnn_dailymail,1024,4096,1.02,0.22227160666998066
cnn_dailymail,1024,4096,1.025,0.21738162137578898
cnn_dailymail,1024,4096,1.03,0.21251543172461596
cnn_dailymail,1024,4096,1.035,0.20767280724882806
cnn_dailymail,1024,4096,1.04,0.20285352081287908
cnn_dailymail,1024,4096,1.045,0.1980573485493861
cnn_dailymail,1024,4096,1.05,0.19328406979672832
cnn_dailymail,1024,4096,1.055,0.1885334670381306
cnn_dailymail,1024,4096,1.06,0.18380532584218454
cnn_dailymail,1024,4096,1.065,0.179099434804772
cnn_dailymail,1024,4096,1.07,0.17441558549234548
cnn_dailymail,1024,4096,1.075,0.16975357238653432
cnn_dailymail,1024,4096,1.08,0.16511319283003198
cnn_dailymail,1024,4096,1.085,0.16049424697373751
cnn_dailymail,1024,4096,1.0899999999999999,0.15589653772510817
cnn_dailymail,1024,4096,1.095,0.15131987069769628
cnn_dailymail,1024,4096,1.1,0.14676405416183547
cnn_dailymail,1024,4096,1.105,0.14222889899644425
cnn_dailymail,1024,4096,1.1099999999999999,0.1377142186419177
cnn_dailymail,1024,4096,1.115,0.13321982905407828
cnn_dailymail,1024,4096,1.12,0.12874554865915713
cnn_dailymail,1024,4096,1.125,0.1242911983097769
cnn_dailymail,1024,4096,1.13,0.11985660124191126
cnn_dailymail,1024,4096,1.135,0.11544158303279435
cnn_dailymail,1024,4096,1.14,0.11104597155975639
cnn_dailymail,1024,4096,1.145,0.10666959695995738
cnn_dailymail,1024,4096,1.15,0.10231229159100176
cnn_dailymail,1024,4096,1.155,0.09797388999240349
cnn_dailymail,1024,4096,1.16,0.09365422884788716
cnn_dailymail,1024,4096,1.165,0.08935314694849644
cnn_dailymail,1024,4096,1.17,0.08507048515649568
cnn_dailymail,1024,4096,1.175,0.08080608637003805
cnn_dailymail,1024,4096,1.18,0.07655979548858705
cnn_dailymail,1024,4096,1.185,0.07233145937906582
cnn_dailymail,1024,4096,1.19,0.06812092684272239
cnn_dailymail,1024,4096,1.195,0.06392804858268633
cnn_dailymail,1024,4096,1.2,0.05975267717220578
cnn_dailymail,1024,4096,1.205,0.05559466702354199
cnn_dailymail,1024,4096,1.21,0.05145387435751067
cnn_dailymail,1024,4096,1.2149999999999999,0.04733015717364872
cnn_dailymail,1024,4096,1.22,0.0432233752209952
cnn_dailymail,1024,4096,1.225,0.039133389969469995
cnn_dailymail,1024,4096,1.23,0.03506006458183425
cnn_dailymail,1024,4096,1.2349999999999999,0.03100326388621996
cnn_dailymail,1024,4096,1.24,0.026962854349214888
cnn_dailymail,1024,4096,1.245,0.02293870404948936
cnn_dailymail,1024,4096,1.25,0.018989239566453497
cnn_dailymail,1024,4096,1.255,0.016327892053428595
cnn_dailymail,1024,4096,1.26,0.014366228436403663
cnn_dailymail,1024,4096,1.2650000000000001,0.013538490092196811
cnn_dailymail,1024,4096,1.27,0.013538490092196811
cnn_dailymail,1024,4096,1.275,0.013538490092196811
cnn_dailymail,1024,4096,1.28,0.013538490092196811
cnn_dailymail,1024,4096,1.285,0.013538490092196811
cnn_dailymail,1024,4096,1.29,0.014347728303389142
cnn_dailymail,1024,4096,1.295,0.01658952089329525
cnn_dailymail,1024,4096,1.3,0.020290030501330686
cnn_dailymail,1024,4096,1.305,0.0241288068084963
cnn_dailymail,1024,4096,1.31,0.027952903246899835
cnn_dailymail,1024,4096,1.315,0.031762431663567486
cnn_dailymail,1024,4096,1.32,0.03555750263211918
cnn_dailymail,1024,4096,1.325,0.03933822547202512
cnn_dailymail,1024,4096,1.33,0.043104708267502095
cnn_dailymail,1024,4096,1.335,0.04685705788605246
cnn_dailymail,1024,4096,1.3399999999999999,0.0505953799966595
cnn_dailymail,1024,4096,1.345,0.054319779087642045
cnn_dailymail,1024,4096,1.35,0.058030358484177785
cnn_dailymail,1024,4096,1.355,0.06172722036550385
cnn_dailymail,1024,4096,1.3599999999999999,0.06541046578180018
cnn_dailymail,1024,4096,1.365,0.06908019467076268
cnn_dailymail,1024,4096,1.37,0.07273650587387323
cnn_dailymail,1024,4096,1.375,0.07637949715237421
cnn_dailymail,1024,4096,1.38,0.08000926520295285
cnn_dailymail,1024,4096,1.385,0.08362590567314147
cnn_dailymail,1024,4096,1.3900000000000001,0.08722951317644008
cnn_dailymail,1024,4096,1.395,0.09082018130716858
cnn_dailymail,1024,4096,1.4,0.09439800265505253
cnn_dailymail,1024,4096,1.405,0.09796306881954871
cnn_dailymail,1024,4096,1.4100000000000001,0.10151547042391666
cnn_dailymail,1024,4096,1.415,0.10505529712904059
cnn_dailymail,1024,4096,1.42,0.10858263764700897
cnn_dailymail,1024,4096,1.425,0.11209757975445354
cnn_dailymail,1024,4096,1.43,0.11560021030565552
cnn_dailymail,1024,4096,1.435,0.11909061524542412
cnn_dailymail,1024,4096,1.44,0.12256887962174888
cnn_dailymail,1024,4096,1.4449999999999998,0.12603508759823498
cnn_dailymail,1024,4096,1.45,0.1294893224663226
cnn_dailymail,1024,4096,1.455,0.13293166665729553
cnn_dailymail,1024,4096,1.46,0.13636220175408467
cnn_dailymail,1024,4096,1.4649999999999999,0.13978100850287015
cnn_dailymail,1024,4096,1.47,0.14318816682448451
cnn_dailymail,1024,4096,1.475,0.14658375582562286
cnn_dailymail,1024,4096,1.48,0.1499678538098633
cnn_dailymail,1024,4096,1.4849999999999999,0.1533405382885025
cnn_dailymail,1024,4096,1.49,0.15670188599120738
cnn_dailymail,1024,4096,1.495,0.16005197287648942
cnn_dailymail,1024,4096,1.5,0.163390874142004
cnn_dailymail,2048,512,0.85,0.16642255329167188
cnn_dailymail,2048,512,0.855,0.1605574338392738
cnn_dailymail,2048,512,0.86,0.15472651352848063
cnn_dailymail,2048,512,0.865,0.1489293958441547
cnn_dailymail,2048,512,0.87,0.1431656911274046
cnn_dailymail,2048,512,0.875,0.13743501641841957
cnn_dailymail,2048,512,0.88,0.13173699530378188
cnn_dailymail,2048,512,0.885,0.1260712577681045
cnn_dailymail,2048,512,0.89,0.12043744004984847
cnn_dailymail,2048,512,0.895,0.11483518450117863
cnn_dailymail,2048,512,0.9,0.10926413945172325
cnn_dailymail,2048,512,0.905,0.10372395907610786
cnn_dailymail,2048,512,0.9099999999999999,0.09821430326513837
cnn_dailymail,2048,512,0.915,0.09273483750051266
cnn_dailymail,2048,512,0.9199999999999999,0.0872852327329481
cnn_dailymail,2048,512,0.9249999999999999,0.08186516526360889
cnn_dailymail,2048,512,0.9299999999999999,0.07647431662873246
cnn_dailymail,2048,512,0.9349999999999999,0.07111237348734707
cnn_dailymail,2048,512,0.94,0.06577902751198449
cnn_dailymail,2048,512,0.945,0.060473975282291315
cnn_dailymail,2048,512,0.95,0.055196918181447535
cnn_dailymail,2048,512,0.955,0.0499475622953038
cnn_dailymail,2048,512,0.96,0.04472561831415212
cnn_dailymail,2048,512,0.965,0.039530801437048124
cnn_dailymail,2048,512,0.97,0.03436283127860554
cnn_dailymail,2048,512,0.975,0.029221431778186854
cnn_dailymail,2048,512,0.98,0.024106331111416426
cnn_dailymail,2048,512,0.985,0.019017261603945144
cnn_dailymail,2048,512,0.99,0.01395395964739841
cnn_dailymail,2048,512,0.995,0.00917904122339193
cnn_dailymail,2048,512,1.0,0.006058163688276551
cnn_dailymail,2048,512,1.005,0.006210891675710655
cnn_dailymail,2048,512,1.01,0.007930361097138268
cnn_dailymail,2048,512,1.015,0.011222548857526578
cnn_dailymail,2048,512,1.02,0.01589900350228277
cnn_dailymail,2048,512,1.025,0.020788988796474454
cnn_dailymail,2048,512,1.03,0.025655178447647465
cnn_dailymail,2048,512,1.035,0.03049780292343536
cnn_dailymail,2048,512,1.04,0.03531708935938437
cnn_dailymail,2048,512,1.045,0.040113261622877296
cnn_dailymail,2048,512,1.05,0.04488654037553508
cnn_dailymail,2048,512,1.055,0.049637143134132804
cnn_dailymail,2048,512,1.06,0.05436528433007887
cnn_dailymail,2048,512,1.065,0.05907117536749143
cnn_dailymail,2048,512,1.07,0.06375502467991791
cnn_dailymail,2048,512,1.075,0.06841703778572912
cnn_dailymail,2048,512,1.08,0.07305741734223144
cnn_dailymail,2048,512,1.085,0.07767636319852587
cnn_dailymail,2048,512,1.0899999999999999,0.08227407244715525
cnn_dailymail,2048,512,1.095,0.08685073947456716
cnn_dailymail,2048,512,1.1,0.09140655601042798
cnn_dailymail,2048,512,1.105,0.09594171117581916
cnn_dailymail,2048,512,1.1099999999999999,0.1004563915303457
cnn_dailymail,2048,512,1.115,0.10495078111818512
cnn_dailymail,2048,512,1.12,0.10942506151310631
cnn_dailymail,2048,512,1.125,0.1138794118624865
cnn_dailymail,2048,512,1.13,0.11831400893035215
cnn_dailymail,2048,512,1.135,0.12272902713946904
cnn_dailymail,2048,512,1.14,0.12712463861250703
cnn_dailymail,2048,512,1.145,0.13150101321230603
cnn_dailymail,2048,512,1.15,0.13585831858126166
cnn_dailymail,2048,512,1.155,0.1401967201798599
cnn_dailymail,2048,512,1.16,0.14451638132437628
cnn_dailymail,2048,512,1.165,0.148817463223767
cnn_dailymail,2048,512,1.17,0.15310012501576775
cnn_dailymail,2048,512,1.175,0.15736452380222535
cnn_dailymail,2048,512,1.18,0.16161081468367636
cnn_dailymail,2048,512,1.185,0.16583915079319758
cnn_dailymail,2048,512,1.19,0.17004968332954104
cnn_dailymail,2048,512,1.195,0.17424256158957707
cnn_dailymail,2048,512,1.2,0.17841793300005762
cnn_dailymail,2048,512,1.205,0.18257594314872141
cnn_dailymail,2048,512,1.21,0.18671673581475276
cnn_dailymail,2048,512,1.2149999999999999,0.1908404529986147
cnn_dailymail,2048,512,1.22,0.1949472349512682
cnn_dailymail,2048,512,1.225,0.19903722020279344
cnn_dailymail,2048,512,1.23,0.20311054559042918
cnn_dailymail,2048,512,1.2349999999999999,0.20716734628604347
cnn_dailymail,2048,512,1.24,0.21120775582304854
cnn_dailymail,2048,512,1.245,0.21523190612277407
cnn_dailymail,2048,512,1.25,0.21923992752031277
cnn_dailymail,2048,512,1.255,0.22323194878985017
cnn_dailymail,2048,512,1.26,0.22720809716948967
cnn_dailymail,2048,512,1.2650000000000001,0.23116849838558665
cnn_dailymail,2048,512,1.27,0.23511327667660295
cnn_dailymail,2048,512,1.275,0.23904255481649242
cnn_dailymail,2048,512,1.28,0.2429564541376288
cnn_dailymail,2048,512,1.285,0.24685509455328614
cnn_dailymail,2048,512,1.29,0.25073859457968384
cnn_dailymail,2048,512,1.295,0.2546070713576041
cnn_dailymail,2048,512,1.3,0.2584606406735941
cnn_dailymail,2048,512,1.305,0.26229941698075976
cnn_dailymail,2048,512,1.31,0.2661235134191633
cnn_dailymail,2048,512,1.315,0.2699330418358309
cnn_dailymail,2048,512,1.32,0.2737281128043826
cnn_dailymail,2048,512,1.325,0.2775088356442885
cnn_dailymail,2048,512,1.33,0.28127531843976544
cnn_dailymail,2048,512,1.335,0.2850276680583159
cnn_dailymail,2048,512,1.3399999999999999,0.28876599016892285
cnn_dailymail,2048,512,1.345,0.2924903892599054
cnn_dailymail,2048,512,1.35,0.2962009686564412
cnn_dailymail,2048,512,1.355,0.2998978305377673
cnn_dailymail,2048,512,1.3599999999999999,0.3035810759540636
cnn_dailymail,2048,512,1.365,0.3072508048430261
cnn_dailymail,2048,512,1.37,0.31090711604613663
cnn_dailymail,2048,512,1.375,0.31455010732463756
cnn_dailymail,2048,512,1.38,0.3181798753752163
cnn_dailymail,2048,512,1.385,0.32179651584540486
cnn_dailymail,2048,512,1.3900000000000001,0.3254001233487035
cnn_dailymail,2048,512,1.395,0.328990791479432
cnn_dailymail,2048,512,1.4,0.332568612827316
cnn_dailymail,2048,512,1.405,0.3361336789918121
cnn_dailymail,2048,512,1.4100000000000001,0.3396860805961801
cnn_dailymail,2048,512,1.415,0.343225907301304
cnn_dailymail,2048,512,1.42,0.3467532478192723
cnn_dailymail,2048,512,1.425,0.350268189926717
cnn_dailymail,2048,512,1.43,0.35377082047791886
cnn_dailymail,2048,512,1.435,0.35726122541768746
cnn_dailymail,2048,512,1.44,0.3607394897940123
cnn_dailymail,2048,512,1.4449999999999998,0.3642056977704984
cnn_dailymail,2048,512,1.45,0.3676599326385861
cnn_dailymail,2048,512,1.455,0.3711022768295589
cnn_dailymail,2048,512,1.46,0.3745328119263481
cnn_dailymail,2048,512,1.4649999999999999,0.37795161867513355
cnn_dailymail,2048,512,1.47,0.3813587769967479
cnn_dailymail,2048,512,1.475,0.38475436599788626
cnn_dailymail,2048,512,1.48,0.38813846398212676
cnn_dailymail,2048,512,1.4849999999999999,0.39151114846076585
cnn_dailymail,2048,512,1.49,0.39487249616347087
cnn_dailymail,2048,512,1.495,0.3982225830487529
cnn_dailymail,2048,512,1.5,0.4015614843142674
cnn_dailymail,2048,1024,0.85,0.20003057735146024
cnn_dailymail,2048,1024,0.855,0.19416545789906214
cnn_dailymail,2048,1024,0.86,0.188334537588269
cnn_dailymail,2048,1024,0.865,0.18253741990394304
cnn_dailymail,2048,1024,0.87,0.17677371518719298
cnn_dailymail,2048,1024,0.875,0.17104304047820795
cnn_dailymail,2048,1024,0.88,0.16534501936357018
cnn_dailymail,2048,1024,0.885,0.15967928182789284
cnn_dailymail,2048,1024,0.89,0.15404546410963682
cnn_dailymail,2048,1024,0.895,0.14844320856096696
cnn_dailymail,2048,1024,0.9,0.14287216351151158
cnn_dailymail,2048,1024,0.905,0.13733198313589623
cnn_dailymail,2048,1024,0.9099999999999999,0.13182232732492674
cnn_dailymail,2048,1024,0.915,0.126342861560301
cnn_dailymail,2048,1024,0.9199999999999999,0.12089325679273645
cnn_dailymail,2048,1024,0.9249999999999999,0.11547318932339724
cnn_dailymail,2048,1024,0.9299999999999999,0.11008234068852081
cnn_dailymail,2048,1024,0.9349999999999999,0.10472039754713543
cnn_dailymail,2048,1024,0.94,0.09938705157177286
cnn_dailymail,2048,1024,0.945,0.09408199934207966
cnn_dailymail,2048,1024,0.95,0.08880494224123588
cnn_dailymail,2048,1024,0.955,0.08355558635509215
cnn_dailymail,2048,1024,0.96,0.07833364237394048
cnn_dailymail,2048,1024,0.965,0.07313882549683647
cnn_dailymail,2048,1024,0.97,0.06797085533839388
cnn_dailymail,2048,1024,0.975,0.06282945583797521
cnn_dailymail,2048,1024,0.98,0.05771435517120479
cnn_dailymail,2048,1024,0.985,0.0526252856637335
cnn_dailymail,2048,1024,0.99,0.04756198370718676
cnn_dailymail,2048,1024,0.995,0.042524189677229596
cnn_dailymail,2048,1024,1.0,0.03751164785368531
cnn_dailymail,2048,1024,1.005,0.032524106342646346
cnn_dailymail,2048,1024,1.01,0.027561317000517217
cnn_dailymail,2048,1024,1.015,0.022623035359934752
cnn_dailymail,2048,1024,1.02,0.01770902055750558
cnn_dailymail,2048,1024,1.025,0.012819035263313896
cnn_dailymail,2048,1024,1.03,0.008742579997800528
cnn_dailymail,2048,1024,1.035,0.006255039769564888
cnn_dailymail,2048,1024,1.04,0.005541686875119851
cnn_dailymail,2048,1024,1.045,0.0079637942344982
cnn_dailymail,2048,1024,1.05,0.01127851631574673
cnn_dailymail,2048,1024,1.055,0.016029119074344445
cnn_dailymail,2048,1024,1.06,0.020757260270290515
cnn_dailymail,2048,1024,1.065,0.025463151307703075
cnn_dailymail,2048,1024,1.07,0.030147000620129552
cnn_dailymail,2048,1024,1.075,0.034809013725940766
cnn_dailymail,2048,1024,1.08,0.03944939328244308
cnn_dailymail,2048,1024,1.085,0.04406833913873753
cnn_dailymail,2048,1024,1.0899999999999999,0.0486660483873669
cnn_dailymail,2048,1024,1.095,0.0532427154147788
cnn_dailymail,2048,1024,1.1,0.05779853195063963
cnn_dailymail,2048,1024,1.105,0.0623336871160308
cnn_dailymail,2048,1024,1.1099999999999999,0.06684836747055735
cnn_dailymail,2048,1024,1.115,0.07134275705839675
cnn_dailymail,2048,1024,1.12,0.07581703745331796
cnn_dailymail,2048,1024,1.125,0.08027138780269814
cnn_dailymail,2048,1024,1.13,0.08470598487056379
cnn_dailymail,2048,1024,1.135,0.0891210030796807
cnn_dailymail,2048,1024,1.14,0.09351661455271869
cnn_dailymail,2048,1024,1.145,0.09789298915251765
cnn_dailymail,2048,1024,1.15,0.10225029452147331
cnn_dailymail,2048,1024,1.155,0.10658869612007156
cnn_dailymail,2048,1024,1.16,0.1109083572645879
cnn_dailymail,2048,1024,1.165,0.11520943916397862
cnn_dailymail,2048,1024,1.17,0.11949210095597938
cnn_dailymail,2048,1024,1.175,0.12375649974243702
cnn_dailymail,2048,1024,1.18,0.128002790623888
cnn_dailymail,2048,1024,1.185,0.13223112673340923
cnn_dailymail,2048,1024,1.19,0.13644165926975269
cnn_dailymail,2048,1024,1.195,0.14063453752978872
cnn_dailymail,2048,1024,1.2,0.1448099089402693
cnn_dailymail,2048,1024,1.205,0.1489679190889331
cnn_dailymail,2048,1024,1.21,0.1531087117549644
cnn_dailymail,2048,1024,1.2149999999999999,0.15723242893882636
cnn_dailymail,2048,1024,1.22,0.16133921089147985
cnn_dailymail,2048,1024,1.225,0.16542919614300508
cnn_dailymail,2048,1024,1.23,0.16950252153064083
cnn_dailymail,2048,1024,1.2349999999999999,0.1735593222262551
cnn_dailymail,2048,1024,1.24,0.17759973176326016
cnn_dailymail,2048,1024,1.245,0.18162388206298571
cnn_dailymail,2048,1024,1.25,0.18563190346052447
cnn_dailymail,2048,1024,1.255,0.18962392473006182
cnn_dailymail,2048,1024,1.26,0.19360007310970137
cnn_dailymail,2048,1024,1.2650000000000001,0.19756047432579835
cnn_dailymail,2048,1024,1.27,0.20150525261681462
cnn_dailymail,2048,1024,1.275,0.20543453075670404
cnn_dailymail,2048,1024,1.28,0.2093484300778405
cnn_dailymail,2048,1024,1.285,0.21324707049349775
cnn_dailymail,2048,1024,1.29,0.21713057051989545
cnn_dailymail,2048,1024,1.295,0.2209990472978157
cnn_dailymail,2048,1024,1.3,0.22485261661380576
cnn_dailymail,2048,1024,1.305,0.22869139292097138
cnn_dailymail,2048,1024,1.31,0.2325154893593749
cnn_dailymail,2048,1024,1.315,0.23632501777604253
cnn_dailymail,2048,1024,1.32,0.24012008874459423
cnn_dailymail,2048,1024,1.325,0.2439008115845002
cnn_dailymail,2048,1024,1.33,0.24766729437997714
cnn_dailymail,2048,1024,1.335,0.2514196439985275
cnn_dailymail,2048,1024,1.3399999999999999,0.25515796610913455
cnn_dailymail,2048,1024,1.345,0.2588823652001171
cnn_dailymail,2048,1024,1.35,0.26259294459665283
cnn_dailymail,2048,1024,1.355,0.2662898064779789
cnn_dailymail,2048,1024,1.3599999999999999,0.2699730518942753
cnn_dailymail,2048,1024,1.365,0.2736427807832377
cnn_dailymail,2048,1024,1.37,0.2772990919863483
cnn_dailymail,2048,1024,1.375,0.28094208326484926
cnn_dailymail,2048,1024,1.38,0.2845718513154279
cnn_dailymail,2048,1024,1.385,0.2881884917856165
cnn_dailymail,2048,1024,1.3900000000000001,0.29179209928891514
cnn_dailymail,2048,1024,1.395,0.29538276741964364
cnn_dailymail,2048,1024,1.4,0.29896058876752757
cnn_dailymail,2048,1024,1.405,0.3025256549320238
cnn_dailymail,2048,1024,1.4100000000000001,0.3060780565363917
cnn_dailymail,2048,1024,1.415,0.3096178832415157
cnn_dailymail,2048,1024,1.42,0.313145223759484
cnn_dailymail,2048,1024,1.425,0.3166601658669286
cnn_dailymail,2048,1024,1.43,0.32016279641813056
cnn_dailymail,2048,1024,1.435,0.32365320135789916
cnn_dailymail,2048,1024,1.44,0.3271314657342239
cnn_dailymail,2048,1024,1.4449999999999998,0.3305976737107101
cnn_dailymail,2048,1024,1.45,0.33405190857879763
cnn_dailymail,2048,1024,1.455,0.3374942527697706
cnn_dailymail,2048,1024,1.46,0.3409247878665598
cnn_dailymail,2048,1024,1.4649999999999999,0.34434359461534525
cnn_dailymail,2048,1024,1.47,0.3477507529369596
cnn_dailymail,2048,1024,1.475,0.35114634193809796
cnn_dailymail,2048,1024,1.48,0.35453043992233835
cnn_dailymail,2048,1024,1.4849999999999999,0.35790312440097755
cnn_dailymail,2048,1024,1.49,0.36126447210368245
cnn_dailymail,2048,1024,1.495,0.36461455898896444
cnn_dailymail,2048,1024,1.5,0.3679534602544791
cnn_dailymail,2048,2048,0.85,0.2366235917314585
cnn_dailymail,2048,2048,0.855,0.2307584722790604
cnn_dailymail,2048,2048,0.86,0.22492755196826722
cnn_dailymail,2048,2048,0.865,0.2191304342839413
cnn_dailymail,2048,2048,0.87,0.2133667295671912
cnn_dailymail,2048,2048,0.875,0.20763605485820621
cnn_dailymail,2048,2048,0.88,0.20193803374356842
cnn_dailymail,2048,2048,0.885,0.1962722962078911
cnn_dailymail,2048,2048,0.89,0.19063847848963508
cnn_dailymail,2048,2048,0.895,0.18503622294096522
cnn_dailymail,2048,2048,0.9,0.17946517789150981
cnn_dailymail,2048,2048,0.905,0.17392499751589444
cnn_dailymail,2048,2048,0.9099999999999999,0.16841534170492498
cnn_dailymail,2048,2048,0.915,0.16293587594029926
cnn_dailymail,2048,2048,0.9199999999999999,0.1574862711727347
cnn_dailymail,2048,2048,0.9249999999999999,0.1520662037033955
cnn_dailymail,2048,2048,0.9299999999999999,0.14667535506851906
cnn_dailymail,2048,2048,0.9349999999999999,0.14131341192713368
cnn_dailymail,2048,2048,0.94,0.13598006595177106
cnn_dailymail,2048,2048,0.945,0.1306750137220779
cnn_dailymail,2048,2048,0.95,0.12539795662123412
cnn_dailymail,2048,2048,0.955,0.12014860073509041
cnn_dailymail,2048,2048,0.96,0.11492665675393872
cnn_dailymail,2048,2048,0.965,0.10973183987683473
cnn_dailymail,2048,2048,0.97,0.10456386971839214
cnn_dailymail,2048,2048,0.975,0.09942247021797346
cnn_dailymail,2048,2048,0.98,0.09430736955120304
cnn_dailymail,2048,2048,0.985,0.08921830004373175
cnn_dailymail,2048,2048,0.99,0.084154998087185
cnn_dailymail,2048,2048,0.995,0.07911720405722784
cnn_dailymail,2048,2048,1.0,0.07410466223368355
cnn_dailymail,2048,2048,1.005,0.06911712072264457
cnn_dailymail,2048,2048,1.01,0.06415433138051546
cnn_dailymail,2048,2048,1.015,0.059216049739933
cnn_dailymail,2048,2048,1.02,0.05430203493750383
cnn_dailymail,2048,2048,1.025,0.049412049643312146
cnn_dailymail,2048,2048,1.03,0.04454585999213912
cnn_dailymail,2048,2048,1.035,0.03970323551635124
cnn_dailymail,2048,2048,1.04,0.03488394908040223
cnn_dailymail,2048,2048,1.045,0.030087776816909304
cnn_dailymail,2048,2048,1.05,0.025314498064251522
cnn_dailymail,2048,2048,1.055,0.020563895305653803
cnn_dailymail,2048,2048,1.06,0.015835754109707736
cnn_dailymail,2048,2048,1.065,0.011129863072295174
cnn_dailymail,2048,2048,1.07,0.00689225789220937
cnn_dailymail,2048,2048,1.075,0.005597658126806325
cnn_dailymail,2048,2048,1.08,0.005795257881686828
cnn_dailymail,2048,2048,1.085,0.00779403191349035
cnn_dailymail,2048,2048,1.0899999999999999,0.012073034007368644
cnn_dailymail,2048,2048,1.095,0.016649701034780556
cnn_dailymail,2048,2048,1.1,0.021205517570641375
cnn_dailymail,2048,2048,1.105,0.02574067273603256
cnn_dailymail,2048,2048,1.1099999999999999,0.0302553530905591
cnn_dailymail,2048,2048,1.115,0.03474974267839851
cnn_dailymail,2048,2048,1.12,0.0392240230733197
cnn_dailymail,2048,2048,1.125,0.04367837342269989
cnn_dailymail,2048,2048,1.13,0.04811297049056556
cnn_dailymail,2048,2048,1.135,0.05252798869968245
cnn_dailymail,2048,2048,1.14,0.05692360017272043
cnn_dailymail,2048,2048,1.145,0.06129997477251942
cnn_dailymail,2048,2048,1.15,0.06565728014147505
cnn_dailymail,2048,2048,1.155,0.06999568174007333
cnn_dailymail,2048,2048,1.16,0.07431534288458964
cnn_dailymail,2048,2048,1.165,0.07861642478398036
cnn_dailymail,2048,2048,1.17,0.08289908657598112
cnn_dailymail,2048,2048,1.175,0.08716348536243874
cnn_dailymail,2048,2048,1.18,0.09140977624388975
cnn_dailymail,2048,2048,1.185,0.09563811235341098
cnn_dailymail,2048,2048,1.19,0.09984864488975442
cnn_dailymail,2048,2048,1.195,0.1040415231497905
cnn_dailymail,2048,2048,1.2,0.10821689456027105
cnn_dailymail,2048,2048,1.205,0.11237490470893484
cnn_dailymail,2048,2048,1.21,0.11651569737496614
cnn_dailymail,2048,2048,1.2149999999999999,0.1206394145588281
cnn_dailymail,2048,2048,1.22,0.12474619651148162
cnn_dailymail,2048,2048,1.225,0.12883618176300682
cnn_dailymail,2048,2048,1.23,0.13290950715064256
cnn_dailymail,2048,2048,1.2349999999999999,0.13696630784625688
cnn_dailymail,2048,2048,1.24,0.14100671738326195
cnn_dailymail,2048,2048,1.245,0.14503086768298748
cnn_dailymail,2048,2048,1.25,0.14903888908052623
cnn_dailymail,2048,2048,1.255,0.15303091035006358
cnn_dailymail,2048,2048,1.26,0.15700705872970308
cnn_dailymail,2048,2048,1.2650000000000001,0.1609674599458001
cnn_dailymail,2048,2048,1.27,0.16491223823681636
cnn_dailymail,2048,2048,1.275,0.16884151637670583
cnn_dailymail,2048,2048,1.28,0.17275541569784228
cnn_dailymail,2048,2048,1.285,0.1766540561134995
cnn_dailymail,2048,2048,1.29,0.1805375561398972
cnn_dailymail,2048,2048,1.295,0.18440603291781743
cnn_dailymail,2048,2048,1.3,0.18825960223380753
cnn_dailymail,2048,2048,1.305,0.1920983785409731
cnn_dailymail,2048,2048,1.31,0.19592247497937665
cnn_dailymail,2048,2048,1.315,0.19973200339604427
cnn_dailymail,2048,2048,1.32,0.20352707436459597
cnn_dailymail,2048,2048,1.325,0.20730779720450196
cnn_dailymail,2048,2048,1.33,0.21107427999997888
cnn_dailymail,2048,2048,1.335,0.21482662961852927
cnn_dailymail,2048,2048,1.3399999999999999,0.2185649517291363
cnn_dailymail,2048,2048,1.345,0.22228935082011883
cnn_dailymail,2048,2048,1.35,0.22599993021665457
cnn_dailymail,2048,2048,1.355,0.22969679209798066
cnn_dailymail,2048,2048,1.3599999999999999,0.23338003751427702
cnn_dailymail,2048,2048,1.365,0.23704976640323952
cnn_dailymail,2048,2048,1.37,0.24070607760635002
cnn_dailymail,2048,2048,1.375,0.244349068884851
cnn_dailymail,2048,2048,1.38,0.24797883693542966
cnn_dailymail,2048,2048,1.385,0.25159547740561833
cnn_dailymail,2048,2048,1.3900000000000001,0.2551990849089169
cnn_dailymail,2048,2048,1.395,0.2587897530396454
cnn_dailymail,2048,2048,1.4,0.26236757438752933
cnn_dailymail,2048,2048,1.405,0.26593264055202553
cnn_dailymail,2048,2048,1.4100000000000001,0.26948504215639346
cnn_dailymail,2048,2048,1.415,0.2730248688615174
cnn_dailymail,2048,2048,1.42,0.27655220937948577
cnn_dailymail,2048,2048,1.425,0.28006715148693034
cnn_dailymail,2048,2048,1.43,0.2835697820381323
cnn_dailymail,2048,2048,1.435,0.2870601869779009
cnn_dailymail,2048,2048,1.44,0.2905384513542257
cnn_dailymail,2048,2048,1.4449999999999998,0.2940046593307118
cnn_dailymail,2048,2048,1.45,0.29745889419879945
cnn_dailymail,2048,2048,1.455,0.30090123838977234
cnn_dailymail,2048,2048,1.46,0.30433177348656154
cnn_dailymail,2048,2048,1.4649999999999999,0.307750580235347
cnn_dailymail,2048,2048,1.47,0.3111577385569613
cnn_dailymail,2048,2048,1.475,0.31455332755809967
cnn_dailymail,2048,2048,1.48,0.3179374255423401
cnn_dailymail,2048,2048,1.4849999999999999,0.3213101100209793
cnn_dailymail,2048,2048,1.49,0.3246714577236842
cnn_dailymail,2048,2048,1.495,0.32802154460896626
cnn_dailymail,2048,2048,1.5,0.3313604458744808
cnn_dailymail,2048,4096,0.85,0.29071642444219287
cnn_dailymail,2048,4096,0.855,0.2848513049897948
cnn_dailymail,2048,4096,0.86,0.2790203846790016
cnn_dailymail,2048,4096,0.865,0.2732232669946757
cnn_dailymail,2048,4096,0.87,0.26745956227792556
cnn_dailymail,2048,4096,0.875,0.2617288875689405
cnn_dailymail,2048,4096,0.88,0.25603086645430284
cnn_dailymail,2048,4096,0.885,0.25036512891862545
cnn_dailymail,2048,4096,0.89,0.24473131120036942
cnn_dailymail,2048,4096,0.895,0.2391290556516996
cnn_dailymail,2048,4096,0.9,0.23355801060224424
cnn_dailymail,2048,4096,0.905,0.2280178302266288
cnn_dailymail,2048,4096,0.9099999999999999,0.22250817441565932
cnn_dailymail,2048,4096,0.915,0.21702870865103363
cnn_dailymail,2048,4096,0.9199999999999999,0.21157910388346904
cnn_dailymail,2048,4096,0.9249999999999999,0.2061590364141299
cnn_dailymail,2048,4096,0.9299999999999999,0.20076818777925343
cnn_dailymail,2048,4096,0.9349999999999999,0.19540624463786804
cnn_dailymail,2048,4096,0.94,0.19007289866250546
cnn_dailymail,2048,4096,0.945,0.18476784643281227
cnn_dailymail,2048,4096,0.95,0.1794907893319685
cnn_dailymail,2048,4096,0.955,0.17424143344582477
cnn_dailymail,2048,4096,0.96,0.16901948946467307
cnn_dailymail,2048,4096,0.965,0.16382467258756908
cnn_dailymail,2048,4096,0.97,0.1586567024291265
cnn_dailymail,2048,4096,0.975,0.15351530292870783
cnn_dailymail,2048,4096,0.98,0.1484002022619374
cnn_dailymail,2048,4096,0.985,0.1433111327544661
cnn_dailymail,2048,4096,0.99,0.13824783079791939
cnn_dailymail,2048,4096,0.995,0.1332100367679622
cnn_dailymail,2048,4096,1.0,0.12819749494441793
cnn_dailymail,2048,4096,1.005,0.12320995343337894
cnn_dailymail,2048,4096,1.01,0.11824716409124982
cnn_dailymail,2048,4096,1.015,0.11330888245066735
cnn_dailymail,2048,4096,1.02,0.10839486764823818
cnn_dailymail,2048,4096,1.025,0.10350488235404649
cnn_dailymail,2048,4096,1.03,0.0986386927028735
cnn_dailymail,2048,4096,1.035,0.0937960682270856
cnn_dailymail,2048,4096,1.04,0.08897678179113659
cnn_dailymail,2048,4096,1.045,0.08418060952764367
cnn_dailymail,2048,4096,1.05,0.07940733077498587
cnn_dailymail,2048,4096,1.055,0.07465672801638816
cnn_dailymail,2048,4096,1.06,0.0699285868204421
cnn_dailymail,2048,4096,1.065,0.06522269578302954
cnn_dailymail,2048,4096,1.07,0.06053884647060306
cnn_dailymail,2048,4096,1.075,0.05587683336479184
cnn_dailymail,2048,4096,1.08,0.05123645380828953
cnn_dailymail,2048,4096,1.085,0.046617507951995076
cnn_dailymail,2048,4096,1.0899999999999999,0.04201979870336572
cnn_dailymail,2048,4096,1.095,0.037443131675953804
cnn_dailymail,2048,4096,1.1,0.032887315140092986
cnn_dailymail,2048,4096,1.105,0.028352159974701804
cnn_dailymail,2048,4096,1.1099999999999999,0.023837479620175257
cnn_dailymail,2048,4096,1.115,0.019343090032335843
cnn_dailymail,2048,4096,1.12,0.014868809637414653
cnn_dailymail,2048,4096,1.125,0.011014246552492939
cnn_dailymail,2048,4096,1.13,0.008057848507249167
cnn_dailymail,2048,4096,1.135,0.0067420421675511225
cnn_dailymail,2048,4096,1.14,0.00814860039109492
cnn_dailymail,2048,4096,1.145,0.009607391924361245
cnn_dailymail,2048,4096,1.15,0.012381885244765696
cnn_dailymail,2048,4096,1.155,0.01590284902933895
cnn_dailymail,2048,4096,1.16,0.020222510173855297
cnn_dailymail,2048,4096,1.165,0.024523592073246007
cnn_dailymail,2048,4096,1.17,0.02880625386524677
cnn_dailymail,2048,4096,1.175,0.0330706526517044
cnn_dailymail,2048,4096,1.18,0.03731694353315541
cnn_dailymail,2048,4096,1.185,0.04154527964267663
cnn_dailymail,2048,4096,1.19,0.04575581217902006
cnn_dailymail,2048,4096,1.195,0.04994869043905612
cnn_dailymail,2048,4096,1.2,0.054124061849536664
cnn_dailymail,2048,4096,1.205,0.05828207199820046
cnn_dailymail,2048,4096,1.21,0.062422864664231775
cnn_dailymail,2048,4096,1.2149999999999999,0.06654658184809373
cnn_dailymail,2048,4096,1.22,0.07065336380074726
cnn_dailymail,2048,4096,1.225,0.07474334905227245
cnn_dailymail,2048,4096,1.23,0.0788166744399082
cnn_dailymail,2048,4096,1.2349999999999999,0.08287347513552248
cnn_dailymail,2048,4096,1.24,0.08691388467252757
cnn_dailymail,2048,4096,1.245,0.0909380349722531
cnn_dailymail,2048,4096,1.25,0.09494605636979185
cnn_dailymail,2048,4096,1.255,0.0989380776393292
cnn_dailymail,2048,4096,1.26,0.10291422601896871
cnn_dailymail,2048,4096,1.2650000000000001,0.10687462723506573
cnn_dailymail,2048,4096,1.27,0.110819405526082
cnn_dailymail,2048,4096,1.275,0.11474868366597146
cnn_dailymail,2048,4096,1.28,0.1186625829871079
cnn_dailymail,2048,4096,1.285,0.12256122340276514
cnn_dailymail,2048,4096,1.29,0.12644472342916283
cnn_dailymail,2048,4096,1.295,0.13031320020708306
cnn_dailymail,2048,4096,1.3,0.13416676952307313
cnn_dailymail,2048,4096,1.305,0.13800554583023875
cnn_dailymail,2048,4096,1.31,0.14182964226864228
cnn_dailymail,2048,4096,1.315,0.14563917068530993
cnn_dailymail,2048,4096,1.32,0.14943424165386163
cnn_dailymail,2048,4096,1.325,0.15321496449376756
cnn_dailymail,2048,4096,1.33,0.15698144728924454
cnn_dailymail,2048,4096,1.335,0.1607337969077949
cnn_dailymail,2048,4096,1.3399999999999999,0.16447211901840195
cnn_dailymail,2048,4096,1.345,0.16819651810938452
cnn_dailymail,2048,4096,1.35,0.17190709750592026
cnn_dailymail,2048,4096,1.355,0.1756039593872463
cnn_dailymail,2048,4096,1.3599999999999999,0.17928720480354263
cnn_dailymail,2048,4096,1.365,0.18295693369250512
cnn_dailymail,2048,4096,1.37,0.1866132448956157
cnn_dailymail,2048,4096,1.375,0.1902562361741167
cnn_dailymail,2048,4096,1.38,0.1938860042246953
cnn_dailymail,2048,4096,1.385,0.1975026446948839
cnn_dailymail,2048,4096,1.3900000000000001,0.20110625219818257
cnn_dailymail,2048,4096,1.395,0.20469692032891107
cnn_dailymail,2048,4096,1.4,0.20827474167679497
cnn_dailymail,2048,4096,1.405,0.2118398078412912
cnn_dailymail,2048,4096,1.4100000000000001,0.2153922094456591
cnn_dailymail,2048,4096,1.415,0.21893203615078305
cnn_dailymail,2048,4096,1.42,0.22245937666875137
cnn_dailymail,2048,4096,1.425,0.225974318776196
cnn_dailymail,2048,4096,1.43,0.22947694932739793
cnn_dailymail,2048,4096,1.435,0.23296735426716653
cnn_dailymail,2048,4096,1.44,0.23644561864349134
cnn_dailymail,2048,4096,1.4449999999999998,0.23991182661997745
cnn_dailymail,2048,4096,1.45,0.24336606148806508
cnn_dailymail,2048,4096,1.455,0.24680840567903795
cnn_dailymail,2048,4096,1.46,0.25023894077582715
cnn_dailymail,2048,4096,1.4649999999999999,0.2536577475246126
cnn_dailymail,2048,4096,1.47,0.25706490584622693
cnn_dailymail,2048,4096,1.475,0.2604604948473653
cnn_dailymail,2048,4096,1.48,0.2638445928316058
cnn_dailymail,2048,4096,1.4849999999999999,0.2672172773102449
cnn_dailymail,2048,4096,1.49,0.2705786250129499
cnn_dailymail,2048,4096,1.495,0.27392871189823187
cnn_dailymail,2048,4096,1.5,0.27726761316374643
cnn_dailymail,4096,512,0.85,0.15532845630746128
cnn_dailymail,4096,512,0.855,0.1494633368550632
cnn_dailymail,4096,512,0.86,0.14363241654427
cnn_dailymail,4096,512,0.865,0.1378352988599441
cnn_dailymail,4096,512,0.87,0.132071594143194
cnn_dailymail,4096,512,0.875,0.12634091943420897
cnn_dailymail,4096,512,0.88,0.12064289831957124
cnn_dailymail,4096,512,0.885,0.11497716078389388
cnn_dailymail,4096,512,0.89,0.10934334306563782
cnn_dailymail,4096,512,0.895,0.10374108751696802
cnn_dailymail,4096,512,0.9,0.09817004246751264
cnn_dailymail,4096,512,0.905,0.09262986209189723
cnn_dailymail,4096,512,0.9099999999999999,0.08712020628092776
cnn_dailymail,4096,512,0.915,0.08164074051630205
cnn_dailymail,4096,512,0.9199999999999999,0.07619113574873748
cnn_dailymail,4096,512,0.9249999999999999,0.07077106827939827
cnn_dailymail,4096,512,0.9299999999999999,0.06538021964452184
cnn_dailymail,4096,512,0.9349999999999999,0.06001827650313646
cnn_dailymail,4096,512,0.94,0.05468493052777388
cnn_dailymail,4096,512,0.945,0.049379878298080694
cnn_dailymail,4096,512,0.95,0.044102821197236915
cnn_dailymail,4096,512,0.955,0.03885346531109319
cnn_dailymail,4096,512,0.96,0.033631521329941516
cnn_dailymail,4096,512,0.965,0.028436704452837507
cnn_dailymail,4096,512,0.97,0.02326873429439492
cnn_dailymail,4096,512,0.975,0.01812733479397624
cnn_dailymail,4096,512,0.98,0.013012234127205811
cnn_dailymail,4096,512,0.985,0.008061925355562202
cnn_dailymail,4096,512,0.99,0.00545327893468851
cnn_dailymail,4096,512,0.995,0.004410805662884896
cnn_dailymail,4096,512,1.0,0.00735824028668175
cnn_dailymail,4096,512,1.005,0.012178014701352623
cnn_dailymail,4096,512,1.01,0.017140804043481745
cnn_dailymail,4096,512,1.015,0.02207908568406421
cnn_dailymail,4096,512,1.02,0.026993100486493383
cnn_dailymail,4096,512,1.025,0.03188308578068507
cnn_dailymail,4096,512,1.03,0.03674927543185808
cnn_dailymail,4096,512,1.035,0.04159189990764597
cnn_dailymail,4096,512,1.04,0.046411186343594986
cnn_dailymail,4096,512,1.045,0.051207358607087916
cnn_dailymail,4096,512,1.05,0.055980637359745684
cnn_dailymail,4096,512,1.055,0.06073124011834342
cnn_dailymail,4096,512,1.06,0.06545938131428948
cnn_dailymail,4096,512,1.065,0.07016527235170204
cnn_dailymail,4096,512,1.07,0.07484912166412852
cnn_dailymail,4096,512,1.075,0.07951113476993972
cnn_dailymail,4096,512,1.08,0.08415151432644204
cnn_dailymail,4096,512,1.085,0.08877046018273653
cnn_dailymail,4096,512,1.0899999999999999,0.09336816943136587
cnn_dailymail,4096,512,1.095,0.09794483645877777
cnn_dailymail,4096,512,1.1,0.10250065299463858
cnn_dailymail,4096,512,1.105,0.10703580816002976
cnn_dailymail,4096,512,1.1099999999999999,0.11155048851455633
cnn_dailymail,4096,512,1.115,0.11604487810239576
cnn_dailymail,4096,512,1.12,0.12051915849731692
cnn_dailymail,4096,512,1.125,0.12497350884669711
cnn_dailymail,4096,512,1.13,0.12940810591456278
cnn_dailymail,4096,512,1.135,0.13382312412367964
cnn_dailymail,4096,512,1.14,0.13821873559671766
cnn_dailymail,4096,512,1.145,0.14259511019651663
cnn_dailymail,4096,512,1.15,0.14695241556547228
cnn_dailymail,4096,512,1.155,0.1512908171640705
cnn_dailymail,4096,512,1.16,0.15561047830858687
cnn_dailymail,4096,512,1.165,0.1599115602079776
cnn_dailymail,4096,512,1.17,0.16419422199997835
cnn_dailymail,4096,512,1.175,0.16845862078643595
cnn_dailymail,4096,512,1.18,0.172704911667887
cnn_dailymail,4096,512,1.185,0.17693324777740824
cnn_dailymail,4096,512,1.19,0.18114378031375164
cnn_dailymail,4096,512,1.195,0.1853366585737877
cnn_dailymail,4096,512,1.2,0.18951202998426822
cnn_dailymail,4096,512,1.205,0.19367004013293201
cnn_dailymail,4096,512,1.21,0.19781083279896336
cnn_dailymail,4096,512,1.2149999999999999,0.2019345499828253
cnn_dailymail,4096,512,1.22,0.20604133193547883
cnn_dailymail,4096,512,1.225,0.21013131718700404
cnn_dailymail,4096,512,1.23,0.21420464257463978
cnn_dailymail,4096,512,1.2349999999999999,0.21826144327025407
cnn_dailymail,4096,512,1.24,0.22230185280725914
cnn_dailymail,4096,512,1.245,0.22632600310698467
cnn_dailymail,4096,512,1.25,0.23033402450452342
cnn_dailymail,4096,512,1.255,0.23432604577406077
cnn_dailymail,4096,512,1.26,0.23830219415370027
cnn_dailymail,4096,512,1.2650000000000001,0.24226259536979733
cnn_dailymail,4096,512,1.27,0.24620737366081358
cnn_dailymail,4096,512,1.275,0.25013665180070305
cnn_dailymail,4096,512,1.28,0.2540505511218395
cnn_dailymail,4096,512,1.285,0.25794919153749674
cnn_dailymail,4096,512,1.29,0.26183269156389444
cnn_dailymail,4096,512,1.295,0.2657011683418147
cnn_dailymail,4096,512,1.3,0.26955473765780474
cnn_dailymail,4096,512,1.305,0.27339351396497036
cnn_dailymail,4096,512,1.31,0.2772176104033739
cnn_dailymail,4096,512,1.315,0.2810271388200415
cnn_dailymail,4096,512,1.32,0.2848222097885932
cnn_dailymail,4096,512,1.325,0.2886029326284992
cnn_dailymail,4096,512,1.33,0.2923694154239761
cnn_dailymail,4096,512,1.335,0.2961217650425265
cnn_dailymail,4096,512,1.3399999999999999,0.2998600871531335
cnn_dailymail,4096,512,1.345,0.30358448624411605
cnn_dailymail,4096,512,1.35,0.3072950656406518
cnn_dailymail,4096,512,1.355,0.3109919275219779
cnn_dailymail,4096,512,1.3599999999999999,0.31467517293827424
cnn_dailymail,4096,512,1.365,0.31834490182723674
cnn_dailymail,4096,512,1.37,0.32200121303034723
cnn_dailymail,4096,512,1.375,0.3256442043088482
cnn_dailymail,4096,512,1.38,0.3292739723594269
cnn_dailymail,4096,512,1.385,0.33289061282961546
cnn_dailymail,4096,512,1.3900000000000001,0.33649422033291415
cnn_dailymail,4096,512,1.395,0.34008488846364265
cnn_dailymail,4096,512,1.4,0.3436627098115266
cnn_dailymail,4096,512,1.405,0.3472277759760227
cnn_dailymail,4096,512,1.4100000000000001,0.3507801775803907
cnn_dailymail,4096,512,1.415,0.3543200042855146
cnn_dailymail,4096,512,1.42,0.35784734480348296
cnn_dailymail,4096,512,1.425,0.3613622869109276
cnn_dailymail,4096,512,1.43,0.3648649174621295
cnn_dailymail,4096,512,1.435,0.3683553224018981
cnn_dailymail,4096,512,1.44,0.3718335867782229
cnn_dailymail,4096,512,1.4449999999999998,0.37529979475470904
cnn_dailymail,4096,512,1.45,0.3787540296227967
cnn_dailymail,4096,512,1.455,0.38219637381376953
cnn_dailymail,4096,512,1.46,0.3856269089105587
cnn_dailymail,4096,512,1.4649999999999999,0.38904571565934415
cnn_dailymail,4096,512,1.47,0.39245287398095857
cnn_dailymail,4096,512,1.475,0.3958484629820969
cnn_dailymail,4096,512,1.48,0.39923256096633736
cnn_dailymail,4096,512,1.4849999999999999,0.4026052454449765
cnn_dailymail,4096,512,1.49,0.40596659314768146
cnn_dailymail,4096,512,1.495,0.4093166800329635
cnn_dailymail,4096,512,1.5,0.41265558129847807
cnn_dailymail,4096,1024,0.85,0.18031801269990785
cnn_dailymail,4096,1024,0.855,0.17445289324750976
cnn_dailymail,4096,1024,0.86,0.16862197293671657
cnn_dailymail,4096,1024,0.865,0.16282485525239065
cnn_dailymail,4096,1024,0.87,0.1570611505356406
cnn_dailymail,4096,1024,0.875,0.15133047582665557
cnn_dailymail,4096,1024,0.88,0.14563245471201783
cnn_dailymail,4096,1024,0.885,0.13996671717634043
cnn_dailymail,4096,1024,0.89,0.13433289945808444
cnn_dailymail,4096,1024,0.895,0.12873064390941458
cnn_dailymail,4096,1024,0.9,0.12315959885995921
cnn_dailymail,4096,1024,0.905,0.11761941848434382
cnn_dailymail,4096,1024,0.9099999999999999,0.11210976267337434
cnn_dailymail,4096,1024,0.915,0.1066302969087486
cnn_dailymail,4096,1024,0.9199999999999999,0.10118069214118407
cnn_dailymail,4096,1024,0.9249999999999999,0.09576062467184486
cnn_dailymail,4096,1024,0.9299999999999999,0.0903697760369684
cnn_dailymail,4096,1024,0.9349999999999999,0.08500783289558302
cnn_dailymail,4096,1024,0.94,0.07967448692022046
cnn_dailymail,4096,1024,0.945,0.07436943469052727
cnn_dailymail,4096,1024,0.95,0.06909237758968349
cnn_dailymail,4096,1024,0.955,0.06384302170353977
cnn_dailymail,4096,1024,0.96,0.05862107772238808
cnn_dailymail,4096,1024,0.965,0.05342626084528409
cnn_dailymail,4096,1024,0.97,0.04825829068684149
cnn_dailymail,4096,1024,0.975,0.04311689118642282
cnn_dailymail,4096,1024,0.98,0.038001790519652384
cnn_dailymail,4096,1024,0.985,0.0329127210121811
cnn_dailymail,4096,1024,0.99,0.02784941905563437
cnn_dailymail,4096,1024,0.995,0.02281162502567721
cnn_dailymail,4096,1024,1.0,0.01779908320213292
cnn_dailymail,4096,1024,1.005,0.01281154169109395
cnn_dailymail,4096,1024,1.01,0.007968001312405335
cnn_dailymail,4096,1024,1.015,0.005226896733327589
cnn_dailymail,4096,1024,1.02,0.0037759863217001395
cnn_dailymail,4096,1024,1.025,0.006893529388238495
cnn_dailymail,4096,1024,1.03,0.01175971903941151
cnn_dailymail,4096,1024,1.035,0.0166023435151994
cnn_dailymail,4096,1024,1.04,0.02142162995114841
cnn_dailymail,4096,1024,1.045,0.026217802214641345
cnn_dailymail,4096,1024,1.05,0.03099108096729912
cnn_dailymail,4096,1024,1.055,0.03574168372589684
cnn_dailymail,4096,1024,1.06,0.0404698249218429
cnn_dailymail,4096,1024,1.065,0.04517571595925548
cnn_dailymail,4096,1024,1.07,0.04985956527168194
cnn_dailymail,4096,1024,1.075,0.054521578377493156
cnn_dailymail,4096,1024,1.08,0.05916195793399547
cnn_dailymail,4096,1024,1.085,0.06378090379028993
cnn_dailymail,4096,1024,1.0899999999999999,0.06837861303891928
cnn_dailymail,4096,1024,1.095,0.07295528006633119
cnn_dailymail,4096,1024,1.1,0.077511096602192
cnn_dailymail,4096,1024,1.105,0.0820462517675832
cnn_dailymail,4096,1024,1.1099999999999999,0.08656093212210975
cnn_dailymail,4096,1024,1.115,0.09105532170994916
cnn_dailymail,4096,1024,1.12,0.09552960210487037
cnn_dailymail,4096,1024,1.125,0.09998395245425053
cnn_dailymail,4096,1024,1.13,0.1044185495221162
cnn_dailymail,4096,1024,1.135,0.10883356773123308
cnn_dailymail,4096,1024,1.14,0.1132291792042711
cnn_dailymail,4096,1024,1.145,0.11760555380407006
cnn_dailymail,4096,1024,1.15,0.12196285917302573
cnn_dailymail,4096,1024,1.155,0.12630126077162396
cnn_dailymail,4096,1024,1.16,0.1306209219161403
cnn_dailymail,4096,1024,1.165,0.13492200381553102
cnn_dailymail,4096,1024,1.17,0.13920466560753178
cnn_dailymail,4096,1024,1.175,0.1434690643939894
cnn_dailymail,4096,1024,1.18,0.1477153552754404
cnn_dailymail,4096,1024,1.185,0.15194369138496164
cnn_dailymail,4096,1024,1.19,0.15615422392130507
cnn_dailymail,4096,1024,1.195,0.1603471021813411
cnn_dailymail,4096,1024,1.2,0.16452247359182168
cnn_dailymail,4096,1024,1.205,0.16868048374048547
cnn_dailymail,4096,1024,1.21,0.1728212764065168
cnn_dailymail,4096,1024,1.2149999999999999,0.17694499359037874
cnn_dailymail,4096,1024,1.22,0.18105177554303223
cnn_dailymail,4096,1024,1.225,0.18514176079455746
cnn_dailymail,4096,1024,1.23,0.1892150861821932
cnn_dailymail,4096,1024,1.2349999999999999,0.1932718868778075
cnn_dailymail,4096,1024,1.24,0.19731229641481254
cnn_dailymail,4096,1024,1.245,0.2013364467145381
cnn_dailymail,4096,1024,1.25,0.20534446811207685
cnn_dailymail,4096,1024,1.255,0.2093364893816142
cnn_dailymail,4096,1024,1.26,0.21331263776125375
cnn_dailymail,4096,1024,1.2650000000000001,0.21727303897735073
cnn_dailymail,4096,1024,1.27,0.221217817268367
cnn_dailymail,4096,1024,1.275,0.22514709540825648
cnn_dailymail,4096,1024,1.28,0.2290609947293929
cnn_dailymail,4096,1024,1.285,0.23295963514505014
cnn_dailymail,4096,1024,1.29,0.23684313517144784
cnn_dailymail,4096,1024,1.295,0.24071161194936808
cnn_dailymail,4096,1024,1.3,0.24456518126535812
cnn_dailymail,4096,1024,1.305,0.24840395757252376
cnn_dailymail,4096,1024,1.31,0.2522280540109273
cnn_dailymail,4096,1024,1.315,0.25603758242759495
cnn_dailymail,4096,1024,1.32,0.25983265339614664
cnn_dailymail,4096,1024,1.325,0.2636133762360525
cnn_dailymail,4096,1024,1.33,0.26737985903152955
cnn_dailymail,4096,1024,1.335,0.2711322086500799
cnn_dailymail,4096,1024,1.3399999999999999,0.27487053076068696
cnn_dailymail,4096,1024,1.345,0.2785949298516695
cnn_dailymail,4096,1024,1.35,0.28230550924820524
cnn_dailymail,4096,1024,1.355,0.2860023711295313
cnn_dailymail,4096,1024,1.3599999999999999,0.28968561654582764
cnn_dailymail,4096,1024,1.365,0.29335534543479014
cnn_dailymail,4096,1024,1.37,0.2970116566379007
cnn_dailymail,4096,1024,1.375,0.3006546479164017
cnn_dailymail,4096,1024,1.38,0.3042844159669803
cnn_dailymail,4096,1024,1.385,0.3079010564371689
cnn_dailymail,4096,1024,1.3900000000000001,0.31150466394046755
cnn_dailymail,4096,1024,1.395,0.31509533207119605
cnn_dailymail,4096,1024,1.4,0.31867315341908
cnn_dailymail,4096,1024,1.405,0.3222382195835762
cnn_dailymail,4096,1024,1.4100000000000001,0.3257906211879441
cnn_dailymail,4096,1024,1.415,0.32933044789306803
cnn_dailymail,4096,1024,1.42,0.3328577884110364
cnn_dailymail,4096,1024,1.425,0.336372730518481
cnn_dailymail,4096,1024,1.43,0.33987536106968297
cnn_dailymail,4096,1024,1.435,0.34336576600945157
cnn_dailymail,4096,1024,1.44,0.3468440303857763
cnn_dailymail,4096,1024,1.4449999999999998,0.35031023836226244
cnn_dailymail,4096,1024,1.45,0.35376447323035015
cnn_dailymail,4096,1024,1.455,0.357206817421323
cnn_dailymail,4096,1024,1.46,0.36063735251811213
cnn_dailymail,4096,1024,1.4649999999999999,0.3640561592668976
cnn_dailymail,4096,1024,1.47,0.367463317588512
cnn_dailymail,4096,1024,1.475,0.3708589065896503
cnn_dailymail,4096,1024,1.48,0.37424300457389076
cnn_dailymail,4096,1024,1.4849999999999999,0.37761568905252996
cnn_dailymail,4096,1024,1.49,0.3809770367552348
cnn_dailymail,4096,1024,1.495,0.38432712364051697
cnn_dailymail,4096,1024,1.5,0.38766602490603147
cnn_dailymail,4096,2048,0.85,0.2039159296773179
cnn_dailymail,4096,2048,0.855,0.19805081022491985
cnn_dailymail,4096,2048,0.86,0.19221988991412667
cnn_dailymail,4096,2048,0.865,0.18642277222980072
cnn_dailymail,4096,2048,0.87,0.18065906751305064
cnn_dailymail,4096,2048,0.875,0.1749283928040656
cnn_dailymail,4096,2048,0.88,0.1692303716894279
cnn_dailymail,4096,2048,0.885,0.16356463415375053
cnn_dailymail,4096,2048,0.89,0.15793081643549453
cnn_dailymail,4096,2048,0.895,0.15232856088682464
cnn_dailymail,4096,2048,0.9,0.1467575158373693
cnn_dailymail,4096,2048,0.905,0.14121733546175388
cnn_dailymail,4096,2048,0.9099999999999999,0.13570767965078442
cnn_dailymail,4096,2048,0.915,0.1302282138861587
cnn_dailymail,4096,2048,0.9199999999999999,0.12477860911859413
cnn_dailymail,4096,2048,0.9249999999999999,0.11935854164925493
cnn_dailymail,4096,2048,0.9299999999999999,0.1139676930143785
cnn_dailymail,4096,2048,0.9349999999999999,0.10860574987299311
cnn_dailymail,4096,2048,0.94,0.10327240389763052
cnn_dailymail,4096,2048,0.945,0.09796735166793735
cnn_dailymail,4096,2048,0.95,0.09269029456709359
cnn_dailymail,4096,2048,0.955,0.08744093868094983
cnn_dailymail,4096,2048,0.96,0.08221899469979817
cnn_dailymail,4096,2048,0.965,0.07702417782269416
cnn_dailymail,4096,2048,0.97,0.07185620766425159
cnn_dailymail,4096,2048,0.975,0.06671480816383289
cnn_dailymail,4096,2048,0.98,0.06159970749706246
cnn_dailymail,4096,2048,0.985,0.05651063798959118
cnn_dailymail,4096,2048,0.99,0.05144733603304446
cnn_dailymail,4096,2048,0.995,0.04640954200308728
cnn_dailymail,4096,2048,1.0,0.041397000179543
cnn_dailymail,4096,2048,1.005,0.036409458668504036
cnn_dailymail,4096,2048,1.01,0.0314466693263749
cnn_dailymail,4096,2048,1.015,0.02650838768579244
cnn_dailymail,4096,2048,1.02,0.021594372883363272
cnn_dailymail,4096,2048,1.025,0.016704387589171588
cnn_dailymail,4096,2048,1.03,0.01183819793799857
cnn_dailymail,4096,2048,1.035,0.006995573462210681
cnn_dailymail,4096,2048,1.04,0.002765633823086132
cnn_dailymail,4096,2048,1.045,0.0036129423969115913
cnn_dailymail,4096,2048,1.05,0.0073931639898890435
cnn_dailymail,4096,2048,1.055,0.012143766748486764
cnn_dailymail,4096,2048,1.06,0.016871907944432826
cnn_dailymail,4096,2048,1.065,0.02157779898184539
cnn_dailymail,4096,2048,1.07,0.026261648294271866
cnn_dailymail,4096,2048,1.075,0.03092366140008308
cnn_dailymail,4096,2048,1.08,0.03556404095658539
cnn_dailymail,4096,2048,1.085,0.040182986812879844
cnn_dailymail,4096,2048,1.0899999999999999,0.0447806960615092
cnn_dailymail,4096,2048,1.095,0.04935736308892113
cnn_dailymail,4096,2048,1.1,0.05391317962478193
cnn_dailymail,4096,2048,1.105,0.05844833479017313
cnn_dailymail,4096,2048,1.1099999999999999,0.06296301514469965
cnn_dailymail,4096,2048,1.115,0.06745740473253907
cnn_dailymail,4096,2048,1.12,0.07193168512746027
cnn_dailymail,4096,2048,1.125,0.07638603547684046
cnn_dailymail,4096,2048,1.13,0.0808206325447061
cnn_dailymail,4096,2048,1.135,0.085235650753823
cnn_dailymail,4096,2048,1.14,0.089631262226861
cnn_dailymail,4096,2048,1.145,0.09400763682665998
cnn_dailymail,4096,2048,1.15,0.09836494219561563
cnn_dailymail,4096,2048,1.155,0.10270334379421386
cnn_dailymail,4096,2048,1.16,0.10702300493873022
cnn_dailymail,4096,2048,1.165,0.11132408683812094
cnn_dailymail,4096,2048,1.17,0.1156067486301217
cnn_dailymail,4096,2048,1.175,0.11987114741657932
cnn_dailymail,4096,2048,1.18,0.12411743829803035
cnn_dailymail,4096,2048,1.185,0.12834577440755157
cnn_dailymail,4096,2048,1.19,0.132556306943895
cnn_dailymail,4096,2048,1.195,0.13674918520393106
cnn_dailymail,4096,2048,1.2,0.14092455661441158
cnn_dailymail,4096,2048,1.205,0.14508256676307538
cnn_dailymail,4096,2048,1.21,0.14922335942910672
cnn_dailymail,4096,2048,1.2149999999999999,0.15334707661296867
cnn_dailymail,4096,2048,1.22,0.1574538585656222
cnn_dailymail,4096,2048,1.225,0.1615438438171474
cnn_dailymail,4096,2048,1.23,0.16561716920478317
cnn_dailymail,4096,2048,1.2349999999999999,0.16967396990039743
cnn_dailymail,4096,2048,1.24,0.1737143794374025
cnn_dailymail,4096,2048,1.245,0.17773852973712803
cnn_dailymail,4096,2048,1.25,0.18174655113466676
cnn_dailymail,4096,2048,1.255,0.18573857240420413
cnn_dailymail,4096,2048,1.26,0.18971472078384366
cnn_dailymail,4096,2048,1.2650000000000001,0.19367512199994064
cnn_dailymail,4096,2048,1.27,0.1976199002909569
cnn_dailymail,4096,2048,1.275,0.20154917843084638
cnn_dailymail,4096,2048,1.28,0.2054630777519828
cnn_dailymail,4096,2048,1.285,0.20936171816764007
cnn_dailymail,4096,2048,1.29,0.21324521819403777
cnn_dailymail,4096,2048,1.295,0.217113694971958
cnn_dailymail,4096,2048,1.3,0.22096726428794808
cnn_dailymail,4096,2048,1.305,0.2248060405951137
cnn_dailymail,4096,2048,1.31,0.22863013703351723
cnn_dailymail,4096,2048,1.315,0.23243966545018482
cnn_dailymail,4096,2048,1.32,0.23623473641873652
cnn_dailymail,4096,2048,1.325,0.2400154592586425
cnn_dailymail,4096,2048,1.33,0.2437819420541195
cnn_dailymail,4096,2048,1.335,0.24753429167266985
cnn_dailymail,4096,2048,1.3399999999999999,0.25127261378327687
cnn_dailymail,4096,2048,1.345,0.2549970128742594
cnn_dailymail,4096,2048,1.35,0.25870759227079515
cnn_dailymail,4096,2048,1.355,0.26240445415212127
cnn_dailymail,4096,2048,1.3599999999999999,0.26608769956841755
cnn_dailymail,4096,2048,1.365,0.26975742845738004
cnn_dailymail,4096,2048,1.37,0.2734137396604906
cnn_dailymail,4096,2048,1.375,0.2770567309389916
cnn_dailymail,4096,2048,1.38,0.28068649898957027
cnn_dailymail,4096,2048,1.385,0.2843031394597588
cnn_dailymail,4096,2048,1.3900000000000001,0.28790674696305746
cnn_dailymail,4096,2048,1.395,0.29149741509378596
cnn_dailymail,4096,2048,1.4,0.29507523644166994
cnn_dailymail,4096,2048,1.405,0.2986403026061661
cnn_dailymail,4096,2048,1.4100000000000001,0.30219270421053407
cnn_dailymail,4096,2048,1.415,0.30573253091565794
cnn_dailymail,4096,2048,1.42,0.3092598714336263
cnn_dailymail,4096,2048,1.425,0.3127748135410709
cnn_dailymail,4096,2048,1.43,0.3162774440922729
cnn_dailymail,4096,2048,1.435,0.3197678490320415
cnn_dailymail,4096,2048,1.44,0.32324611340836623
cnn_dailymail,4096,2048,1.4449999999999998,0.32671232138485234
cnn_dailymail,4096,2048,1.45,0.33016655625294006
cnn_dailymail,4096,2048,1.455,0.3336089004439129
cnn_dailymail,4096,2048,1.46,0.33703943554070204
cnn_dailymail,4096,2048,1.4649999999999999,0.3404582422894875
cnn_dailymail,4096,2048,1.47,0.3438654006111019
cnn_dailymail,4096,2048,1.475,0.3472609896122402
cnn_dailymail,4096,2048,1.48,0.35064508759648066
cnn_dailymail,4096,2048,1.4849999999999999,0.35401777207511986
cnn_dailymail,4096,2048,1.49,0.3573791197778248
cnn_dailymail,4096,2048,1.495,0.36072920666310687
cnn_dailymail,4096,2048,1.5,0.3640681079286214
cnn_dailymail,4096,4096,0.85,0.23673396313902814
cnn_dailymail,4096,4096,0.855,0.23086884368663
cnn_dailymail,4096,4096,0.86,0.2250379233758368
cnn_dailymail,4096,4096,0.865,0.21924080569151091
cnn_dailymail,4096,4096,0.87,0.21347710097476083
cnn_dailymail,4096,4096,0.875,0.20774642626577577
cnn_dailymail,4096,4096,0.88,0.202048405151138
cnn_dailymail,4096,4096,0.885,0.19638266761546072
cnn_dailymail,4096,4096,0.89,0.19074884989720467
cnn_dailymail,4096,4096,0.895,0.18514659434853484
cnn_dailymail,4096,4096,0.9,0.17957554929907946
cnn_dailymail,4096,4096,0.905,0.17403536892346405
cnn_dailymail,4096,4096,0.9099999999999999,0.16852571311249462
cnn_dailymail,4096,4096,0.915,0.16304624734786885
cnn_dailymail,4096,4096,0.9199999999999999,0.1575966425803043
cnn_dailymail,4096,4096,0.9249999999999999,0.1521765751109651
cnn_dailymail,4096,4096,0.9299999999999999,0.14678572647608865
cnn_dailymail,4096,4096,0.9349999999999999,0.14142378333470326
cnn_dailymail,4096,4096,0.94,0.13609043735934068
cnn_dailymail,4096,4096,0.945,0.13078538512964752
cnn_dailymail,4096,4096,0.95,0.12550832802880374
cnn_dailymail,4096,4096,0.955,0.12025897214266
cnn_dailymail,4096,4096,0.96,0.1150370281615083
cnn_dailymail,4096,4096,0.965,0.10984221128440431
cnn_dailymail,4096,4096,0.97,0.1046742411259617
cnn_dailymail,4096,4096,0.975,0.09953284162554306
cnn_dailymail,4096,4096,0.98,0.09441774095877263
cnn_dailymail,4096,4096,0.985,0.08932867145130131
cnn_dailymail,4096,4096,0.99,0.0842653694947546
cnn_dailymail,4096,4096,0.995,0.07922757546479743
cnn_dailymail,4096,4096,1.0,0.07421503364125315
cnn_dailymail,4096,4096,1.005,0.06922749213021417
cnn_dailymail,4096,4096,1.01,0.06426470278808505
cnn_dailymail,4096,4096,1.015,0.05932642114750259
cnn_dailymail,4096,4096,1.02,0.05441240634507343
cnn_dailymail,4096,4096,1.025,0.04952242105088173
cnn_dailymail,4096,4096,1.03,0.04465623139970872
cnn_dailymail,4096,4096,1.035,0.03981360692392084
cnn_dailymail,4096,4096,1.04,0.034994320487971825
cnn_dailymail,4096,4096,1.045,0.03019814822447889
cnn_dailymail,4096,4096,1.05,0.02542486947182111
cnn_dailymail,4096,4096,1.055,0.020674266713223394
cnn_dailymail,4096,4096,1.06,0.015946125517277327
cnn_dailymail,4096,4096,1.065,0.011240234479864766
cnn_dailymail,4096,4096,1.07,0.00692787931736794
cnn_dailymail,4096,4096,1.075,0.0053738749487642025
cnn_dailymail,4096,4096,1.08,0.004685132074385849
cnn_dailymail,4096,4096,1.085,0.007496963567680638
cnn_dailymail,4096,4096,1.0899999999999999,0.011962662599799051
cnn_dailymail,4096,4096,1.095,0.016539329627210966
cnn_dailymail,4096,4096,1.1,0.021095146163071784
cnn_dailymail,4096,4096,1.105,0.02563030132846297
cnn_dailymail,4096,4096,1.1099999999999999,0.03014498168298951
cnn_dailymail,4096,4096,1.115,0.034639371270828924
cnn_dailymail,4096,4096,1.12,0.039113651665750114
cnn_dailymail,4096,4096,1.125,0.0435680020151303
cnn_dailymail,4096,4096,1.13,0.04800259908299596
cnn_dailymail,4096,4096,1.135,0.052417617292112854
cnn_dailymail,4096,4096,1.14,0.056813228765150846
cnn_dailymail,4096,4096,1.145,0.06118960336494983
cnn_dailymail,4096,4096,1.15,0.06554690873390547
cnn_dailymail,4096,4096,1.155,0.06988531033250371
cnn_dailymail,4096,4096,1.16,0.07420497147702006
cnn_dailymail,4096,4096,1.165,0.07850605337641077
cnn_dailymail,4096,4096,1.17,0.08278871516841156
cnn_dailymail,4096,4096,1.175,0.08705311395486916
cnn_dailymail,4096,4096,1.18,0.09129940483632017
cnn_dailymail,4096,4096,1.185,0.09552774094584139
cnn_dailymail,4096,4096,1.19,0.09973827348218482
cnn_dailymail,4096,4096,1.195,0.1039311517422209
cnn_dailymail,4096,4096,1.2,0.10810652315270143
cnn_dailymail,4096,4096,1.205,0.11226453330136522
cnn_dailymail,4096,4096,1.21,0.11640532596739654
cnn_dailymail,4096,4096,1.2149999999999999,0.1205290431512585
cnn_dailymail,4096,4096,1.22,0.12463582510391202
cnn_dailymail,4096,4096,1.225,0.1287258103554372
cnn_dailymail,4096,4096,1.23,0.13279913574307295
cnn_dailymail,4096,4096,1.2349999999999999,0.13685593643868724
cnn_dailymail,4096,4096,1.24,0.14089634597569234
cnn_dailymail,4096,4096,1.245,0.14492049627541784
cnn_dailymail,4096,4096,1.25,0.1489285176729566
cnn_dailymail,4096,4096,1.255,0.15292053894249394
cnn_dailymail,4096,4096,1.26,0.1568966873221335
cnn_dailymail,4096,4096,1.2650000000000001,0.16085708853823047
cnn_dailymail,4096,4096,1.27,0.16480186682924677
cnn_dailymail,4096,4096,1.275,0.16873114496913624
cnn_dailymail,4096,4096,1.28,0.17264504429027264
cnn_dailymail,4096,4096,1.285,0.17654368470592988
cnn_dailymail,4096,4096,1.29,0.18042718473232758
cnn_dailymail,4096,4096,1.295,0.18429566151024782
cnn_dailymail,4096,4096,1.3,0.1881492308262379
cnn_dailymail,4096,4096,1.305,0.1919880071334035
cnn_dailymail,4096,4096,1.31,0.19581210357180703
cnn_dailymail,4096,4096,1.315,0.1996216319884747
cnn_dailymail,4096,4096,1.32,0.2034167029570264
cnn_dailymail,4096,4096,1.325,0.20719742579693232
cnn_dailymail,4096,4096,1.33,0.21096390859240932
cnn_dailymail,4096,4096,1.335,0.21471625821095966
cnn_dailymail,4096,4096,1.3399999999999999,0.21845458032156673
cnn_dailymail,4096,4096,1.345,0.22217897941254927
cnn_dailymail,4096,4096,1.35,0.225889558809085
cnn_dailymail,4096,4096,1.355,0.22958642069041105
cnn_dailymail,4096,4096,1.3599999999999999,0.23326966610670738
cnn_dailymail,4096,4096,1.365,0.23693939499566993
cnn_dailymail,4096,4096,1.37,0.24059570619878046
cnn_dailymail,4096,4096,1.375,0.24423869747728144
cnn_dailymail,4096,4096,1.38,0.24786846552786004
cnn_dailymail,4096,4096,1.385,0.2514851059980487
cnn_dailymail,4096,4096,1.3900000000000001,0.2550887135013473
cnn_dailymail,4096,4096,1.395,0.2586793816320758
cnn_dailymail,4096,4096,1.4,0.26225720297995975
cnn_dailymail,4096,4096,1.405,0.265822269144456
cnn_dailymail,4096,4096,1.4100000000000001,0.2693746707488239
cnn_dailymail,4096,4096,1.415,0.27291449745394786
cnn_dailymail,4096,4096,1.42,0.2764418379719162
cnn_dailymail,4096,4096,1.425,0.27995678007936076
cnn_dailymail,4096,4096,1.43,0.28345941063056274
cnn_dailymail,4096,4096,1.435,0.28694981557033133
cnn_dailymail,4096,4096,1.44,0.2904280799466561
cnn_dailymail,4096,4096,1.4449999999999998,0.29389428792314215
cnn_dailymail,4096,4096,1.45,0.29734852279122986
cnn_dailymail,4096,4096,1.455,0.30079086698220275
cnn_dailymail,4096,4096,1.46,0.3042214020789919
cnn_dailymail,4096,4096,1.4649999999999999,0.3076402088277774
cnn_dailymail,4096,4096,1.47,0.3110473671493917
cnn_dailymail,4096,4096,1.475,0.31444295615053003
cnn_dailymail,4096,4096,1.48,0.3178270541347705
cnn_dailymail,4096,4096,1.4849999999999999,0.3211997386134097
cnn_dailymail,4096,4096,1.49,0.32456108631611463
cnn_dailymail,4096,4096,1.495,0.3279111732013967
cnn_dailymail,4096,4096,1.5,0.3312500744669112
