corpus,n,updates,pair,arm,k,accuracy,unigram_accuracy,relative_topk_error_reduction,mse,accuracy_tie_min,accuracy_tie_max
tinystories,512,8000,1,a,1,0.1959158366296162,0.06949038876743058,0.13586689093379728,0.9103206742441399,0.1959158366296162,0.1959158366296162
tinystories,512,8000,1,a,2,0.2636369416164971,0.10849953057327197,0.17401831671831305,0.9103206742441399,0.2636369416164971,0.2636369416164971
tinystories,512,8000,1,a,4,0.33493582104926517,0.1862926160283678,0.18267402748071834,0.9103206742441399,0.33493582104926517,0.33493582104926517
tinystories,512,8000,1,a,8,0.41037713403216114,0.27955074908066335,0.18159000760227795,0.9103206742441399,0.41037713403216114,0.41037713403216114
tinystories,512,8000,1,a,16,0.4859324278444466,0.3489674818766805,0.21038111331609713,0.9103206742441399,0.4859324278444466,0.4859324278444466
tinystories,512,8000,1,a,32,0.5538329024115882,0.4369292024566328,0.20761811918678238,0.9103206742441399,0.5538329024115882,0.5538329024115882
tinystories,512,8000,1,a,64,0.6231789307949887,0.5475328557316761,0.1671857858002892,0.9103206742441399,0.6231789307949887,0.6231789307949887
tinystories,512,8000,1,b,1,0.21075728758723156,0.06949038876743058,0.15181670034839978,0.9097049111672816,0.21075728758723156,0.21075728758723156
tinystories,512,8000,1,b,2,0.2801227854104653,0.10849953057327197,0.1925105602552899,0.9097049111672816,0.2801227854104653,0.2801227854104653
tinystories,512,8000,1,b,4,0.34818158043133474,0.1862926160283678,0.19895231085749956,0.9097049111672816,0.34818158043133474,0.34818158043133474
tinystories,512,8000,1,b,8,0.42394266759608146,0.27955074908066335,0.20041927773700274,0.9097049111672816,0.42394266759608146,0.42394266759608146
tinystories,512,8000,1,b,16,0.5022523692888639,0.3489674818766805,0.23544889563127464,0.9097049111672816,0.5022523692888639,0.5022523692888639
tinystories,512,8000,1,b,32,0.5753357897918682,0.4369292024566328,0.2458067225988139,0.9097049111672816,0.5753357897918682,0.5753357897918682
tinystories,512,8000,1,b,64,0.6479023168571605,0.5475328557316761,0.2218270705330217,0.9097049111672816,0.6479023168571605,0.6479023168571605
tinystories,512,8000,2,a,1,0.19417391644505605,0.06949038876743058,0.13399488427902154,0.9155329550482596,0.19417391644505605,0.19417391644505605
tinystories,512,8000,2,a,2,0.263502307501418,0.10849953057327197,0.1738672970389116,0.9155329550482596,0.263502307501418,0.263502307501418
tinystories,512,8000,2,a,4,0.3357535967072798,0.1862926160283678,0.18367902715765763,0.9155329550482596,0.3357535967072798,0.3357535967072798
tinystories,512,8000,2,a,8,0.4106789433151954,0.27955074908066335,0.18200892577402858,0.9155329550482596,0.4106789433151954,0.4106789433151954
tinystories,512,8000,2,a,16,0.4848541364589411,0.3489674818766805,0.20872483447366108,0.9155329550482596,0.4848541364589411,0.4848541364589411
tinystories,512,8000,2,a,32,0.5524040812627045,0.4369292024566328,0.20508056768328123,0.9155329550482596,0.5524040812627045,0.5524040812627045
tinystories,512,8000,2,a,64,0.6230033967520685,0.5475328557316761,0.16679783709474508,0.9155329550482596,0.6230033967520685,0.6230033967520685
tinystories,512,8000,2,b,1,0.20890579922002936,0.06949038876743058,0.14982694296722704,0.9096586761746392,0.20890579922002936,0.20890579922002936
tinystories,512,8000,2,b,2,0.27218328553838,0.10849953057327197,0.18360478830747393,0.9096586761746392,0.27218328553838,0.27218328553838
tinystories,512,8000,2,b,4,0.34232122927949105,0.1862926160283678,0.19175027328566405,0.9096586761746392,0.34232122927949105,0.34232122927949105
tinystories,512,8000,2,b,8,0.41790428812407066,0.27955074908066335,0.19203786924180968,0.9096586761746392,0.41790428812407066,0.41790428812407066
tinystories,512,8000,2,b,16,0.4949739757147448,0.3489674818766805,0.2242691260014873,0.9096586761746392,0.4949739757147448,0.4949739757147448
tinystories,512,8000,2,b,32,0.5604859392762938,0.4369292024566328,0.219433750353826,0.9096586761746392,0.5604859392762938,0.5604859392762938
tinystories,512,8000,2,b,64,0.6363692071081404,0.5475328557316761,0.19633768440826765,0.9096586761746392,0.6363692071081404,0.6363692071081404
tinystories,512,8000,3,a,1,0.21541917705834387,0.06949038876743058,0.156826739379525,0.8999762460562211,0.21541917705834387,0.21541917705834387
tinystories,512,8000,3,a,2,0.27524508718330787,0.10849953057327197,0.18703922468740847,0.8999762460562211,0.27524508718330787,0.27524508718330787
tinystories,512,8000,3,a,4,0.34482485173990585,0.1862926160283678,0.19482708260278594,0.8999762460562211,0.34482485173990585,0.34482485173990585
tinystories,512,8000,3,a,8,0.4140444102321112,0.27955074908066335,0.18668027065032802,0.8999762460562211,0.4140444102321112,0.4140444102321112
tinystories,512,8000,3,a,16,0.4877300670712011,0.3489674818766805,0.21314232596940114,0.8999762460562211,0.4877300670712011,0.4877300670712011
tinystories,512,8000,3,a,32,0.5544940497252131,0.4369292024566328,0.20879230068670993,0.8999762460562211,0.5544940497252131,0.5544940497252131
tinystories,512,8000,3,a,64,0.6308856740410681,0.5475328557316761,0.18421849932149278,0.8999762460562211,0.6308856740410681,0.6308856740410681
tinystories,512,8000,3,b,1,0.1935159436377597,0.06949038876743058,0.1332877741112665,0.9213983093036631,0.1935159436377597,0.1935159436377597
tinystories,512,8000,3,b,2,0.25768146495436806,0.10849953057327197,0.167338032336681,0.9213983093036631,0.25768146495436806,0.25768146495436806
tinystories,512,8000,3,b,4,0.32697440369198155,0.1862926160283678,0.17288989928659446,0.9213983093036631,0.32697440369198155,0.32697440369198155
tinystories,512,8000,3,b,8,0.4023502620520395,0.27955074908066335,0.1704485261309892,0.9213983093036631,0.4023502620520395,0.4023502620520395
tinystories,512,8000,3,b,16,0.47614445520567183,0.3489674818766805,0.1953465760751774,0.9213983093036631,0.47614445520567183,0.47614445520567183
tinystories,512,8000,3,b,32,0.5509628832096461,0.4369292024566328,0.2025210350999078,0.9213983093036631,0.5509628832096461,0.5509628832096461
tinystories,512,8000,3,b,64,0.6256981116164921,0.5475328557316761,0.17275344049834956,0.9213983093036631,0.6256981116164921,0.6256981116164921
tinystories,512,12000,1,a,1,0.19245188007606226,0.06949038876743058,0.13214424636168423,0.9185001392607084,0.19245188007606226,0.19245188007606226
tinystories,512,12000,1,a,2,0.2625342343834769,0.10849953057327197,0.17278140516208104,0.9185001392607084,0.2625342343834769,0.2625342343834769
tinystories,512,12000,1,a,4,0.33032369548429463,0.1862926160283678,0.17700598801613934,0.9185001392607084,0.33032369548429463,0.33032369548429463
tinystories,512,12000,1,a,8,0.4048301376403144,0.27955074908066335,0.17389065003508158,0.9185001392607084,0.4048301376403144,0.4048301376403144
tinystories,512,12000,1,a,16,0.4761851429957229,0.3489674818766805,0.19540907339891841,0.9185001392607084,0.4761851429957229,0.4761851429957229
tinystories,512,12000,1,a,32,0.5520818905519846,0.4369292024566328,0.20450836484107113,0.9185001392607084,0.5520818905519846,0.5520818905519846
tinystories,512,12000,1,a,64,0.6199604486880106,0.5475328557316761,0.16007260167687046,0.9185001392607084,0.6199604486880106,0.6199604486880106
tinystories,512,12000,1,b,1,0.20795980593699773,0.06949038876743058,0.14881030297596617,0.9203806233527372,0.20795980593699773,0.20795980593699773
tinystories,512,12000,1,b,2,0.2710564126715325,0.10849953057327197,0.18234077005342622,0.9203806233527372,0.2710564126715325,0.2710564126715325
tinystories,512,12000,1,b,4,0.3432199961646688,0.1862926160283678,0.19285480656492587,0.9203806233527372,0.3432199961646688,0.3432199961646688
tinystories,512,12000,1,b,8,0.41755273378874763,0.27955074908066335,0.1915499038023642,0.9203806233527372,0.41755273378874763,0.41755273378874763
tinystories,512,12000,1,b,16,0.49356988034227933,0.3489674818766805,0.22211240520278905,0.9203806233527372,0.49356988034227933,0.49356988034227933
tinystories,512,12000,1,b,32,0.5709084583076668,0.4369292024566328,0.23794388989017856,0.9203806233527372,0.5709084583076668,0.5709084583076668
tinystories,512,12000,1,b,64,0.6382822484385682,0.5475328557316761,0.20056570704960516,0.9203806233527372,0.6382822484385682,0.6382822484385682
tinystories,512,12000,2,a,1,0.18700575069937608,0.06949038876743058,0.1262914004469901,0.9258114432131672,0.18700575069937608,0.18700575069937608
tinystories,512,12000,2,a,2,0.2564416863085779,0.10849953057327197,0.1659473671735012,0.9258114432131672,0.2564416863085779,0.2564416863085779
tinystories,512,12000,2,a,4,0.3272068443609629,0.1862926160283678,0.1731755556214883,0.9258114432131672,0.3272068443609629,0.3272068443609629
tinystories,512,12000,2,a,8,0.39775375975358096,0.27955074908066335,0.16406847605446664,0.9258114432131672,0.39775375975358096,0.39775375975358096
tinystories,512,12000,2,a,16,0.46945596426904235,0.3489674818766805,0.18507290962928333,0.9258114432131672,0.46945596426904235,0.46945596426904235
tinystories,512,12000,2,a,32,0.538924560413822,0.4369292024566328,0.18114126749635526,0.9258114432131672,0.538924560413822,0.538924560413822
tinystories,512,12000,2,a,64,0.607835335892481,0.5475328557316761,0.1332748265254019,0.9258114432131672,0.607835335892481,0.607835335892481
tinystories,512,12000,2,b,1,0.20183287469570038,0.06949038876743058,0.1422258129638947,0.9185645981722113,0.20183287469570038,0.20183287469570038
tinystories,512,12000,2,b,2,0.2679934841288145,0.10849953057327197,0.1789050696272811,0.9185645981722113,0.2679934841288145,0.2679934841288145
tinystories,512,12000,2,b,4,0.33968967406716954,0.1862926160283678,0.18851624190760635,0.9185645981722113,0.33968967406716954,0.33968967406716954
tinystories,512,12000,2,b,8,0.4066421588576621,0.27955074908066335,0.17640577683275044,0.9185645981722113,0.4066421588576621,0.4066421588576621
tinystories,512,12000,2,b,16,0.4838397562982568,0.3489674818766805,0.2071667246520375,0.9185645981722113,0.4838397562982568,0.4838397562982568
tinystories,512,12000,2,b,32,0.5535818041562174,0.4369292024566328,0.2071721748109306,0.9185645981722113,0.5535818041562174,0.5535818041562174
tinystories,512,12000,2,b,64,0.6258419197316752,0.5475328557316761,0.17307127156521224,0.9185645981722113,0.6258419197316752,0.6258419197316752
tinystories,512,12000,3,a,1,0.20913136443779062,0.06949038876743058,0.1500693533787245,0.9143511171976664,0.20913136443779062,0.20913136443779062
tinystories,512,12000,3,a,2,0.2704821087529813,0.10849953057327197,0.18169657082050766,0.9143511171976664,0.2704821087529813,0.2704821087529813
tinystories,512,12000,3,a,4,0.3393718034236056,0.1862926160283678,0.18812559700278514,0.9143511171976664,0.3393718034236056,0.3393718034236056
tinystories,512,12000,3,a,8,0.40721674254976503,0.27955074908066335,0.17720331210864912,0.9143511171976664,0.40721674254976503,0.40721674254976503
tinystories,512,12000,3,a,16,0.4779774168382948,0.3489674818766805,0.19816204470630927,0.9143511171976664,0.4779774168382948,0.4779774168382948
tinystories,512,12000,3,a,32,0.5526811035463288,0.4369292024566328,0.20557255250087964,0.9143511171976664,0.5526811035463288,0.5526811035463288
tinystories,512,12000,3,a,64,0.6343663278642471,0.5475328557316761,0.19191111052491502,0.9143511171976664,0.6343663278642471,0.6343663278642471
tinystories,512,12000,3,b,1,0.18931426673458068,0.06949038876743058,0.12877231628852204,0.9311294360490796,0.18931426673458068,0.18931426673458068
tinystories,512,12000,3,b,2,0.2515117559801111,0.10849953057327197,0.16041744262771052,0.9311294360490796,0.2515117559801111,0.2515117559801111
tinystories,512,12000,3,b,4,0.3209152818955811,0.1862926160283678,0.16544358392095723,0.9311294360490796,0.3209152818955811,0.3209152818955811
tinystories,512,12000,3,b,8,0.39379129351282416,0.27955074908066335,0.15856848249392028,0.9311294360490796,0.39379129351282416,0.39379129351282416
tinystories,512,12000,3,b,16,0.4636673928363274,0.3489674818766805,0.17618153896564703,0.9311294360490796,0.4636673928363274,0.4636673928363274
tinystories,512,12000,3,b,32,0.5453705005631215,0.4369292024566328,0.19258909994908177,0.9311294360490796,0.5453705005631215,0.5453705005631215
tinystories,512,12000,3,b,64,0.620815802904164,0.5475328557316761,0.16196302449980635,0.9311294360490796,0.620815802904164,0.620815802904164
tinystories,1024,8000,1,a,1,0.28993743598364335,0.06949038876743058,0.23691001635566636,0.8206973077014086,0.28993743598364335,0.28993743598364335
tinystories,1024,8000,1,a,2,0.3742259422560358,0.10849953057327197,0.2980664854317317,0.8206973077014086,0.3742259422560358,0.3742259422560358
tinystories,1024,8000,1,a,4,0.461997279969137,0.1862926160283678,0.3388253189925347,0.8206973077014086,0.461997279969137,0.461997279969137
tinystories,1024,8000,1,a,8,0.5368476250738137,0.27955074908066335,0.3571339350618021,0.8206973077014086,0.5368476250738137,0.5368476250738137
tinystories,1024,8000,1,a,16,0.6112630869863378,0.3489674818766805,0.40289171094825854,0.8206973077014086,0.6112630869863378,0.6112630869863378
tinystories,1024,8000,1,a,32,0.6806376647269028,0.4369292024566328,0.432820283583433,0.8206973077014086,0.6806376647269028,0.6806376647269028
tinystories,1024,8000,1,a,64,0.7352283228184222,0.5475328557316761,0.41482673264655473,0.8206973077014086,0.7352283228184222,0.7352283228184222
tinystories,1024,8000,1,b,1,0.29363965119969404,0.06949038876743058,0.24088871272952397,0.8175821465501694,0.29363965119969404,0.29363965119969404
tinystories,1024,8000,1,b,2,0.3792626800334195,0.10849953057327197,0.3037162163630262,0.8175821465501694,0.3792626800334195,0.3792626800334195
tinystories,1024,8000,1,b,4,0.46500028519993886,0.1862926160283678,0.34251584127358425,0.8175821465501694,0.46500028519993886,0.46500028519993886
tinystories,1024,8000,1,b,8,0.548048488304609,0.27955074908066335,0.372680988815418,0.8175821465501694,0.548048488304609,0.548048488304609
tinystories,1024,8000,1,b,16,0.6246760115211,0.3489674818766805,0.4234942525439173,0.8175821465501694,0.6246760115211,0.6246760115211
tinystories,1024,8000,1,b,32,0.6886060210100797,0.4369292024566328,0.44697188994970566,0.8175821465501694,0.6886060210100797,0.6886060210100797
tinystories,1024,8000,1,b,64,0.7469460234246086,0.5475328557316761,0.44072408398934637,0.8175821465501694,0.7469460234246086,0.7469460234246086
tinystories,1024,8000,2,a,1,0.2918131607269943,0.06949038876743058,0.23892582008376148,0.8238769686560801,0.2918131607269943,0.2918131607269943
tinystories,1024,8000,2,a,2,0.37442927368128304,0.10849953057327197,0.2982945631862819,0.8238769686560801,0.37442927368128304,0.37442927368128304
tinystories,1024,8000,2,a,4,0.4559782688701831,0.1862926160283678,0.331428297388066,0.8238769686560801,0.4559782688701831,0.4559782688701831
tinystories,1024,8000,2,a,8,0.5356790652919696,0.27955074908066335,0.3555119474195734,0.8238769686560801,0.5356790652919696,0.5356790652919696
tinystories,1024,8000,2,a,16,0.6096810092870892,0.3489674818766805,0.40046160545397524,0.8238769686560801,0.6096810092870892,0.6096810092870892
tinystories,1024,8000,2,a,32,0.6789180746007715,0.4369292024566328,0.4297663334698172,0.8238769686560801,0.6789180746007715,0.6789180746007715
tinystories,1024,8000,2,a,64,0.7447034311178233,0.5475328557316761,0.43576771901303035,0.8238769686560801,0.7447034311178233,0.7447034311178233
tinystories,1024,8000,2,b,1,0.301782139363662,0.06949038876743058,0.2496392813057929,0.8157996793160167,0.301782139363662,0.301782139363662
tinystories,1024,8000,2,b,2,0.38611247348481925,0.10849953057327197,0.3113996598230217,0.8157996793160167,0.38611247348481925,0.38611247348481925
tinystories,1024,8000,2,b,4,0.4653181308454466,0.1862926160283678,0.34290645545721915,0.8157996793160167,0.4653181308454466,0.4653181308454466
tinystories,1024,8000,2,b,8,0.5454037472096834,0.27955074908066335,0.36901002782607606,0.8157996793160167,0.5454037472096834,0.5454037472096834
tinystories,1024,8000,2,b,16,0.6204766518414657,0.3489674818766805,0.41704394543523493,0.8157996793160167,0.6204766518414657,0.6204766518414657
tinystories,1024,8000,2,b,32,0.6855395033988416,0.4369292024566328,0.4415258294816134,0.8157996793160167,0.6855395033988416,0.6855395033988416
tinystories,1024,8000,2,b,64,0.7485127021735093,0.5475328557316761,0.44418660887926775,0.8157996793160167,0.7485127021735093,0.7485127021735093
tinystories,1024,8000,3,a,1,0.2966149984196734,0.06949038876743058,0.24408625865926262,0.8204664297796488,0.2966149984196734,0.2966149984196734
tinystories,1024,8000,3,a,2,0.38180841556240985,0.10849953057327197,0.30657177910953526,0.8204664297796488,0.38180841556240985,0.38180841556240985
tinystories,1024,8000,3,a,4,0.459328758394733,0.1862926160283678,0.3355458580622686,0.8204664297796488,0.459328758394733,0.459328758394733
tinystories,1024,8000,3,a,8,0.5397927489856145,0.27955074908066335,0.3612218342553159,0.8204664297796488,0.5397927489856145,0.5397927489856145
tinystories,1024,8000,3,a,16,0.6175251047577515,0.3489674818766805,0.41251030540720307,0.8204664297796488,0.6175251047577515,0.6175251047577515
tinystories,1024,8000,3,a,32,0.6821329372467928,0.4369292024566328,0.43547585110072173,0.8204664297796488,0.6821329372467928,0.6821329372467928
tinystories,1024,8000,3,a,64,0.741496708566987,0.5475328557316761,0.42868052474609225,0.8204664297796488,0.741496708566987,0.741496708566987
tinystories,1024,8000,3,b,1,0.29055462094162,0.06949038876743058,0.237573292640539,0.8236591838734164,0.29055462094162,0.29055462094162
tinystories,1024,8000,3,b,2,0.3767824358616536,0.10849953057327197,0.30093411556013955,0.8236591838734164,0.3767824358616536,0.3767824358616536
tinystories,1024,8000,3,b,4,0.4552336809384635,0.1862926160283678,0.33051324125562026,0.8236591838734164,0.4552336809384635,0.4552336809384635
tinystories,1024,8000,3,b,8,0.5313609743506491,0.27955074908066335,0.349518338659747,0.8236591838734164,0.5313609743506491,0.5313609743506491
tinystories,1024,8000,3,b,16,0.6057171527405946,0.3489674818766805,0.39437303624099496,0.8236591838734164,0.6057171527405946,0.6057171527405946
tinystories,1024,8000,3,b,32,0.6724324260334689,0.4369292024566328,0.41824797983542705,0.8236591838734164,0.6724324260334689,0.6724324260334689
tinystories,1024,8000,3,b,64,0.737624466913366,0.5475328557316761,0.4201224632322939,0.8236591838734164,0.737624466913366,0.737624466913366
tinystories,1024,12000,1,a,1,0.29572055394210833,0.06949038876743058,0.24312501713443807,0.8174930536754241,0.29572055394210833,0.29572055394210833
tinystories,1024,12000,1,a,2,0.37918125950130355,0.10849953057327197,0.3036248865938245,0.8174930536754241,0.37918125950130355,0.37918125950130355
tinystories,1024,12000,1,a,4,0.46595218457696874,0.1862926160283678,0.3436856713571995,0.8174930536754241,0.46595218457696874,0.46595218457696874
tinystories,1024,12000,1,a,8,0.5396296743569281,0.27955074908066335,0.36099548294954625,0.8174930536754241,0.5396296743569281,0.5396296743569281
tinystories,1024,12000,1,a,16,0.6130330363022192,0.3489674818766805,0.40561039130079063,0.8174930536754241,0.6130330363022192,0.6130330363022192
tinystories,1024,12000,1,a,32,0.6831843345348276,0.4369292024566328,0.43734310703482804,0.8174930536754241,0.6831843345348276,0.6831843345348276
tinystories,1024,12000,1,a,64,0.7428670718425494,0.5475328557316761,0.431709171782505,0.8174930536754241,0.7428670718425494,0.7428670718425494
tinystories,1024,12000,1,b,1,0.3016946834410616,0.06949038876743058,0.24954529418137777,0.8183651592367904,0.3016946834410616,0.3016946834410616
tinystories,1024,12000,1,b,2,0.3825895935317566,0.10849953057327197,0.3074480298756723,0.8183651592367904,0.3825895935317566,0.3825895935317566
tinystories,1024,12000,1,b,4,0.4691126490040689,0.1862926160283678,0.3475697020165678,0.8183651592367904,0.4691126490040689,0.4691126490040689
tinystories,1024,12000,1,b,8,0.5506872012294548,0.27955074908066335,0.37634358256713435,0.8183651592367904,0.5506872012294548,0.5506872012294548
tinystories,1024,12000,1,b,16,0.6233355697358912,0.3489674818766805,0.4214353050291714,0.8183651592367904,0.6233355697358912,0.6233355697358912
tinystories,1024,12000,1,b,32,0.6880278670701312,0.4369292024566328,0.4459451026567561,0.8183651592367904,0.6880278670701312,0.6880278670701312
tinystories,1024,12000,1,b,64,0.7499674804633645,0.5475328557316761,0.4474018219798956,0.8183651592367904,0.7499674804633645,0.7499674804633645
tinystories,1024,12000,2,a,1,0.29244589917007974,0.06949038876743058,0.23960581138685752,0.8245737738479008,0.29244589917007974,0.29244589917007974
tinystories,1024,12000,2,a,2,0.3777747515312949,0.10849953057327197,0.3020472004139023,0.8245737738479008,0.3777747515312949,0.3777747515312949
tinystories,1024,12000,2,a,4,0.45237266054107694,0.1862926160283678,0.3269972102428228,0.8245737738479008,0.45237266054107694,0.45237266054107694
tinystories,1024,12000,2,a,8,0.5367603741179953,0.27955074908066335,0.3570128287441717,0.8245737738479008,0.5367603741179953,0.5367603741179953
tinystories,1024,12000,2,a,16,0.6105257981970007,0.3489674818766805,0.40175921945388215,0.8245737738479008,0.6105257981970007,0.6105257981970007
tinystories,1024,12000,2,a,32,0.6797763417915992,0.4369292024566328,0.4312905950628038,0.8245737738479008,0.6797763417915992,0.6797763417915992
tinystories,1024,12000,2,a,64,0.7460640324842689,0.5475328557316761,0.43877479120309126,0.8245737738479008,0.7460640324842689,0.7460640324842689
tinystories,1024,12000,2,b,1,0.304340563562789,0.06949038876743058,0.2523887684343977,0.8163070812321862,0.304340563562789,0.304340563562789
tinystories,1024,12000,2,b,2,0.3879559441222732,0.10849953057327197,0.31346748895006565,0.8163070812321862,0.3879559441222732,0.3879559441222732
tinystories,1024,12000,2,b,4,0.46742434049427706,0.1862926160283678,0.34549486707829874,0.8163070812321862,0.46742434049427706,0.46742434049427706
tinystories,1024,12000,2,b,8,0.5460321785581634,0.27955074908066335,0.36988230487776025,0.8163070812321862,0.5460321785581634,0.5460321785581634
tinystories,1024,12000,2,b,16,0.6209737418983139,0.3489674818766805,0.41780748649195676,0.8163070812321862,0.6209737418983139,0.6209737418983139
tinystories,1024,12000,2,b,32,0.6870597299516872,0.4369292024566328,0.44422571475266315,0.8163070812321862,0.6870597299516872,0.6870597299516872
tinystories,1024,12000,2,b,64,0.7493633810316234,0.5475328557316761,0.4460666986689688,0.8163070812321862,0.7493633810316234,0.7493633810316234
tinystories,1024,12000,3,a,1,0.2980123005707589,0.06949038876743058,0.245587911231378,0.8203037835757758,0.2980123005707589,0.2980123005707589
tinystories,1024,12000,3,a,2,0.3815452791297925,0.10849953057327197,0.3062766178150196,0.8203037835757758,0.3815452791297925,0.3815452791297925
tinystories,1024,12000,3,a,4,0.46375070952023056,0.1862926160283678,0.340980183979178,0.8203037835757758,0.46375070952023056,0.46375070952023056
tinystories,1024,12000,3,a,8,0.5382050389988456,0.27955074908066335,0.35901805656418384,0.8203037835757758,0.5382050389988456,0.5382050389988456
tinystories,1024,12000,3,a,16,0.6148977762975467,0.3489674818766805,0.40847467218295436,0.8203037835757758,0.6148977762975467,0.6148977762975467
tinystories,1024,12000,3,a,32,0.6803367870211005,0.4369292024566328,0.4322859321180133,0.8203037835757758,0.6803367870211005,0.6803367870211005
tinystories,1024,12000,3,a,64,0.7369673373173411,0.5475328557316761,0.4186701376781643,0.8203037835757758,0.7369673373173411,0.7369673373173411
tinystories,1024,12000,3,b,1,0.2914210341747243,0.06949038876743058,0.23850440954964505,0.8227878233645567,0.2914210341747243,0.2914210341747243
tinystories,1024,12000,3,b,2,0.3780102124689759,0.10849953057327197,0.3023113179839496,0.8227878233645567,0.3780102124689759,0.3780102124689759
tinystories,1024,12000,3,b,4,0.45867049852328323,0.1862926160283678,0.3347368941958762,0.8227878233645567,0.45867049852328323,0.45867049852328323
tinystories,1024,12000,3,b,8,0.5321125933767675,0.27955074908066335,0.3505616030189775,0.8227878233645567,0.5321125933767675,0.5321125933767675
tinystories,1024,12000,3,b,16,0.6044458575737836,0.3489674818766805,0.392420299424598,0.8227878233645567,0.6044458575737836,0.6044458575737836
tinystories,1024,12000,3,b,32,0.6765510377232948,0.4369292024566328,0.42556253372064917,0.8227878233645567,0.6765510377232948,0.6765510377232948
tinystories,1024,12000,3,b,64,0.7401482582858268,0.5475328557316761,0.4257003077331182,0.8227878233645567,0.7401482582858268,0.7401482582858268
tinystories,2048,8000,1,a,1,0.32124746987870906,0.06949038876743058,0.2705582812603049,0.7874769269237892,0.32124746987870906,0.32124746987870906
tinystories,2048,8000,1,a,2,0.41992431992534573,0.10849953057327197,0.34932655677941804,0.7874769269237892,0.41992431992534573,0.41992431992534573
tinystories,2048,8000,1,a,4,0.5042140972957347,0.1862926160283678,0.3907073814614056,0.7874769269237892,0.5042140972957347,0.5042140972957347
tinystories,2048,8000,1,a,8,0.5888384723586897,0.27955074908066335,0.42929841745738034,0.7874769269237892,0.5888384723586897,0.5888384723586897
tinystories,2048,8000,1,a,16,0.6633191952759143,0.3489674818766805,0.48285101688221493,0.7874769269237892,0.6633191952759143,0.6633191952759143
tinystories,2048,8000,1,a,32,0.7299766479020227,0.4369292024566328,0.5204451140494808,0.7874769269237892,0.7299766479020227,0.7299766479020227
tinystories,2048,8000,1,a,64,0.7895217999498085,0.5475328557316761,0.5348210301754577,0.7874769269237892,0.7895217999498085,0.7895217999498085
tinystories,2048,8000,1,b,1,0.33709541815292365,0.06949038876743058,0.28758975313647617,0.7827847569135629,0.33709541815292365,0.33709541815292365
tinystories,2048,8000,1,b,2,0.42721843571047696,0.10849953057327197,0.35750839855659816,0.7827847569135629,0.42721843571047696,0.42721843571047696
tinystories,2048,8000,1,b,4,0.5149067115650511,0.1862926160283678,0.4038479950037415,0.7827847569135629,0.5149067115650511,0.5149067115650511
tinystories,2048,8000,1,b,8,0.5889634833674955,0.27955074908066335,0.429471935590193,0.7827847569135629,0.5889634833674955,0.5889634833674955
tinystories,2048,8000,1,b,16,0.6671154583014245,0.3489674818766805,0.48868215882955324,0.7827847569135629,0.6671154583014245,0.6671154583014245
tinystories,2048,8000,1,b,32,0.7258931495140306,0.4369292024566328,0.5131929205317064,0.7827847569135629,0.7258931495140306,0.7258931495140306
tinystories,2048,8000,1,b,64,0.7826411581697459,0.5475328557316761,0.5196140878212472,0.7827847569135629,0.7826411581697459,0.7826411581697459
tinystories,2048,8000,2,a,1,0.3298071444792568,0.06949038876743058,0.27975719172530206,0.7896545802741305,0.3298071444792568,0.3298071444792568
tinystories,2048,8000,2,a,2,0.42049342425443736,0.10849953057327197,0.3499649236099567,0.7896545802741305,0.42049342425443736,0.42049342425443736
tinystories,2048,8000,2,a,4,0.5066416016421078,0.1862926160283678,0.3936906459545022,0.7896545802741305,0.5066416016421078,0.5066416016421078
tinystories,2048,8000,2,a,8,0.5872956679131032,0.27955074908066335,0.42715696968209593,0.7896545802741305,0.5872956679131032,0.5872956679131032
tinystories,2048,8000,2,a,16,0.6621627743739553,0.3489674818766805,0.4810747294161256,0.7896545802741305,0.6621627743739553,0.6621627743739553
tinystories,2048,8000,2,a,32,0.7245955440309721,0.4369292024566328,0.5108884048496292,0.7896545802741305,0.7245955440309721,0.7245955440309721
tinystories,2048,8000,2,a,64,0.785503156205995,0.5475328557316761,0.525939404637073,0.7896545802741305,0.785503156205995,0.785503156205995
tinystories,2048,8000,2,b,1,0.3345367930716161,0.06949038876743058,0.28484005012382446,0.7818633465758731,0.3345367930716161,0.3345367930716161
tinystories,2048,8000,2,b,2,0.4259378976298045,0.10849953057327197,0.3560720133559308,0.7818633465758731,0.4259378976298045,0.4259378976298045
tinystories,2048,8000,2,b,4,0.5100405403357453,0.1862926160283678,0.3978677478962931,0.7818633465758731,0.5100405403357453,0.5100405403357453
tinystories,2048,8000,2,b,8,0.586790739336638,0.27955074908066335,0.42645611729614247,0.7818633465758731,0.586790739336638,0.586790739336638
tinystories,2048,8000,2,b,16,0.6663814966092159,0.3489674818766805,0.48755477782817963,0.7818633465758731,0.6663814966092159,0.6663814966092159
tinystories,2048,8000,2,b,32,0.7283450875621911,0.4369292024566328,0.5175475026887959,0.7818633465758731,0.7283450875621911,0.7283450875621911
tinystories,2048,8000,2,b,64,0.790462880827886,0.5475328557316761,0.5369009179418927,0.7818633465758731,0.790462880827886,0.790462880827886
tinystories,2048,8000,3,a,1,0.33366352502656815,0.06949038876743058,0.2839015664859272,0.7823743403212623,0.33366352502656815,0.33366352502656815
tinystories,2048,8000,3,a,2,0.43286255534368945,0.10849953057327197,0.3638394323886295,0.7823743403212623,0.43286255534368945,0.43286255534368945
tinystories,2048,8000,3,a,4,0.5160293438674786,0.1862926160283678,0.40522764612224066,0.7823743403212623,0.5160293438674786,0.5160293438674786
tinystories,2048,8000,3,a,8,0.5959199179955534,0.27955074908066335,0.4391276255908157,0.7823743403212623,0.5959199179955534,0.5959199179955534
tinystories,2048,8000,3,a,16,0.672296023051302,0.3489674818766805,0.4966396181048765,0.7823743403212623,0.672296023051302,0.672296023051302
tinystories,2048,8000,3,a,32,0.7308428315626093,0.4369292024566328,0.5219834350996325,0.7823743403212623,0.7308428315626093,0.7308428315626093
tinystories,2048,8000,3,a,64,0.790387184660011,0.5475328557316761,0.5367336214457076,0.7823743403212623,0.790387184660011,0.790387184660011
tinystories,2048,8000,3,b,1,0.3318933751334198,0.06949038876743058,0.2819992219300192,0.78902422616031,0.3318933751334198,0.3318933751334198
tinystories,2048,8000,3,b,2,0.4241010808834986,0.10849953057327197,0.3540116479278711,0.78902422616031,0.4241010808834986,0.4241010808834986
tinystories,2048,8000,3,b,4,0.5075037297994234,0.1862926160283678,0.39475015232533983,0.78902422616031,0.5075037297994234,0.5075037297994234
tinystories,2048,8000,3,b,8,0.5840263977735362,0.27955074908066335,0.4226191481278432,0.78902422616031,0.5840263977735362,0.5840263977735362
tinystories,2048,8000,3,b,16,0.6575771487538535,0.3489674818766805,0.4740311094855569,0.78902422616031,0.6575771487538535,0.6575771487538535
tinystories,2048,8000,3,b,32,0.728893738321332,0.4369292024566328,0.5185218930523783,0.78902422616031,0.728893738321332,0.728893738321332
tinystories,2048,8000,3,b,64,0.786493275080703,0.5475328557316761,0.5281276715361185,0.78902422616031,0.786493275080703,0.786493275080703
tinystories,2048,12000,1,a,1,0.3316866768014152,0.06949038876743058,0.28177708738190765,0.7813081784206954,0.3316866768014152,0.3316866768014152
tinystories,2048,12000,1,a,2,0.425045647228508,0.10849953057327197,0.35507117215405215,0.7813081784206954,0.425045647228508,0.425045647228508
tinystories,2048,12000,1,a,4,0.5098027214207748,0.1862926160283678,0.39757548200359616,0.7813081784206954,0.5098027214207748,0.5098027214207748
tinystories,2048,12000,1,a,8,0.5973031629645504,0.27955074908066335,0.4410476011716521,0.7813081784206954,0.5973031629645504,0.5973031629645504
tinystories,2048,12000,1,a,16,0.6726358862261155,0.3489674818766805,0.49716165527714123,0.7813081784206954,0.6726358862261155,0.6726358862261155
tinystories,2048,12000,1,a,32,0.7342270702114209,0.4369292024566328,0.5279937603794671,0.7813081784206954,0.7342270702114209,0.7342270702114209
tinystories,2048,12000,1,a,64,0.794884685378006,0.5475328557316761,0.5466735712850884,0.7813081784206954,0.794884685378006,0.794884685378006
tinystories,2048,12000,1,b,1,0.3439896912733986,0.06949038876743058,0.2949988900623621,0.7784367902335608,0.3439896912733986,0.3439896912733986
tinystories,2048,12000,1,b,2,0.43221684176918385,0.10849953057327197,0.363115132630357,0.7784367902335608,0.43221684176918385,0.43221684176918385
tinystories,2048,12000,1,b,4,0.5215734283860936,0.1862926160283678,0.41204101002654103,0.7784367902335608,0.5215734283860936,0.5215734283860936
tinystories,2048,12000,1,b,8,0.5944117037815942,0.27955074908066335,0.4370341898463346,0.7784367902335608,0.5944117037815942,0.5944117037815942
tinystories,2048,12000,1,b,16,0.6682872399025986,0.3489674818766805,0.49048204066118883,0.7784367902335608,0.6682872399025986,0.6682872399025986
tinystories,2048,12000,1,b,32,0.7343467839160536,0.4369292024566328,0.5282063689984099,0.7784367902335608,0.7343467839160536,0.7343467839160536
tinystories,2048,12000,1,b,64,0.7870080759015403,0.5475328557316761,0.52926543552044,0.7784367902335608,0.7870080759015403,0.7870080759015403
tinystories,2048,12000,2,a,1,0.33508052388686516,0.06949038876743058,0.2854243867160374,0.7857004147961846,0.33508052388686516,0.33508052388686516
tinystories,2048,12000,2,a,2,0.4293391367844004,0.10849953057327197,0.3598871982843056,0.7857004147961846,0.4293391367844004,0.4293391367844004
tinystories,2048,12000,2,a,4,0.5132441999764821,0.1862926160283678,0.40180486301143437,0.7857004147961846,0.5132441999764821,0.5132441999764821
tinystories,2048,12000,2,a,8,0.5963679837246574,0.27955074908066335,0.4397495510470948,0.7857004147961846,0.5963679837246574,0.5963679837246574
tinystories,2048,12000,2,a,16,0.6667691706794898,0.3489674818766805,0.48815025356784236,0.7857004147961846,0.6667691706794898,0.6667691706794898
tinystories,2048,12000,2,a,32,0.7274198523847524,0.4369292024566328,0.5159043075853108,0.7857004147961846,0.7274198523847524,0.7274198523847524
tinystories,2048,12000,2,a,64,0.790225495559769,0.5475328557316761,0.5363762715203256,0.7857004147961846,0.790225495559769,0.790225495559769
tinystories,2048,12000,2,b,1,0.34282149164266656,0.06949038876743058,0.29374344936983166,0.7796620033950827,0.34282149164266656,0.34282149164266656
tinystories,2048,12000,2,b,2,0.43133544867296797,0.10849953057327197,0.36212647011536964,0.7796620033950827,0.43133544867296797,0.43133544867296797
tinystories,2048,12000,2,b,4,0.5183573956951473,0.1862926160283678,0.4080886891378585,0.7796620033950827,0.5183573956951473,0.5183573956951473
tinystories,2048,12000,2,b,8,0.5950269783708342,0.27955074908066335,0.43788820501597325,0.7796620033950827,0.5950269783708342,0.5950269783708342
tinystories,2048,12000,2,b,16,0.6656306190344183,0.3489674818766805,0.4864014136660299,0.7796620033950827,0.6656306190344183,0.6656306190344183
tinystories,2048,12000,2,b,32,0.7346361240820072,0.4369292024566328,0.5287202300745232,0.7796620033950827,0.7346361240820072,0.7346361240820072
tinystories,2048,12000,2,b,64,0.7939389996595629,0.5475328557316761,0.5445835063368979,0.7796620033950827,0.7939389996595629,0.7939389996595629
tinystories,2048,12000,3,a,1,0.34178642720098046,0.06949038876743058,0.2926310863923928,0.7779498615325644,0.34178642720098046,0.34178642720098046
tinystories,2048,12000,3,a,2,0.4351042973995365,0.10849953057327197,0.3663540043184554,0.7779498615325644,0.4351042973995365,0.4351042973995365
tinystories,2048,12000,3,a,4,0.5168933710345515,0.1862926160283678,0.4062894862678415,0.7779498615325644,0.5168933710345515,0.5168933710345515
tinystories,2048,12000,3,a,8,0.5986986528551415,0.27955074908066335,0.4429845729830743,0.7779498615325644,0.5986986528551415,0.5986986528551415
tinystories,2048,12000,3,a,16,0.6718943967111413,0.3489674818766805,0.496022711377516,0.7779498615325644,0.6718943967111413,0.6718943967111413
tinystories,2048,12000,3,a,32,0.7375873085236826,0.4369292024566328,0.5339614616470914,0.7779498615325644,0.7375873085236826,0.7375873085236826
tinystories,2048,12000,3,a,64,0.7923834953852944,0.5475328557316761,0.5411456782117554,0.7779498615325644,0.7923834953852944,0.7923834953852944
tinystories,2048,12000,3,b,1,0.3376496931439552,0.06949038876743058,0.2881854213427372,0.7834922961129406,0.3376496931439552,0.3376496931439552
tinystories,2048,12000,3,b,2,0.42754547172643,0.10849953057327197,0.35787523629495993,0.7834922961129406,0.42754547172643,0.42754547172643
tinystories,2048,12000,3,b,4,0.5120956559143242,0.1862926160283678,0.40039336781699236,0.7834922961129406,0.5120956559143242,0.5120956559143242
tinystories,2048,12000,3,b,8,0.5916598253625935,0.27955074908066335,0.4332145198064405,0.7834922961129406,0.5916598253625935,0.5916598253625935
tinystories,2048,12000,3,b,16,0.6678228962716868,0.3489674818766805,0.4897687988215179,0.7834922961129406,0.6678228962716868,0.6678228962716868
tinystories,2048,12000,3,b,32,0.7351548821084282,0.4369292024566328,0.5296415316740455,0.7834922961129406,0.7351548821084282,0.7351548821084282
tinystories,2048,12000,3,b,64,0.7907029664077125,0.5475328557316761,0.5374315323364799,0.7834922961129406,0.7907029664077125,0.7907029664077125
wikitext,512,8000,1,a,1,0.04571183862558726,0.05840670952012062,-0.013482329390923621,1.0539163971577987,0.04571183862558726,0.04571183862558726
wikitext,512,8000,1,a,2,0.06991156305171142,0.10191244086483767,-0.035632247087291076,1.0539163971577987,0.06991156305171142,0.06991156305171142
wikitext,512,8000,1,a,4,0.097979214325881,0.1535889067849574,-0.06570057139474185,1.0539163971577987,0.097979214325881,0.097979214325881
wikitext,512,8000,1,a,8,0.13625537414542002,0.2215040244085947,-0.10950429152625134,1.0539163971577987,0.13625537414542002,0.13625537414542002
wikitext,512,8000,1,a,16,0.18007234210423806,0.28649213539735596,-0.14915013354811948,1.0539163971577987,0.18007234210423806,0.18007234210423806
wikitext,512,8000,1,a,32,0.2301572715667346,0.3541993586317435,-0.1920748898641556,1.0539163971577987,0.2301572715667346,0.2301572715667346
wikitext,512,8000,1,a,64,0.2790203860372672,0.40510261186842655,-0.21193945098187883,1.0539163971577987,0.2790203860372672,0.2790203860372672
wikitext,512,8000,1,b,1,0.052098202005415956,0.05840670952012062,-0.006699822076567219,1.0424693193288277,0.052098202005415956,0.052098202005415956
wikitext,512,8000,1,b,2,0.07655593362334473,0.10191244086483767,-0.02823389210057722,1.0424693193288277,0.07655593362334473,0.07655593362334473
wikitext,512,8000,1,b,4,0.10431167279769893,0.1535889067849574,-0.05821903136935718,1.0424693193288277,0.10431167279769893,0.10431167279769893
wikitext,512,8000,1,b,8,0.13981167350799328,0.2215040244085947,-0.10493612486376908,1.0424693193288277,0.13981167350799328,0.13981167350799328
wikitext,512,8000,1,b,16,0.18993817216327552,0.28649213539735596,-0.13532291376753333,1.0424693193288277,0.18993817216327552,0.18993817216327552
wikitext,512,8000,1,b,32,0.23674889507079214,0.3541993586317435,-0.18186798841219687,1.0424693193288277,0.23674889507079214,0.23674889507079214
wikitext,512,8000,1,b,64,0.28882531371760795,0.40510261186842655,-0.19545773854549445,1.0424693193288277,0.28882531371760795,0.28882531371760795
wikitext,512,8000,2,a,1,0.042517343045447256,0.05840670952012062,-0.01687497843848846,1.029653022773923,0.042517343045447256,0.042517343045447256
wikitext,512,8000,2,a,2,0.06434497261386166,0.10191244086483767,-0.041830518493266536,1.029653022773923,0.06434497261386166,0.06434497261386166
wikitext,512,8000,2,a,4,0.09327670021290026,0.1535889067849574,-0.07125639899515587,1.029653022773923,0.09327670021290026,0.09327670021290026
wikitext,512,8000,2,a,8,0.12873751037424402,0.2215040244085947,-0.11916119921349384,1.029653022773923,0.12873751037424402,0.12873751037424402
wikitext,512,8000,2,a,16,0.17599007170252445,0.28649213539735596,-0.15487154266529443,1.029653022773923,0.17599007170252445,0.17599007170252445
wikitext,512,8000,2,a,32,0.21515616669386245,0.3541993586317435,-0.21530358291885643,1.029653022773923,0.21515616669386245,0.21515616669386245
wikitext,512,8000,2,a,64,0.261584477160335,0.40510261186842655,-0.24124855407223547,1.029653022773923,0.261584477160335,0.261584477160335
wikitext,512,8000,2,b,1,0.050997949108923024,0.05840670952012062,-0.007868323283635285,1.0313454102624295,0.050997949108923024,0.050997949108923024
wikitext,512,8000,2,b,2,0.07537843813665149,0.10191244086483767,-0.029545006450972123,1.0313454102624295,0.07537843813665149,0.07537843813665149
wikitext,512,8000,2,b,4,0.10555011769629032,0.1535889067849574,-0.05675585950344127,1.0313454102624295,0.10555011769629032,0.10555011769629032
wikitext,512,8000,2,b,8,0.14415713912987124,0.2215040244085947,-0.0993542519214243,1.0313454102624295,0.14415713912987124,0.14415713912987124
wikitext,512,8000,2,b,16,0.18616669299028052,0.28649213539735596,-0.14060874082018307,1.0313454102624295,0.18616669299028052,0.18616669299028052
wikitext,512,8000,2,b,32,0.23508221122083317,0.3541993586317435,-0.18444879081962057,1.0313454102624295,0.23508221122083317,0.23508221122083317
wikitext,512,8000,2,b,64,0.2903079072556516,0.40510261186842655,-0.19296555490572406,1.0313454102624295,0.2903079072556516,0.2903079072556516
wikitext,512,8000,3,a,1,0.048416530625497715,0.05840670952012062,-0.010609866272020109,1.0407986852369016,0.048416530625497715,0.048416530625497715
wikitext,512,8000,3,a,2,0.06994737940885339,0.10191244086483767,-0.035592366391052004,1.0407986852369016,0.06994737940885339,0.06994737940885339
wikitext,512,8000,3,a,4,0.09538193430892261,0.1535889067849574,-0.06876915123470209,1.0407986852369016,0.09538193430892261,0.09538193430892261
wikitext,512,8000,3,a,8,0.1312662362542328,0.2215040244085947,-0.11591297962177692,1.0407986852369016,0.1312662362542328,0.1312662362542328
wikitext,512,8000,3,a,16,0.1733692008676787,0.28649213539735596,-0.15854476193149736,1.0407986852369016,0.1733692008676787,0.1733692008676787
wikitext,512,8000,3,a,32,0.22284369573877666,0.3541993586317435,-0.20339970956774506,1.0407986852369016,0.22284369573877666,0.22284369573877666
wikitext,512,8000,3,a,64,0.2775556224846724,0.40510261186842655,-0.21440166309075234,1.0407986852369016,0.2775556224846724,0.2775556224846724
wikitext,512,8000,3,b,1,0.057972973250740245,0.05840670952012062,-0.00046064078171088516,1.04252809537823,0.057972973250740245,0.057972973250740245
wikitext,512,8000,3,b,2,0.08501774127220138,0.10191244086483767,-0.01881186240783192,1.04252809537823,0.08501774127220138,0.08501774127220138
wikitext,512,8000,3,b,4,0.11496206199501184,0.1535889067849574,-0.045636033246237086,1.04252809537823,0.11496206199501184,0.11496206199501184
wikitext,512,8000,3,b,8,0.15556600250686375,0.2215040244085947,-0.08469924568542486,1.04252809537823,0.15556600250686375,0.15556600250686375
wikitext,512,8000,3,b,16,0.20140619828294853,0.28649213539735596,-0.11925017415441132,1.04252809537823,0.20140619828294853,0.20140619828294853
wikitext,512,8000,3,b,32,0.2536508786532579,0.3541993586317435,-0.15569585029437838,1.04252809537823,0.2536508786532579,0.2536508786532579
wikitext,512,8000,3,b,64,0.3018399001616556,0.40510261186842655,-0.17358071117288604,1.04252809537823,0.3018399001616556,0.3018399001616556
wikitext,512,12000,1,a,1,0.042632036344064164,0.05840670952012062,-0.016753170753815542,1.078991726524412,0.042632036344064164,0.042632036344064164
wikitext,512,12000,1,a,2,0.06159279988599792,0.10191244086483767,-0.04489500001276784,1.078991726524412,0.06159279988599792,0.06159279988599792
wikitext,512,12000,1,a,4,0.09286198234231216,0.1535889067849574,-0.07174637115397153,1.078991726524412,0.09286198234231216,0.09286198234231216
wikitext,512,12000,1,a,8,0.12874607789025797,0.2215040244085947,-0.11915019399794673,1.078991726524412,0.12874607789025797,0.12874607789025797
wikitext,512,12000,1,a,16,0.17759041242395346,0.28649213539735596,-0.15262862313935446,1.078991726524412,0.17759041242395346,0.17759041242395346
wikitext,512,12000,1,a,32,0.22605863617393818,0.3541993586317435,-0.1984214852842417,1.078991726524412,0.22605863617393818,0.22605863617393818
wikitext,512,12000,1,a,64,0.2766031762693697,0.40510261186842655,-0.21600268914046172,1.078991726524412,0.2766031762693697,0.2766031762693697
wikitext,512,12000,1,b,1,0.04957654102541982,0.05840670952012062,-0.009377900824038943,1.0708582324367601,0.04957654102541982,0.04957654102541982
wikitext,512,12000,1,b,2,0.07435985880178222,0.10191244086483767,-0.030679171293262256,1.0708582324367601,0.07435985880178222,0.07435985880178222
wikitext,512,12000,1,b,4,0.09902596174443735,0.1535889067849574,-0.06446388224103482,1.0708582324367601,0.09902596174443735,0.09902596174443735
wikitext,512,12000,1,b,8,0.13646116339842307,0.2215040244085947,-0.10923994943656139,1.0708582324367601,0.13646116339842307,0.13646116339842307
wikitext,512,12000,1,b,16,0.1840807189671229,0.28649213539735596,-0.1435322881651297,1.0708582324367601,0.1840807189671229,0.1840807189671229
wikitext,512,12000,1,b,32,0.22826755274548827,0.3541993586317435,-0.19500105422540895,1.0708582324367601,0.22826755274548827,0.22826755274548827
wikitext,512,12000,1,b,64,0.2823769568845146,0.40510261186842655,-0.20629718239201403,1.0708582324367601,0.2823769568845146,0.2823769568845146
wikitext,512,12000,2,a,1,0.03665632735743492,0.05840670952012062,-0.02309955092352103,1.0476022290338904,0.03665632735743492,0.03665632735743492
wikitext,512,12000,2,a,2,0.058631055704630855,0.10191244086483767,-0.04819283456268539,1.0476022290338904,0.058631055704630855,0.058631055704630855
wikitext,512,12000,2,a,4,0.08329570008347774,0.1535889067849574,-0.0830485413825037,1.0476022290338904,0.08329570008347774,0.08329570008347774
wikitext,512,12000,2,a,8,0.12086276132335211,0.2215040244085947,-0.12927653609100262,1.0476022290338904,0.12086276132335211,0.12086276132335211
wikitext,512,12000,2,a,16,0.15924977432656917,0.28649213539735596,-0.17833350882775298,1.0476022290338904,0.15924977432656917,0.15924977432656917
wikitext,512,12000,2,a,32,0.2032115825527422,0.3541993586317435,-0.23379935913210592,1.0476022290338904,0.2032115825527422,0.2032115825527422
wikitext,512,12000,2,a,64,0.2456920350361041,0.40510261186842655,-0.26796314795227444,1.0476022290338904,0.2456920350361041,0.2456920350361041
wikitext,512,12000,2,b,1,0.047894449906735734,0.05840670952012062,-0.011164331479069221,1.0500730672400937,0.047894449906735734,0.047894449906735734
wikitext,512,12000,2,b,2,0.06903117446424836,0.10191244086483767,-0.03661253968627871,1.0500730672400937,0.06903117446424836,0.06903117446424836
wikitext,512,12000,2,b,4,0.09992219480118977,0.1535889067849574,-0.06340501963403834,1.0500730672400937,0.09992219480118977,0.09992219480118977
wikitext,512,12000,2,b,8,0.13752189630747058,0.2215040244085947,-0.10787740814886661,1.0500730672400937,0.13752189630747058,0.13752189630747058
wikitext,512,12000,2,b,16,0.17749399574311348,0.28649213539735596,-0.15276375364824335,1.0500730672400937,0.17749399574311348,0.17749399574311348
wikitext,512,12000,2,b,32,0.2228987481975798,0.3541993586317435,-0.20331446273570958,1.0500730672400937,0.2228987481975798,0.2228987481975798
wikitext,512,12000,2,b,64,0.2663952337948884,0.40510261186842655,-0.23316185419671107,1.0500730672400937,0.2663952337948884,0.2663952337948884
wikitext,512,12000,3,a,1,0.04385977519772871,0.05840670952012062,-0.015449275679288369,1.0693871058691768,0.04385977519772871,0.04385977519772871
wikitext,512,12000,3,a,2,0.06524422973373731,0.10191244086483767,-0.04082921621407494,1.0693871058691768,0.06524422973373731,0.06524422973373731
wikitext,512,12000,3,a,4,0.08406607318595863,0.1535889067849574,-0.08213837715065901,1.0693871058691768,0.08406607318595863,0.08406607318595863
wikitext,512,12000,3,a,8,0.11840944025638014,0.2215040244085947,-0.13242789607729957,1.0693871058691768,0.11840944025638014,0.11840944025638014
wikitext,512,12000,3,a,16,0.15562502635670272,0.28649213539735596,-0.18341368824789867,1.0693871058691768,0.15562502635670272,0.15562502635670272
wikitext,512,12000,3,a,32,0.20630108545132075,0.3541993586317435,-0.22901537054387405,1.0693871058691768,0.20630108545132075,0.20630108545132075
wikitext,512,12000,3,a,64,0.25457565285569256,0.40510261186842655,-0.25303012253172297,1.0693871058691768,0.25457565285569256,0.25457565285569256
wikitext,512,12000,3,b,1,0.05156989302819691,0.05840670952012062,-0.007260901878813682,1.0723969315329713,0.05156989302819691,0.05156989302819691
wikitext,512,12000,3,b,2,0.0770574153255578,0.10191244086483767,-0.02767550367050479,1.0723969315329713,0.0770574153255578,0.0770574153255578
wikitext,512,12000,3,b,4,0.10615034583258066,0.1535889067849574,-0.05604671457244749,1.0723969315329713,0.10615034583258066,0.10615034583258066
wikitext,512,12000,3,b,8,0.14659452476049784,0.2215040244085947,-0.09622336145179154,1.0723969315329713,0.14659452476049784,0.14659452476049784
wikitext,512,12000,3,b,16,0.18970411057630548,0.28649213539735596,-0.13565095722519077,1.0723969315329713,0.18970411057630548,0.18970411057630548
wikitext,512,12000,3,b,32,0.24022446877433942,0.3541993586317435,-0.17648618250970724,1.0723969315329713,0.24022446877433942,0.24022446877433942
wikitext,512,12000,3,b,64,0.2973934756698079,0.40510261186842655,-0.18105498250195146,1.0723969315329713,0.2973934756698079,0.2973934756698079
wikitext,1024,8000,1,a,1,0.10313301121915999,0.05840670952012062,0.047500658884521985,0.9829010657097657,0.10313301121915999,0.10313301121915999
wikitext,1024,8000,1,a,2,0.13346336403082704,0.10191244086483767,0.03513123285704145,0.9829010657097657,0.13346336403082704,0.13346336403082704
wikitext,1024,8000,1,a,4,0.17473951810663715,0.1535889067849574,0.024988580007074816,0.9829010657097657,0.17473951810663715,0.17473951810663715
wikitext,1024,8000,1,a,8,0.2259735571633525,0.2215040244085947,0.005741240667766307,0.9829010657097657,0.2259735571633525,0.2259735571633525
wikitext,1024,8000,1,a,16,0.27884249543584594,0.28649213539735596,-0.010721171189570763,0.9829010657097657,0.27884249543584594,0.27884249543584594
wikitext,1024,8000,1,a,32,0.3234483535807072,0.3541993586317435,-0.04761686979109249,0.9829010657097657,0.3234483535807072,0.3234483535807072
wikitext,1024,8000,1,a,64,0.3626962835764346,0.40510261186842655,-0.07128343330801945,0.9829010657097657,0.3626962835764346,0.3626962835764346
wikitext,1024,8000,1,b,1,0.09211054088922484,0.05840670952012062,0.035794468492789694,0.9817359601663757,0.09211054088922484,0.09211054088922484
wikitext,1024,8000,1,b,2,0.12299375941391263,0.10191244086483767,0.023473567064413843,0.9817359601663757,0.12299375941391263,0.12299375941391263
wikitext,1024,8000,1,b,4,0.17158757233363828,0.1535889067849574,0.02126468532012501,0.9817359601663757,0.17158757233363828,0.17158757233363828
wikitext,1024,8000,1,b,8,0.22544198773338592,0.2215040244085947,0.005058424768091616,0.9817359601663757,0.22544198773338592,0.22544198773338592
wikitext,1024,8000,1,b,16,0.2751480149677348,0.28649213539735596,-0.01589908253630642,0.9817359601663757,0.2751480149677348,0.2751480149677348
wikitext,1024,8000,1,b,32,0.3194697854660158,0.3541993586317435,-0.053777545175777854,0.9817359601663757,0.3194697854660158,0.3194697854660158
wikitext,1024,8000,1,b,64,0.3604498937903219,0.40510261186842655,-0.07505952954062865,0.9817359601663757,0.3604498937903219,0.3604498937903219
wikitext,1024,8000,2,a,1,0.09447225712982336,0.05840670952012062,0.03830268118342483,0.9851543217960395,0.09447225712982336,0.09447225712982336
wikitext,1024,8000,2,a,2,0.13223788824673485,0.10191244086483767,0.033766693540549536,0.9851543217960395,0.13223788824673485,0.13223788824673485
wikitext,1024,8000,2,a,4,0.18273652006737495,0.1535889067849574,0.034436709910904,0.9851543217960395,0.18273652006737495,0.18273652006737495
wikitext,1024,8000,2,a,8,0.22965913765040225,0.2215040244085947,0.010475472574681313,0.9851543217960395,0.22965913765040225,0.22965913765040225
wikitext,1024,8000,2,a,16,0.2805020277049607,0.28649213539735596,-0.008395293155922247,0.9851543217960395,0.2805020277049607,0.2805020277049607
wikitext,1024,8000,2,a,32,0.33014405193085533,0.3541993586317435,-0.037248812032645635,0.9851543217960395,0.33014405193085533,0.33014405193085533
wikitext,1024,8000,2,a,64,0.36290550158564244,0.40510261186842655,-0.07093174575083422,0.9851543217960395,0.36290550158564244,0.36290550158564244
wikitext,1024,8000,2,b,1,0.08779657937972285,0.05840670952012062,0.031212913427435103,0.984099538726499,0.08779657937972285,0.08779657937972285
wikitext,1024,8000,2,b,2,0.1264538632976399,0.10191244086483767,0.027326313768821237,0.984099538726499,0.1264538632976399,0.1264538632976399
wikitext,1024,8000,2,b,4,0.1754593972116858,0.1535889067849574,0.025839087651432623,0.984099538726499,0.1754593972116858,0.1754593972116858
wikitext,1024,8000,2,b,8,0.22877990240018437,0.2215040244085947,0.00934607014000598,0.984099538726499,0.22877990240018437,0.22877990240018437
wikitext,1024,8000,2,b,16,0.27862083820776157,0.28649213539735596,-0.01103182961266721,0.984099538726499,0.27862083820776157,0.27862083820776157
wikitext,1024,8000,2,b,32,0.3205762387632626,0.3541993586317435,-0.05206424043996565,0.984099538726499,0.3205762387632626,0.3205762387632626
wikitext,1024,8000,2,b,64,0.3613307804048385,0.40510261186842655,-0.07357879247220199,0.984099538726499,0.3613307804048385,0.3613307804048385
wikitext,1024,8000,3,a,1,0.10412515055086857,0.05840670952012062,0.04855434027938721,0.9864591007365544,0.10412515055086857,0.10412515055086857
wikitext,1024,8000,3,a,2,0.1401908795108937,0.10191244086483767,0.04262216780167548,0.9864591007365544,0.1401908795108937,0.1401908795108937
wikitext,1024,8000,3,a,4,0.19450684919306044,0.1535889067849574,0.04834287113685933,0.9864591007365544,0.19450684919306044,0.19450684919306044
wikitext,1024,8000,3,a,8,0.24682210295612758,0.2215040244085947,0.032521784750780915,0.9864591007365544,0.24682210295612758,0.24682210295612758
wikitext,1024,8000,3,a,16,0.29547729523762145,0.28649213539735596,0.01259293735363291,0.9864591007365544,0.29547729523762145,0.29547729523762145
wikitext,1024,8000,3,a,32,0.3458884933327492,0.3541993586317435,-0.012869088022870522,0.9864591007365544,0.3458884933327492,0.3458884933327492
wikitext,1024,8000,3,a,64,0.38397760813588094,0.40510261186842655,-0.035510331956396815,0.9864591007365544,0.38397760813588094,0.38397760813588094
wikitext,1024,8000,3,b,1,0.09295533559064315,0.05840670952012062,0.036691665520380834,0.9843578284872009,0.09295533559064315,0.09295533559064315
wikitext,1024,8000,3,b,2,0.13482147832277555,0.10191244086483767,0.036643462124816124,0.9843578284872009,0.13482147832277555,0.13482147832277555
wikitext,1024,8000,3,b,4,0.18428795636262119,0.1535889067849574,0.03626966827792303,0.9843578284872009,0.18428795636262119,0.18428795636262119
wikitext,1024,8000,3,b,8,0.22933098155452564,0.2215040244085947,0.010053946829956278,0.9843578284872009,0.22933098155452564,0.22933098155452564
wikitext,1024,8000,3,b,16,0.28471927449779755,0.28649213539735596,-0.0024847110838024608,0.9843578284872009,0.28471927449779755,0.28471927449779755
wikitext,1024,8000,3,b,32,0.3304334666051116,0.3541993586317435,-0.03680066340020844,0.9843578284872009,0.3304334666051116,0.3304334666051116
wikitext,1024,8000,3,b,64,0.3748571038504368,0.40510261186842655,-0.050841554562852366,0.9843578284872009,0.3748571038504368,0.3748571038504368
wikitext,1024,12000,1,a,1,0.09557006895311682,0.05840670952012062,0.03946858989835838,0.9882985137217253,0.09557006895311682,0.09557006895311682
wikitext,1024,12000,1,a,2,0.1291044158561836,0.10191244086483767,0.030277643549066837,0.9882985137217253,0.1291044158561836,0.1291044158561836
wikitext,1024,12000,1,a,4,0.17011612093782455,0.1535889067849574,0.019526225832047522,0.9882985137217253,0.17011612093782455,0.17011612093782455
wikitext,1024,12000,1,a,8,0.2185996608718509,0.2215040244085947,-0.003730736738282342,0.9882985137217253,0.2185996608718509,0.2185996608718509
wikitext,1024,12000,1,a,16,0.2716673333302799,0.28649213539735596,-0.020777349210203928,0.9882985137217253,0.2716673333302799,0.2716673333302799
wikitext,1024,12000,1,a,32,0.314910749121743,0.3541993586317435,-0.06083705557609826,0.9882985137217253,0.314910749121743,0.314910749121743
wikitext,1024,12000,1,a,64,0.3545414645985481,0.40510261186842655,-0.0849913754516197,0.9882985137217253,0.3545414645985481,0.3545414645985481
wikitext,1024,12000,1,b,1,0.09276714366201635,0.05840670952012062,0.036491800110835616,0.9890663260359586,0.09276714366201635,0.09276714366201635
wikitext,1024,12000,1,b,2,0.12547620512714278,0.10191244086483767,0.026237713709113698,0.9890663260359586,0.12547620512714278,0.12547620512714278
wikitext,1024,12000,1,b,4,0.16358428964415633,0.1535889067849574,0.01180913499282253,0.9890663260359586,0.16358428964415633,0.16358428964415633
wikitext,1024,12000,1,b,8,0.2197894724054132,0.2215040244085947,-0.002202390323057243,0.9890663260359586,0.2197894724054132,0.2197894724054132
wikitext,1024,12000,1,b,16,0.26883817012130884,0.28649213539735596,-0.02474249570588644,0.9890663260359586,0.26883817012130884,0.26883817012130884
wikitext,1024,12000,1,b,32,0.316366441437401,0.3541993586317435,-0.05858296627607242,0.9890663260359586,0.316366441437401,0.316366441437401
wikitext,1024,12000,1,b,64,0.35146263316234594,0.40510261186842655,-0.09016677460049137,0.9890663260359586,0.35146263316234594,0.35146263316234594
wikitext,1024,12000,2,a,1,0.0910197194198259,0.05840670952012062,0.03463598374101007,0.9910320518008923,0.0910197194198259,0.0910197194198259
wikitext,1024,12000,2,a,2,0.12963295717090503,0.10191244086483767,0.03086616224008446,0.9910320518008923,0.12963295717090503,0.12963295717090503
wikitext,1024,12000,2,a,4,0.17585056536058846,0.1535889067849574,0.026301236779720672,0.9910320518008923,0.17585056536058846,0.17585056536058846
wikitext,1024,12000,2,a,8,0.22465361034031586,0.2215040244085947,0.004045731809118843,0.9910320518008923,0.22465361034031586,0.22465361034031586
wikitext,1024,12000,2,a,16,0.2696110261128536,0.28649213539735596,-0.0236593177482403,0.9910320518008923,0.2696110261128536,0.2696110261128536
wikitext,1024,12000,2,a,32,0.3129414085801881,0.3541993586317435,-0.06388651142269275,0.9910320518008923,0.3129414085801881,0.3129414085801881
wikitext,1024,12000,2,a,64,0.351931793346818,0.40510261186842655,-0.08937813408225748,0.9910320518008923,0.351931793346818,0.351931793346818
wikitext,1024,12000,2,b,1,0.08584978981222548,0.05840670952012062,0.029145365169412577,0.9870471640364594,0.08584978981222548,0.08584978981222548
wikitext,1024,12000,2,b,2,0.12165561863112234,0.10191244086483767,0.021983577843230455,0.9870471640364594,0.12165561863112234,0.12165561863112234
wikitext,1024,12000,2,b,4,0.16737715265757333,0.1535889067849574,0.016290247118858153,0.9870471640364594,0.16737715265757333,0.16737715265757333
wikitext,1024,12000,2,b,8,0.22098643698441417,0.2215040244085947,-0.0006648556195648137,0.9870471640364594,0.22098643698441417,0.22098643698441417
wikitext,1024,12000,2,b,16,0.270651172048863,0.28649213539735596,-0.022201525917748436,0.9870471640364594,0.270651172048863,0.270651172048863
wikitext,1024,12000,2,b,32,0.314645842040958,0.3541993586317435,-0.061247255046051885,0.9870471640364594,0.314645842040958,0.314645842040958
wikitext,1024,12000,2,b,64,0.35592292864761366,0.40510261186842655,-0.0826691866563311,0.9870471640364594,0.35592292864761366,0.35592292864761366
wikitext,1024,12000,3,a,1,0.10003356792394016,0.05840670952012062,0.04420895818257645,0.9916478077518529,0.10003356792394016,0.10003356792394016
wikitext,1024,12000,3,a,2,0.140366031330379,0.10191244086483767,0.04281719535517368,0.9916478077518529,0.140366031330379,0.140366031330379
wikitext,1024,12000,3,a,4,0.1850304237403854,0.1535889067849574,0.03714686304027425,0.9916478077518529,0.1850304237403854,0.1850304237403854
wikitext,1024,12000,3,a,8,0.24050389686065166,0.2215040244085947,0.02440587112556772,0.9916478077518529,0.24050389686065166,0.24050389686065166
wikitext,1024,12000,3,a,16,0.2902892244687666,0.28649213539735596,0.0053217199974736765,0.9916478077518529,0.2902892244687666,0.2902892244687666
wikitext,1024,12000,3,a,32,0.33355651843308776,0.3541993586317435,-0.03196472545291967,0.9916478077518529,0.33355651843308776,0.33355651843308776
wikitext,1024,12000,3,a,64,0.37561667173855595,0.40510261186842655,-0.049564749683098624,0.9916478077518529,0.37561667173855595,0.37561667173855595
wikitext,1024,12000,3,b,1,0.0920579488454054,0.05840670952012062,0.03573861418249333,0.9892165031834723,0.0920579488454054,0.0920579488454054
wikitext,1024,12000,3,b,2,0.1327102513375105,0.10191244086483767,0.03429265906136191,0.9892165031834723,0.1327102513375105,0.1327102513375105
wikitext,1024,12000,3,b,4,0.17777624563510022,0.1535889067849574,0.02857634906256798,0.9892165031834723,0.17777624563510022,0.17777624563510022
wikitext,1024,12000,3,b,8,0.22852790832353143,0.2215040244085947,0.009022376653393536,0.9892165031834723,0.22852790832353143,0.22852790832353143
wikitext,1024,12000,3,b,16,0.28157864101988583,0.28649213539735596,-0.006886391336704435,0.9892165031834723,0.28157864101988583,0.28157864101988583
wikitext,1024,12000,3,b,32,0.3255294235444283,0.3541993586317435,-0.04439440479119417,0.9892165031834723,0.3255294235444283,0.3255294235444283
wikitext,1024,12000,3,b,64,0.36517049353474107,0.40510261186842655,-0.0671243799861056,0.9892165031834723,0.36517049353474107,0.36517049353474107
wikitext,2048,8000,1,a,1,0.12404171624413483,0.05840670952012062,0.06970632372556901,0.9582402361976382,0.12404171624413483,0.12404171624413483
wikitext,2048,8000,1,a,2,0.1701134809648925,0.10191244086483767,0.0759403015956828,0.9582402361976382,0.1701134809648925,0.1701134809648925
wikitext,2048,8000,1,a,4,0.22279339135025658,0.1535889067849574,0.08176226082107457,0.9582402361976382,0.22279339135025658,0.22279339135025658
wikitext,2048,8000,1,a,8,0.279757647068944,0.2215040244085947,0.07482841849772619,0.9582402361976382,0.279757647068944,0.279757647068944
wikitext,2048,8000,1,a,16,0.3414503561097326,0.28649213539735596,0.07702538884134537,0.9582402361976382,0.3414503561097326,0.3414503561097326
wikitext,2048,8000,1,a,32,0.39594741307937953,0.3541993586317435,0.06464542116152827,0.9582402361976382,0.39594741307937953,0.39594741307937953
wikitext,2048,8000,1,a,64,0.44047760472229125,0.40510261186842655,0.05946402448490967,0.9582402361976382,0.44047760472229125,0.44047760472229125
wikitext,2048,8000,1,b,1,0.11946573016072848,0.05840670952012062,0.06484649079167648,0.9598872384810236,0.11946573016072848,0.11946573016072848
wikitext,2048,8000,1,b,2,0.16431392939352632,0.10191244086483767,0.06948263328442034,0.9598872384810236,0.16431392939352632,0.16431392939352632
wikitext,2048,8000,1,b,4,0.22053123712427608,0.1535889067849574,0.07908961836150114,0.9598872384810236,0.22053123712427608,0.22053123712427608
wikitext,2048,8000,1,b,8,0.2789758020822818,0.2215040244085947,0.07382411659871088,0.9598872384810236,0.2789758020822818,0.2789758020822818
wikitext,2048,8000,1,b,16,0.3397402216182338,0.28649213539735596,0.07462859046484646,0.9598872384810236,0.3397402216182338,0.3397402216182338
wikitext,2048,8000,1,b,32,0.40021441204193675,0.3541993586317435,0.07125272175744707,0.9598872384810236,0.40021441204193675,0.40021441204193675
wikitext,2048,8000,1,b,64,0.4503838608350482,0.40510261186842655,0.0761160661821679,0.9598872384810236,0.4503838608350482,0.4503838608350482
wikitext,2048,8000,2,a,1,0.12117541901808027,0.05840670952012062,0.06666223106365787,0.9631022759002391,0.12117541901808027,0.12117541901808027
wikitext,2048,8000,2,a,2,0.16543286923209188,0.10191244086483767,0.07072854725704354,0.9631022759002391,0.16543286923209188,0.16543286923209188
wikitext,2048,8000,2,a,4,0.2207370477865757,0.1535889067849574,0.07933277521985216,0.9631022759002391,0.2207370477865757,0.2207370477865757
wikitext,2048,8000,2,a,8,0.27989226801787176,0.2215040244085947,0.07500134289701481,0.9631022759002391,0.27989226801787176,0.27989226801787176
wikitext,2048,8000,2,a,16,0.34464805643674973,0.28649213539735596,0.0815070497811276,0.9631022759002391,0.34464805643674973,0.34464805643674973
wikitext,2048,8000,2,a,32,0.40159160405242966,0.3541993586317435,0.07338525604476995,0.9631022759002391,0.40159160405242966,0.40159160405242966
wikitext,2048,8000,2,a,64,0.4519668105011673,0.40510261186842655,0.07877694467600489,0.9631022759002391,0.4519668105011673,0.4519668105011673
wikitext,2048,8000,2,b,1,0.12301513340870787,0.05840670952012062,0.06861606230823908,0.9582803320207867,0.12301513340870787,0.12301513340870787
wikitext,2048,8000,2,b,2,0.16492717880067786,0.10191244086483767,0.07016547250306189,0.9582803320207867,0.16492717880067786,0.16492717880067786
wikitext,2048,8000,2,b,4,0.218737757983457,0.1535889067849574,0.07697069629727503,0.9582803320207867,0.218737757983457,0.218737757983457
wikitext,2048,8000,2,b,8,0.27688601273116653,0.2215040244085947,0.07113972333704027,0.9582803320207867,0.27688601273116653,0.27688601273116653
wikitext,2048,8000,2,b,16,0.33792753118221786,0.28649213539735596,0.07208805724027514,0.9582803320207867,0.33792753118221786,0.33792753118221786
wikitext,2048,8000,2,b,32,0.4013918921004267,0.3541993586317435,0.07307600898118724,0.9582803320207867,0.4013918921004267,0.4013918921004267
wikitext,2048,8000,2,b,64,0.4435620012743545,0.40510261186842655,0.06464877838297368,0.9582803320207867,0.4435620012743545,0.4435620012743545
wikitext,2048,8000,3,a,1,0.11831466113747108,0.05840670952012062,0.06362402135089408,0.9627829473605767,0.11831466113747108,0.11831466113747108
wikitext,2048,8000,3,a,2,0.1657616061219197,0.10191244086483767,0.07109458828108844,0.9627829473605767,0.1657616061219197,0.1657616061219197
wikitext,2048,8000,3,a,4,0.2207088991907218,0.1535889067849574,0.07929951880806888,0.9627829473605767,0.2207088991907218,0.2207088991907218
wikitext,2048,8000,3,a,8,0.2822990332863051,0.2215040244085947,0.07809290064926265,0.9627829473605767,0.2822990332863051,0.2822990332863051
wikitext,2048,8000,3,a,16,0.34169695458928384,0.28649213539735596,0.07737100308301677,0.9627829473605767,0.34169695458928384,0.34169695458928384
wikitext,2048,8000,3,a,32,0.3987618659508696,0.3541993586317435,0.06900350427759191,0.9627829473605767,0.3987618659508696,0.3987618659508696
wikitext,2048,8000,3,a,64,0.4442351599920713,0.40510261186842655,0.06578033271679082,0.9627829473605767,0.4442351599920713,0.4442351599920713
wikitext,2048,8000,3,b,1,0.11950624868480578,0.05840670952012062,0.06488952266593362,0.9594752643719842,0.11950624868480578,0.11950624868480578
wikitext,2048,8000,3,b,2,0.164094638457958,0.10191244086483767,0.06923845783255293,0.9594752643719842,0.164094638457958,0.164094638457958
wikitext,2048,8000,3,b,4,0.21969414726099146,0.1535889067849574,0.07810063101245188,0.9594752643719842,0.21969414726099146,0.21969414726099146
wikitext,2048,8000,3,b,8,0.27246036505447496,0.2215040244085947,0.0654548542876794,0.9594752643719842,0.27246036505447496,0.27246036505447496
wikitext,2048,8000,3,b,16,0.3435487820049799,0.28649213539735596,0.07996638781185553,0.9594752643719842,0.3435487820049799,0.3435487820049799
wikitext,2048,8000,3,b,32,0.4011182135079919,0.3541993586317435,0.07265222712823811,0.9594752643719842,0.4011182135079919,0.4011182135079919
wikitext,2048,8000,3,b,64,0.4489105333124602,0.40510261186842655,0.07363945836377529,0.9594752643719842,0.4489105333124602,0.4489105333124602
wikitext,2048,12000,1,a,1,0.12445923670475854,0.05840670952012062,0.0701497428374564,0.9593684169577344,0.12445923670475854,0.12445923670475854
wikitext,2048,12000,1,a,2,0.1702219862298363,0.10191244086483767,0.07606111973177666,0.9593684169577344,0.1702219862298363,0.1702219862298363
wikitext,2048,12000,1,a,4,0.21879026843160643,0.1535889067849574,0.07703273523860078,0.9593684169577344,0.21879026843160643,0.21879026843160643
wikitext,2048,12000,1,a,8,0.27804340080381684,0.2215040244085947,0.07262642090380812,0.9593684169577344,0.27804340080381684,0.27804340080381684
wikitext,2048,12000,1,a,16,0.3375662863716491,0.28649213539735596,0.07158176315650924,0.9593684169577344,0.3375662863716491,0.3375662863716491
wikitext,2048,12000,1,a,32,0.39156702702046675,0.3541993586317435,0.05786254456104664,0.9593684169577344,0.39156702702046675,0.39156702702046675
wikitext,2048,12000,1,a,64,0.43083483997753313,0.40510261186842655,0.04325490180739436,0.9593684169577344,0.43083483997753313,0.43083483997753313
wikitext,2048,12000,1,b,1,0.12221531806070694,0.05840670952012062,0.06776663468796225,0.9590440940181253,0.12221531806070694,0.12221531806070694
wikitext,2048,12000,1,b,2,0.16621606943252754,0.10191244086483767,0.07160062280521154,0.9590440940181253,0.16621606943252754,0.16621606943252754
wikitext,2048,12000,1,b,4,0.21571959036640048,0.1535889067849574,0.07340485501606948,0.9590440940181253,0.21571959036640048,0.21571959036640048
wikitext,2048,12000,1,b,8,0.27399539718529475,0.2215040244085947,0.06742664628012184,0.9590440940181253,0.27399539718529475,0.27399539718529475
wikitext,2048,12000,1,b,16,0.3383646416172753,0.28649213539735596,0.07270067898804086,0.9590440940181253,0.3383646416172753,0.3383646416172753
wikitext,2048,12000,1,b,32,0.4003032276160215,0.3541993586317435,0.0713902496079871,0.9590440940181253,0.4003032276160215,0.4003032276160215
wikitext,2048,12000,1,b,64,0.451014395551049,0.40510261186842655,0.07717597118188747,0.9590440940181253,0.451014395551049,0.451014395551049
wikitext,2048,12000,2,a,1,0.12353144191542674,0.05840670952012062,0.06916439725490774,0.9637347284252773,0.12353144191542674,0.12353144191542674
wikitext,2048,12000,2,a,2,0.16846365829568755,0.10191244086483767,0.07410326170750786,0.9637347284252773,0.16846365829568755,0.16846365829568755
wikitext,2048,12000,2,a,4,0.2236337621478533,0.1535889067849574,0.08275512445948062,0.9637347284252773,0.2236337621478533,0.2236337621478533
wikitext,2048,12000,2,a,8,0.2768678401942414,0.2215040244085947,0.07111638020169349,0.9637347284252773,0.2768678401942414,0.2768678401942414
wikitext,2048,12000,2,a,16,0.33879961863098534,0.28649213539735596,0.07331031068979131,0.9637347284252773,0.33879961863098534,0.33879961863098534
wikitext,2048,12000,2,a,32,0.39836040372959813,0.3541993586317435,0.0683818538865039,0.9637347284252773,0.39836040372959813,0.39836040372959813
wikitext,2048,12000,2,a,64,0.447466666069279,0.40510261186842655,0.07121237216036116,0.9637347284252773,0.447466666069279,0.447466666069279
wikitext,2048,12000,2,b,1,0.12328326801282474,0.05840670952012062,0.06890082921007226,0.9567715951740003,0.12328326801282474,0.12328326801282474
wikitext,2048,12000,2,b,2,0.16245024392123636,0.10191244086483767,0.06740746204601164,0.9567715951740003,0.16245024392123636,0.16245024392123636
wikitext,2048,12000,2,b,4,0.21834277584323117,0.1535889067849574,0.07650404109462934,0.9567715951740003,0.21834277584323117,0.21834277584323117
wikitext,2048,12000,2,b,8,0.2730606299481624,0.2215040244085947,0.06622591144469478,0.9567715951740003,0.2730606299481624,0.2730606299481624
wikitext,2048,12000,2,b,16,0.3367924304280068,0.28649213539735596,0.07049718373975217,0.9567715951740003,0.3367924304280068,0.3367924304280068
wikitext,2048,12000,2,b,32,0.3948094843582487,0.3541993586317435,0.06288337781836915,0.9567715951740003,0.3948094843582487,0.3948094843582487
wikitext,2048,12000,2,b,64,0.438982340048541,0.40510261186842655,0.05695054114546094,0.9567715951740003,0.438982340048541,0.438982340048541
wikitext,2048,12000,3,a,1,0.1215958863221047,0.05840670952012062,0.06710877981063348,0.9615812013115299,0.1215958863221047,0.1215958863221047
wikitext,2048,12000,3,a,2,0.1643290785528238,0.10191244086483767,0.06949950152754808,0.9615812013115299,0.1643290785528238,0.1643290785528238
wikitext,2048,12000,3,a,4,0.21960282394157032,0.1535889067849574,0.07799273625521962,0.9615812013115299,0.21960282394157032,0.21960282394157032
wikitext,2048,12000,3,a,8,0.2787271143636396,0.2215040244085947,0.07350467022205717,0.9615812013115299,0.2787271143636396,0.2787271143636396
wikitext,2048,12000,3,a,16,0.33998545568822,0.28649213539735596,0.07497229245070017,0.9615812013115299,0.33998545568822,0.33998545568822
wikitext,2048,12000,3,a,32,0.4017128511851975,0.3541993586317435,0.0735730030443873,0.9615812013115299,0.4017128511851975,0.4017128511851975
wikitext,2048,12000,3,a,64,0.44660328747345157,0.40510261186842655,0.06976106540889083,0.9615812013115299,0.44660328747345157,0.44660328747345157
wikitext,2048,12000,3,b,1,0.12741210175171108,0.05840670952012062,0.07328577309256541,0.9591951975817417,0.12741210175171108,0.12741210175171108
wikitext,2048,12000,3,b,2,0.1676132334061336,0.10191244086483767,0.07315633300227907,0.9591951975817417,0.1676132334061336,0.1676132334061336
wikitext,2048,12000,3,b,4,0.2154127296222218,0.1535889067849574,0.07304231162948285,0.9591951975817417,0.2154127296222218,0.2154127296222218
wikitext,2048,12000,3,b,8,0.27364353287437526,0.2215040244085947,0.0669746666656451,0.9591951975817417,0.27364353287437526,0.27364353287437526
wikitext,2048,12000,3,b,16,0.33765010384040217,0.28649213539735596,0.0716992355389612,0.9591951975817417,0.33765010384040217,0.33765010384040217
wikitext,2048,12000,3,b,32,0.3985093471571678,0.3541993586317435,0.06861248764254059,0.9591951975817417,0.3985093471571678,0.3985093471571678
wikitext,2048,12000,3,b,64,0.44836243591861746,0.40510261186842655,0.07271812738337849,0.9591951975817417,0.44836243591861746,0.44836243591861746
cnn_dailymail,512,8000,1,a,1,0.017409951624537526,0.043481950558743154,-0.02725719493681839,1.0132038877657317,0.017409951624537526,0.017409951624537526
cnn_dailymail,512,8000,1,a,2,0.02713761965555469,0.08288719139174683,-0.06078812902067503,1.0132038877657317,0.02713761965555469,0.02713761965555469
cnn_dailymail,512,8000,1,a,4,0.045840153596751435,0.14558179087425316,-0.11673631976963461,1.0132038877657317,0.045840153596751435,0.045840153596751435
cnn_dailymail,512,8000,1,a,8,0.07844518541068751,0.21368664289357858,-0.17199435347323905,1.0132038877657317,0.07844518541068751,0.07844518541068751
cnn_dailymail,512,8000,1,a,16,0.11598310534591513,0.28208213347075084,-0.2313621597521122,1.0132038877657317,0.11598310534591513,0.11598310534591513
cnn_dailymail,512,8000,1,a,32,0.16331280623298577,0.3472576155168403,-0.2818030721714229,1.0132038877657317,0.16331280623298577,0.16331280623298577
cnn_dailymail,512,8000,1,a,64,0.2189360669020164,0.416399010269461,-0.33835265334045694,1.0132038877657317,0.2189360669020164,0.2189360669020164
cnn_dailymail,512,8000,1,b,1,0.01263807342858042,0.043481950558743154,-0.03224599593094972,1.011104044424716,0.01263807342858042,0.01263807342858042
cnn_dailymail,512,8000,1,b,2,0.025289485682667298,0.08288719139174683,-0.06280329439132555,1.011104044424716,0.025289485682667298,0.025289485682667298
cnn_dailymail,512,8000,1,b,4,0.045056518113092664,0.14558179087425316,-0.11765347658498455,1.011104044424716,0.045056518113092664,0.045056518113092664
cnn_dailymail,512,8000,1,b,8,0.08187096796147617,0.21368664289357858,-0.16763758842552917,1.011104044424716,0.08187096796147617,0.08187096796147617
cnn_dailymail,512,8000,1,b,16,0.13342882113027973,0.28208213347075084,-0.20706172568058623,1.011104044424716,0.13342882113027973,0.13342882113027973
cnn_dailymail,512,8000,1,b,32,0.19352330974418358,0.3472576155168403,-0.23552064248805185,1.011104044424716,0.19352330974418358,0.19352330974418358
cnn_dailymail,512,8000,1,b,64,0.255401193983782,0.416399010269461,-0.27586967657476924,1.011104044424716,0.255401193983782,0.255401193983782
cnn_dailymail,512,8000,2,a,1,0.01459060986249218,0.043481950558743154,-0.030204699966851274,1.0122690308610145,0.01459060986249218,0.01459060986249218
cnn_dailymail,512,8000,2,a,2,0.02538686589551555,0.08288719139174683,-0.06269711311031605,1.0122690308610145,0.02538686589551555,0.02538686589551555
cnn_dailymail,512,8000,2,a,4,0.047927270927915266,0.14558179087425316,-0.11429358469110744,1.0122690308610145,0.047927270927915266,0.047927270927915266
cnn_dailymail,512,8000,2,a,8,0.08340999154908661,0.21368664289357858,-0.1656803234576874,1.0122690308610145,0.08340999154908661,0.08340999154908661
cnn_dailymail,512,8000,2,a,16,0.1350057815968907,0.28208213347075084,-0.20486515064027594,1.0122690308610145,0.1350057815968907,0.1350057815968907
cnn_dailymail,512,8000,2,a,32,0.1935940198055112,0.3472576155168403,-0.23541231481850178,1.0122690308610145,0.1935940198055112,0.1935940198055112
cnn_dailymail,512,8000,2,a,64,0.2623936087121866,0.416399010269461,-0.26388817748301285,1.0122690308610145,0.2623936087121866,0.2623936087121866
cnn_dailymail,512,8000,2,b,1,0.01634847879863385,0.043481950558743154,-0.02836692080819502,1.0140048386962563,0.01634847879863385,0.01634847879863385
cnn_dailymail,512,8000,2,b,2,0.03070480469185376,0.08288719139174683,-0.05689854749611604,1.0140048386962563,0.03070480469185376,0.03070480469185376
cnn_dailymail,512,8000,2,b,4,0.05723806667758792,0.14558179087425316,-0.10339634999944562,1.0140048386962563,0.05723806667758792,0.05723806667758792
cnn_dailymail,512,8000,2,b,8,0.09459781485015722,0.21368664289357858,-0.15145212397467084,1.0140048386962563,0.09459781485015722,0.09459781485015722
cnn_dailymail,512,8000,2,b,16,0.13954850772453692,0.28208213347075084,-0.19853751019637964,1.0140048386962563,0.13954850772453692,0.13954850772453692
cnn_dailymail,512,8000,2,b,32,0.19063642136111947,0.3472576155168403,-0.23994334959531277,1.0140048386962563,0.19063642136111947,0.19063642136111947
cnn_dailymail,512,8000,2,b,64,0.252531179236767,0.416399010269461,-0.28078744538859557,1.0140048386962563,0.252531179236767,0.252531179236767
cnn_dailymail,512,8000,3,a,1,0.023130292743564485,0.043481950558743154,-0.021276815243650597,1.0136669275548424,0.023130292743564485,0.023130292743564485
cnn_dailymail,512,8000,3,a,2,0.0401931369096475,0.08288719139174683,-0.04655267496142472,1.0136669275548424,0.0401931369096475,0.0401931369096475
cnn_dailymail,512,8000,3,a,4,0.06441059725652863,0.14558179087425316,-0.09500171315494327,1.0136669275548424,0.06441059725652863,0.06441059725652863
cnn_dailymail,512,8000,3,a,8,0.1070454446885834,0.21368664289357858,-0.13562175593382694,1.0136669275548424,0.1070454446885834,0.1070454446885834
cnn_dailymail,512,8000,3,a,16,0.16148593447674892,0.28208213347075084,-0.16798049556423547,1.0136669275548424,0.16148593447674892,0.16148593447674892
cnn_dailymail,512,8000,3,a,32,0.22165095912382354,0.3472576155168403,-0.19242914108063,1.0136669275548424,0.22165095912382354,0.22165095912382354
cnn_dailymail,512,8000,3,a,64,0.2829223636452258,0.416399010269461,-0.22871216631394714,1.0136669275548424,0.2829223636452258,0.2829223636452258
cnn_dailymail,512,8000,3,b,1,0.01545603870290611,0.043481950558743154,-0.029299929961811154,1.0110727511158004,0.01545603870290611,0.01545603870290611
cnn_dailymail,512,8000,3,b,2,0.029186967452244486,0.08288719139174683,-0.05855356444208219,1.0110727511158004,0.029186967452244486,0.029186967452244486
cnn_dailymail,512,8000,3,b,4,0.046778447659121494,0.14558179087425316,-0.11563815255790098,1.0110727511158004,0.046778447659121494,0.046778447659121494
cnn_dailymail,512,8000,3,b,8,0.08100430668346117,0.21368664289357858,-0.16873977150582714,1.0110727511158004,0.08100430668346117,0.08100430668346117
cnn_dailymail,512,8000,3,b,16,0.12491228467307423,0.28208213347075084,-0.21892455408236206,1.0110727511158004,0.12491228467307423,0.12491228467307423
cnn_dailymail,512,8000,3,b,32,0.18573650084173102,0.3472576155168403,-0.24745001782441542,1.0110727511158004,0.18573650084173102,0.18573650084173102
cnn_dailymail,512,8000,3,b,64,0.24982803615330737,0.416399010269461,-0.28541927969152864,1.0110727511158004,0.24982803615330737,0.24982803615330737
cnn_dailymail,512,12000,1,a,1,0.013924461405703501,0.043481950558743154,-0.030901130585361612,1.0192533076323573,0.013924461405703501,0.013924461405703501
cnn_dailymail,512,12000,1,a,2,0.02580662138249668,0.08288719139174683,-0.062239420792597665,1.0192533076323573,0.02580662138249668,0.02580662138249668
cnn_dailymail,512,12000,1,a,4,0.04127593092164131,0.14558179087425316,-0.12207822684319793,1.0192533076323573,0.04127593092164131,0.04127593092164131
cnn_dailymail,512,12000,1,a,8,0.07357775073625343,0.21368664289357858,-0.17818455058796934,1.0192533076323573,0.07357775073625343,0.07357775073625343
cnn_dailymail,512,12000,1,a,16,0.11206035384385069,0.28208213347075084,-0.2368262270012376,1.0192533076323573,0.11206035384385069,0.11206035384385069
cnn_dailymail,512,12000,1,a,32,0.16238731859103817,0.3472576155168403,-0.28322091734885907,1.0192533076323573,0.16238731859103817,0.16238731859103817
cnn_dailymail,512,12000,1,a,64,0.2205022738772024,0.416399010269461,-0.3356689584825898,1.0192533076323573,0.2205022738772024,0.2205022738772024
cnn_dailymail,512,12000,1,b,1,0.011303417403794968,0.043481950558743154,-0.03364132352101986,1.0184843685808498,0.011303417403794968,0.011303417403794968
cnn_dailymail,512,12000,1,b,2,0.02062858516990647,0.08288719139174683,-0.06788543965089715,1.0184843685808498,0.02062858516990647,0.02062858516990647
cnn_dailymail,512,12000,1,b,4,0.039118897849437534,0.14558179087425316,-0.12460279039903656,1.0184843685808498,0.039118897849437534,0.039118897849437534
cnn_dailymail,512,12000,1,b,8,0.07344812000456162,0.21368664289357858,-0.17834940945818978,1.0184843685808498,0.07344812000456162,0.07344812000456162
cnn_dailymail,512,12000,1,b,16,0.11878612787575316,0.28208213347075084,-0.22745778202240177,1.0184843685808498,0.11878612787575316,0.11878612787575316
cnn_dailymail,512,12000,1,b,32,0.1850030708644716,0.3472576155168403,-0.24857363105176875,1.0184843685808498,0.1850030708644716,0.1850030708644716
cnn_dailymail,512,12000,1,b,64,0.24647515212065557,0.416399010269461,-0.29116444478146436,1.0184843685808498,0.24647515212065557,0.24647515212065557
cnn_dailymail,512,12000,2,a,1,0.012037973721700363,0.043481950558743154,-0.03287337531728812,1.0205173257252396,0.012037973721700363,0.012037973721700363
cnn_dailymail,512,12000,2,a,2,0.025738646252298665,0.08288719139174683,-0.06231353940653477,1.0205173257252396,0.025738646252298665,0.025738646252298665
cnn_dailymail,512,12000,2,a,4,0.04803519448383736,0.14558179087425316,-0.1141672723597814,1.0205173257252396,0.04803519448383736,0.04803519448383736
cnn_dailymail,512,12000,2,a,8,0.08096092985348533,0.21368664289357858,-0.16879493631968134,1.0205173257252396,0.08096092985348533,0.08096092985348533
cnn_dailymail,512,12000,2,a,16,0.13111518765652505,0.28208213347075084,-0.2102844250750725,1.0205173257252396,0.13111518765652505,0.13111518765652505
cnn_dailymail,512,12000,2,a,32,0.18998749669351953,0.3472576155168403,-0.2409375008608442,1.0205173257252396,0.18998749669351953,0.18998749669351953
cnn_dailymail,512,12000,2,a,64,0.2568726416652814,0.416399010269461,-0.27334835171858834,1.0205173257252396,0.2568726416652814,0.2568726416652814
cnn_dailymail,512,12000,2,b,1,0.015276217735796054,0.043481950558743154,-0.029487925334418182,1.0220057521801462,0.015276217735796054,0.015276217735796054
cnn_dailymail,512,12000,2,b,2,0.027885592637520447,0.08288719139174683,-0.05997255543480305,1.0220057521801462,0.027885592637520447,0.027885592637520447
cnn_dailymail,512,12000,2,b,4,0.05088982434007459,0.14558179087425316,-0.11082625056770358,1.0220057521801462,0.05088982434007459,0.05088982434007459
cnn_dailymail,512,12000,2,b,8,0.08712437979494085,0.21368664289357858,-0.16095652191942672,1.0220057521801462,0.08712437979494085,0.08712437979494085
cnn_dailymail,512,12000,2,b,16,0.13504236916637843,0.28208213347075084,-0.20481418719279326,1.0220057521801462,0.13504236916637843,0.13504236916637843
cnn_dailymail,512,12000,2,b,32,0.1869621371104308,0.3472576155168403,-0.24557234556375743,1.0220057521801462,0.1869621371104308,0.1869621371104308
cnn_dailymail,512,12000,2,b,64,0.24946391366567533,0.416399010269461,-0.2860432033894651,1.0220057521801462,0.24946391366567533,0.24946391366567533
cnn_dailymail,512,12000,3,a,1,0.020781403910218724,0.043481950558743154,-0.023732481223731002,1.0219475506480464,0.020781403910218724,0.020781403910218724
cnn_dailymail,512,12000,3,a,2,0.03376387498389873,0.08288719139174683,-0.053563003315147496,1.0219475506480464,0.03376387498389873,0.03376387498389873
cnn_dailymail,512,12000,3,a,4,0.05864203802837269,0.14558179087425316,-0.10175316012382098,1.0219475506480464,0.05864203802837269,0.05864203802837269
cnn_dailymail,512,12000,3,a,8,0.09647195084433914,0.21368664289357858,-0.14906867725175288,1.0219475506480464,0.09647195084433914,0.09647195084433914
cnn_dailymail,512,12000,3,a,16,0.1479124915029415,0.28208213347075084,-0.1868871750141115,1.0219475506480464,0.1479124915029415,0.1479124915029415
cnn_dailymail,512,12000,3,a,32,0.20827594611508732,0.3472576155168403,-0.2129196336956094,1.0219475506480464,0.20827594611508732,0.20827594611508732
cnn_dailymail,512,12000,3,a,64,0.27841375418400705,0.416399010269461,-0.23643766633974475,1.0219475506480464,0.27841375418400705,0.27841375418400705
cnn_dailymail,512,12000,3,b,1,0.014831460179094164,0.043481950558743154,-0.0299529009372954,1.0181043480938152,0.014831460179094164,0.014831460179094164
cnn_dailymail,512,12000,3,b,2,0.025553934104003022,0.08288719139174683,-0.06251494554388438,1.0181043480938152,0.025553934104003022,0.025553934104003022
cnn_dailymail,512,12000,3,b,4,0.04273428617003344,0.14558179087425316,-0.12037138675854624,1.0181043480938152,0.04273428617003344,0.04273428617003344
cnn_dailymail,512,12000,3,b,8,0.07301701820453013,0.21368664289357858,-0.17889766645539754,1.0181043480938152,0.07301701820453013,0.07301701820453013
cnn_dailymail,512,12000,3,b,16,0.11977942431868258,0.28208213347075084,-0.22607420252224045,1.0181043480938152,0.11977942431868258,0.11977942431868258
cnn_dailymail,512,12000,3,b,32,0.17491106117199318,0.3472576155168403,-0.264034569290779,1.0181043480938152,0.17491106117199318,0.17491106117199318
cnn_dailymail,512,12000,3,b,64,0.23677978841174946,0.416399010269461,-0.30777744558083353,1.0181043480938152,0.23677978841174946,0.23677978841174946
cnn_dailymail,1024,8000,1,a,1,0.04313604882490793,0.043481950558743154,-0.00036162593485536464,0.994213271330445,0.04313604882490793,0.04313604882490793
cnn_dailymail,1024,8000,1,a,2,0.07473256556277208,0.08288719139174683,-0.008891627891828971,0.994213271330445,0.07473256556277208,0.07473256556277208
cnn_dailymail,1024,8000,1,a,4,0.12205030341508433,0.14558179087425316,-0.027540947989915375,0.994213271330445,0.12205030341508433,0.12205030341508433
cnn_dailymail,1024,8000,1,a,8,0.17993199362544804,0.21368664289357858,-0.042927732262294654,0.994213271330445,0.17993199362544804,0.17993199362544804
cnn_dailymail,1024,8000,1,a,16,0.23813092776492195,0.28208213347075084,-0.061220381543517756,0.994213271330445,0.23813092776492195,0.23813092776492195
cnn_dailymail,1024,8000,1,a,32,0.2929171472321448,0.3472576155168403,-0.08324948643824043,0.994213271330445,0.2929171472321448,0.2929171472321448
cnn_dailymail,1024,8000,1,a,64,0.3449258243400638,0.416399010269461,-0.12246926785096426,0.994213271330445,0.3449258243400638,0.3449258243400638
cnn_dailymail,1024,8000,1,b,1,0.03126394448615783,0.043481950558743154,-0.012773419257192673,0.9946611489960511,0.03126394448615783,0.03126394448615783
cnn_dailymail,1024,8000,1,b,2,0.06632162817078163,0.08288719139174683,-0.018062732376515324,0.9946611489960511,0.06632162817078163,0.06632162817078163
cnn_dailymail,1024,8000,1,b,4,0.11616607531259932,0.14558179087425316,-0.0344277723104151,0.9946611489960511,0.11616607531259932,0.11616607531259932
cnn_dailymail,1024,8000,1,b,8,0.18307943318939873,0.21368664289357858,-0.038924952027792406,0.9946611489960511,0.18307943318939873,0.18307943318939873
cnn_dailymail,1024,8000,1,b,16,0.2550108369190601,0.28208213347075084,-0.03770806914524363,0.9946611489960511,0.2550108369190601,0.2550108369190601
cnn_dailymail,1024,8000,1,b,32,0.31320315929631926,0.3472576155168403,-0.0521713573839476,0.9946611489960511,0.31320315929631926,0.31320315929631926
cnn_dailymail,1024,8000,1,b,64,0.37285880595974763,0.416399010269461,-0.07460611800849898,0.9946611489960511,0.37285880595974763,0.37285880595974763
cnn_dailymail,1024,8000,2,a,1,0.04371912559968161,0.043481950558743154,0.00024795668108615126,0.9939805666643888,0.04371912559968161,0.04371912559968161
cnn_dailymail,1024,8000,2,a,2,0.069373437445087,0.08288719139174683,-0.014735105452476844,0.9939805666643888,0.069373437445087,0.069373437445087
cnn_dailymail,1024,8000,2,a,4,0.1208645285268273,0.14558179087425316,-0.028928763553291915,0.9939805666643888,0.1208645285268273,0.1208645285268273
cnn_dailymail,1024,8000,2,a,8,0.18431973599777207,0.21368664289357858,-0.037347587485827144,0.9939805666643888,0.18431973599777207,0.18431973599777207
cnn_dailymail,1024,8000,2,a,16,0.24710190881332927,0.28208213347075084,-0.04872454954566368,0.9939805666643888,0.24710190881332927,0.24710190881332927
cnn_dailymail,1024,8000,2,a,32,0.30663170535180784,0.3472576155168403,-0.062238811406738974,0.9939805666643888,0.30663170535180784,0.30663170535180784
cnn_dailymail,1024,8000,2,a,64,0.3647071543923651,0.416399010269461,-0.08857396883607606,0.9939805666643888,0.3647071543923651,0.3647071543923651
cnn_dailymail,1024,8000,2,b,1,0.04255857287275455,0.043481950558743154,-0.0009653531227434617,0.9946078759333508,0.04255857287275455,0.04255857287275455
cnn_dailymail,1024,8000,2,b,2,0.07600991887977016,0.08288719139174683,-0.007498829421446141,0.9946078759333508,0.07600991887977016,0.07600991887977016
cnn_dailymail,1024,8000,2,b,4,0.12899569916535147,0.14558179087425316,-0.01941214680557056,0.9946078759333508,0.12899569916535147,0.12899569916535147
cnn_dailymail,1024,8000,2,b,8,0.19464046147769473,0.21368664289357858,-0.024222126260162333,0.9946078759333508,0.19464046147769473,0.19464046147769473
cnn_dailymail,1024,8000,2,b,16,0.2587244393992981,0.28208213347075084,-0.03253532912389371,0.9946078759333508,0.2587244393992981,0.2587244393992981
cnn_dailymail,1024,8000,2,b,32,0.31490151432846725,0.3472576155168403,-0.04956948094307155,0.9946078759333508,0.31490151432846725,0.31490151432846725
cnn_dailymail,1024,8000,2,b,64,0.36753821063050485,0.416399010269461,-0.08372295540745442,0.9946078759333508,0.36753821063050485,0.36753821063050485
cnn_dailymail,1024,8000,3,a,1,0.04109786990885197,0.043481950558743154,-0.002492457566570573,0.9944386705312376,0.04109786990885197,0.04109786990885197
cnn_dailymail,1024,8000,3,a,2,0.07565953578523135,0.08288719139174683,-0.007880879580652315,0.9944386705312376,0.07565953578523135,0.07565953578523135
cnn_dailymail,1024,8000,3,a,4,0.1293136222713698,0.14558179087425316,-0.01904005372208673,0.9944386705312376,0.1293136222713698,0.1293136222713698
cnn_dailymail,1024,8000,3,a,8,0.19063598810166643,0.21368664289357858,-0.029314845771839567,0.9944386705312376,0.19063598810166643,0.19063598810166643
cnn_dailymail,1024,8000,3,a,16,0.2526795073380086,0.28208213347075084,-0.040955417748395506,0.9944386705312376,0.2526795073380086,0.2526795073380086
cnn_dailymail,1024,8000,3,a,32,0.3129192852310591,0.3472576155168403,-0.05260625187219953,0.9944386705312376,0.3129192852310591,0.3129192852310591
cnn_dailymail,1024,8000,3,a,64,0.3707816345362229,0.416399010269461,-0.07816535018952009,0.9944386705312376,0.3707816345362229,0.3707816345362229
cnn_dailymail,1024,8000,3,b,1,0.038716929897174686,0.043481950558743154,-0.00498163172597937,0.9942621844297854,0.038716929897174686,0.038716929897174686
cnn_dailymail,1024,8000,3,b,2,0.07067973000685049,0.08288719139174683,-0.013310752254590727,0.9942621844297854,0.07067973000685049,0.07067973000685049
cnn_dailymail,1024,8000,3,b,4,0.11900570191050863,0.14558179087425316,-0.031104310137464845,0.9942621844297854,0.11900570191050863,0.11900570191050863
cnn_dailymail,1024,8000,3,b,8,0.1856898924756044,0.21368664289357858,-0.03560508055083825,0.9942621844297854,0.1856898924756044,0.1856898924756044
cnn_dailymail,1024,8000,3,b,16,0.247939702243526,0.28208213347075084,-0.04755757283529568,0.9942621844297854,0.247939702243526,0.247939702243526
cnn_dailymail,1024,8000,3,b,32,0.31052093907139,0.3472576155168403,-0.056280513290918516,0.9942621844297854,0.31052093907139,0.31052093907139
cnn_dailymail,1024,8000,3,b,64,0.36672739777326946,0.416399010269461,-0.0851122828272207,0.9942621844297854,0.36672739777326946,0.36672739777326946
cnn_dailymail,1024,12000,1,a,1,0.040735328073672764,0.043481950558743154,-0.0028714800381182673,0.9944505581207268,0.040735328073672764,0.040735328073672764
cnn_dailymail,1024,12000,1,a,2,0.07239930161503713,0.08288719139174683,-0.011435768509901623,0.9944505581207268,0.07239930161503713,0.07239930161503713
cnn_dailymail,1024,12000,1,a,4,0.11467351042052124,0.14558179087425316,-0.03617465091873186,0.9944505581207268,0.11467351042052124,0.11467351042052124
cnn_dailymail,1024,12000,1,a,8,0.16764082354989973,0.21368664289357858,-0.05855912140819313,0.9944505581207268,0.16764082354989973,0.16764082354989973
cnn_dailymail,1024,12000,1,a,16,0.23186374524911418,0.28208213347075084,-0.0699500466040995,0.9944505581207268,0.23186374524911418,0.23186374524911418
cnn_dailymail,1024,12000,1,a,32,0.283552145082699,0.3472576155168403,-0.09759665060601695,0.9944505581207268,0.283552145082699,0.283552145082699
cnn_dailymail,1024,12000,1,a,64,0.34153531130687975,0.416399010269461,-0.1282789102142329,0.9944505581207268,0.34153531130687975,0.34153531130687975
cnn_dailymail,1024,12000,1,b,1,0.03109195579174391,0.043481950558743154,-0.012953226313122653,0.9955703454737728,0.03109195579174391,0.03109195579174391
cnn_dailymail,1024,12000,1,b,2,0.058318186644088776,0.08288719139174683,-0.026789512170201035,0.9955703454737728,0.058318186644088776,0.058318186644088776
cnn_dailymail,1024,12000,1,b,4,0.10387732781474138,0.14558179087425316,-0.04881036313842655,0.9955703454737728,0.10387732781474138,0.10387732781474138
cnn_dailymail,1024,12000,1,b,8,0.1658857602437089,0.21368664289357858,-0.06079113653337088,0.9955703454737728,0.1658857602437089,0.1658857602437089
cnn_dailymail,1024,12000,1,b,16,0.23643517735048103,0.28208213347075084,-0.06358242112144186,0.9955703454737728,0.23643517735048103,0.23643517735048103
cnn_dailymail,1024,12000,1,b,32,0.3007971921935899,0.3472576155168403,-0.07117727364990659,0.9955703454737728,0.3007971921935899,0.3007971921935899
cnn_dailymail,1024,12000,1,b,64,0.36065426866012357,0.416399010269461,-0.09551858648333683,0.9955703454737728,0.36065426866012357,0.36065426866012357
cnn_dailymail,1024,12000,2,a,1,0.03869301453040378,0.043481950558743154,-0.005006634251321024,0.9946617145697421,0.03869301453040378,0.03869301453040378
cnn_dailymail,1024,12000,2,a,2,0.06403245761465004,0.08288719139174683,-0.02055879451265044,0.9946617145697421,0.06403245761465004,0.06403245761465004
cnn_dailymail,1024,12000,2,a,4,0.10665897334174183,0.14558179087425316,-0.045554761259521515,0.9946617145697421,0.10665897334174183,0.10665897334174183
cnn_dailymail,1024,12000,2,a,8,0.1689489811228394,0.21368664289357858,-0.05689546205264867,0.9946617145697421,0.1689489811228394,0.1689489811228394
cnn_dailymail,1024,12000,2,a,16,0.22934092934609684,0.28208213347075084,-0.07346411976014701,0.9946617145697421,0.22934092934609684,0.22934092934609684
cnn_dailymail,1024,12000,2,a,32,0.2914521643810908,0.3472576155168403,-0.08549383717427235,0.9946617145697421,0.2914521643810908,0.2914521643810908
cnn_dailymail,1024,12000,2,a,64,0.34652767982293453,0.416399010269461,-0.11972448929325424,0.9946617145697421,0.34652767982293453,0.34652767982293453
cnn_dailymail,1024,12000,2,b,1,0.03769091139348124,0.043481950558743154,-0.006054291572066734,0.9951389817915008,0.03769091139348124,0.03769091139348124
cnn_dailymail,1024,12000,2,b,2,0.07206624949646917,0.08288719139174683,-0.011798921347199119,0.9951389817915008,0.07206624949646917,0.07206624949646917
cnn_dailymail,1024,12000,2,b,4,0.11871072716948651,0.14558179087425316,-0.031449544751933026,0.9951389817915008,0.11871072716948651,0.11871072716948651
cnn_dailymail,1024,12000,2,b,8,0.1778101541368846,0.21368664289357858,-0.04562619779055638,0.9951389817915008,0.1778101541368846,0.1778101541368846
cnn_dailymail,1024,12000,2,b,16,0.24263502818823998,0.28208213347075084,-0.05494654349976916,0.9951389817915008,0.24263502818823998,0.24263502818823998
cnn_dailymail,1024,12000,2,b,32,0.2992811154076383,0.3472576155168403,-0.07349990018985779,0.9951389817915008,0.2992811154076383,0.2992811154076383
cnn_dailymail,1024,12000,2,b,64,0.35179307249585356,0.416399010269461,-0.11070224161792014,0.9951389817915008,0.35179307249585356,0.35179307249585356
cnn_dailymail,1024,12000,3,a,1,0.03825853164684244,0.043481950558743154,-0.0054608681090251646,0.9951373419015002,0.03825853164684244,0.03825853164684244
cnn_dailymail,1024,12000,3,a,2,0.06992126983588634,0.08288719139174683,-0.014137760844859066,0.9951373419015002,0.06992126983588634,0.06992126983588634
cnn_dailymail,1024,12000,3,a,4,0.11681695789383717,0.14558179087425316,-0.03366598777178284,0.9951373419015002,0.11681695789383717,0.11681695789383717
cnn_dailymail,1024,12000,3,a,8,0.1785089635154815,0.21368664289357858,-0.04473748164160468,0.9951373419015002,0.1785089635154815,0.1785089635154815
cnn_dailymail,1024,12000,3,a,16,0.2399159622565672,0.28208213347075084,-0.058733976656737415,0.9951373419015002,0.2399159622565672,0.2399159622565672
cnn_dailymail,1024,12000,3,a,32,0.30078755514852645,0.3472576155168403,-0.07119203758326308,0.9951373419015002,0.30078755514852645,0.30078755514852645
cnn_dailymail,1024,12000,3,a,64,0.35787513317190284,0.416399010269461,-0.10028063373329765,0.9951373419015002,0.35787513317190284,0.35787513317190284
cnn_dailymail,1024,12000,3,b,1,0.03939313803519028,0.043481950558743154,-0.004274684127436301,0.9950008383317153,0.03939313803519028,0.03939313803519028
cnn_dailymail,1024,12000,3,b,2,0.06847910739855863,0.08288719139174683,-0.015710263620734848,0.9950008383317153,0.06847910739855863,0.06847910739855863
cnn_dailymail,1024,12000,3,b,4,0.11401474716857976,0.14558179087425316,-0.03694565889223412,0.9950008383317153,0.11401474716857976,0.11401474716857976
cnn_dailymail,1024,12000,3,b,8,0.1773941988236518,0.21368664289357858,-0.04615519212783116,0.9950008383317153,0.1773941988236518,0.1773941988236518
cnn_dailymail,1024,12000,3,b,16,0.24646675567593546,0.28208213347075084,-0.049609265147553414,0.9950008383317153,0.24646675567593546,0.24646675567593546
cnn_dailymail,1024,12000,3,b,32,0.3032319020961316,0.3472576155168403,-0.06744730305136873,0.9950008383317153,0.3032319020961316,0.3032319020961316
cnn_dailymail,1024,12000,3,b,64,0.36236655252782957,0.416399010269461,-0.09258458894420209,0.9950008383317153,0.36236655252782957,0.36236655252782957
cnn_dailymail,2048,8000,1,a,1,0.072174494570438,0.043481950558743154,0.029996866267662573,0.9833972442618124,0.072174494570438,0.072174494570438
cnn_dailymail,2048,8000,1,a,2,0.11127636960461706,0.08288719139174683,0.03095494681396031,0.9833972442618124,0.11127636960461706,0.11127636960461706
cnn_dailymail,2048,8000,1,a,4,0.1629664390486276,0.14558179087425316,0.020346766944682345,0.9833972442618124,0.1629664390486276,0.1629664390486276
cnn_dailymail,2048,8000,1,a,8,0.24361448013587816,0.21368664289357858,0.03806095492569521,0.9833972442618124,0.24361448013587816,0.24361448013587816
cnn_dailymail,2048,8000,1,a,16,0.3140522669934167,0.28208213347075084,0.04453174243625451,0.9833972442618124,0.3140522669934167,0.3140522669934167
cnn_dailymail,2048,8000,1,a,32,0.38761843785848304,0.3472576155168403,0.06183269740266731,0.9833972442618124,0.38761843785848304,0.38761843785848304
cnn_dailymail,2048,8000,1,a,64,0.44908122841086595,0.416399010269461,0.056000964214428434,0.9833972442618124,0.44908122841086595,0.44908122841086595
cnn_dailymail,2048,8000,1,b,1,0.07031166464389123,0.043481950558743154,0.028049354741210016,0.9810979255080294,0.07031166464389123,0.07031166464389123
cnn_dailymail,2048,8000,1,b,2,0.1076647000094515,0.08288719139174683,0.027016860287127926,0.9810979255080294,0.1076647000094515,0.1076647000094515
cnn_dailymail,2048,8000,1,b,4,0.16114703308165004,0.14558179087425316,0.01821735777766659,0.9810979255080294,0.16114703308165004,0.16114703308165004
cnn_dailymail,2048,8000,1,b,8,0.24147919314680344,0.21368664289357858,0.035345387436249986,0.9810979255080294,0.24147919314680344,0.24147919314680344
cnn_dailymail,2048,8000,1,b,16,0.30990129659611587,0.28208213347075084,0.03874978520851679,0.9810979255080294,0.30990129659611587,0.30990129659611587
cnn_dailymail,2048,8000,1,b,32,0.3808061487202488,0.3472576155168403,0.051396284354925374,0.9810979255080294,0.3808061487202488,0.3808061487202488
cnn_dailymail,2048,8000,1,b,64,0.4425993454138418,0.416399010269461,0.0448942609855375,0.9810979255080294,0.4425993454138418,0.4425993454138418
cnn_dailymail,2048,8000,2,a,1,0.07991316793502277,0.043481950558743154,0.03808732872062441,0.9803807459213014,0.07991316793502277,0.07991316793502277
cnn_dailymail,2048,8000,2,a,2,0.12333544522389203,0.08288719139174683,0.04410390243434357,0.9803807459213014,0.12333544522389203,0.12333544522389203
cnn_dailymail,2048,8000,2,a,4,0.17769669452863196,0.14558179087425316,0.037586867076767054,0.9803807459213014,0.17769669452863196,0.17769669452863196
cnn_dailymail,2048,8000,2,a,8,0.25146696544081537,0.21368664289357858,0.04804741291215726,0.9803807459213014,0.25146696544081537,0.25146696544081537
cnn_dailymail,2048,8000,2,a,16,0.3291200081669219,0.28208213347075084,0.06551985524970166,0.9803807459213014,0.3291200081669219,0.3291200081669219
cnn_dailymail,2048,8000,2,a,32,0.39735139011846,0.3472576155168403,0.07674356038835113,0.9803807459213014,0.39735139011846,0.39735139011846
cnn_dailymail,2048,8000,2,a,64,0.46225991828880564,0.416399010269461,0.0785826426382854,0.9803807459213014,0.46225991828880564,0.46225991828880564
cnn_dailymail,2048,8000,2,b,1,0.07734919994692105,0.043481950558743154,0.03540680639321046,0.9816847212289397,0.07734919994692105,0.07734919994692105
cnn_dailymail,2048,8000,2,b,2,0.11763736596197297,0.08288719139174683,0.037890839866210786,0.9816847212289397,0.11763736596197297,0.11763736596197297
cnn_dailymail,2048,8000,2,b,4,0.1723925010124529,0.14558179087425316,0.03137890771971357,0.9816847212289397,0.1723925010124529,0.1723925010124529
cnn_dailymail,2048,8000,2,b,8,0.24778657409584698,0.21368664289357858,0.04336684719149854,0.9816847212289397,0.24778657409584698,0.24778657409584698
cnn_dailymail,2048,8000,2,b,16,0.31898790312716174,0.28208213347075084,0.05140667390662759,0.9816847212289397,0.31898790312716174,0.31898790312716174
cnn_dailymail,2048,8000,2,b,32,0.3913390104275153,0.3472576155168403,0.0675326069802845,0.9816847212289397,0.3913390104275153,0.3913390104275153
cnn_dailymail,2048,8000,2,b,64,0.46231223572841657,0.416399010269461,0.07867228854453222,0.9816847212289397,0.46231223572841657,0.46231223572841657
cnn_dailymail,2048,8000,3,a,1,0.07695415674630686,0.043481950558743154,0.03499380509036526,0.9817128687823777,0.07695415674630686,0.07695415674630686
cnn_dailymail,2048,8000,3,a,2,0.11756861485751124,0.08288719139174683,0.03781587514669492,0.9817128687823777,0.11756861485751124,0.11756861485751124
cnn_dailymail,2048,8000,3,a,4,0.17039503193176536,0.14558179087425316,0.029041095791838837,0.9817128687823777,0.17039503193176536,0.17039503193176536
cnn_dailymail,2048,8000,3,a,8,0.24651786840807613,0.21368664289357858,0.04175336107135987,0.9817128687823777,0.24651786840807613,0.24651786840807613
cnn_dailymail,2048,8000,3,a,16,0.32223592764967746,0.28208213347075084,0.05593090247641954,0.9817128687823777,0.32223592764967746,0.32223592764967746
cnn_dailymail,2048,8000,3,a,32,0.39791211609336397,0.3472576155168403,0.07760259143679141,0.9817128687823777,0.39791211609336397,0.39791211609336397
cnn_dailymail,2048,8000,3,a,64,0.46357694037871217,0.416399010269461,0.08083935932157038,0.9817128687823777,0.46357694037871217,0.46357694037871217
cnn_dailymail,2048,8000,3,b,1,0.0661330290982271,0.043481950558743154,0.023680764364786857,0.9845016353286948,0.0661330290982271,0.0661330290982271
cnn_dailymail,2048,8000,3,b,2,0.10622114843303315,0.08288719139174683,0.02544284282398838,0.9845016353286948,0.10622114843303315,0.10622114843303315
cnn_dailymail,2048,8000,3,b,4,0.16719213266287147,0.14558179087425316,0.025292463992229675,0.9845016353286948,0.16719213266287147,0.16719213266287147
cnn_dailymail,2048,8000,3,b,8,0.24023031107295528,0.21368664289357858,0.03375711214808249,0.9845016353286948,0.24023031107295528,0.24023031107295528
cnn_dailymail,2048,8000,3,b,16,0.30787268414062774,0.28208213347075084,0.035924096435377056,0.9845016353286948,0.30787268414062774,0.30787268414062774
cnn_dailymail,2048,8000,3,b,32,0.3809192543551473,0.3472576155168403,0.0515695619566059,0.9845016353286948,0.3809192543551473,0.3809192543551473
cnn_dailymail,2048,8000,3,b,64,0.4472137569005336,0.416399010269461,0.052801052728338266,0.9845016353286948,0.4472137569005336,0.4472137569005336
cnn_dailymail,2048,12000,1,a,1,0.07484391657557857,0.043481950558743154,0.03278763640179637,0.9815715835831152,0.07484391657557857,0.07484391657557857
cnn_dailymail,2048,12000,1,a,2,0.11561353276188094,0.08288719139174683,0.03568409585271995,0.9815715835831152,0.11561353276188094,0.11561353276188094
cnn_dailymail,2048,12000,1,a,4,0.17073915878745102,0.14558179087425316,0.02944385740437256,0.9815715835831152,0.17073915878745102,0.17073915878745102
cnn_dailymail,2048,12000,1,a,8,0.24834368650709826,0.21368664289357858,0.04407535914314771,0.9815715835831152,0.24834368650709826,0.24834368650709826
cnn_dailymail,2048,12000,1,a,16,0.3184329487724396,0.28208213347075084,0.05063366855240087,0.9815715835831152,0.3184329487724396,0.3184329487724396
cnn_dailymail,2048,12000,1,a,32,0.39041217524979377,0.3472576155168403,0.06611269738079467,0.9815715835831152,0.39041217524979377,0.39041217524979377
cnn_dailymail,2048,12000,1,a,64,0.4523663384200998,0.416399010269461,0.06162999854960095,0.9815715835831152,0.4523663384200998,0.4523663384200998
cnn_dailymail,2048,12000,1,b,1,0.07895383563252979,0.043481950558743154,0.03708438653563023,0.9784265039227416,0.07895383563252979,0.07895383563252979
cnn_dailymail,2048,12000,1,b,2,0.11731119339413355,0.08288719139174683,0.03753518834245288,0.9784265039227416,0.11731119339413355,0.11731119339413355
cnn_dailymail,2048,12000,1,b,4,0.1746374260526703,0.14558179087425316,0.034006338895969095,0.9784265039227416,0.1746374260526703,0.1746374260526703
cnn_dailymail,2048,12000,1,b,8,0.2475838048867587,0.21368664289357858,0.043108973905669534,0.9784265039227416,0.2475838048867587,0.2475838048867587
cnn_dailymail,2048,12000,1,b,16,0.3157294515598671,0.28208213347075084,0.046867921328916255,0.9784265039227416,0.3157294515598671,0.3157294515598671
cnn_dailymail,2048,12000,1,b,32,0.3832159574141392,0.3472576155168403,0.05508810635266264,0.9784265039227416,0.3832159574141392,0.3832159574141392
cnn_dailymail,2048,12000,1,b,64,0.44563358934106945,0.416399010269461,0.05009343641638896,0.9784265039227416,0.44563358934106945,0.44563358934106945
cnn_dailymail,2048,12000,2,a,1,0.08720790028642214,0.043481950558743154,0.0457136692331328,0.9793180970348868,0.08720790028642214,0.08720790028642214
cnn_dailymail,2048,12000,2,a,2,0.12906378808081728,0.08288719139174683,0.050349963772880736,0.9793180970348868,0.12906378808081728,0.12906378808081728
cnn_dailymail,2048,12000,2,a,4,0.18300507278074685,0.14558179087425316,0.043799724194532014,0.9793180970348868,0.18300507278074685,0.18300507278074685
cnn_dailymail,2048,12000,2,a,8,0.25748622689911443,0.21368664289357858,0.055702454510902985,0.9793180970348868,0.25748622689911443,0.25748622689911443
cnn_dailymail,2048,12000,2,a,16,0.33185297703961425,0.28208213347075084,0.06932665404954881,0.9793180970348868,0.33185297703961425,0.33185297703961425
cnn_dailymail,2048,12000,2,a,32,0.40064954268487496,0.3472576155168403,0.0817963233846233,0.9793180970348868,0.40064954268487496,0.40064954268487496
cnn_dailymail,2048,12000,2,a,64,0.45946337496339035,0.416399010269461,0.07379076706811799,0.9793180970348868,0.45946337496339035,0.45946337496339035
cnn_dailymail,2048,12000,2,b,1,0.07840346160010478,0.043481950558743154,0.03650899328220808,0.9791758153370147,0.07840346160010478,0.07840346160010478
cnn_dailymail,2048,12000,2,b,2,0.12169817443103557,0.08288719139174683,0.04231865772127379,0.9791758153370147,0.12169817443103557,0.12169817443103557
cnn_dailymail,2048,12000,2,b,4,0.18107065602080819,0.14558179087425316,0.041535707885799564,0.9791758153370147,0.18107065602080819,0.18107065602080819
cnn_dailymail,2048,12000,2,b,8,0.25364582126075025,0.21368664289357858,0.050818389394043456,0.9791758153370147,0.25364582126075025,0.25364582126075025
cnn_dailymail,2048,12000,2,b,16,0.3223455473891299,0.28208213347075084,0.05608359367490218,0.9791758153370147,0.3223455473891299,0.3223455473891299
cnn_dailymail,2048,12000,2,b,32,0.39707797364943276,0.3472576155168403,0.07632468691617156,0.9791758153370147,0.39707797364943276,0.39707797364943276
cnn_dailymail,2048,12000,2,b,64,0.4612092887584376,0.416399010269461,0.07678238947070057,0.9791758153370147,0.4612092887584376,0.4612092887584376
cnn_dailymail,2048,12000,3,a,1,0.07799055710539386,0.043481950558743154,0.036077318736231545,0.9797667638393791,0.07799055710539386,0.07799055710539386
cnn_dailymail,2048,12000,3,a,2,0.12012000145219529,0.08288719139174683,0.04059785198829617,0.9797667638393791,0.12012000145219529,0.12012000145219529
cnn_dailymail,2048,12000,3,a,4,0.17578792530703943,0.14558179087425316,0.035352868314561824,0.9797667638393791,0.17578792530703943,0.17578792530703943
cnn_dailymail,2048,12000,3,a,8,0.2508414643996024,0.21368664289357858,0.04725192719954676,0.9797667638393791,0.2508414643996024,0.2508414643996024
cnn_dailymail,2048,12000,3,a,16,0.3247127286228515,0.28208213347075084,0.059380880654491715,0.9797667638393791,0.3247127286228515,0.3247127286228515
cnn_dailymail,2048,12000,3,a,32,0.39876659244724627,0.3472576155168403,0.0789116474659305,0.9797667638393791,0.39876659244724627,0.39876659244724627
cnn_dailymail,2048,12000,3,a,64,0.46119720084967886,0.416399010269461,0.07676167684517142,0.9797667638393791,0.46119720084967886,0.46119720084967886
cnn_dailymail,2048,12000,3,b,1,0.07403549095912113,0.043481950558743154,0.03194246090622713,0.9821981924974663,0.07403549095912113,0.07403549095912113
cnn_dailymail,2048,12000,3,b,2,0.1137581155311484,0.08288719139174683,0.033660988975008584,0.9821981924974663,0.1137581155311484,0.1137581155311484
cnn_dailymail,2048,12000,3,b,4,0.16867256442426026,0.14558179087425316,0.027025142141614607,0.9821981924974663,0.16867256442426026,0.16867256442426026
cnn_dailymail,2048,12000,3,b,8,0.2439966677090295,0.21368664289357858,0.03854700488236612,0.9821981924974663,0.2439966677090295,0.2439966677090295
cnn_dailymail,2048,12000,3,b,16,0.3115362052449123,0.28208213347075084,0.04102707725684032,0.9821981924974663,0.3115362052449123,0.3115362052449123
cnn_dailymail,2048,12000,3,b,32,0.38061885519996586,0.3472576155168403,0.05110935106434205,0.9821981924974663,0.38061885519996586,0.38061885519996586
cnn_dailymail,2048,12000,3,b,64,0.444261616377711,0.416399010269461,0.04774256143930588,0.9821981924974663,0.444261616377711,0.444261616377711
