corpus,arm,alpha,m,n,method,ratio,ratio_low,ratio_high,mean_bank_abs_log_error,error_low,error_high,nonpositive_banks
tinystories,fixed,0.5,1024,512,multinomial,0.8821924748253407,0.8636271211198226,0.8994068658722371,0.12560043072224894,0.10602167551718454,0.14678606424836985,0
tinystories,fixed,0.5,1024,512,source_same_lag,0.7484075717798417,0.7335275206208398,0.7627543568036219,0.2900462572442179,0.2709511244343379,0.3101026075023321,0
tinystories,fixed,0.5,1024,512,source_full,0.760734349715879,0.745752734058699,0.77517771888406,0.2737038861855174,0.2548069386941988,0.2934958222713787,0
tinystories,fixed,0.5,1024,512,multinomial_jackknife,1.0416938172331496,1.0174479022577407,1.064680171145096,0.04050925668229577,0.018671571265508467,0.06258772299340519,0
tinystories,fixed,0.5,1024,512,source_jackknife,0.9807541698075963,0.9568044906546315,1.0027319095732916,0.026567423785902256,0.012254112942105065,0.046282217330564826,0
tinystories,fixed,0.5,2048,512,multinomial,0.996278712210631,0.984270286702542,1.0078992850185413,0.009324396843800783,0.00453076997479879,0.016117308075450823,0
tinystories,fixed,0.5,2048,512,source_same_lag,0.956457025008003,0.945954198996088,0.9668804871653645,0.044548628105760275,0.03370347650921665,0.0556034734548722,0
tinystories,fixed,0.5,2048,512,source_full,0.970575130557909,0.9601629086534276,0.9808127102394739,0.02988795311073642,0.01937722909855423,0.04066956672517932,0
tinystories,fixed,0.5,2048,512,multinomial_jackknife,1.1221927839967574,1.1051575992413076,1.1377293881898063,0.1151837193456095,0.09981810872712141,0.12897247538093545,0
tinystories,fixed,0.5,2048,512,source_jackknife,1.1845523306238979,1.1701514538649735,1.198805342870492,0.1693131201552529,0.15708525285258407,0.18130178139522354,0
tinystories,fixed,0.5,4096,512,multinomial,1.0852909703511757,1.0727605704441792,1.0971439768243467,0.08181509368626302,0.07019870426646613,0.09269649375439327,0
tinystories,fixed,0.5,4096,512,source_same_lag,1.1384283628205822,1.1244881557525874,1.1530359215894583,0.12959028773004347,0.11732267351159527,0.14233305072861016,0
tinystories,fixed,0.5,4096,512,source_full,1.153577577381211,1.1397606558837312,1.167758713889906,0.14281872409269616,0.13081501906072276,0.15500800217919353,0
tinystories,fixed,0.5,4096,512,multinomial_jackknife,1.1781975399162454,1.1641271256792267,1.1928577618922878,0.16393717632689842,0.15191935147669722,0.17630221691712092,0
tinystories,fixed,0.5,4096,512,source_jackknife,1.342538704594832,1.3228109808003488,1.3639876763078123,0.29444437847381927,0.2797101797890808,0.31030247610973605,0
tinystories,fixed,0.5,8192,512,multinomial,1.1452820333348268,1.1331172641703917,1.1574340868849076,0.1356256184214735,0.12495141162304708,0.14618415932945492,0
tinystories,fixed,0.5,8192,512,source_same_lag,1.2817251838090453,1.26601826628353,1.2972845884947424,0.24815044473599376,0.2358556174100348,0.26023698925546324,0
tinystories,fixed,0.5,8192,512,source_full,1.2972155274088728,1.2814466359458112,1.3128680159499326,0.2601662763219686,0.24797727415979423,0.2721256856196883,0
tinystories,fixed,0.5,8192,512,multinomial_jackknife,1.210038409153225,1.195033283565282,1.225609320667526,0.1905929067195324,0.17816141289591902,0.2033689489143575,0
tinystories,fixed,0.5,8192,512,source_jackknife,1.44232589649621,1.4215361102426687,1.4634781218316681,0.3661538480750486,0.35168691494109816,0.38071943016415233,0
tinystories,fixed,0.5,1024,1024,multinomial,0.7427149868050551,0.7210919040322528,0.7613891856845774,0.2979295333241059,0.2726358350119103,0.32754117824566475,0
tinystories,fixed,0.5,1024,1024,source_same_lag,0.5588760490869247,0.5468240566363635,0.5700174617364618,0.5821081213860065,0.5622024321759972,0.6039571836744737,0
tinystories,fixed,0.5,1024,1024,source_full,0.5674886289386359,0.5554731584474136,0.5787982326131267,0.5668069294675563,0.546964419494206,0.588226125542891,0
tinystories,fixed,0.5,1024,1024,multinomial_jackknife,0.9070288229173912,0.8770204642585604,0.9342964437777169,0.09827365471035604,0.06816885593266991,0.13177317891080653,0
tinystories,fixed,0.5,1024,1024,source_jackknife,0.7467937765115763,0.7261830229025156,0.7647916749262208,0.29242236192853316,0.2682940133822546,0.3203557125846137,0
tinystories,fixed,0.5,2048,1024,multinomial,0.867539586821903,0.8568885284917862,0.8776826944307908,0.14212981085002319,0.13051205344931474,0.15447734911869646,0
tinystories,fixed,0.5,2048,1024,source_same_lag,0.7542711843956911,0.7440313507033309,0.7637255753946289,0.2820666758020175,0.2695556663742554,0.29571913072717715,0
tinystories,fixed,0.5,2048,1024,source_full,0.764324541294308,0.7543565998982336,0.7737052558012654,0.2688163627574484,0.25661550407398015,0.2819292615206849,0
tinystories,fixed,0.5,2048,1024,multinomial_jackknife,1.0053799061527995,0.988635575630104,1.0221109812858649,0.014576878911461713,0.00688640500097694,0.024423714228689292,0
tinystories,fixed,0.5,2048,1024,source_jackknife,0.9641511465030334,0.948366837937828,0.9788932818404378,0.03663542591817564,0.02139860634530686,0.053127792843444155,0
tinystories,fixed,0.5,4096,1024,multinomial,0.9725035228199971,0.9586243157605902,0.9864162341315597,0.027966508431004306,0.013828113426470268,0.04228096156697196,0
tinystories,fixed,0.5,4096,1024,source_same_lag,0.9472908396641294,0.9342748924856876,0.9615804618877727,0.054229747524024485,0.03932640160105046,0.06800941922902246,0
tinystories,fixed,0.5,4096,1024,source_full,0.9586241241864392,0.9456830751841366,0.9726023391245056,0.042328305240016594,0.027876732626472982,0.05585593367226247,0
tinystories,fixed,0.5,4096,1024,multinomial_jackknife,1.0762752685925268,1.057830275153307,1.095766051153083,0.0733423022590649,0.05614195206810928,0.09136396608303446,0
tinystories,fixed,0.5,4096,1024,source_jackknife,1.1582023261943486,1.1372274240922633,1.1799196423170542,0.14668186959373344,0.12844260218288922,0.16536031411778032,0
tinystories,fixed,0.5,8192,1024,multinomial,1.0422435386649562,1.0300443463027458,1.054094387342601,0.04134821339561002,0.0295859148137508,0.0526458689980436,0
tinystories,fixed,0.5,8192,1024,source_same_lag,1.1115708760667335,1.0972508488636343,1.1258487573614397,0.10572261395800236,0.09280079695966215,0.11849690064771255,0
tinystories,fixed,0.5,8192,1024,source_full,1.1234849480051001,1.1092789932592675,1.1375479172531684,0.11639020310121072,0.10369257661656796,0.12884032486054797,0
tinystories,fixed,0.5,8192,1024,multinomial_jackknife,1.1182624215768555,1.1017251213342096,1.1353618356459192,0.11167656664517227,0.09685960304271224,0.12685092678970072,0
tinystories,fixed,0.5,8192,1024,source_jackknife,1.2891517591245982,1.2695017433483586,1.3104955388599369,0.25386725385078984,0.23860466162591354,0.2702955127324857,0
tinystories,fixed,0.5,1024,2048,multinomial,0.6026097760201573,0.5814589093395327,0.6215801185980935,0.5072119641972243,0.4755251457448195,0.5430049420211539,0
tinystories,fixed,0.5,1024,2048,source_same_lag,0.4112827885932953,0.4015280780216616,0.42073333390862566,0.8887799523753626,0.8659464958964865,0.9127116374575263,0
tinystories,fixed,0.5,1024,2048,source_full,0.41740789348386165,0.4076951247020029,0.42695844737742994,0.8739873849024833,0.8512368395983906,0.8974180686680062,0
tinystories,fixed,0.5,1024,2048,multinomial_jackknife,0.7562172788907162,0.7249931018818971,0.784743422298655,0.2804928566525459,0.24268418881277157,0.3224596235637617,0
tinystories,fixed,0.5,1024,2048,source_jackknife,0.5533072095722767,0.5374210409581348,0.5681201519043844,0.5923392184572608,0.5655678273020586,0.6214479026516964,0
tinystories,fixed,0.5,2048,2048,multinomial,0.7309982503274285,0.7198469014242346,0.7428849747586375,0.31341743222103835,0.297297796278712,0.32878075764744735,0
tinystories,fixed,0.5,2048,2048,source_same_lag,0.573905260094362,0.5639201939616288,0.584749188870983,0.555422488166024,0.536657795292407,0.5729044136948879,0
tinystories,fixed,0.5,2048,2048,source_full,0.5810573011650484,0.5712175553832514,0.5919111097249911,0.5430289230181287,0.5245102323033537,0.5600399550548548,0
tinystories,fixed,0.5,2048,2048,multinomial_jackknife,0.8717350173914826,0.8525277450725642,0.8936901200238476,0.13758947474209882,0.11271672737059814,0.15968246073069647,0
tinystories,fixed,0.5,2048,2048,source_jackknife,0.7467919795847514,0.7305311319516216,0.7641283216794531,0.2922385728411014,0.26927436774873836,0.3141258654710548,0
tinystories,fixed,0.5,4096,2048,multinomial,0.8476097346249589,0.8303040137251653,0.8657657578625435,0.1655538237953654,0.1442565423877692,0.18610657340116665,0
tinystories,fixed,0.5,4096,2048,source_same_lag,0.7558800441243725,0.7433352274689784,0.7695284226988442,0.279980899784364,0.2621529490381666,0.2966521591191624,0
tinystories,fixed,0.5,4096,2048,source_full,0.7642478946658503,0.7516136222558106,0.7779185196370658,0.26896882817058615,0.25125136596017905,0.2855821946670343,0
tinystories,fixed,0.5,4096,2048,multinomial_jackknife,0.9586028005357253,0.9337831987393946,0.9850322538872528,0.042929894456942584,0.01969292935240757,0.06883212354470396,0
tinystories,fixed,0.5,4096,2048,source_jackknife,0.9531654808941807,0.931529827543174,0.975106659214631,0.048252282571462225,0.02560992611190844,0.07113943199756241,0
tinystories,fixed,0.5,8192,2048,multinomial,0.9270223365297393,0.9138861283573232,0.9414761559011552,0.07581872771325399,0.06033741870716926,0.09008135303040456,0
tinystories,fixed,0.5,8192,2048,source_same_lag,0.9301556654566956,0.917464241104567,0.9443615576698525,0.0724444772272631,0.05731063710634255,0.08616379994317899,0
tinystories,fixed,0.5,8192,2048,source_full,0.9393883033163235,0.9267984987323961,0.9535541488323878,0.06255907200797313,0.047606079132416435,0.0760551339383848,0
tinystories,fixed,0.5,8192,2048,multinomial_jackknife,1.012633205699461,0.9946551036590008,1.0324477226686153,0.01279306193648775,0.002154885793681164,0.03179070657751686,0
tinystories,fixed,0.5,8192,2048,source_jackknife,1.1143799924504865,1.0962850605178738,1.1339295076555325,0.10820339208970166,0.09191226081768862,0.12559308301471644,0
tinystories,fixed,0.5,1024,4096,multinomial,0.4871113240882133,0.46734722232299375,0.5050649527234268,0.7201727807540809,0.6832511682309957,0.7618883843012701,0
tinystories,fixed,0.5,1024,4096,source_same_lag,0.31269410255547603,0.30416355077063245,0.32133983562083646,1.1628575927945695,1.1355440848506166,1.190488341354886,0
tinystories,fixed,0.5,1024,4096,source_full,0.3172537657974884,0.3086576813636213,0.3259577503642431,1.1483696008308353,1.1211964775144079,1.1758028090374018,0
tinystories,fixed,0.5,1024,4096,multinomial_jackknife,0.6224200789975198,0.5929168586991929,0.6502342888810189,0.4754922274415249,0.4311085485422733,0.5240349931968615,0
tinystories,fixed,0.5,1024,4096,source_jackknife,0.42180162717308245,0.4080755669798956,0.43494197413541275,0.8637535424396984,0.8328183356582765,0.8967433624051523,0
tinystories,fixed,0.5,2048,4096,multinomial,0.61126459715182,0.5974605895823702,0.6255326686625263,0.4923873830228072,0.46926503817072185,0.5151507780095756,0
tinystories,fixed,0.5,2048,4096,source_same_lag,0.4422704626700461,0.4315741849529947,0.4536953403368096,0.8160570171644049,0.7905276329083741,0.8404004201057513,0
tinystories,fixed,0.5,2048,4096,source_full,0.4475323755275547,0.43677650269426854,0.45906424153869335,0.8042229949836647,0.7787636872655467,0.8284052186389027,0
tinystories,fixed,0.5,2048,4096,multinomial_jackknife,0.7462785430267234,0.7238265168324852,0.7722532437644296,0.2932346818599529,0.2593313025108571,0.3234266238574359,0
tinystories,fixed,0.5,2048,4096,source_jackknife,0.5793945537613917,0.5624460848587868,0.597959018499476,0.5462213215506235,0.514611959513594,0.5756722356845656,0
tinystories,fixed,0.5,4096,4096,multinomial,0.735323680294152,0.7137675070637111,0.7576740828397454,0.30786660930749643,0.2777821645613994,0.33752534129596723,0
tinystories,fixed,0.5,4096,4096,source_same_lag,0.5984299945843777,0.5854096540545094,0.6124898510573086,0.5135974671426843,0.4903845392774468,0.5355672243440208,0
tinystories,fixed,0.5,4096,4096,source_full,0.6046562178579519,0.5914804860594998,0.618942108570388,0.503252187973439,0.47990281872391494,0.5252895644867374,0
tinystories,fixed,0.5,4096,4096,multinomial_jackknife,0.8513700765910999,0.8198045153051882,0.8844356938589913,0.16178963939859195,0.12306898683509603,0.19908088425371961,0
tinystories,fixed,0.5,4096,4096,source_jackknife,0.7676336711904664,0.7453921619978687,0.7907802540142649,0.264878311744358,0.23496466225401338,0.2941028498020171,0
tinystories,fixed,0.5,8192,4096,multinomial,0.8282581401472333,0.8126612240372499,0.8455667431494148,0.18847735221813253,0.16780013870840865,0.20745082507549564,0
tinystories,fixed,0.5,8192,4096,source_same_lag,0.7688686541058622,0.7540409298721018,0.7849298750051223,0.2628818012644557,0.24218722460521258,0.28235376852045463,0
tinystories,fixed,0.5,8192,4096,source_full,0.7760653554059926,0.761545457419724,0.7921104681682487,0.25355324893626596,0.23309325704704104,0.27243327303772064,0
tinystories,fixed,0.5,8192,4096,multinomial_jackknife,0.9260843845677155,0.9064648146370174,0.9476745023884812,0.07690703507827158,0.05383666386115607,0.09824568672412987,0
tinystories,fixed,0.5,8192,4096,source_jackknife,0.94705550316209,0.9267629534980252,0.9688106327639836,0.05450844064226764,0.03171622534490036,0.07615733630919592,0
tinystories,fixed,1,1024,512,multinomial,0.9069130922946789,0.8919937166608224,0.9209101926340996,0.09785654300396314,0.0824428763414141,0.11445575048729675,0
tinystories,fixed,1,1024,512,source_same_lag,0.810872829451531,0.7973355396001414,0.8236225774403889,0.209803260893188,0.19408969417885738,0.2266086782687516,0
tinystories,fixed,1,1024,512,source_full,0.8259272620436738,0.8123332178867175,0.8390557812185119,0.19140611565747165,0.17554946016293455,0.20796984916159597,0
tinystories,fixed,1,1024,512,multinomial_jackknife,1.0124039861585423,0.9944015366626657,1.0292565833398697,0.021339733475080003,0.015390649400657918,0.029521921225451286,0
tinystories,fixed,1,1024,512,source_jackknife,1.0248386998847474,1.004754801236377,1.0439898781096206,0.028698429335967553,0.016062701996053846,0.04353914181640984,0
tinystories,fixed,1,1024,512,bootstrap,0.8638293969766718,0.8514730805368629,0.87536416496395,0.14648321682621668,0.13316434925018159,0.16091604035686327,0
tinystories,fixed,1,1024,512,bootstrap_jackknife,0.9993090599774649,0.9810678085527709,1.0146702091251176,0.013678683026100105,0.004941625944904121,0.025820908609745428,0
tinystories,fixed,1,2048,512,multinomial,0.9727007973812807,0.9619006528020065,0.9833461900975052,0.02772782539158269,0.016834827427384756,0.038870153067043424,0
tinystories,fixed,1,2048,512,source_same_lag,0.9787931843439942,0.9688227013702376,0.9884775426580262,0.02145946176360654,0.0116101743645486,0.03167757474100473,0
tinystories,fixed,1,2048,512,source_full,0.9954435450749648,0.9856196806051695,1.005196598093796,0.007135265052110363,0.00354365852705803,0.014513796679598045,0
tinystories,fixed,1,2048,512,multinomial_jackknife,1.0476738191397048,1.0336560720861878,1.06046448562342,0.046490159715377254,0.03299676072492306,0.058691842551637854,0
tinystories,fixed,1,2048,512,source_jackknife,1.1689355701116626,1.154960271943774,1.1816803625160532,0.1560430032743874,0.1440335310340798,0.16689343527469885,0
tinystories,fixed,1,2048,512,bootstrap,0.9318378719236607,0.9227414434014723,0.9406582853402168,0.0706169604798876,0.06118509848519931,0.08041844642624012,0
tinystories,fixed,1,2048,512,bootstrap_jackknife,1.0096678393038723,0.9964160263234676,1.0220020902104527,0.01394673792197887,0.00647998442557788,0.022368243548307576,0
tinystories,fixed,1,4096,512,multinomial,1.0175358551979468,1.0078767028076452,1.026802629850661,0.0173648013151001,0.008593888318783183,0.026444649142850142,0
tinystories,fixed,1,4096,512,source_same_lag,1.11027693671917,1.0984586994051122,1.1223851873188349,0.10456982418573131,0.09390218647972902,0.11539758408288706,0
tinystories,fixed,1,4096,512,source_full,1.1274495410278964,1.1157637733162282,1.1392909714625317,0.1199242152040914,0.10952703596967728,0.13034324406845588,0
tinystories,fixed,1,4096,512,multinomial_jackknife,1.0681527122400798,1.0584752167059723,1.077659809092005,0.0659203572877749,0.0568194511001707,0.07478932971939341,0
tinystories,fixed,1,4096,512,source_jackknife,1.2659939388750847,1.2509735063206007,1.2820633959113485,0.23579176166131585,0.2238739537140974,0.24840557318095735,0
tinystories,fixed,1,4096,512,bootstrap,0.9614045748400105,0.9510462072096312,0.9711469529644858,0.039394834583828885,0.02928301018239795,0.0502288188038739,0
tinystories,fixed,1,4096,512,bootstrap_jackknife,0.9992518657565254,0.9856324829307735,1.0122388993545641,0.008830098117929782,0.002765914587156572,0.018192322139250296,0
tinystories,fixed,1,8192,512,multinomial,1.0489775980984986,1.0388124036147586,1.0590681405816638,0.04779259115653803,0.03807052453478396,0.05737297077525255,0
tinystories,fixed,1,8192,512,source_same_lag,1.2070606564475685,1.1929243584976905,1.221062064941542,0.18812979412726363,0.17636198353512167,0.19968816166665776,0
tinystories,fixed,1,8192,512,source_full,1.2244633318293883,1.210126381745723,1.2387014624031358,0.20244390812753513,0.19068616532438123,0.2139987385077734,0
tinystories,fixed,1,8192,512,multinomial_jackknife,1.0833875479856323,1.0724096174053572,1.0946207680234357,0.08006008712264945,0.06990336557915344,0.09035992895006491,0
tinystories,fixed,1,8192,512,source_jackknife,1.3225555685895745,1.3055719416730092,1.3389263200028814,0.2794894064094643,0.2665437032497991,0.29176309724942634,0
tinystories,fixed,1,8192,512,bootstrap,0.9817361969484261,0.9719978052511556,0.9915233186001423,0.01846005606586144,0.008667987434031046,0.028416742485449724,0
tinystories,fixed,1,8192,512,bootstrap_jackknife,0.9966743539640868,0.98462570550143,1.0096257767179184,0.0094761904943082,0.0038323726381144104,0.017330798491814653,0
tinystories,fixed,1,1024,1024,multinomial,0.8146417695162524,0.7944467765577284,0.8325512955279561,0.20537748034032274,0.18329215511859132,0.23042599441319506,0
tinystories,fixed,1,1024,1024,source_same_lag,0.6376964595133958,0.6250468051188841,0.649224326655513,0.45013156753985206,0.43206541416308614,0.4701672232022788,0
tinystories,fixed,1,1024,1024,source_full,0.6481997506924583,0.6356433559767964,0.6599500734123261,0.4337891964811515,0.41570798274885834,0.4533780341464115,0
tinystories,fixed,1,1024,1024,multinomial_jackknife,0.9428108454333505,0.9168479469588741,0.9672625248089842,0.05939051002461062,0.033382940466757084,0.08716082053158429,0
tinystories,fixed,1,1024,1024,source_jackknife,0.8356722798139783,0.8150191337790387,0.8542094581680135,0.17990032630611594,0.15770416092033535,0.2049358248418311,0
tinystories,fixed,1,1024,1024,bootstrap,0.754188478301326,0.7439078128425116,0.7643654490820126,0.2822025346767253,0.26878007852741587,0.29592791174575517,0
tinystories,fixed,1,1024,1024,bootstrap_jackknife,0.940833916335299,0.9285924817791907,0.9533813621599075,0.06106481637134953,0.047823744569670014,0.07411837635645696,0
tinystories,fixed,1,2048,1024,multinomial,0.8941415060147558,0.8846782330700002,0.9029927957125651,0.11192024299986351,0.10207215521425585,0.12254501390020259,0
tinystories,fixed,1,2048,1024,source_same_lag,0.8149693850288051,0.8062359191391463,0.8229074331049729,0.20463393840139443,0.1949238270769078,0.21541210769386218,0
tinystories,fixed,1,2048,1024,source_full,0.826999014690088,0.8185319470957464,0.8347330777134643,0.18997326340637052,0.1806533370323247,0.20026491836533014,0
tinystories,fixed,1,2048,1024,multinomial_jackknife,0.9859227380445907,0.9723019971076947,0.9989941299779446,0.014896891984928523,0.006366531318578797,0.02828510125523628,0
tinystories,fixed,1,2048,1024,source_jackknife,1.0093228019470277,0.997235107997615,1.0205463395125907,0.012135222710358266,0.006514335071332086,0.020371026278288573,0
tinystories,fixed,1,2048,1024,bootstrap,0.8755041017601113,0.8659324376263487,0.8845365857067232,0.1329910450470442,0.12270284439375552,0.14399397119656307,0
tinystories,fixed,1,2048,1024,bootstrap_jackknife,0.9977174190836339,0.9812216669708167,1.0142710402973902,0.015467209328632095,0.008118199398196177,0.02385208351595469,0
tinystories,fixed,1,4096,1024,multinomial,0.9529005518898547,0.9425825285560422,0.9626178168031667,0.04827807979609249,0.03812779485646094,0.059161975283662044,0
tinystories,fixed,1,4096,1024,source_same_lag,0.97002190217535,0.9590014231543847,0.9826564232622296,0.030495022565590585,0.017866660634126827,0.04192935325189087,0
tinystories,fixed,1,4096,1024,source_full,0.9829301100209055,0.9721457155159737,0.9949311930195325,0.0184837172318778,0.01162980741196426,0.028259177155153088,0
tinystories,fixed,1,4096,1024,multinomial_jackknife,1.013992178072663,1.002532297152218,1.0257130992327217,0.013846104795974588,0.004816454521548652,0.025324271624342587,0
tinystories,fixed,1,4096,1024,source_jackknife,1.1439384246792101,1.1275660714924522,1.1619030457600303,0.1343590681781851,0.12002360612800442,0.14992074627975513,0
tinystories,fixed,1,4096,1024,bootstrap,0.9351889964369786,0.9246867361238349,0.9444745520793276,0.0670418504102342,0.057130585551762605,0.0783590328129052,0
tinystories,fixed,1,4096,1024,bootstrap_jackknife,1.0003268823991185,0.9843905085877831,1.0147122457341922,0.012320880857730932,0.004947197265759494,0.022017281215873246,0
tinystories,fixed,1,8192,1024,multinomial,0.991686879178855,0.9820059689836219,1.0011053144341475,0.00980813394172288,0.004315165661065913,0.01816493078280921,0
tinystories,fixed,1,8192,1024,source_same_lag,1.0921209814064041,1.079160686664599,1.1048710725612803,0.08806513444035964,0.07616949978744335,0.09966812800560765,0
tinystories,fixed,1,8192,1024,source_full,1.1053198554460721,1.0923497167702791,1.1181059627638898,0.1000809660263346,0.08830668110031728,0.11156487429923857,0
tinystories,fixed,1,8192,1024,multinomial_jackknife,1.0351382715483395,1.022933522219243,1.0473941774536244,0.03447845378426229,0.0226330976184561,0.04625614675344979,0
tinystories,fixed,1,8192,1024,source_jackknife,1.2289642065923463,1.2119971317666434,1.2464306483054215,0.2060685377794145,0.19223260605191056,0.22020362276872846,0
tinystories,fixed,1,8192,1024,bootstrap,0.9700787857898404,0.960041737881124,0.9794084234959708,0.03040288303737296,0.02081167007147167,0.040799787139404305,0
tinystories,fixed,1,8192,1024,bootstrap_jackknife,1.0029992534861925,0.9901945088075607,1.0160864599217057,0.01074710839557926,0.00565306056958793,0.017361586639088128,0
tinystories,fixed,1,1024,2048,multinomial,0.7053384693428059,0.6813235225282727,0.7266548202062225,0.3497782405997764,0.3193576339314715,0.3844261022993983,0
tinystories,fixed,1,1024,2048,source_same_lag,0.480574339060656,0.46967498099887156,0.49074471795983204,0.7330539047504213,0.7119744741299322,0.7559338727613618,0
tinystories,fixed,1,1024,2048,source_full,0.4879802475382253,0.4771150164605186,0.498265001679344,0.7177527128319711,0.6968542184317804,0.7402156088977215,0
tinystories,fixed,1,1024,2048,multinomial_jackknife,0.8482350644120836,0.8150926839980963,0.8795219698211219,0.16560686502153882,0.1287802508745224,0.2055200308355561,0
tinystories,fixed,1,1024,2048,source_jackknife,0.6421637251193818,0.6244798393585606,0.6584108005969191,0.44336814529294793,0.4180088301245942,0.4715096830127809,0
tinystories,fixed,1,1024,2048,bootstrap,0.5871419701673111,0.5691985968970872,0.6049248489829774,0.5330954415822964,0.5028750276738501,0.5639139064381337,0
tinystories,fixed,1,1024,2048,bootstrap_jackknife,0.7933635538496708,0.7617179065968676,0.8228254348781681,0.23249073264922568,0.19554413140662563,0.27294792363929854,0
tinystories,fixed,1,2048,2048,multinomial,0.8004075775221137,0.7899592372698879,0.8111911640459776,0.2226692780534173,0.20928939937799398,0.2357980642510958,0
tinystories,fixed,1,2048,2048,source_same_lag,0.6485935056720934,0.6392470503528211,0.6582313240157014,0.43301245916643233,0.41821895035881634,0.44750331403431304,0
tinystories,fixed,1,2048,2048,source_full,0.6572383301457618,0.6481399911930089,0.6667631636731031,0.4197621461218632,0.40533912346174117,0.43368176717124696,0
tinystories,fixed,1,2048,2048,multinomial_jackknife,0.9092666060071436,0.8921907548808862,0.9292913112104826,0.0953374205135022,0.07358715653888157,0.11412704274952348,0
tinystories,fixed,1,2048,2048,source_jackknife,0.829068092544439,0.8147893207011565,0.8433212121046723,0.18758120928259048,0.17046879459333503,0.20495908490755266,0
tinystories,fixed,1,2048,2048,bootstrap,0.7739434443476645,0.7605798757186782,0.7868716833846425,0.2563761615580017,0.23974957666382118,0.27375860960698933,0
tinystories,fixed,1,2048,2048,bootstrap_jackknife,0.9577906089962454,0.9336902531151559,0.9814347720459895,0.04351612517138,0.019690870497612884,0.0688266291098919,0
tinystories,fixed,1,4096,2048,multinomial,0.8742926343662617,0.8601207685123796,0.8891350393255577,0.1344564121185905,0.11757913007578985,0.1507331194886928,0
tinystories,fixed,1,4096,2048,source_same_lag,0.814570010494396,0.8024836023644129,0.8274557607579117,0.20517553088843923,0.18950001650290973,0.22010910670014577,0
tinystories,fixed,1,4096,2048,source_full,0.8243154374590936,0.812383818588474,0.8370294948558374,0.1932740886044314,0.17798692564456278,0.20780498576676154,0
tinystories,fixed,1,4096,2048,multinomial_jackknife,0.9451480144071597,0.9267247006076231,0.9650480977999191,0.056630380824744996,0.035737397096290674,0.07623466017132209,0
tinystories,fixed,1,4096,2048,source_jackknife,0.9959315993568233,0.9769752341089359,1.0153941454424569,0.014274282590973146,0.004996288416937866,0.027618713961274903,0
tinystories,fixed,1,4096,2048,bootstrap,0.8828870183739943,0.8721703615934971,0.8940476606192619,0.12457638301711071,0.11202227319646922,0.13677833098397862,0
tinystories,fixed,1,4096,2048,bootstrap_jackknife,0.9993878078786409,0.986046728415511,1.0128625379893295,0.007804539335997819,0.004144221806709946,0.015343817676628471,0
tinystories,fixed,1,8192,2048,multinomial,0.9197722338441214,0.9080610321937328,0.9314735753748388,0.08365506800162702,0.0710209187664365,0.09646269427313081,0
tinystories,fixed,1,8192,2048,source_same_lag,0.9558334803532783,0.9430791469647709,0.9692933452732829,0.04522316940641243,0.031232955358409777,0.0586403864422156,0
tinystories,fixed,1,8192,2048,source_full,0.966078323116993,0.9533540571664312,0.9796084147410086,0.03455558026320408,0.020648379944486744,0.04778282412219123,0
tinystories,fixed,1,8192,2048,multinomial_jackknife,0.971318575346747,0.955920973605104,0.9875615358233434,0.0292048285985973,0.013919019045275205,0.045103950096278336,0
tinystories,fixed,1,8192,2048,source_jackknife,1.10853427267524,1.090685759151572,1.1276481565175425,0.10292147048637505,0.0867855890225131,0.12000278521764784,0
tinystories,fixed,1,8192,2048,bootstrap,0.9412214830279279,0.9304205054255005,0.9520971891074427,0.060580153634387825,0.049089576874469174,0.07212255351704784,0
tinystories,fixed,1,8192,2048,bootstrap_jackknife,1.0045567914785043,0.9914856069831833,1.0177714315419426,0.007734226255532669,0.004253260306384474,0.017618940188535222,0
tinystories,fixed,1,1024,4096,multinomial,0.5963193726547193,0.5716727619985319,0.6181363026070354,0.5180073333793885,0.48129443826681473,0.5602227647206965,0
tinystories,fixed,1,1024,4096,source_same_lag,0.36339807335416047,0.3545866246234157,0.37210181758869987,1.0125621261531477,0.9886950548975829,1.0370713691964584,0
tinystories,fixed,1,1024,4096,source_full,0.36881004627901104,0.36000430005456124,0.37761387671308366,0.9977695586802683,0.9740356141187932,1.0218656176743384,0
tinystories,fixed,1,1024,4096,multinomial_jackknife,0.739975966455586,0.7042275779734323,0.7734292052987485,0.30265835202662034,0.2574452917195265,0.352088348428674,0
tinystories,fixed,1,1024,4096,source_jackknife,0.48888691554356456,0.47448385216673067,0.5025010518208702,0.7161213922350459,0.6883692218408025,0.7459854493717318,0
tinystories,fixed,1,1024,4096,bootstrap,0.41364923360590605,0.4046133810069882,0.4225323961342416,0.8829587283054133,0.8615330586480439,0.9050749941482288,0
tinystories,fixed,1,1024,4096,bootstrap_jackknife,0.5701381870966691,0.5535179365902885,0.5854662417662208,0.562338828273786,0.5355711330309785,0.5920094243401277,0
tinystories,fixed,1,2048,4096,multinomial,0.7048533018585338,0.691830421181415,0.7184679661519261,0.34989708066532094,0.330736751639496,0.36851458032619755,0
tinystories,fixed,1,2048,4096,source_same_lag,0.507086782112694,0.4975450624547683,0.5169730251597033,0.679204661943809,0.6598856677539394,0.6981339104849168,0
tinystories,fixed,1,2048,4096,source_full,0.5134061273849012,0.5039402276551865,0.5233320189167829,0.6668110967959135,0.6476552101447348,0.6853544176455659,0
tinystories,fixed,1,2048,4096,multinomial_jackknife,0.8269241487085731,0.8052447390735288,0.8545235922497175,0.19059557357181534,0.15795710442706914,0.21674927666687438,0
tinystories,fixed,1,2048,4096,source_jackknife,0.6598446959223477,0.6444983076499068,0.675454021942397,0.4160207466188865,0.3925565094269384,0.43955070535871094,0
tinystories,fixed,1,2048,4096,bootstrap,0.6232021781759338,0.6098563474408601,0.6363016508547653,0.47308819568577837,0.45214419364860725,0.49476556170010166,0
tinystories,fixed,1,2048,4096,bootstrap_jackknife,0.8353647946481062,0.8110701069813374,0.8594676986518587,0.18040606045564367,0.1518601994697233,0.20980367961988147,0
tinystories,fixed,1,4096,4096,multinomial,0.7961687333415551,0.7768535821483978,0.8158920289328252,0.2282652338229529,0.2036494524448467,0.2526545876085091,0
tinystories,fixed,1,4096,4096,source_same_lag,0.667874657875077,0.6562512973293627,0.6803370302214502,0.40376307356214913,0.38525442960382333,0.42126284633628935,0
tinystories,fixed,1,4096,4096,source_full,0.6752682586996807,0.6635652792037507,0.6877217770663175,0.39275100194837115,0.3744742080367749,0.41017796395535916,0
tinystories,fixed,1,4096,4096,multinomial_jackknife,0.8795729624867579,0.8517998131837992,0.908383633030758,0.1289773980763867,0.09638214983969051,0.16065357738107133,0
tinystories,fixed,1,4096,4096,source_jackknife,0.8421906020656751,0.8229886097033865,0.8619433811891434,0.17203445634924722,0.148761106678889,0.19504804613848895,0
tinystories,fixed,1,4096,4096,bootstrap,0.7892129999031434,0.7742648368791246,0.8049307079152859,0.23685806686147437,0.21712788350036558,0.2559107795850116,0
tinystories,fixed,1,4096,4096,bootstrap_jackknife,0.9628402545520728,0.9411704129939881,0.9834916831059572,0.03809493119792343,0.017011792983760796,0.06091223730719317,0
tinystories,fixed,1,8192,4096,multinomial,0.8524426410815513,0.8395900503385432,0.8667234840611785,0.1596962370562334,0.14309996126167268,0.17484367538947376,0
tinystories,fixed,1,8192,4096,source_same_lag,0.8218597668590368,0.8093766752241904,0.835155234114724,0.19622665100504813,0.18018129910497374,0.21153076543521263,0
tinystories,fixed,1,8192,4096,source_full,0.8300174697904942,0.8177175956400289,0.8431019924877915,0.18634124578575817,0.17070886370418342,0.2012571153462083,0
tinystories,fixed,1,8192,4096,multinomial_jackknife,0.9146663086295432,0.8978744731652921,0.9338407443635821,0.08934086390245566,0.06863754941630522,0.10778768778130342,0
tinystories,fixed,1,8192,4096,source_jackknife,0.9846352764384372,0.9675653805378281,1.0027112272337992,0.0172164231222345,0.0088171619946432,0.03302921279419965,0
tinystories,fixed,1,8192,4096,bootstrap,0.8995637574019517,0.8844352417113777,0.9149407057313577,0.10592200620138266,0.08895173743496959,0.12287999152440544,0
tinystories,fixed,1,8192,4096,bootstrap_jackknife,1.0090192042338642,0.9876747847852438,1.029987065516012,0.020910027745362197,0.0128657072203699,0.0307282262075276,0
tinystories,fixed,2,1024,512,multinomial,0.9107827470827607,0.9001903024705552,0.9211283856747253,0.09351132254901158,0.0821720237689136,0.10519903961369194,0
tinystories,fixed,2,1024,512,source_same_lag,0.8664810533704593,0.8552482552935079,0.8769405951723186,0.1433914186615755,0.13133525273074872,0.15643452177201747,0
tinystories,fixed,2,1024,512,source_full,0.8855795035080862,0.8743312591238797,0.8963524904008816,0.12158951532461316,0.10944926011630969,0.13436224196057517,0
tinystories,fixed,2,1024,512,multinomial_jackknife,0.9712691694514233,0.959831900466256,0.9822180602435372,0.029213615454061512,0.017958571446707077,0.04107180723149358,0
tinystories,fixed,2,1024,512,source_jackknife,1.049853808871646,1.035405187853269,1.063979890403443,0.048550738655615634,0.034712150772321225,0.061963523975767466,0
tinystories,fixed,2,2048,512,multinomial,0.9442022246328223,0.9347036146104418,0.954243852415874,0.057455981989196055,0.046869754649729006,0.06755331119169514,0
tinystories,fixed,2,2048,512,source_same_lag,0.9960606568112473,0.9861222229917347,1.005375217517972,0.007115063210838741,0.003660450607928634,0.01401236671896059,0
tinystories,fixed,2,2048,512,source_full,1.0163671682446018,1.0063131205046614,1.0261669828272135,0.016206946123234766,0.0066895218206046835,0.025805769817203766,0
tinystories,fixed,2,2048,512,multinomial_jackknife,0.9834678205793301,0.9721835804759568,0.99528014501931,0.01769942796132387,0.009730420341163915,0.028255689870550972,0
tinystories,fixed,2,2048,512,source_jackknife,1.1501643293282786,1.1359449256948149,1.1636740303774231,0.13983877227077926,0.12743217098827753,0.1515223994628199,0
tinystories,fixed,2,4096,512,multinomial,0.9624278689991471,0.9537300880918135,0.970670460834571,0.038312724197983435,0.02978470347234201,0.047376521154505476,0
tinystories,fixed,2,4096,512,source_same_lag,1.0864311003915548,1.0750257584914371,1.0973454604252932,0.0828638844206399,0.07230463332888547,0.09286591307028859,0
tinystories,fixed,2,4096,512,source_full,1.1070135490773776,1.0955469334066905,1.1178261267117342,0.10163388012948021,0.09123609945193517,0.11137166696428656,0
tinystories,fixed,2,4096,512,multinomial_jackknife,0.9862029700297037,0.9781205131765687,0.994156024941182,0.013900226684291165,0.005869436413701191,0.02212922322787225,0
tinystories,fixed,2,4096,512,source_jackknife,1.2034696961532207,1.1887666995216248,1.2172754150508258,0.18514672518667405,0.17286883639413655,0.19658309952566488,0
tinystories,fixed,2,8192,512,multinomial,0.9755024162856163,0.9667584328051138,0.984252023140723,0.024822738962593408,0.015886844680143623,0.03380748844700851,0
tinystories,fixed,2,8192,512,source_same_lag,1.1476913513878697,1.13420941429619,1.1610821602034558,0.13769088401768004,0.12591103227954678,0.14929674722997782,0
tinystories,fixed,2,8192,512,source_full,1.1685003666139089,1.1547191774005703,1.182179594724614,0.1556585854039201,0.14381720840488768,0.16730758573732896,0
tinystories,fixed,2,8192,512,multinomial_jackknife,0.9908591953302397,0.9819910169132189,0.9999585850681493,0.01009516603655942,0.004733366854713,0.018182713172900152,0
tinystories,fixed,2,8192,512,source_jackknife,1.2311461137979418,1.2160588466838993,1.2459560787445416,0.2078742407202758,0.1955449595340828,0.21983955770455033,0
tinystories,fixed,2,1024,1024,multinomial,0.8581811176643093,0.8428733642343557,0.8722990834703016,0.1531266370792453,0.13664249429486636,0.17112543976201558,0
tinystories,fixed,2,1024,1024,source_same_lag,0.7221584664663726,0.7104427028490795,0.7331313826085876,0.32566989817451897,0.31050739753280815,0.3419658549854496,0
tinystories,fixed,2,1024,1024,source_full,0.7355658536168543,0.7238160077850865,0.746772887440268,0.3072727529388027,0.2920307158129249,0.323299581325843,0
tinystories,fixed,2,1024,1024,multinomial_jackknife,0.9423535252481219,0.924022389610069,0.9594713154472955,0.059606573383539245,0.041476915277955016,0.07927860041906479,0
tinystories,fixed,2,1024,1024,source_jackknife,0.912715184185856,0.8950504628238127,0.9292172370173527,0.09157070880728531,0.07352683019573104,0.11103356291814664,0
tinystories,fixed,2,2048,1024,multinomial,0.9028155528652299,0.893744239898732,0.9120834893024785,0.1022800572201739,0.09205218888543083,0.11236041059516898,0
tinystories,fixed,2,2048,1024,source_same_lag,0.8717073248979138,0.8637531421198007,0.8794720203969816,0.13732609904493762,0.12844689879155596,0.14649881597852588,0
tinystories,fixed,2,2048,1024,source_full,0.8865360360531793,0.8784984375882965,0.8944043898994752,0.12045677225701605,0.11160888920789845,0.12956810776627062,0
tinystories,fixed,2,2048,1024,multinomial_jackknife,0.9566655463503551,0.9444287765931043,0.968137915854258,0.04438284503442982,0.032402295237789605,0.05726684730756988,0
tinystories,fixed,2,2048,1024,source_jackknife,1.0410469904150261,1.0296071602975156,1.0519315757237089,0.04017636599305632,0.029156623435738865,0.05059784408751933,0
tinystories,fixed,2,4096,1024,multinomial,0.9294069239575038,0.9212636771269258,0.9370024416709478,0.07322568300551546,0.06507325550618988,0.08203335363772224,0
tinystories,fixed,2,4096,1024,source_same_lag,0.9888059642057894,0.9791921588410839,0.9993406484378475,0.013630092881729452,0.008084730629288092,0.021029533817851373,0
tinystories,fixed,2,4096,1024,source_full,1.0040997823513693,0.9945653424631847,1.0143026960623593,0.005952642028643492,0.001876463070715959,0.014289624562199286,0
tinystories,fixed,2,4096,1024,multinomial_jackknife,0.9612878151080566,0.9533104335217805,0.9687440967178075,0.03949213969279377,0.031768605905383634,0.047831648647143274,0
tinystories,fixed,2,4096,1024,source_jackknife,1.1274865900638764,1.1150271939905612,1.141441952687537,0.11992512437998483,0.10885733718910924,0.13219625500925586,0
tinystories,fixed,2,8192,1024,multinomial,0.9475986506210136,0.9392555228674898,0.9558721273030367,0.05384377498767342,0.04516596477119395,0.06268698168990094,0
tinystories,fixed,2,8192,1024,source_same_lag,1.0750009630753983,1.0630689298916405,1.0872422005993312,0.0722631568459326,0.06113962972403101,0.08356119524434424,0
tinystories,fixed,2,8192,1024,source_full,1.0904996811353531,1.078466252396939,1.102996610044354,0.0865772708462041,0.07551235991902565,0.09795474850229649,0
tinystories,fixed,2,8192,1024,multinomial_jackknife,0.9689324535817123,0.9599655573212401,0.9781417034541953,0.031589192661226846,0.022145033770847374,0.04086111949780979,0
tinystories,fixed,2,8192,1024,source_jackknife,1.1778600374059005,1.1636262301105273,1.19204885321899,0.16362276912813326,0.15149308511807233,0.17564554799245252,0
tinystories,fixed,2,1024,2048,multinomial,0.7867734995087555,0.7649935909196671,0.8068073993191426,0.24027707660664147,0.2148016577140798,0.26834649764825935,0
tinystories,fixed,2,1024,2048,source_same_lag,0.5716164655217819,0.5595013769815858,0.582810073360171,0.559525717220842,0.5400398361644295,0.5809668357816683,0
tinystories,fixed,2,1024,2048,source_full,0.581031374591064,0.5688077881449549,0.5923045157615363,0.5431833461621413,0.5238223302720688,0.5644148685910848,0
tinystories,fixed,2,1024,2048,multinomial_jackknife,0.8987683271896989,0.8710179003107495,0.9261846368275117,0.10737226132283784,0.0769086958874298,0.13849255728705676,0
tinystories,fixed,2,1024,2048,source_jackknife,0.7490774455393715,0.7298770311781,0.7665344087325155,0.28929447598710584,0.266042338210996,0.3153054377450196,0
tinystories,fixed,2,2048,2048,multinomial,0.8467674392151618,0.8369072297370851,0.856595314238661,0.16635237062396596,0.15481556620689316,0.1780698118205267,0
tinystories,fixed,2,2048,2048,source_same_lag,0.7305198459688796,0.7212115540323595,0.7393290839087544,0.3140280880823844,0.3020432614025299,0.3268631494593468,0
tinystories,fixed,2,2048,2048,source_full,0.7413029298106272,0.7323108214467473,0.7498832924792476,0.29936741308736053,0.287846533579572,0.31156596207903764,0
tinystories,fixed,2,2048,2048,multinomial_jackknife,0.9193058924233201,0.9050076727977742,0.9340392538296107,0.08424877298964521,0.0682889228322555,0.0998985987083715,0
tinystories,fixed,2,2048,2048,source_jackknife,0.904733786760787,0.8922644476321465,0.9167253954090184,0.10016633982137117,0.08699622576448517,0.11404238838649798,0
tinystories,fixed,2,4096,2048,multinomial,0.8854961430833622,0.8743172644118723,0.8963556651870586,0.12164961122553636,0.10944894066514708,0.13434739020904057,0
tinystories,fixed,2,4096,2048,source_same_lag,0.8695053625094519,0.8579576076134217,0.8817344757148087,0.1398891722465806,0.12594261641343518,0.1532057995551057,0
tinystories,fixed,2,4096,2048,source_full,0.8810759836644247,0.8696521228643525,0.8928202403475848,0.12666073588392793,0.11344286570212443,0.13970793572063636,0
tinystories,fixed,2,4096,2048,multinomial_jackknife,0.9260997452714381,0.9133267431847234,0.9391803948136598,0.07684153942666273,0.06277895443059467,0.09069859494505081,0
tinystories,fixed,2,4096,2048,source_jackknife,1.0254001403561959,1.0091523667627413,1.0423822523775141,0.02496491849719513,0.011403362398330112,0.04138360772991304,0
tinystories,fixed,2,8192,2048,multinomial,0.908300406211676,0.8976908089593962,0.9183692007409586,0.09619667218645907,0.08517266137879567,0.10793477650702331,0
tinystories,fixed,2,8192,2048,source_same_lag,0.9789521738760641,0.965881582959239,0.9921666733204827,0.021329015240630356,0.010635256764592566,0.034765086583922744,0
tinystories,fixed,2,8192,2048,source_full,0.9907833415340741,0.977640935711331,1.0041210362602375,0.012575560935519883,0.005548996831136929,0.02267942803464634,0
tinystories,fixed,2,8192,2048,multinomial_jackknife,0.9360440374242175,0.9231798710628012,0.9482525505197195,0.06614957437859849,0.05318359411036154,0.07995924611307449,0
tinystories,fixed,2,8192,2048,source_jackknife,1.1016152991678023,1.0845441483741267,1.1189456404811726,0.09667438809842444,0.08107829808325219,0.11233421813991382,0
tinystories,fixed,2,1024,4096,multinomial,0.7012057681698797,0.6755720244979755,0.7239969455750938,0.3558059472785317,0.32318240706383944,0.3931828582534215,0
tinystories,fixed,2,1024,4096,source_same_lag,0.43841705104663414,0.42887509201137197,0.4474674698187055,0.8248652043907249,0.8042637705417919,0.846781137596292,0
tinystories,fixed,2,1024,4096,source_full,0.44517329309110876,0.43566933384649914,0.45434049025022044,0.8095640124722746,0.789082988789974,0.8310345232159799,0
tinystories,fixed,2,1024,4096,multinomial_jackknife,0.8354729658010216,0.7991852916956801,0.8690923555207608,0.18100550739133345,0.14059948216250312,0.22539069951122612,0
tinystories,fixed,2,1024,4096,source_jackknife,0.585831376694515,0.5697953041146041,0.6003430055181743,0.5351794449332515,0.5103083638165316,0.562955666263036,0
tinystories,fixed,2,2048,4096,multinomial,0.7817501429546874,0.7721075227412469,0.7918113947975663,0.24626432940045787,0.23347395535663806,0.2586494756739055,0
tinystories,fixed,2,2048,4096,source_same_lag,0.5916971194104219,0.5836544700471339,0.5998082639507468,0.5248237588067358,0.5111830108312129,0.5384882057786912,0
tinystories,fixed,2,2048,4096,source_full,0.599583596370406,0.5916893074056191,0.6075531806094845,0.5115734457621667,0.49833387271201784,0.5248087765108587,0
tinystories,fixed,2,2048,4096,multinomial_jackknife,0.8767217434588588,0.8597171034213948,0.8980265945145275,0.13186350600215507,0.10790743738037392,0.151158058993357,0
tinystories,fixed,2,2048,4096,source_jackknife,0.756339984695509,0.7436112586051219,0.7683492119589962,0.27939250892289397,0.2635549680568604,0.29630094569909626,0
tinystories,fixed,2,4096,4096,multinomial,0.8371266904180495,0.8228947854421083,0.8518511348716347,0.177941255977885,0.16043976176089414,0.19508432733160422,0
tinystories,fixed,2,4096,4096,source_same_lag,0.7431137138325329,0.733005034728314,0.7546453251221198,0.2969868305287428,0.2815874876590138,0.31061740727245285,0
tinystories,fixed,2,4096,4096,source_full,0.752004245439785,0.7419397495833511,0.7630995185815516,0.28508538824473495,0.27044793416054735,0.298521071460925,0
tinystories,fixed,2,4096,4096,multinomial_jackknife,0.8888772664842739,0.8694149836076108,0.9090735838875466,0.11810211170161788,0.09551290469212967,0.1400749141398759,0
tinystories,fixed,2,4096,4096,source_jackknife,0.908565770880801,0.8922529953872906,0.9256226743972766,0.09607521341098485,0.07754049914190907,0.11410063396394318,0
tinystories,fixed,2,8192,4096,multinomial,0.8658083024168243,0.8558428026878858,0.8768993458834816,0.14412427449802723,0.1313899035786005,0.15567270771942057,0
tinystories,fixed,2,8192,4096,source_same_lag,0.8719851679288977,0.8609991344944847,0.8838478590757991,0.13703446904671598,0.12352361008858753,0.14966859384589204,0
tinystories,fixed,2,8192,4096,source_full,0.8813313052230436,0.8705547498975158,0.8929976024515014,0.12636687990350767,0.11321936478038107,0.1386282042699909,0
tinystories,fixed,2,8192,4096,multinomial_jackknife,0.9009707530070297,0.8871613096466777,0.9168070722155193,0.10440819232582793,0.08698520767475276,0.11976137407463137,0
tinystories,fixed,2,8192,4096,source_jackknife,1.0112906314564234,0.9960814903484266,1.0281273051660627,0.012468691928610671,0.0026666881808837177,0.027682602360746388,0
tinystories,fixed,5,1024,512,multinomial,0.8936667373467719,0.884879423145893,0.902269324932665,0.11243842448372048,0.10285830259068397,0.12231803102899702,0
tinystories,fixed,5,1024,512,source_same_lag,0.9188653721529462,0.9078781461774899,0.9291660307206132,0.08466107668129534,0.07352838948490877,0.09669971693926695,0
tinystories,fixed,5,1024,512,source_full,0.94587909206148,0.9350796485544907,0.9560605825105134,0.05567920394443334,0.04496288105165374,0.06715256139971466,0
tinystories,fixed,5,1024,512,multinomial_jackknife,0.9153172186821483,0.9063303559155591,0.9240205230071855,0.08850236249229237,0.07903833908859928,0.09836809127617054,0
tinystories,fixed,5,1024,512,source_jackknife,1.0607340133723506,1.047987960417568,1.0723398101427384,0.05891845886286903,0.04684072545524266,0.06982400389724727,0
tinystories,fixed,5,1024,512,bootstrap,0.9233829696549013,0.9097516904766059,0.9369293116515505,0.07982172538304168,0.06519448193410517,0.09467798692252183,0
tinystories,fixed,5,1024,512,bootstrap_jackknife,1.0054417041431347,0.9859165385346301,1.0243216190545663,0.018048534588420134,0.008453268548217385,0.02878997853497308,0
tinystories,fixed,5,2048,512,multinomial,0.9009895575673615,0.8923175809506905,0.9095863477327303,0.10427658244462358,0.09478125430294973,0.1139361218954019,0
tinystories,fixed,5,2048,512,source_same_lag,1.0009363616407918,0.9896045182382973,1.0114746594277295,0.006579252534882199,0.0033229390900101135,0.012929114395867044,0
tinystories,fixed,5,2048,512,source_full,1.0286266059745868,1.017241002367333,1.0392592245484964,0.028196382644215742,0.01706198386846781,0.03848793592491418,0
tinystories,fixed,5,2048,512,multinomial_jackknife,0.9108208716154071,0.9014385175280254,0.9203142811278591,0.09343540760445677,0.0830763995275122,0.10377763370607337,0
tinystories,fixed,5,2048,512,source_jackknife,1.1125913143134931,1.0974661235049539,1.1264626698734799,0.10662059683206855,0.09296284730608871,0.11903179481690979,0
tinystories,fixed,5,2048,512,bootstrap,0.9664089547347385,0.9528380198644996,0.9791044142930999,0.034251366728367844,0.02113226393285231,0.04842076644405594,0
tinystories,fixed,5,2048,512,bootstrap_jackknife,1.0178799146203823,0.9954253102924683,1.040090229635952,0.025401699249598907,0.011477730602688602,0.041616919730710786,0
tinystories,fixed,5,4096,512,multinomial,0.9019084323960729,0.8933122413987535,0.9103239002203551,0.10325372013273938,0.09396305474781055,0.11282596601981738,0
tinystories,fixed,5,4096,512,source_same_lag,1.0530257021587834,1.03996764646272,1.0654021730354293,0.05161277442678511,0.03914500424378694,0.06332452784608765,0
tinystories,fixed,5,4096,512,source_full,1.0810823108817214,1.0677343673578663,1.0938131044898622,0.07790867960820082,0.0654877698648861,0.08963884428928126,0
tinystories,fixed,5,4096,512,multinomial_jackknife,0.9053102481408661,0.8968995630138278,0.9135041856373437,0.09948636232101853,0.09047794733807539,0.10881675873966892,0
tinystories,fixed,5,4096,512,source_jackknife,1.1354752015770158,1.1182057954490086,1.1521373969393038,0.12693787392946523,0.1116119774889073,0.1415750625965853,0
tinystories,fixed,5,4096,512,bootstrap,0.984517100469655,0.9754005022693286,0.9931362038939938,0.015609168814690641,0.006889021889223989,0.02491182467963705,0
tinystories,fixed,5,4096,512,bootstrap_jackknife,1.0069806064123064,0.9950825424960676,1.019354937904369,0.009061429467323844,0.0037841772921244007,0.019196043315388853,0
tinystories,fixed,5,8192,512,multinomial,0.901126639564386,0.8926802990504117,0.9094533626872497,0.1041205438267332,0.09492220635771788,0.11353534491314349,0
tinystories,fixed,5,8192,512,source_same_lag,1.0827235491840796,1.0693934707570958,1.0956687768487003,0.07942151932271758,0.06706476476427801,0.09134474493469381,0
tinystories,fixed,5,8192,512,source_full,1.1109484248693504,1.0973944729195615,1.1242123065144636,0.1051561085805563,0.09286083340753648,0.11705233633892749,0
tinystories,fixed,5,8192,512,multinomial_jackknife,0.9024745493069418,0.8938918039674733,0.9109166962433737,0.10262732029604323,0.0933175658535164,0.11218396869185433,0
tinystories,fixed,5,8192,512,source_jackknife,1.1428268871489171,1.1280550728992857,1.1574490190914495,0.13343276859868106,0.12043911744151167,0.1461599519098022,0
tinystories,fixed,5,8192,512,bootstrap,0.997714743656202,0.9867426197340002,1.0090930551593345,0.007257078623874438,0.0027923411125272963,0.014538359270554638,0
tinystories,fixed,5,8192,512,bootstrap_jackknife,1.0062659422799018,0.992940192172667,1.0214344081946305,0.009788169422987205,0.0020578159702048706,0.021269055599932616,0
tinystories,fixed,5,1024,1024,multinomial,0.8787580594775578,0.8697890181243111,0.887631891498065,0.12929004347848388,0.11920713263872211,0.13954468621489707,0
tinystories,fixed,5,1024,1024,source_same_lag,0.8173435711694887,0.8080167627747639,0.8260478097899671,0.20175420505654698,0.19112156582819181,0.21324381657545247,0
tinystories,fixed,5,1024,1024,source_full,0.836553484765121,0.8270727091502733,0.8454864906061892,0.1785224612686888,0.1678571458722918,0.1899158490026637,0
tinystories,fixed,5,1024,1024,multinomial_jackknife,0.9181132308647035,0.9085436785342031,0.9271036706196797,0.08547847317636399,0.07571051155885736,0.09597126393197629,0
tinystories,fixed,5,1024,1024,source_jackknife,0.9777066049613294,0.966169513607253,0.9888845545985849,0.02261650037527357,0.011353973727047335,0.03447133502760286,0
tinystories,fixed,5,1024,1024,bootstrap,0.8501678154700213,0.8425908781114673,0.8577021911248184,0.1623479606755477,0.1535190070030921,0.17131605083676027,0
tinystories,fixed,5,1024,1024,bootstrap_jackknife,0.967088993020679,0.9558185789026306,0.9777056119293969,0.033531558984311614,0.022558662126246996,0.045262441899506574,0
tinystories,fixed,5,2048,1024,multinomial,0.8938702814854285,0.8857026971531795,0.9026719516738356,0.11223063553813574,0.1024491394677506,0.12139602882094395,0
tinystories,fixed,5,2048,1024,source_same_lag,0.9263422913014038,0.9178581054647701,0.9343822785348996,0.07653708794647764,0.06787673811951637,0.0857272232383569,0
tinystories,fixed,5,2048,1024,source_full,0.9465413452486542,0.9378838756689811,0.9549101413133878,0.05496682318260925,0.04616035990570923,0.0641515160685682,0
tinystories,fixed,5,2048,1024,multinomial_jackknife,0.9136304288911069,0.903930275469689,0.9237024893891396,0.0903869738344004,0.0794186286594526,0.10102381004377912,0
tinystories,fixed,5,2048,1024,source_jackknife,1.0589348116145108,1.0464147302589641,1.0709460921546452,0.05719696142393959,0.045311857735473755,0.06850853177193462,0
tinystories,fixed,5,2048,1024,bootstrap,0.9245553922820672,0.9154582650680976,0.933640195397409,0.07847922669003109,0.06869404832429939,0.08837152464093069,0
tinystories,fixed,5,2048,1024,bootstrap_jackknife,1.000150435744579,0.9888725901666812,1.0123364588194281,0.010546174444647451,0.00465764118454844,0.0157124195714202,0
tinystories,fixed,5,4096,1024,multinomial,0.8966700063280314,0.889403258777177,0.9038464971021448,0.1090828713833605,0.10109740536836336,0.11720615828583178,0
tinystories,fixed,5,4096,1024,source_same_lag,0.9999160423693466,0.9898381063821045,1.0094766685067988,0.007619402126282437,0.004179879379230019,0.012194891928057621,0
tinystories,fixed,5,4096,1024,source_full,1.0203590625012755,1.0101717969310617,1.0299097345789874,0.020119036236139788,0.01023261617171273,0.029459331096535313,0
tinystories,fixed,5,4096,1024,multinomial_jackknife,0.904340209141225,0.8975983416852858,0.9109873078763147,0.10055709384716671,0.09323026422677771,0.10803395240086909,0
tinystories,fixed,5,4096,1024,source_jackknife,1.0989113659171952,1.085481216065289,1.1116549401586522,0.09424705441212115,0.0819631327615158,0.10581122403588464,0
tinystories,fixed,5,4096,1024,bootstrap,0.9649539299208585,0.9533936030843766,0.9754468393330861,0.035741681051927335,0.024876337894110506,0.04779572526093105,0
tinystories,fixed,5,4096,1024,bootstrap_jackknife,1.005217316924965,0.9862076333109413,1.0223514261567088,0.018305438874191424,0.008873067218373519,0.028305086465943943,0
tinystories,fixed,5,8192,1024,multinomial,0.8975813860108345,0.8902281943171113,0.9048865260947014,0.10806881077723385,0.09995496965851487,0.1162961381168269,0
tinystories,fixed,5,8192,1024,source_same_lag,1.0481113333719352,1.0365039602466826,1.0600164271344028,0.04692792221650047,0.03581579327693075,0.05823500057007382,0
tinystories,fixed,5,8192,1024,source_full,1.0687623211919122,1.0569212951113254,1.0809761206556496,0.0664384795870231,0.055283708042475274,0.07779549822499536,0
tinystories,fixed,5,8192,1024,multinomial_jackknife,0.9008240349551067,0.8933558729961486,0.9082875158894526,0.10446342624887389,0.09621652949954387,0.112786282221397,0
tinystories,fixed,5,8192,1024,source_jackknife,1.118426388726871,1.1056995948220867,1.1314867403302342,0.11185023061582383,0.10037459664018765,0.12346186127284911,0
tinystories,fixed,5,8192,1024,bootstrap,0.9835604926882061,0.9755288287907018,0.9915657824192697,0.01659097198499789,0.008520400535105815,0.024784505524720345,0
tinystories,fixed,5,8192,1024,bootstrap_jackknife,1.0013051711189418,0.9913615783544638,1.0112448269426062,0.0072363528428047086,0.0027453444850124003,0.013371761448328096,0
tinystories,fixed,5,1024,2048,multinomial,0.8469691934760861,0.8326331521387385,0.8611154748569311,0.16623902361261164,0.1495907429451361,0.18330553224570664,0
tinystories,fixed,5,1024,2048,source_same_lag,0.696196144459125,0.6844771135482043,0.706910570868653,0.362253757490741,0.3469314693544993,0.3792574229459089,0
tinystories,fixed,5,1024,2048,source_full,0.7097871183279334,0.6980920479365125,0.7206607281066104,0.3429196061522057,0.3276803940926741,0.35952061906934557,0
tinystories,fixed,5,1024,2048,multinomial_jackknife,0.9109665904310772,0.8938795566387636,0.9273522070665243,0.09343157054406837,0.0754465120703685,0.11233230826732662,0
tinystories,fixed,5,1024,2048,source_jackknife,0.8679750047240391,0.851681877291782,0.8833431122888634,0.14178129977486803,0.12412889975002911,0.16078618266971642,0
tinystories,fixed,5,1024,2048,bootstrap,0.7377005438342567,0.7214845416170353,0.7535188227115281,0.3045110370652949,0.2832131749596832,0.32663284647987295,0
tinystories,fixed,5,1024,2048,bootstrap_jackknife,0.8898646475437783,0.86568760314648,0.9138604344295509,0.11717125723804023,0.09037083383513597,0.1444291537831764,0
tinystories,fixed,5,2048,2048,multinomial,0.873940084635311,0.863174817731321,0.8845209010798111,0.13479153298296934,0.12276594932490406,0.14719183578005912,0
tinystories,fixed,5,2048,2048,source_same_lag,0.8265102833725769,0.816839458987207,0.8352543067718945,0.19056872215657425,0.18004754241270185,0.20233747534577645,0
tinystories,fixed,5,2048,2048,source_full,0.8413485965533826,0.8316199887854727,0.8503056948020811,0.17277542277285665,0.16217184780684246,0.18440223575938358,0
tinystories,fixed,5,2048,2048,multinomial_jackknife,0.908649957538135,0.8958125971985534,0.9208841946241655,0.09588043716691363,0.08247462503845113,0.11008494939807768,0
tinystories,fixed,5,2048,2048,source_jackknife,0.9760463150991697,0.9629752939462176,0.988190475267175,0.024302689959447527,0.01195634277789372,0.03773951037156154,0
tinystories,fixed,5,2048,2048,bootstrap,0.8645060010888164,0.8526651596206439,0.8752885868686644,0.14566238691441455,0.13324187464374548,0.15943256120312524,0
tinystories,fixed,5,2048,2048,bootstrap_jackknife,0.9849339213546294,0.9646155480210205,1.0043083937366843,0.021109675048321896,0.008453987779483847,0.03721276489327728,0
tinystories,fixed,5,4096,2048,multinomial,0.8828660952726232,0.8731057925300834,0.891814415905457,0.12459836097906062,0.11450003114284767,0.1357167373005552,0
tinystories,fixed,5,4096,2048,source_same_lag,0.9247831079833467,0.9136235440758532,0.9355137707507886,0.07823178997302299,0.06669174148609672,0.09034569550105936,0
tinystories,fixed,5,4096,2048,source_full,0.9399636979297673,0.9288684536532611,0.9506908469156525,0.06194523558949777,0.05059757002708291,0.0738009196183298,0
tinystories,fixed,5,4096,2048,multinomial_jackknife,0.8974442633324494,0.8881855177637592,0.9061375374593936,0.10821335057500603,0.0985698168196976,0.11858357986542556,0
tinystories,fixed,5,4096,2048,source_jackknife,1.0440609403632606,1.030164263416194,1.0575703315953904,0.043060228720141404,0.029701514614687764,0.05592773857481085,0
tinystories,fixed,5,4096,2048,bootstrap,0.9310124938641706,0.9201239937015591,0.9411474821137511,0.07151060800878814,0.06066675427326287,0.0832808651051667,0
tinystories,fixed,5,4096,2048,bootstrap_jackknife,1.0045623685502663,0.9914492820140315,1.016311101929721,0.010421278926718116,0.005591857691509428,0.016495354736093856,0
tinystories,fixed,5,8192,2048,multinomial,0.8866931420205185,0.8767457021426787,0.8957764013841057,0.12027382363339072,0.11007719289377488,0.13154175151250466,0
tinystories,fixed,5,8192,2048,source_same_lag,0.9954293401675982,0.9825314339764923,1.008169517143942,0.009999333963121406,0.0042247073230665426,0.018631756250329715,0
tinystories,fixed,5,8192,2048,source_full,1.010798536853361,0.9976480016259046,1.0238128040610908,0.012512879506247708,0.004767503676856762,0.023616295982377706,0
tinystories,fixed,5,8192,2048,multinomial_jackknife,0.8935289978574904,0.8836234549458458,0.9028543643575508,0.1125983572008834,0.10221390209037612,0.12374283140395756,0
tinystories,fixed,5,8192,2048,source_jackknife,1.082475542988079,1.0676306820501849,1.0968293862677299,0.0791781287402525,0.06536160712279591,0.09239142794419913,0
tinystories,fixed,5,8192,2048,bootstrap,0.966634750458744,0.9555066344784745,0.9771368956236834,0.0339614129160306,0.02315499410809874,0.04554057937794867,0
tinystories,fixed,5,8192,2048,bootstrap_jackknife,1.006590143874658,0.9959338702525694,1.016297746326716,0.006558318644668603,0.0020664186088067706,0.016158182873794665,0
tinystories,fixed,5,1024,4096,multinomial,0.7994600011749288,0.7797224733609477,0.8179294486188763,0.2242097209667856,0.2011454490434181,0.24917906951976315,0
tinystories,fixed,5,1024,4096,source_same_lag,0.5670161822631061,0.5562739534178616,0.5769601690317341,0.5675843612353385,0.550013799951987,0.5867228160410548,0
tinystories,fixed,5,1024,4096,source_full,0.5766617569212582,0.5659609806063687,0.5867762129458873,0.550711675613834,0.5332077522564542,0.5693714584214832,0
tinystories,fixed,5,1024,4096,multinomial_jackknife,0.8948417460823026,0.8694410795254505,0.9195451317011533,0.11165221156611793,0.08401717173999991,0.14010852673150898,0
tinystories,fixed,5,1024,4096,source_jackknife,0.7355889476802134,0.7185098489283188,0.7512900383857133,0.3074258350573184,0.2861279752637424,0.3309796882536628,0
tinystories,fixed,5,1024,4096,bootstrap,0.605423324138284,0.5955131628098272,0.6151881235319318,0.5019850609173909,0.48597909818571694,0.5184436092932955,0
tinystories,fixed,5,1024,4096,bootstrap_jackknife,0.7814018774287332,0.7638924242485567,0.798518240890855,0.24699137111377834,0.22522580991874153,0.26946734508277354,0
tinystories,fixed,5,2048,4096,multinomial,0.8435115720147008,0.8352381293516399,0.8521201675417079,0.17021384876204806,0.16004991591530085,0.18003944034165392,0
tinystories,fixed,5,2048,4096,source_same_lag,0.7109884613425762,0.7040335191495171,0.7179518588660877,0.34112417304738235,0.33137117151525186,0.35095713914614485,0
tinystories,fixed,5,2048,4096,source_full,0.7219270101418986,0.7151643204778606,0.7287777581845979,0.32585046278314667,0.31638983289247896,0.3352611584067182,0
tinystories,fixed,5,2048,4096,multinomial_jackknife,0.8989413843216378,0.8863714942636112,0.9112808170521876,0.10664481004000205,0.09295432966272077,0.12067668934452003,0
tinystories,fixed,5,2048,4096,source_jackknife,0.8702735674946305,0.8606559627328662,0.8797831381238568,0.13899210017639516,0.12812915393295363,0.15012269467004402,0
tinystories,fixed,5,2048,4096,bootstrap,0.7665809586840118,0.7559112215417324,0.776101837564052,0.26589864903026195,0.2534899194246979,0.27995101528079114,0
tinystories,fixed,5,2048,4096,bootstrap_jackknife,0.9317318833466844,0.914398535954257,0.9468535088404554,0.07089807581114903,0.054661588383349176,0.08972052460214247,0
tinystories,fixed,5,4096,4096,multinomial,0.8640867986200578,0.855020742053311,0.8731416516740427,0.14611837541037118,0.13567138031037576,0.15665117727375666,0
tinystories,fixed,5,4096,4096,source_same_lag,0.832548850946394,0.823667917792356,0.8425773268951815,0.1833151313590559,0.17136575695049427,0.19399424511112143,0
tinystories,fixed,5,4096,4096,source_full,0.8441142798030512,0.835459442275754,0.8538180269591221,0.1695108538493153,0.1581006693906889,0.17977828658206407,0
tinystories,fixed,5,4096,4096,multinomial_jackknife,0.8881434649559553,0.878328702989433,0.8988519910858508,0.11867850028144454,0.10670488153626335,0.1297444974055221,0
tinystories,fixed,5,4096,4096,source_jackknife,0.970832840862138,0.9583314557035972,0.9848979521880682,0.029699405059121376,0.01704882942936278,0.04261925040551297,0
tinystories,fixed,5,4096,4096,bootstrap,0.8671971983600757,0.856594801004533,0.8787880955634202,0.1425652669592288,0.12926159117167713,0.15482771546271445,0
tinystories,fixed,5,4096,4096,bootstrap_jackknife,0.9760198083537794,0.9617840125909527,0.9914075197905063,0.024403136534556457,0.010973716112182137,0.03898617496275655,0
tinystories,fixed,5,8192,4096,multinomial,0.8716540420790455,0.864130302259228,0.879873586398932,0.13737695695443858,0.1279885652514149,0.14604639264145391,0
tinystories,fixed,5,8192,4096,source_same_lag,0.926240510293686,0.9159035851641595,0.937418618369143,0.07667836833023137,0.06469273036710838,0.08785028471687202,0
tinystories,fixed,5,8192,4096,source_full,0.938014985319115,0.9276435662086212,0.9493633045088177,0.06404483075563094,0.05203662341070222,0.0751375418558551,0
tinystories,fixed,5,8192,4096,multinomial_jackknife,0.8839629527816645,0.8746302122400046,0.893930928816936,0.12338584281090058,0.11216575785618678,0.1339678850353408,0
tinystories,fixed,5,8192,4096,source_jackknife,1.0329335640092197,1.0191516164472418,1.0473374523678813,0.03230964486289283,0.01889896093202631,0.046168448534909846,0
tinystories,fixed,5,8192,4096,bootstrap,0.9370599128496887,0.9262264965216589,0.9480996428732473,0.06506295179870275,0.05336953406141037,0.07671793666231465,0
tinystories,fixed,5,8192,4096,bootstrap_jackknife,1.0046072262247887,0.989402010180907,1.0192867722291654,0.012595759573095324,0.005319684330551217,0.02232322481553283,0
tinystories,fixed,10,1024,512,multinomial,0.869172930853586,0.858922510261111,0.8793535660567073,0.1402357892001883,0.12859328834408235,0.15207981635615053,0
tinystories,fixed,10,1024,512,source_same_lag,0.9391641647467515,0.9251456193021607,0.9532391347750179,0.06285322252886304,0.04794050100483629,0.07785069856944982,0
tinystories,fixed,10,1024,512,source_full,0.9746877371315055,0.9606276754949936,0.9888984675642659,0.025716892126031416,0.012069383881916404,0.04022013068610955,0
tinystories,fixed,10,1024,512,multinomial_jackknife,0.8734269579218575,0.8628216412906428,0.8838481064614324,0.13535747301048037,0.12348787696441106,0.14756476617139044,0
tinystories,fixed,10,1024,512,source_jackknife,1.0537605988319805,1.0380934310313832,1.0698896806037237,0.05227610659383572,0.03731580282529965,0.06748957459581965,0
tinystories,fixed,10,2048,512,multinomial,0.8654893039219995,0.8556082036922372,0.8750958792025495,0.14447271998680192,0.1334291732980967,0.1559498166931272,0
tinystories,fixed,10,2048,512,source_same_lag,0.9917242122920319,0.9777613589086669,1.0054733199319408,0.0110384518329614,0.004377597754045353,0.02269601032617515,0
tinystories,fixed,10,2048,512,source_full,1.0276892413756662,1.0133812999284524,1.0415985859492405,0.027257318968145483,0.014079096192723874,0.040699453545384345,0
tinystories,fixed,10,2048,512,multinomial_jackknife,0.8626302787600383,0.8526719885818799,0.8722871231041717,0.14778567611590174,0.1366431498020758,0.1593916099839379,0
tinystories,fixed,10,2048,512,source_jackknife,1.0804451343963843,1.0634984561329528,1.0969389668905332,0.0772785765100915,0.06147539896450741,0.0924925842456923,0
tinystories,fixed,10,4096,512,multinomial,0.8598739169765547,0.8502313476263594,0.8691592791441562,0.15097742906960354,0.14022963779102232,0.16225375797972094,0
tinystories,fixed,10,4096,512,source_same_lag,1.0252120484402552,1.0105041065233134,1.03978608788846,0.02482566986142574,0.011775537147225838,0.03898337406293891,0
tinystories,fixed,10,4096,512,source_full,1.0617235518746673,1.0465012914208824,1.0766928457644245,0.0598209892463574,0.045393201230243777,0.07385162467333888,0
tinystories,fixed,10,4096,512,multinomial_jackknife,0.854614315711624,0.8448768304849896,0.8640563668496857,0.1571146217845786,0.14612581501436622,0.16857188239644716,0
tinystories,fixed,10,4096,512,source_jackknife,1.0944135602011331,1.0764472384379855,1.11252220683451,0.09009008892820698,0.07360322077648966,0.10652214334948847,0
tinystories,fixed,10,8192,512,multinomial,0.8536076615081453,0.8441225510904293,0.8628329759628847,0.15828977666268465,0.14754081245127315,0.16946574768612088,0
tinystories,fixed,10,8192,512,source_same_lag,1.0413113498579731,1.0275840627835682,1.054819933408667,0.0404315933516012,0.02720728303864996,0.053320732645118565,0
tinystories,fixed,10,8192,512,source_full,1.0778848781397778,1.063683737639392,1.0917971294610258,0.07495242753729604,0.06170630637082729,0.08780384548973998,0
tinystories,fixed,10,8192,512,multinomial_jackknife,0.8490756856744446,0.8396269656217751,0.858285919709492,0.16361367997098145,0.1528245994956614,0.1748031716823187,0
tinystories,fixed,10,8192,512,source_jackknife,1.0959160962034749,1.0810026061686127,1.1108218375070014,0.09152964353897271,0.07784243242798324,0.10505443575986342,0
tinystories,fixed,10,1024,1024,multinomial,0.8761826635840404,0.868629735125708,0.8840022987040445,0.13219399857592556,0.12330315480686559,0.14085236644893034,0
tinystories,fixed,10,1024,1024,source_same_lag,0.8700417603304345,0.8604987820999572,0.8793750282356214,0.13925948358044546,0.12857447337261652,0.1502721330419836,0
tinystories,fixed,10,1024,1024,source_full,0.8956201150432966,0.8861881230085236,0.9048843071393787,0.11027761084358341,0.09996787177327594,0.12085457586686724,0
tinystories,fixed,10,1024,1024,multinomial_jackknife,0.8938714096674782,0.886041356509327,0.9019604364595353,0.1122073776445539,0.10319356058186491,0.12100001176905589,0
tinystories,fixed,10,1024,1024,source_jackknife,1.0043722575751084,0.993361378201905,1.0150794873719953,0.009353355474382494,0.004960295555285465,0.015364128842314561,0
tinystories,fixed,10,2048,1024,multinomial,0.8773391379026542,0.8697984399098079,0.8852564335047227,0.13087618751299182,0.1218935639974246,0.1394941600618271,0
tinystories,fixed,10,2048,1024,source_same_lag,0.9477519345627706,0.9380141397180156,0.9573717390300643,0.05369526180453984,0.04358896038998075,0.06401048793082645,0
tinystories,fixed,10,2048,1024,source_full,0.9739708667962346,0.9643229170100519,0.9834817582096178,0.02640202425493431,0.016674729500795786,0.03637257671027321,0
tinystories,fixed,10,2048,1024,multinomial_jackknife,0.8809222277566839,0.8726921917836787,0.8895891893254827,0.12681261649642261,0.11702367881677431,0.13619531455316947,0
tinystories,fixed,10,2048,1024,source_jackknife,1.053474137746197,1.0402684766395947,1.0659451160625595,0.052022189932918454,0.039426853805121086,0.06384739327604017,0
tinystories,fixed,10,4096,1024,multinomial,0.8715672473897673,0.8641050064242911,0.8791779469958787,0.13747426258202886,0.12877406306018693,0.14607527868224687,0
tinystories,fixed,10,4096,1024,source_same_lag,0.997073524963482,0.9855456571831275,1.0084595831241197,0.008972964143373527,0.004488034446547104,0.015721834261495336,0
tinystories,fixed,10,4096,1024,source_full,1.023639354933777,1.011818029555018,1.0352128809776693,0.02331027270905074,0.012139108955443574,0.034569058173515396,0
tinystories,fixed,10,4096,1024,multinomial_jackknife,0.8681817532081691,0.8609701680254596,0.8754829893601305,0.14136342921504896,0.13298801651532552,0.14970662483421435,0
tinystories,fixed,10,4096,1024,source_jackknife,1.0751420971245207,1.0598381348798687,1.0903124665513804,0.07233946703031516,0.05803337294106894,0.08637587885098114,0
tinystories,fixed,10,8192,1024,multinomial,0.8647394619048672,0.8575036359542278,0.8722013396669345,0.14533804009463266,0.1367461792407772,0.1537413100182715,0
tinystories,fixed,10,8192,1024,source_same_lag,1.025193386574299,1.0132131553308437,1.037189713072052,0.024823112423567537,0.01340764741577575,0.03647664411300206,0
tinystories,fixed,10,8192,1024,source_full,1.0519185426967708,1.0396793606577308,1.0640682849141339,0.05055770168140623,0.038858282428078,0.06206501889929003,0
tinystories,fixed,10,8192,1024,multinomial_jackknife,0.8601405064331147,0.8529373016583746,0.8676844444817929,0.150671767455501,0.14193482475338204,0.15907709908159387,0
tinystories,fixed,10,8192,1024,source_jackknife,1.0821031532816225,1.0687861989992955,1.0953164718344874,0.078834361699531,0.06642547217032377,0.0910129631741748,0
tinystories,fixed,10,1024,2048,multinomial,0.8669540934062165,0.8565413171874225,0.8767892791967764,0.1428124329947779,0.13149812963969265,0.15491026498496835,0
tinystories,fixed,10,1024,2048,source_same_lag,0.7765411147626178,0.766035234763257,0.7857645183423925,0.25296414925476146,0.24114602693244047,0.26658231267081883,0
tinystories,fixed,10,1024,2048,source_full,0.7947920538343005,0.7841835807255473,0.8043353953303239,0.22973240546690324,0.2177640597889357,0.24318879155084047,0
tinystories,fixed,10,1024,2048,multinomial_jackknife,0.9041378505954104,0.8931138735351685,0.9143211238266842,0.10081656610645275,0.08958478610810706,0.11309958810033995,0
tinystories,fixed,10,1024,2048,source_jackknife,0.9288986953688381,0.9159447940672252,0.94060886452871,0.07382644457348801,0.061264463782985897,0.0878235181959914,0
tinystories,fixed,10,2048,2048,multinomial,0.877403993645543,0.8672221843958772,0.8873232966501577,0.13082462696007707,0.11958588785009702,0.1424646143200025,0
tinystories,fixed,10,2048,2048,source_same_lag,0.8800985300583993,0.870125693314414,0.8892481367125235,0.12774703214469207,0.11740399661910438,0.13914186779283752,0
tinystories,fixed,10,2048,2048,source_full,0.8992892307901672,0.8890342529819338,0.9086521746642604,0.1061767673808237,0.09579905641158241,0.11764568402783707,0
tinystories,fixed,10,2048,2048,multinomial_jackknife,0.8923198969541635,0.8810871733856083,0.9035867185974479,0.11399104648285345,0.10147465393689134,0.12663665780651684,0
tinystories,fixed,10,2048,2048,source_jackknife,1.0060719238245004,0.9925081664586086,1.0187095312753636,0.01103291100991866,0.006111659475986483,0.018887229864771496,0
tinystories,fixed,10,4096,2048,multinomial,0.8739350739431853,0.8647088013529195,0.882728371844614,0.13476557178960966,0.12475705218952596,0.14538145315459727,0
tinystories,fixed,10,4096,2048,source_same_lag,0.9499994195825188,0.9383709469733488,0.9607325263596616,0.051330936459269165,0.04009774208451285,0.06363760732340698,0
tinystories,fixed,10,4096,2048,source_full,0.9694219075084325,0.9576136874368492,0.9801267403443231,0.031090907962074598,0.020111699916085503,0.043340295709955685,0
tinystories,fixed,10,4096,2048,multinomial_jackknife,0.8752429719558248,0.8664090500484704,0.8835056625788524,0.13326201194062348,0.12386833712571822,0.1434015752826147,0
tinystories,fixed,10,4096,2048,source_jackknife,1.0440528159946763,1.0293245229561516,1.0574363640502062,0.043037110213906736,0.028806503478111544,0.055814610476679814,0
tinystories,fixed,10,8192,2048,multinomial,0.8682038445101791,0.8589153877234668,0.8767789642222726,0.1413457213918608,0.13151221639281038,0.15210214363537222,0
tinystories,fixed,10,8192,2048,source_same_lag,0.9957887624263226,0.9828187931731098,1.0081676131234638,0.009659551806066556,0.003831721206911473,0.018461203560385858,0
tinystories,fixed,10,8192,2048,source_full,1.0154088361240075,1.002137313552618,1.0279866577612011,0.01614105421374373,0.007585094517386115,0.027552381636663327,0
tinystories,fixed,10,8192,2048,multinomial_jackknife,0.8649604002695959,0.8556559105394624,0.8735569409505425,0.14508880981333167,0.13520417069385568,0.1558938648501076,0
tinystories,fixed,10,8192,2048,source_jackknife,1.0625936329800723,1.0481314728369502,1.076160841355532,0.06064028641760944,0.046975180795847206,0.07330928425287837,0
tinystories,fixed,10,1024,4096,multinomial,0.8435284026834209,0.8300837677590887,0.8565681295102127,0.17030882009599876,0.15485700145561268,0.18631805793471493,0
tinystories,fixed,10,1024,4096,source_same_lag,0.6670576766139504,0.6568220970067732,0.6766085440056495,0.40500868101164933,0.39072746758309723,0.4203888845770596,0
tinystories,fixed,10,1024,4096,source_full,0.6800798163140942,0.6697554691776357,0.6898189456968136,0.38567452967311394,0.3713810945391357,0.4009138008128788,0
tinystories,fixed,10,1024,4096,multinomial_jackknife,0.9071394649941216,0.8912730048724063,0.9226240269418136,0.09764277371197568,0.08059430791673147,0.11522282518429383,0
tinystories,fixed,10,1024,4096,source_jackknife,0.83164693544808,0.8169184984350001,0.8455635464206619,0.18453622329577637,0.1678548757631838,0.2023082968264965,0
tinystories,fixed,10,2048,4096,multinomial,0.8680211062024674,0.8588166983611807,0.8777811631173495,0.14158959634195878,0.1303975630171161,0.15220532601913356,0
tinystories,fixed,10,2048,4096,source_same_lag,0.7919176710643483,0.7844703208943309,0.7995227252148324,0.23332364567748257,0.22375798085794665,0.2427823624181571,0
tinystories,fixed,10,2048,4096,source_full,0.8061349441619293,0.7985843241016237,0.8139302380798076,0.215530346293765,0.20591131232278237,0.22494391481442427,0
tinystories,fixed,10,2048,4096,multinomial_jackknife,0.9000196001129469,0.888202892303662,0.9115461794935581,0.10542796318862376,0.09263911396299011,0.11862184858853836,0
tinystories,fixed,10,2048,4096,source_jackknife,0.9351950486934735,0.924449099872874,0.9461044736573375,0.0670576134803559,0.05544302424625195,0.07858636452839995,0
tinystories,fixed,10,4096,4096,multinomial,0.8719481709234539,0.864067209988196,0.88004191215804,0.13704317416651504,0.127787899073013,0.14613513777204834,0
tinystories,fixed,10,4096,4096,source_same_lag,0.8860774026010391,0.8773914957936189,0.8954034768990897,0.12098671349393135,0.11052949435349868,0.13080942437334633,0
tinystories,fixed,10,4096,4096,source_full,0.9006226268742293,0.8921058530753627,0.9098421148080909,0.10470015911040607,0.09450784887591825,0.11418412203155998,0
tinystories,fixed,10,4096,4096,multinomial_jackknife,0.8815567681099881,0.8741939552998829,0.8888149595795821,0.12607633032389412,0.11787553901405247,0.13446195370200864,0
tinystories,fixed,10,4096,4096,source_jackknife,1.0003630021007428,0.9893786371437887,1.0122587921686774,0.0096367257381485,0.005383436792588692,0.014641470319431792,0
tinystories,fixed,10,8192,4096,multinomial,0.8692965656666416,0.8619277899223454,0.87718953760773,0.1400876581768388,0.13105298847478378,0.1485911226238942,0
tinystories,fixed,10,8192,4096,source_same_lag,0.9537668201271415,0.943135816830925,0.9652135649364337,0.047395479406856865,0.03549421567157902,0.05856723956144258,0
tinystories,fixed,10,8192,4096,source_full,0.9684927572272278,0.9576586184662688,0.9801449311899434,0.032074536363146625,0.020124201486138048,0.043285642675186954,0
tinystories,fixed,10,8192,4096,multinomial_jackknife,0.8698709667681723,0.8622905195376289,0.8781019438995386,0.13943139425287573,0.13003199119474568,0.14817217376680267,0
tinystories,fixed,10,8192,4096,source_jackknife,1.0371698068768127,1.024946358054924,1.0500772795257953,0.03642320521934413,0.024574704910730303,0.048782125516798204,0
tinystories,fixed,20,1024,512,multinomial,0.8397743159663202,0.8273858614815036,0.8522791262064048,0.17466004157036052,0.1598813157112941,0.18952610913728085,0
tinystories,fixed,20,1024,512,source_same_lag,0.9463619816261863,0.92936956546189,0.9641157429497647,0.05526207368043157,0.03663040888417508,0.07328075547651067,0
tinystories,fixed,20,1024,512,source_full,0.9921478954094459,0.9745838599333875,1.0104832227238725,0.01540681789328751,0.008305508711804674,0.02655063234610117,0
tinystories,fixed,20,1024,512,multinomial_jackknife,0.8340188182294452,0.8215577231239809,0.8464565254879425,0.18154030476432273,0.16672819801573385,0.19660185787267082,0
tinystories,fixed,20,1024,512,source_jackknife,1.0418992508895741,1.023393002413666,1.0612376229982359,0.040916421701319074,0.02307725209111698,0.05933255194600064,0
tinystories,fixed,20,1024,512,bootstrap,0.9716808642368835,0.9518831743001761,0.9929301483514702,0.030707882186396165,0.014883988442103849,0.04939237381709123,0
tinystories,fixed,20,1024,512,bootstrap_jackknife,1.014186773942983,0.9898767433788309,1.0404142514965604,0.025348997689522174,0.011999357413401737,0.0413936858682616,0
tinystories,fixed,20,2048,512,multinomial,0.8306066591730153,0.8189256836669583,0.8423300963038314,0.18562094237473992,0.17160168647897991,0.19979325106937823,0
tinystories,fixed,20,2048,512,source_same_lag,0.9784681924287635,0.96193236579841,0.995436121780152,0.0218560602411292,0.008160772411954223,0.03888337082074849,0
tinystories,fixed,20,2048,512,source_full,1.0247343077225126,1.0079468016574407,1.04206266915913,0.024356076733983396,0.011114838412495909,0.041115152389106076,0
tinystories,fixed,20,2048,512,multinomial_jackknife,0.8209212646397265,0.8093254609862233,0.8325949684413884,0.19735154880626068,0.18321269082619074,0.21158203148588423,0
tinystories,fixed,20,2048,512,source_jackknife,1.0555107743803662,1.0369681743175014,1.074269115472329,0.05392083688658908,0.036213121221744304,0.07160471548480785,0
tinystories,fixed,20,2048,512,bootstrap,0.9939292243934931,0.973572715560162,1.0143865899054463,0.017010890476440124,0.008211729957205682,0.029428547168170074,0
tinystories,fixed,20,2048,512,bootstrap_jackknife,1.022651624336715,0.989883139942462,1.0587817191702595,0.03199931097263596,0.01051929469383558,0.05961411158105647,0
tinystories,fixed,20,4096,512,multinomial,0.8210453895710557,0.809768151307633,0.8321253619627814,0.197184417294925,0.18378187840068777,0.2110143225926082,0
tinystories,fixed,20,4096,512,source_same_lag,0.9996698374564877,0.9832265939390602,1.016209465387108,0.011408415623289198,0.004904468013464115,0.01985929999022332,0
tinystories,fixed,20,4096,512,source_full,1.046603503033251,1.0293280816042627,1.0637563086281725,0.04546767782925518,0.028874953846665476,0.061735130047351455,0
tinystories,fixed,20,4096,512,multinomial_jackknife,0.8109453750489327,0.7997344122115516,0.8220458036553495,0.20956487786641784,0.19597322358486094,0.22348774863411802,0
tinystories,fixed,20,4096,512,source_jackknife,1.0651438769369297,1.0464962971355691,1.0841075538041887,0.06299377190421263,0.0453661593769614,0.08069068231086442,0
tinystories,fixed,20,4096,512,bootstrap,1.0020283949435986,0.9878765008615801,1.0158390333504097,0.0044751786581305785,0.002170777355720269,0.016407284680263153,0
tinystories,fixed,20,4096,512,bootstrap_jackknife,1.0111081191240574,0.9931485344763202,1.028654128662291,0.016551366964123477,0.008905911059203613,0.028512453644809706,0
tinystories,fixed,20,8192,512,multinomial,0.8118404241468251,0.8007901977541272,0.8227010816754192,0.20845661348581904,0.19516637403990378,0.2221580505582161,0
tinystories,fixed,20,8192,512,source_same_lag,1.0087307040803652,0.9939125463910309,1.0236980800181452,0.010588044118485747,0.003791129355909485,0.023382039535029354,0
tinystories,fixed,20,8192,512,source_full,1.0557683191102234,1.0402437293595896,1.0713416021817885,0.05423045119545822,0.03943391459425997,0.06886926024818377,0
tinystories,fixed,20,8192,512,multinomial_jackknife,0.8037751059536413,0.7928489620130728,0.8145123174751544,0.218440910732572,0.2051696743857093,0.23212942431407554,0
tinystories,fixed,20,8192,512,source_jackknife,1.0654490320193468,1.0495043014740968,1.0816020338175003,0.06335059572161264,0.04826726480903721,0.07840823343208309,0
tinystories,fixed,20,8192,512,bootstrap,1.0109520857701808,0.9957630001426475,1.02640971388621,0.010847185825030194,0.003567346476460482,0.02599564476490194,0
tinystories,fixed,20,8192,512,bootstrap_jackknife,1.014012802110044,0.9955075593585236,1.0339672568974978,0.016496329405828333,0.007064872363530818,0.03352099485216117,0
tinystories,fixed,20,1024,1024,multinomial,0.8619672197837726,0.852867608699648,0.8719594798247586,0.14855850637974408,0.13701533498570834,0.15917316007636206,0
tinystories,fixed,20,1024,1024,source_same_lag,0.9042656140254977,0.8916742289797418,0.9177220966173358,0.10072037773256513,0.0858831417465134,0.11473013233024242,0
tinystories,fixed,20,1024,1024,source_full,0.9384691603283326,0.9257577046624822,0.952163711066583,0.06358404732973352,0.04912213913118349,0.07722462262172201,0
tinystories,fixed,20,1024,1024,multinomial_jackknife,0.8656391209808434,0.8563430740498498,0.875803818717725,0.1443105093876854,0.13263927903315992,0.1550930006087587,0
tinystories,fixed,20,1024,1024,source_jackknife,1.014603740971765,1.0003856017170476,1.0299240446421685,0.015702124973288465,0.0068492671213049765,0.02941901905588565,0
tinystories,fixed,20,1024,1024,bootstrap,0.9236489022317065,0.907149039503954,0.9407904028708926,0.0796109294780357,0.06112346806793579,0.09756455942543593,0
tinystories,fixed,20,1024,1024,bootstrap_jackknife,0.9806276633076193,0.9543946095999467,1.0062883804431695,0.03036633504404111,0.015418247506916548,0.04932472825951188,0
tinystories,fixed,20,2048,1024,multinomial,0.8550863077708662,0.8463881936261873,0.8645403224254841,0.15656431060328643,0.14556709839395407,0.16678764778754893,0
tinystories,fixed,20,2048,1024,source_same_lag,0.954872574396008,0.9420860646201404,0.9680963507424901,0.046242399955792345,0.03244076865310503,0.05969952021727686,0
tinystories,fixed,20,2048,1024,source_full,0.9895011732379658,0.9767037541277487,1.0028255623599753,0.011887073495497882,0.004370916712960056,0.023649483904869626,0
tinystories,fixed,20,2048,1024,multinomial_jackknife,0.849102414445161,0.8402731541744056,0.8586194505409218,0.16359049060796052,0.1524404660997856,0.17404223412125086,0
tinystories,fixed,20,2048,1024,source_jackknife,1.0402967016307116,1.0248562626534894,1.0558045133473035,0.039411421306389444,0.02444839000959028,0.05427145856994242,0
tinystories,fixed,20,2048,1024,bootstrap,0.9627880809942077,0.951118936728439,0.9753305682773342,0.03796962751463675,0.02502940886811804,0.05012650560309986,0
tinystories,fixed,20,2048,1024,bootstrap_jackknife,1.0007554933492229,0.9890315975528736,1.0137655163863641,0.007596161244275274,0.002758886574809757,0.015286535392355723,0
tinystories,fixed,20,4096,1024,multinomial,0.8447935140853263,0.8362638382814974,0.8540147143827368,0.16867138502231763,0.15781731189942974,0.1788184303304446,0
tinystories,fixed,20,4096,1024,source_same_lag,0.9871160307092331,0.9737672564413798,1.0009745156651748,0.014605294021665638,0.007207637901747871,0.02663627034598803,0
tinystories,fixed,20,4096,1024,source_full,1.0222707973745642,1.0085023400797568,1.0365641004275739,0.021953834042655274,0.010626441383272976,0.0358714780217665,0
tinystories,fixed,20,4096,1024,multinomial_jackknife,0.8347422082238447,0.8262758896728428,0.8439660836556239,0.18064237375396705,0.16965261481200689,0.19083135860908906,0
tinystories,fixed,20,4096,1024,source_jackknife,1.0537460724770822,1.037356856134425,1.0708740780894876,0.05222293372450487,0.036584719400638496,0.06839159837754029,0
tinystories,fixed,20,4096,1024,bootstrap,0.9876127302594324,0.9725043070324576,1.0032445268888777,0.015464660761061627,0.007257968795120543,0.028152975004204987,0
tinystories,fixed,20,4096,1024,bootstrap_jackknife,1.0067395561676598,0.9832705732097683,1.0289313156610986,0.023216951933645508,0.012882891895942349,0.034514197908658215,0
tinystories,fixed,20,8192,1024,multinomial,0.8334747670183924,0.8252030823063867,0.8424568798948625,0.1821581192733779,0.17143678841406937,0.19213146305904574,0
tinystories,fixed,20,8192,1024,source_same_lag,1.0026170956224159,0.9900753317930594,1.0157651174644415,0.007537034456051128,0.002632832043400428,0.016582304732736634,0
tinystories,fixed,20,8192,1024,source_full,1.0378315823439603,1.0249467812131088,1.051381134099919,0.03708527233359391,0.024601978937253143,0.050077107035011836,0
tinystories,fixed,20,8192,1024,multinomial_jackknife,0.82400384484776,0.8157559275587953,0.8329026422287223,0.193586907419826,0.18284660132736405,0.20364603975417161,0
tinystories,fixed,20,8192,1024,source_jackknife,1.0551927755048953,1.041457759601727,1.0695118586374779,0.0536624883352706,0.040597148555678954,0.0671688954495081,0
tinystories,fixed,20,8192,1024,bootstrap,0.9957201500206685,0.9859864454491225,1.0063948373792895,0.004492257872952775,0.0015292287994852828,0.014158634066783561,0
tinystories,fixed,20,8192,1024,bootstrap_jackknife,1.0012200346685318,0.9881786973828983,1.0147787970208153,0.008958891073732992,0.004269349163268267,0.016210664300419217,0
tinystories,fixed,20,1024,2048,multinomial,0.8707484348597556,0.8614804447993537,0.8792790130810825,0.13841338621581914,0.1286576623954574,0.14911334325437456,0
tinystories,fixed,20,1024,2048,source_same_lag,0.8385452129358217,0.8280512798078739,0.8482542082898177,0.17613219343586103,0.1645919595780195,0.18870783250043194,0
tinystories,fixed,20,1024,2048,source_full,0.8631976007604003,0.8525419650637013,0.8729296587448474,0.14715032069899903,0.13593284688710866,0.1595751937076448,0
tinystories,fixed,20,1024,2048,multinomial_jackknife,0.8895271212635193,0.8801646260883598,0.8983506319053025,0.11707619796287415,0.10720574948524736,0.12765342561472665,0
tinystories,fixed,20,1024,2048,source_jackknife,0.9680127862773925,0.9557996437629376,0.9790612326673341,0.032552657891696646,0.021165820857117473,0.04524919009270263,0
tinystories,fixed,20,1024,2048,bootstrap,0.8532649346390312,0.8369502333459973,0.8691940932382572,0.15888716504103173,0.1403256087193596,0.17813509584378376,0
tinystories,fixed,20,1024,2048,bootstrap_jackknife,0.9362196613067654,0.9098460893091046,0.9621081780753818,0.06644094409661629,0.03882545187843603,0.09493573883398303,0
tinystories,fixed,20,2048,2048,multinomial,0.8703032470492602,0.8611020942159522,0.8789641836625115,0.1389270609349973,0.12902163319485863,0.14955564092947748,0
tinystories,fixed,20,2048,2048,source_same_lag,0.9134421863571729,0.902431999342918,0.9235621583724345,0.0905679716599554,0.07953130071989142,0.10270356975219296,0
tinystories,fixed,20,2048,2048,source_full,0.938711962033584,0.9276435421410163,0.9486913729013376,0.0632747341103499,0.05269164908234842,0.0751238677826052,0
tinystories,fixed,20,2048,2048,multinomial_jackknife,0.8722808722050579,0.8623691262969111,0.8815770063512153,0.1366691664162527,0.12606901796275896,0.14809836511560504,0
tinystories,fixed,20,2048,2048,source_jackknife,1.0153371199369368,1.001030009532634,1.0283495290519302,0.017211586436556247,0.008774802221474788,0.027921230004534232,0
tinystories,fixed,20,2048,2048,bootstrap,0.9304743341729044,0.9174729031796062,0.9423148096678274,0.07212836228695525,0.05942253259259682,0.08621609062292636,0
tinystories,fixed,20,2048,2048,bootstrap_jackknife,0.998181453526381,0.9772863797903977,1.0187487441710632,0.018853882036944946,0.008972225176829655,0.03015512723287841,0
tinystories,fixed,20,4096,2048,multinomial,0.8606691122057825,0.8516163038379224,0.8691727511129942,0.15005801867265325,0.14021941562888648,0.16063259300140656,0
tinystories,fixed,20,4096,2048,source_same_lag,0.9609782764744913,0.9485410135638264,0.9726928143545935,0.03985834232778057,0.027731714234320495,0.052895319633385944,0
tinystories,fixed,20,4096,2048,source_full,0.9865823917767239,0.9738104088583366,0.9984278459003242,0.013562437146364846,0.005448306061102725,0.02659221296895105,0
tinystories,fixed,20,4096,2048,multinomial_jackknife,0.853268725909091,0.8443390954112729,0.861423065498549,0.15869099124184896,0.14917298816024882,0.16921332946504203,0
tinystories,fixed,20,4096,2048,source_jackknife,1.0362206733929002,1.020155255851585,1.0516407854936813,0.03546675717489957,0.019951380736029218,0.050296050984789516,0
tinystories,fixed,20,4096,2048,bootstrap,0.9690196765020714,0.9561666368341724,0.9812093267011036,0.03153352214269364,0.019041398993294854,0.0448690955955424,0
tinystories,fixed,20,4096,2048,bootstrap_jackknife,1.0105662941440818,0.9930840186843991,1.027066304126312,0.018630163118663636,0.011657348438076202,0.02753169562403154,0
tinystories,fixed,20,8192,2048,multinomial,0.8486208395123791,0.8396347124832797,0.8570140746125625,0.16415394991993262,0.15430835385212524,0.17479017405020358,0
tinystories,fixed,20,8192,2048,source_same_lag,0.9880801656219881,0.9750747057692204,1.000265056063134,0.014047635986818059,0.0061457779887729965,0.025280538277188846,0
tinystories,fixed,20,8192,2048,source_full,1.0138378392800318,1.0005570970598066,1.026260142367336,0.015233149978063925,0.007322516037702857,0.02595914838477786,0
tinystories,fixed,20,8192,2048,multinomial_jackknife,0.8389640848681074,0.830047314314377,0.847254626521952,0.17559971151142376,0.1657664507276073,0.1862773372343925,0
tinystories,fixed,20,8192,2048,source_jackknife,1.0429297310308903,1.0286393332032857,1.0564760787038223,0.04196165184411541,0.028164823662086894,0.05488824294887064,0
tinystories,fixed,20,8192,2048,bootstrap,0.9831804508966573,0.9722220002945828,0.9934932907850806,0.016982937503812984,0.007117337847586275,0.028184129436602024,0
tinystories,fixed,20,8192,2048,bootstrap_jackknife,1.0033870268521288,0.9932114968293774,1.012990010446965,0.004719734923623934,0.002234164111636639,0.012922601079332139,0
tinystories,fixed,20,1024,4096,multinomial,0.8686820476093587,0.8593461495047343,0.8778068133826128,0.14081864044543754,0.1303431250246077,0.1516116840107047,0
tinystories,fixed,20,1024,4096,source_same_lag,0.7551464602738018,0.7462460243001061,0.7636401880776751,0.2809020217131952,0.2696789509878674,0.29275140242841474,0
tinystories,fixed,20,1024,4096,source_full,0.7728945637220875,0.7638559505804001,0.7815722566042226,0.2576702779253371,0.24645878707134714,0.26945652503788725,0
tinystories,fixed,20,1024,4096,multinomial_jackknife,0.9082869353708953,0.8982991940152397,0.9174679430609679,0.09623533625039782,0.08615598865788138,0.1072942459287519,0
tinystories,fixed,20,1024,4096,source_jackknife,0.9033064037763918,0.8921410296924969,0.9140723529192762,0.1017643170319219,0.08989775669218357,0.11421049313957386,0
tinystories,fixed,20,1024,4096,bootstrap,0.7793326556938681,0.7702045790548755,0.788974127279265,0.24938266266828021,0.23706598087291567,0.2611010826487172,0
tinystories,fixed,20,1024,4096,bootstrap_jackknife,0.9145416876832809,0.8984800333859548,0.9315200876470817,0.0895385413169485,0.07106215668973544,0.10710342671514883,0
tinystories,fixed,20,2048,4096,multinomial,0.8793335050525144,0.8706680778019732,0.8886909766073945,0.1286270123741082,0.1180574804416267,0.13852181278249515,0
tinystories,fixed,20,2048,4096,source_same_lag,0.8558507425185596,0.8477553456870949,0.8642309194842125,0.15568490460312592,0.14592980269223554,0.16517891466592463,0
tinystories,fixed,20,2048,4096,source_full,0.8745127160474158,0.8660931970958972,0.8830885412123652,0.13411463983925762,0.12433878751527515,0.14377904708439426,0
tinystories,fixed,20,2048,4096,multinomial_jackknife,0.8943913529274172,0.8844704877090419,0.9052550046898558,0.11167153592821455,0.09961108880349101,0.12280234373890941,0
tinystories,fixed,20,2048,4096,source_jackknife,0.9783534156966939,0.9665703299644389,0.9902348042935251,0.021950855232708677,0.010174466336531485,0.034041842556413716,0
tinystories,fixed,20,2048,4096,bootstrap,0.8826049092203824,0.8693210385335717,0.8949204222675513,0.12498982734742896,0.11106901153653422,0.1401894402395293,0
tinystories,fixed,20,2048,4096,bootstrap_jackknife,0.9905492520744981,0.9703967454321274,1.0083528419543317,0.017532060948078753,0.006884876450250828,0.03361821958541961,0
tinystories,fixed,20,4096,4096,multinomial,0.8734483742821086,0.8655399428012603,0.8814682899162574,0.13532383160587516,0.12618774950794853,0.14442840830918252,0
tinystories,fixed,20,4096,4096,source_same_lag,0.9238257773114887,0.9142512571223909,0.9332814496033326,0.07926880891770303,0.06905688604693831,0.08968922147024004,0
tinystories,fixed,20,4096,4096,source_full,0.9427131520146916,0.9330649173140508,0.9522359662190446,0.05902878042050847,0.04895399058348225,0.06929473056580045,0
tinystories,fixed,20,4096,4096,multinomial_jackknife,0.8722163773764458,0.8648379877829724,0.8797593679525652,0.13672757833220936,0.12811209926121125,0.14522712283157344,0
tinystories,fixed,20,4096,4096,source_jackknife,1.0152878879803886,1.002546606589933,1.0277277396373221,0.016656699048670176,0.008302399310969348,0.02731298202715979,0
tinystories,fixed,20,4096,4096,bootstrap,0.9342896360075712,0.9209972525560892,0.9471753780285008,0.06807393860087345,0.05433909880843609,0.08237461549515479,0
tinystories,fixed,20,4096,4096,bootstrap_jackknife,0.9924113057634779,0.9735901052720152,1.0112454490215204,0.019586339757324933,0.00937289293934274,0.031009418223712833,0
tinystories,fixed,20,8192,4096,multinomial,0.863060560502281,0.8553205465367918,0.8709154042655823,0.1472874869540596,0.1382154558204853,0.15629869951690326,0
tinystories,fixed,20,8192,4096,source_same_lag,0.9683535679325072,0.9571890902274149,0.9800549229532918,0.03221989444014785,0.020172636765452116,0.04378972994758378,0
tinystories,fixed,20,8192,4096,source_full,0.9874330846785676,0.9760158056418706,0.9995573703141906,0.014768142990748592,0.007451644403084816,0.024331573647320758,0
tinystories,fixed,20,8192,4096,multinomial_jackknife,0.8553776509143826,0.8477642420167036,0.8631575139350812,0.15622945121750345,0.14716996626324408,0.1651583665692076,0
tinystories,fixed,20,8192,4096,source_jackknife,1.033317882852439,1.020840888176519,1.0463857603402027,0.03270241395917561,0.020585799382651034,0.04529734273880632,0
tinystories,fixed,20,8192,4096,bootstrap,0.9711284173051119,0.9589939272823702,0.9834393074326259,0.02937148804067369,0.016783998257925876,0.04194264604135066,0
tinystories,fixed,20,8192,4096,bootstrap_jackknife,1.0081020776636058,0.9915903429309942,1.02492016238428,0.015210689456020998,0.006019587534950523,0.027035021006592032,0
tinystories,fixed,50,1024,512,multinomial,0.8018150918990874,0.7873512257209869,0.8166275268341641,0.22090782452058041,0.20259224944472015,0.23912062123460912,0
tinystories,fixed,50,1024,512,source_same_lag,0.9472805269570033,0.9278986055070215,0.968184231276169,0.054288486223600406,0.03242493617188479,0.07497673640658534,0
tinystories,fixed,50,1024,512,source_full,1.0062531969874915,0.9858350662704246,1.0282819316908596,0.01332020342255137,0.006006112962042899,0.02809624237798788,0
tinystories,fixed,50,1024,512,multinomial_jackknife,0.7893592823703718,0.7751830947289029,0.8040030175061392,0.23656676500306803,0.21816087132860507,0.25469385424972363,0
tinystories,fixed,50,1024,512,source_jackknife,1.0317538884954147,1.0107878367677274,1.0539780942290662,0.03114085259499193,0.011678337642360101,0.052423877289500403,0
tinystories,fixed,50,2048,512,multinomial,0.7897623376064098,0.7757800901712384,0.8040387011184513,0.23604223655314713,0.21811668071461204,0.2539096677961383,0
tinystories,fixed,50,2048,512,source_same_lag,0.9647408198748628,0.9459897098048019,0.9841467340796987,0.03597182791914283,0.016174993073344492,0.055607562987473096,0
tinystories,fixed,50,2048,512,source_full,1.0244556154675482,1.004689328477673,1.0447630919014317,0.02409352764483502,0.008399464026492212,0.043744104879757266,0
tinystories,fixed,50,2048,512,multinomial_jackknife,0.7760286734997747,0.7622070878718561,0.7900830056600098,0.25358726277602867,0.23563317744040227,0.271559271844574,0
tinystories,fixed,50,2048,512,source_jackknife,1.039294462832991,1.0188817681517293,1.0604274162768221,0.03846285765034283,0.01867026625761624,0.05860115428894494,0
tinystories,fixed,50,4096,512,multinomial,0.7774412410409528,0.7638715437448953,0.7908238726294331,0.25175278269186036,0.23468641921445282,0.2693597888308369,0
tinystories,fixed,50,4096,512,source_same_lag,0.976579485158856,0.9576417814372555,0.9963029610281648,0.023774763537005583,0.010435632431396129,0.04332170529554068,0
tinystories,fixed,50,4096,512,source_full,1.036920293993643,1.0169409409280208,1.0578620933413818,0.03618102190344489,0.016819439532825147,0.056168716226226434,0
tinystories,fixed,50,4096,512,multinomial_jackknife,0.7647854410475852,0.7514669805417348,0.777972053525253,0.2681663775439968,0.25106750374659736,0.285735546812686,0
tinystories,fixed,50,4096,512,source_jackknife,1.0456939238010496,1.025279988404193,1.0671880267177924,0.04459982455235334,0.024944965336903276,0.06495497055888365,0
tinystories,fixed,50,8192,512,multinomial,0.766713007786535,0.7532946369196901,0.7799919303306955,0.26564588104314085,0.24847473203570347,0.28330176417899977,0
tinystories,fixed,50,8192,512,source_same_lag,0.9826740235965064,0.9651211900644358,1.0008973634940528,0.017506393750791393,0.005696933960864103,0.035567171263577925,0
tinystories,fixed,50,8192,512,source_full,1.0435843629441552,1.0247973498843939,1.0628942827166719,0.04263325171337024,0.024460586201341533,0.06096805586680189,0
tinystories,fixed,50,8192,512,multinomial_jackknife,0.7565510823977033,0.7432935530251272,0.7696626951946284,0.2789883336042293,0.2618058951564506,0.2966678008678971,0
tinystories,fixed,50,8192,512,source_jackknife,1.0478417740199402,1.0289381223939358,1.0672439527439672,0.04670176044677426,0.028489194598990044,0.0650446532016244,0
tinystories,fixed,50,1024,1024,multinomial,0.8318546179043901,0.8196049716391941,0.8454267645878675,0.18413510046004,0.16795017592747657,0.19896473437922346,0
tinystories,fixed,50,1024,1024,source_same_lag,0.925609202871324,0.9086975931723613,0.9440432372540372,0.07744068510743486,0.057635480908908895,0.09581182388133785,0
tinystories,fixed,50,1024,1024,source_full,0.9736676607094075,0.956125876374126,0.9930031068412033,0.02711285860603242,0.01319877507693785,0.04497996026592527,0
tinystories,fixed,50,1024,1024,multinomial_jackknife,0.8246816474925645,0.8124493544405108,0.8381637560778896,0.19279775936223467,0.17657214747700167,0.20774086177460532,0
tinystories,fixed,50,1024,1024,source_jackknife,1.0150525526914373,0.9966820092717718,1.0351185670694283,0.016377834486006847,0.007085370283775267,0.03443675689645621,0
tinystories,fixed,50,2048,1024,multinomial,0.8204193757013052,0.8086991782603702,0.8334202119816548,0.19796221648622012,0.1822270936345316,0.21234953813477772,0
tinystories,fixed,50,2048,1024,source_same_lag,0.952420946013481,0.9361925044637776,0.9698119148582707,0.0488377171294731,0.030676389932266318,0.06600462516890523,0
tinystories,fixed,50,2048,1024,source_full,1.0010149897122609,0.9842715400119284,1.0186858092744238,0.010934515325313657,0.0053357945593915,0.020502905273132734,0
tinystories,fixed,50,2048,1024,multinomial_jackknife,0.8082072834888582,0.7965563316769337,0.8211033081184452,0.21296089739254173,0.19711849677198742,0.22747396520066848,0
tinystories,fixed,50,2048,1024,source_jackknife,1.0261198234730071,1.0080992469456933,1.0450249672180907,0.025684523281877657,0.01173331002467568,0.04399179699909963,0
tinystories,fixed,50,4096,1024,multinomial,0.8071444704963291,0.7961989837776009,0.8195157471657871,0.21426007569918362,0.19904334402763,0.2279127520857839,0
tinystories,fixed,50,4096,1024,source_same_lag,0.9703107314044911,0.9542825587613702,0.9877357277184233,0.030222934913237968,0.01324181340736486,0.04685809215729453,0
tinystories,fixed,50,4096,1024,source_full,1.0195696683371787,1.0028968692187978,1.0378662492859703,0.019298154327882216,0.007185859642569184,0.037089539788658546,0
tinystories,fixed,50,4096,1024,multinomial_jackknife,0.7931822496129611,0.7824290764475794,0.8055158913507332,0.23171244091765628,0.2162805680747955,0.24535832709431415,0
tinystories,fixed,50,4096,1024,source_jackknife,1.0345844381278604,1.016699963636145,1.0540714504202724,0.0338916452038208,0.01670863408935423,0.052617626430110316,0
tinystories,fixed,50,8192,1024,multinomial,0.7934572539721731,0.7828383794117786,0.8055728022427977,0.23136055307275452,0.2162052496133276,0.24483455657160474,0
tinystories,fixed,50,8192,1024,source_same_lag,0.9779623088679014,0.9634569610493354,0.9940329057867388,0.0223205282590708,0.00857002476732621,0.03726381340647935,0
tinystories,fixed,50,8192,1024,source_full,1.027399295908659,1.012169769202146,1.044306014983001,0.026995317600950804,0.012353812709371687,0.04332932532503973,0
tinystories,fixed,50,8192,1024,multinomial_jackknife,0.7807827626255978,0.7703389188390708,0.7926745855872633,0.24746325735907324,0.23234611547742898,0.26092941740585834,0
tinystories,fixed,50,8192,1024,source_jackknife,1.0350995377212688,1.019556357101303,1.052304398028303,0.03445637192001757,0.019327667703358146,0.05093401588933157,0
tinystories,fixed,50,1024,2048,multinomial,0.8535467193840791,0.8415728005802438,0.8652435632375096,0.15838010786224446,0.14476490903161457,0.17249419836276755,0
tinystories,fixed,50,1024,2048,source_same_lag,0.8876311653256609,0.8725912917667459,0.9028062049726409,0.11930435321655525,0.10235787197532398,0.13635986133467182,0
tinystories,fixed,50,1024,2048,source_full,0.9240804270462131,0.9087396380925609,0.9396291509368464,0.0790528276547245,0.062371957880046125,0.09573494448254281,0
tinystories,fixed,50,1024,2048,multinomial_jackknife,0.8564126247347059,0.8442350879735608,0.8681872117236075,0.1550301071878014,0.14136331679654732,0.16933090155079356,0
tinystories,fixed,50,1024,2048,source_jackknife,0.9887580581813594,0.9719569871626002,1.0058435644778727,0.016236541246148976,0.008705269927900766,0.02853143512610024,0
tinystories,fixed,50,2048,2048,multinomial,0.8457720211252824,0.8341699579459426,0.856809720295014,0.16751920354658298,0.15454871955531177,0.18132788257798044,0
tinystories,fixed,50,2048,2048,source_same_lag,0.9299551591636406,0.9149818873004154,0.9445364146403171,0.07269481539761909,0.05708385249355929,0.08891117277345753,0
tinystories,fixed,50,2048,2048,source_full,0.9667997155585523,0.9516908180544644,0.9814144687911059,0.033829242076796454,0.01879844600993765,0.04957329348831568,0
tinystories,fixed,50,2048,2048,multinomial_jackknife,0.8385497948993748,0.8269878255642503,0.8495138246390868,0.1760967776827315,0.1630938627157241,0.18998349391351857,0
tinystories,fixed,50,2048,2048,source_jackknife,1.0088190940537012,0.9913330935909003,1.0256724086615854,0.014276311832784744,0.00716357075415624,0.025673293445610382,0
tinystories,fixed,50,4096,2048,multinomial,0.8330202856133947,0.8220091953825562,0.8435172166747862,0.18270535047667932,0.17018268841020365,0.19601037721784684,0
tinystories,fixed,50,4096,2048,source_same_lag,0.9572032206845084,0.94170137804989,0.9722659942753938,0.04381796746370805,0.02817088842171354,0.06016065776898946,0
tinystories,fixed,50,4096,2048,source_full,0.9946096242990597,0.9786120097882439,1.010268327848874,0.012385371448216683,0.006024057514146106,0.022052416090442253,0
tinystories,fixed,50,4096,2048,multinomial_jackknife,0.8199640082623927,0.8090015512765832,0.8304724356557358,0.19850573370098987,0.18576628797436703,0.2119631125085936,0
tinystories,fixed,50,4096,2048,source_jackknife,1.0203842010569106,1.0020251748692033,1.038552308564122,0.021434041610122436,0.009314366842265423,0.03775334610455008,0
tinystories,fixed,50,8192,2048,multinomial,0.8171457902532374,0.806439702961146,0.8274711788847272,0.20194355304609135,0.18938766695228268,0.21512977001887193,0
tinystories,fixed,50,8192,2048,source_same_lag,0.9696560185994014,0.9550263799084149,0.9835595094293655,0.03085995713162155,0.016614552376359372,0.04603690274993044,0
tinystories,fixed,50,8192,2048,source_full,1.0071064684741247,0.9919203494496506,1.0214239982808548,0.010042852911839269,0.0038312686460558764,0.021222802133807752,0
tinystories,fixed,50,8192,2048,multinomial_jackknife,0.8030191992692204,0.7923920625519881,0.8131486443765851,0.21938285006167,0.20684774603642045,0.2327056743466614,0
tinystories,fixed,50,8192,2048,source_jackknife,1.0210745565130817,1.0051037835248289,1.036226620409045,0.02079945268248954,0.008866949459127898,0.0355542440939146,0
tinystories,fixed,50,1024,4096,multinomial,0.8755993319681131,0.8681841126597442,0.883541262454724,0.13285631461943434,0.1238326144699444,0.14135211823395527,0
tinystories,fixed,50,1024,4096,source_same_lag,0.841595252580159,0.8319820065413925,0.8513709386345568,0.1725110166278309,0.1609530027210064,0.18398928889926564,0
tinystories,fixed,50,1024,4096,source_full,0.8683738024247984,0.8588553816405343,0.8780515045012731,0.1411795330160638,0.13008405125094544,0.15218599051084747,0
tinystories,fixed,50,1024,4096,multinomial_jackknife,0.8934004791428809,0.8856724503890289,0.901341249087005,0.11272997700200915,0.10388294785957009,0.12141918440507919,0
tinystories,fixed,50,1024,4096,source_jackknife,0.9618377945227666,0.9507883282823605,0.9727862536424134,0.03896218023913889,0.027646612982907003,0.05049024855180761,0
tinystories,fixed,50,2048,4096,multinomial,0.8751172466062905,0.8676508521285903,0.8828437954194784,0.1334062046370876,0.12461373524505764,0.14197275763108896,0
tinystories,fixed,50,2048,4096,source_same_lag,0.9066774688103079,0.8968382988769729,0.9164567299590036,0.09800957287070156,0.08729161461972833,0.10894953439214679,0
tinystories,fixed,50,2048,4096,source_full,0.9339813932080889,0.9241504230285318,0.9436338248615312,0.06833342282272095,0.058040034400659316,0.07891952267204262,0
tinystories,fixed,50,2048,4096,multinomial_jackknife,0.8766286274676646,0.8687189954300173,0.8848810587280652,0.13168795228792884,0.12231264675661269,0.14074911781951466,0
tinystories,fixed,50,2048,4096,source_jackknife,1.0002773835345415,0.9872922978671808,1.0128234429247631,0.009521155543937692,0.003609302599430097,0.017575798308452836,0
tinystories,fixed,50,4096,4096,multinomial,0.8644416717254848,0.8569554609656299,0.8722791186446002,0.1456831013533514,0.13665029000591752,0.1543867530218812,0
tinystories,fixed,50,4096,4096,source_same_lag,0.9477777823792319,0.9365994823491657,0.9590948730553397,0.05369664161510984,0.04178797532192261,0.065531902064642,0
tinystories,fixed,50,4096,4096,source_full,0.9754664268585662,0.9639925473839146,0.9869332634582452,0.02489998496868938,0.013210983850708142,0.03673912351416742,0
tinystories,fixed,50,4096,4096,multinomial_jackknife,0.8550437113955044,0.8476308641206134,0.8626501687131441,0.1566141054045033,0.14774997831211756,0.16531945310106386,0
tinystories,fixed,50,4096,4096,source_jackknife,1.017683314878231,1.0028926215125828,1.032787496018197,0.020148575578930673,0.010149385647932586,0.032253467413809224,0
tinystories,fixed,50,8192,4096,multinomial,0.8480937524020209,0.8408027614272013,0.8556464944958091,0.16477342135125975,0.15590826613552608,0.17340878665553552,0
tinystories,fixed,50,8192,4096,source_same_lag,0.9699861621398813,0.9587784516080964,0.9815579606363565,0.030529060151501575,0.018644556485677845,0.04213882303222479,0
tinystories,fixed,50,8192,4096,source_full,0.9977961039350152,0.9862823186029117,1.0095159549203332,0.007758757640113166,0.0028004833883820655,0.015917031182161867,0
tinystories,fixed,50,8192,4096,multinomial_jackknife,0.8342290660745442,0.8270219249961004,0.8417467198667264,0.18125781611638944,0.1722814215470475,0.18993485439921878,0
tinystories,fixed,50,8192,4096,source_jackknife,1.0220236366826505,1.0095388697957959,1.0349172602994552,0.021715053945832424,0.011434503916857755,0.03427859175447354,0
tinystories,refit,0.5,1024,512,multinomial,0.8797433498142111,0.8613201375304606,0.8969298444083812,0.12837614291474375,0.10877998715096432,0.14953051996450226,0
tinystories,refit,0.5,1024,512,source_same_lag,0.7471134612481287,0.7320091594575034,0.7615747980428558,0.2917843730539112,0.27241153156744946,0.3121016189583886,0
tinystories,refit,0.5,1024,512,source_full,0.7593577489372595,0.7441907762870205,0.7738193160163741,0.27552153738697943,0.2564937376779448,0.2957248709609759,0
tinystories,refit,0.5,1024,512,multinomial_jackknife,1.0384347872776172,1.0143980352643427,1.0609569358689566,0.03760871688060386,0.01748097780922199,0.05902964111056669,0
tinystories,refit,0.5,1024,512,source_jackknife,0.9792654730622475,0.9550436077472004,1.0015464939875462,0.02730951725380545,0.012450242140906875,0.04780478857482809,0
tinystories,refit,0.5,2048,512,multinomial,0.9925329851531297,0.9807170573596582,1.0039740403555484,0.009061916762848137,0.003967766134071511,0.01953500638120084,0
tinystories,refit,0.5,2048,512,source_same_lag,0.9556591293603816,0.9448417438266111,0.9663317663072463,0.04538903351272849,0.03427940786545882,0.056782605267696865,0
tinystories,refit,0.5,2048,512,source_full,0.9697305112920184,0.9591353933090025,0.980211935424443,0.03076304571964311,0.01999868235349494,0.0417483934517613,0
tinystories,refit,0.5,2048,512,multinomial_jackknife,1.1172951081959772,1.1008127733353579,1.1322359290602768,0.1108198073072606,0.09591656689026017,0.12416778965178177,0
tinystories,refit,0.5,2048,512,source_jackknife,1.1843171137875674,1.1689334247025118,1.1990645521932517,0.16910378376271115,0.15604142007963073,0.1815276989875371,0
tinystories,refit,0.5,4096,512,multinomial,1.0805336325981933,1.0679309325094326,1.0924572548074019,0.07742191687906046,0.06569117999849616,0.08839316495358131,0
tinystories,refit,0.5,4096,512,source_same_lag,1.1390997626141182,1.1248210855287928,1.1544225464482258,0.13017371864370622,0.11762048171175168,0.14350215046982925,0
tinystories,refit,0.5,4096,512,source_full,1.1542265906798652,1.1401005293735564,1.1689106184416518,0.14337564723344862,0.1311129597825726,0.15598218445210604,0
tinystories,refit,0.5,4096,512,multinomial_jackknife,1.1722828308344773,1.1583187888335453,1.1867404003515059,0.1589064696112739,0.14692772484457356,0.1711747877390136,0
tinystories,refit,0.5,4096,512,source_jackknife,1.3445177005406712,1.3242947168314663,1.366887562821203,0.29590913564826044,0.2808366605169497,0.31239702647389794,0
tinystories,refit,0.5,8192,512,multinomial,1.1401855437128843,1.1277570745326468,1.1526487285675464,0.13116264394519428,0.12020350336292492,0.14202447599983115,0
tinystories,refit,0.5,8192,512,source_same_lag,1.2839966699123346,1.267642818914458,1.2999236240918959,0.24991567947874596,0.23713580169990336,0.2622800082191104,0
tinystories,refit,0.5,8192,512,source_full,1.2994219480729943,1.283181790625929,1.3152405447499993,0.26186020633100665,0.24931879688286834,0.27394760130422263,0
tinystories,refit,0.5,8192,512,multinomial_jackknife,1.204318677050822,1.1888783309548485,1.2201328690757212,0.18584725621975998,0.17297424071004214,0.19889239822341254,0
tinystories,refit,0.5,8192,512,source_jackknife,1.4459621909382632,1.4242349099076892,1.467846476233759,0.3686610732999536,0.3536015045213668,0.38370276154724803,0
tinystories,refit,0.5,1024,1024,multinomial,0.7410748917449002,0.7196056595472771,0.759632199524848,0.30013061898688,0.27496366505185,0.3294489827863174,0
tinystories,refit,0.5,1024,1024,source_same_lag,0.5574881647522728,0.5453287186199289,0.5687422552377753,0.5846003413786492,0.5644051512732646,0.6066015451615874,0
tinystories,refit,0.5,1024,1024,source_full,0.5660391437944612,0.5538743441440691,0.5773559345476978,0.5693689555137358,0.5494944994869158,0.5910476114757467,0
tinystories,refit,0.5,1024,1024,multinomial_jackknife,0.9048930076488265,0.8753741525048311,0.931830905127934,0.10061291711725638,0.0707001346759924,0.13361281954351606,0
tinystories,refit,0.5,1024,1024,source_jackknife,0.7449827010044684,0.7245484661181834,0.7627530586182579,0.29485202238912217,0.27090191877863945,0.3227619851089633,0
tinystories,refit,0.5,2048,1024,multinomial,0.8649135692137506,0.8545087898682859,0.8748100999251013,0.14515712963836183,0.13378139251579946,0.1572420114801836,0
tinystories,refit,0.5,2048,1024,source_same_lag,0.7529359445233654,0.7424960503096856,0.7626100661555886,0.28384090956297164,0.27101977270120137,0.29781123529724934,0
tinystories,refit,0.5,2048,1024,source_full,0.7629490265190065,0.7527770945856516,0.7723670650648271,0.2706185102061571,0.2583401224219979,0.284019933518112,0
tinystories,refit,0.5,2048,1024,multinomial_jackknife,1.0017806486660357,0.9856821736869728,1.0178987228699374,0.013483603532882157,0.006430999477321111,0.02197342252940845,0
tinystories,refit,0.5,2048,1024,source_jackknife,0.9629371043664926,0.9472620783141462,0.9776738015989948,0.037893254687515886,0.02259887767083776,0.05431786819905071,0
tinystories,refit,0.5,4096,1024,multinomial,0.9686865644069937,0.954893076594438,0.9824052318863707,0.03189640877083507,0.01780520534653326,0.046192288734884644,0
tinystories,refit,0.5,4096,1024,source_same_lag,0.9470133720624354,0.9337548310511706,0.961673746059893,0.054527823739466665,0.03918819251074608,0.0685686669209346,0
tinystories,refit,0.5,4096,1024,source_full,0.9583304213492537,0.9452374485963762,0.9728128121988238,0.04263955892558862,0.027654333892607373,0.056327893525878775,0
tinystories,refit,0.5,4096,1024,multinomial_jackknife,1.071202200205781,1.0531579829086994,1.09008508862422,0.06862878453167685,0.05176325198572584,0.08609888539121303,0
tinystories,refit,0.5,4096,1024,source_jackknife,1.1588582114489865,1.1379238387699013,1.1813187282885356,0.14724521762532536,0.12911240476126398,0.16644897623130275,0
tinystories,refit,0.5,8192,1024,multinomial,1.0382379217091224,1.025720255253851,1.0504748122249348,0.03749180910386058,0.025344513313580765,0.04920989407719432,0
tinystories,refit,0.5,8192,1024,source_same_lag,1.1129137523382475,1.0979961411805381,1.1275690043198092,0.10692407565946023,0.09346910555395108,0.12002703650049591,0
tinystories,refit,0.5,8192,1024,source_full,1.1247791550587274,1.1101608784879449,1.1391404409006836,0.11753608635185618,0.10448370625598156,0.13022975614460305,0
tinystories,refit,0.5,8192,1024,multinomial_jackknife,1.113585352595255,1.0963130930626888,1.1310940108412544,0.10747171136761402,0.09187617357964167,0.12307383139960423,0
tinystories,refit,0.5,8192,1024,source_jackknife,1.291888669773502,1.2715294803891,1.3142532327562326,0.25597307552857085,0.24013351380846262,0.2731769633597676,0
tinystories,refit,0.5,1024,2048,multinomial,0.6008784744921412,0.5798568667053184,0.619774051656764,0.5100748417285372,0.478486534714884,0.5456909287334536,0
tinystories,refit,0.5,1024,2048,source_same_lag,0.40959128230935227,0.39979246941016006,0.41902344512319706,0.89290437542332,0.8700259031809382,0.9171224218199542,0
tinystories,refit,0.5,1024,2048,source_full,0.4156646287884945,0.40589184611363816,0.4251728019373075,0.8781743555480515,0.8554428761561463,0.9018352894480414,0
tinystories,refit,0.5,1024,2048,multinomial_jackknife,0.754063087919535,0.7231874917859672,0.7824288266833073,0.2833218165570727,0.24552308421092983,0.3252004967266924,0
tinystories,refit,0.5,1024,2048,source_jackknife,0.5509903535938219,0.5349482642917808,0.5656060985882155,0.5965309111549967,0.5699656590722253,0.6260911499196159,0
tinystories,refit,0.5,2048,2048,multinomial,0.7285090492568799,0.7172824215470631,0.740424379139605,0.31682121751041104,0.30060514370283253,0.33231519245135793,0
tinystories,refit,0.5,2048,2048,source_same_lag,0.5718324938083471,0.5617174097621238,0.5826534716525634,0.5590368064061241,0.5402253349291829,0.5768641857386578,0
tinystories,refit,0.5,2048,2048,source_full,0.5789457093548686,0.5690807518677247,0.5897322688180843,0.5466641586713225,0.528147898582444,0.5638048087435293,0
tinystories,refit,0.5,2048,2048,multinomial_jackknife,0.8684111072587587,0.8496320003428885,0.8898628476645217,0.14138456291641402,0.11711892217837133,0.1631051067233533,0
tinystories,refit,0.5,2048,2048,source_jackknife,0.7443948243364459,0.7283580972418473,0.7613490558694076,0.2954344143803232,0.2728282209894103,0.3171575264189976,0
tinystories,refit,0.5,4096,2048,multinomial,0.8438762983419944,0.826843462751411,0.8618236139274096,0.16995456737064907,0.1489051936973813,0.19033600369297396,0
tinystories,refit,0.5,4096,2048,source_same_lag,0.7542048587259021,0.7413038468173346,0.7683203336347367,0.28220519500063396,0.26370481216351466,0.2993621261891043,0
tinystories,refit,0.5,4096,2048,source_full,0.7625475459838238,0.7495959925574027,0.776629227369167,0.2712018858974175,0.2528706932293173,0.28824746062613055,0
tinystories,refit,0.5,4096,2048,multinomial_jackknife,0.9536497677155166,0.9297561392192898,0.9793019598027607,0.04786231067012011,0.022426531426223376,0.07301680080615619,0
tinystories,refit,0.5,4096,2048,source_jackknife,0.9517619163637487,0.9303017165636741,0.9739168806697003,0.04972600757091771,0.026750941092065494,0.07246221948885954,0
tinystories,refit,0.5,8192,2048,multinomial,0.9233579849654242,0.9096992908180189,0.9384349812736367,0.07978778351996135,0.0635940766456033,0.0946529780831673,0
tinystories,refit,0.5,8192,2048,source_same_lag,0.9298774095992267,0.9164403063508518,0.9444516755705064,0.0727486788051551,0.0571953107658831,0.08726876415111205,0
tinystories,refit,0.5,8192,2048,source_full,0.9390597362498517,0.926084591620127,0.9533760460728979,0.06291260999640122,0.04778192438045282,0.07682030454501655,0
tinystories,refit,0.5,8192,2048,multinomial_jackknife,1.0083568700073533,0.9896467003341737,1.0293931682554012,0.013670939554068118,0.003244724515315147,0.02903591388294903,0
tinystories,refit,0.5,8192,2048,source_jackknife,1.115256468510791,1.0963383072817454,1.1357901331432831,0.1089741237866001,0.09195346520581299,0.12728803240204295,0
tinystories,refit,0.5,1024,4096,multinomial,0.48500174099868215,0.4655127379877745,0.5028428895628051,0.7244953342757813,0.6875869512361874,0.7659003338149161,0
tinystories,refit,0.5,1024,4096,source_same_lag,0.31077509816474763,0.3022151023877176,0.31936339543152065,1.1690148002821588,1.1416799104199091,1.1968649567231713,0
tinystories,refit,0.5,1024,4096,source_full,0.31528806587773794,0.3067221691811689,0.3239607076252763,1.154584688968309,1.1273496681372275,1.1820529946833431,0
tinystories,refit,0.5,1024,4096,multinomial_jackknife,0.6198072807427705,0.5906744173377926,0.6469743562185404,0.4796714349262147,0.43584840816978204,0.5278131907075959,0
tinystories,refit,0.5,1024,4096,source_jackknife,0.41914871609284177,0.4055588967178611,0.43220642876319587,0.8700542476921641,0.8391918518758126,0.9030242389422017,0
tinystories,refit,0.5,2048,4096,multinomial,0.6084650643771861,0.5949241090042058,0.6226227020207021,0.49696674810139935,0.4739182119877751,0.5193812698823442,0
tinystories,refit,0.5,2048,4096,source_same_lag,0.439688092278862,0.4289767806063129,0.45092366626840635,0.8219023257657411,0.7967615250476201,0.8464733213155831,0
tinystories,refit,0.5,2048,4096,source_full,0.4449125538933699,0.43422513654068806,0.45633982549522345,0.8100820260788272,0.7847941537551854,0.8343364150827278,0
tinystories,refit,0.5,2048,4096,multinomial_jackknife,0.7426680571954886,0.7205554834961905,0.7678059239751756,0.29804928027122723,0.2649407625259871,0.3278895187368146,0
tinystories,refit,0.5,2048,4096,source_jackknife,0.57618934315005,0.5595721930900459,0.5942314696723506,0.5517337273254223,0.5209056035842075,0.5807740860986759,0
tinystories,refit,0.5,4096,4096,multinomial,0.731301920723169,0.7103933416478246,0.7530969569166822,0.313320140456826,0.28378498906068345,0.34221444962333386,0
tinystories,refit,0.5,4096,4096,source_same_lag,0.5956322572186472,0.5824095538805638,0.6099317585395554,0.5182929993000145,0.49452121576738983,0.5407048397118428,0
tinystories,refit,0.5,4096,4096,source_full,0.6018259781616221,0.5883714754378482,0.6163576529745671,0.5079536345967455,0.48409056873284056,0.5304394802015138,0
tinystories,refit,0.5,4096,4096,multinomial_jackknife,0.8462199805988415,0.815707979731934,0.8786656935506536,0.16778437070381155,0.12985563367683267,0.20426217342027073,0
tinystories,refit,0.5,4096,4096,source_jackknife,0.7644847219814593,0.7423484822155997,0.7876296082355019,0.2689947183077576,0.2390878837023781,0.29810560149391985,0
tinystories,refit,0.5,8192,4096,multinomial,0.8245975489709637,0.8085448535179395,0.8424629278243693,0.19291518000046884,0.17149412802309796,0.21255760926425626,0
tinystories,refit,0.5,8192,4096,source_same_lag,0.7670322166388912,0.7520285045144256,0.7835474357281709,0.2652787455644859,0.24394092901322872,0.28502880551770626,0
tinystories,refit,0.5,8192,4096,source_full,0.7741753091348463,0.7594415264871661,0.7904316756966416,0.25599551884533017,0.23522733682868632,0.275187765037965,0
tinystories,refit,0.5,8192,4096,multinomial_jackknife,0.9219833895382022,0.9018777136202099,0.944469736047076,0.08136743144978785,0.057230694158072914,0.10335105505682299,0
tinystories,refit,0.5,8192,4096,source_jackknife,0.9459406304601274,0.9249274591052349,0.9683612751153351,0.05570364526420982,0.0322267225741884,0.0781636104210008,0
tinystories,refit,1,1024,512,multinomial,0.9051626760208089,0.8902789823077615,0.9192965176683873,0.09978812557350973,0.08415726631116839,0.11636212985762302,0
tinystories,refit,1,1024,512,source_same_lag,0.8101219924577956,0.7964641260211119,0.8232016334058043,0.21073475563350108,0.19465038180513336,0.22777140348160096,0
tinystories,refit,1,1024,512,source_full,0.8251236249146242,0.8113326537473236,0.8383853643557376,0.19238415770965075,0.17639243940746996,0.2092697368826992,0
tinystories,refit,1,1024,512,multinomial_jackknife,1.010004590399816,0.9918681149492617,1.0266204547529723,0.020536314927339885,0.015330532628584274,0.02751680188702845,0
tinystories,refit,1,1024,512,source_jackknife,1.0241735830481427,1.0037540010064148,1.0435121994740797,0.028506646752259644,0.01633112216593549,0.043339655992066295,0
tinystories,refit,1,1024,512,bootstrap,0.8638797449404952,0.8512407375900182,0.8754367153647825,0.14642737172202924,0.13307081861309647,0.16118724713936144,0
tinystories,refit,1,1024,512,bootstrap_jackknife,0.9996967666563032,0.9810061623287303,1.0151389178249717,0.014044000457778705,0.00504762904025851,0.026106294351103114,0
tinystories,refit,1,2048,512,multinomial,0.9700059278034424,0.9591659493008099,0.980781890233788,0.03050143464761197,0.019468257809559065,0.04170986387402473,0
tinystories,refit,1,2048,512,source_same_lag,0.978642485784936,0.9682405879111132,0.9886189011763065,0.021617829398588407,0.011512004741231813,0.03228914275647945,0
tinystories,refit,1,2048,512,source_full,0.9952710610542526,0.9849959952250221,1.00534899630933,0.007603935149405244,0.00375843588479508,0.015144857744287699,0
tinystories,refit,1,2048,512,multinomial_jackknife,1.0441878648015666,1.0304784004870728,1.0569863853876695,0.04316040650766773,0.029927314515443587,0.055401158999843166,0
tinystories,refit,1,2048,512,source_jackknife,1.1694362281876718,1.1544856739301288,1.182963607370811,0.15646022333552287,0.14360939874559447,0.16799180201725142,0
tinystories,refit,1,2048,512,bootstrap,0.9318460249626627,0.9225979288368052,0.9407755734973626,0.07060937921147697,0.06105959503762867,0.08057842144160084,0
tinystories,refit,1,2048,512,bootstrap_jackknife,1.0098490087127237,0.996254743192566,1.0225763916582067,0.014365024043185329,0.00672528073262634,0.02296889446730169,0
tinystories,refit,1,4096,512,multinomial,1.014206115184797,1.0044166492660267,1.0235812388818353,0.014087477256878892,0.006705945478231207,0.02329010027529263,0
tinystories,refit,1,4096,512,source_same_lag,1.1111149399608233,1.0989898054172393,1.123551585913882,0.10532044979378058,0.0943833273709357,0.11649080518361771,0
tinystories,refit,1,4096,512,source_full,1.1282724365416081,1.1162008667856478,1.1405061805185388,0.12065045361218911,0.10992423589299943,0.1314252767824853,0
tinystories,refit,1,4096,512,multinomial_jackknife,1.0641098435037741,1.0543104183972756,1.0736090310807493,0.062128783991907834,0.05287498276326188,0.07102326431540847,0
tinystories,refit,1,4096,512,source_jackknife,1.2677074500843732,1.2520391372438695,1.2844815797726432,0.23713800454211573,0.22473767509817802,0.25025978035680346,0
tinystories,refit,1,4096,512,bootstrap,0.9614349453461054,0.9509491636577146,0.9713470774814078,0.0393636622000675,0.029096578120357396,0.05031967845826227,0
tinystories,refit,1,4096,512,bootstrap_jackknife,0.9993355834499328,0.9855606370828981,1.01251999015199,0.008716434965348026,0.0026001126524079527,0.018422363264257648,0
tinystories,refit,1,8192,512,multinomial,1.0452992468702624,1.0349772468384275,1.0555899729683642,0.04427917416516311,0.03435613879233677,0.0540639380380401,0
tinystories,refit,1,8192,512,source_same_lag,1.2087922965666607,1.194255173110114,1.2229520315398428,0.18956079333976575,0.17746212892237787,0.20122736812190792,0
tinystories,refit,1,8192,512,source_full,1.2261515198710062,1.2113494738936166,1.2405890412795086,0.20381890030118388,0.1916876889599712,0.21552253733815274,0
tinystories,refit,1,8192,512,multinomial_jackknife,1.0792653136526946,1.0680749576633646,1.090682815563737,0.07624595816750529,0.06584555300782176,0.08675714751595932,0
tinystories,refit,1,8192,512,source_jackknife,1.3250385935993492,1.3074660061018142,1.3416648456433218,0.2813607791548815,0.26802444477760295,0.2938481179954588,0
tinystories,refit,1,8192,512,bootstrap,0.9818361309036384,0.9719864607236802,0.9918053813229221,0.01835804145377184,0.008387909672632362,0.028435152019093562,0
tinystories,refit,1,8192,512,bootstrap_jackknife,0.9968494670050962,0.9846150382764652,1.0099199163567998,0.00957644453830252,0.004038598689980008,0.017388596990146044,0
tinystories,refit,1,1024,1024,multinomial,0.8135362829264565,0.7934067410079823,0.8314389774181765,0.20673125033000264,0.18461658412427673,0.23177746462078203,0
tinystories,refit,1,1024,1024,source_same_lag,0.6366970533189119,0.6239053161039617,0.6482879959694,0.45170516843803804,0.4334501308048882,0.4719319058154016,0
tinystories,refit,1,1024,1024,source_full,0.6471580429695597,0.634480422011765,0.6589660901246681,0.4354019978227283,0.4172125679326053,0.45508528683037097,0
tinystories,refit,1,1024,1024,multinomial_jackknife,0.9412939552698382,0.9154384339754845,0.965383140711787,0.060992191599815976,0.03530783323258418,0.08876148803136144,0
tinystories,refit,1,1024,1024,source_jackknife,0.8345058082167727,0.8138237098240007,0.8528859776280828,0.1813016677738958,0.15925280124847177,0.20646896374250517,0
tinystories,refit,1,1024,1024,bootstrap,0.7539433764670397,0.7434408619993442,0.7641445289932256,0.2825307110082296,0.269056042872543,0.29653561496970404,0
tinystories,refit,1,1024,1024,bootstrap_jackknife,0.9408713046943563,0.9284822121686178,0.9532748361293516,0.06102354308528941,0.047947488206322914,0.07425823888501859,0
tinystories,refit,1,2048,1024,multinomial,0.8922339307583729,0.8827984261581501,0.9011228180864483,0.1140544401172383,0.10414288425406192,0.12468148537726473,0
tinystories,refit,1,2048,1024,source_same_lag,0.8142256528684362,0.8052764206442506,0.8224289356362428,0.20555098699195584,0.19551048327693787,0.2166159952495924,0
tinystories,refit,1,2048,1024,source_full,0.8262353982134282,0.8175814916249794,0.8342465378387517,0.19090012102386644,0.18124662440007278,0.20142643224676762,0
tinystories,refit,1,2048,1024,multinomial_jackknife,0.9832675303296649,0.96992356380402,0.9959759502898722,0.016962780809448942,0.006353605369236455,0.030599697551066857,0
tinystories,refit,1,2048,1024,source_jackknife,1.00888214927082,0.9961948902465234,1.0203662593096703,0.012288883355060053,0.006381866405762487,0.02055444947068777,0
tinystories,refit,1,2048,1024,bootstrap,0.8755761307689799,0.8658081474261243,0.884792691269067,0.1329117827666291,0.12241805411468107,0.14413072640847183,0
tinystories,refit,1,2048,1024,bootstrap_jackknife,0.9980695639198649,0.9812873326200597,1.0146872559198516,0.015670241451599468,0.008017759866325603,0.02455089406559386,0
tinystories,refit,1,4096,1024,multinomial,0.9501897495900108,0.9397203482368413,0.9599645829742004,0.05112672943663388,0.0408783956493347,0.062203377162689956,0
tinystories,refit,1,4096,1024,source_same_lag,0.9701321374821352,0.9588287396321512,0.9831390417067719,0.03038571592487453,0.01748870907277246,0.04211377900033823,0
tinystories,refit,1,4096,1024,source_full,0.9830359105966007,0.9719134446825906,0.9954390986481324,0.018704430787468408,0.011854182650925117,0.028503051654341485,0
tinystories,refit,1,4096,1024,multinomial_jackknife,1.010441722501561,0.9989654895369112,1.0220380855358904,0.010340619821620652,0.0037049813199864843,0.021739343750002492,0
tinystories,refit,1,4096,1024,source_jackknife,1.1448145407043586,1.1282034296459051,1.1633330141440774,0.13511888380955558,0.1206113927745354,0.15111818457797213,0
tinystories,refit,1,4096,1024,bootstrap,0.9353554417411152,0.9247059276408183,0.9447805183221601,0.06686585120504984,0.05680356776321902,0.07833314336920483,0
tinystories,refit,1,4096,1024,bootstrap_jackknife,1.0005405116621753,0.9841550678580827,1.0152488890142284,0.01260048422894084,0.004995751749085215,0.02260997399499647,0
tinystories,refit,1,8192,1024,multinomial,0.9885986596736344,0.9787002109105346,0.9981722857525563,0.012087703756074186,0.006244558501722854,0.02153320830771568,0
tinystories,refit,1,8192,1024,source_same_lag,1.0931735806174276,1.0798397405901483,1.106264284700965,0.08902465732346855,0.07677538076666758,0.10091790421486992,0
tinystories,refit,1,8192,1024,source_full,1.1063425801972366,1.0930010935718586,1.1193727144291281,0.10100192264271148,0.0889055190254929,0.11271799928625612,0
tinystories,refit,1,8192,1024,multinomial_jackknife,1.031503431033376,1.0190591820696393,1.0439720940642068,0.030955985806613878,0.01885040949846371,0.042975808383234476,0
tinystories,refit,1,8192,1024,source_jackknife,1.2308261335894068,1.2132252914524437,1.2488155948741704,0.20757485314665455,0.1932435653570083,0.22214045193736234,0
tinystories,refit,1,8192,1024,bootstrap,0.9704252629557935,0.9602465479796742,0.9797911352857428,0.030046680287403583,0.020418538829320633,0.04058830466753966,0
tinystories,refit,1,8192,1024,bootstrap_jackknife,1.0036896590751503,0.9907628309298161,1.0168518436309806,0.010842274469029542,0.0054301545522883075,0.017879986247734934,0
tinystories,refit,1,1024,2048,multinomial,0.7043058857248876,0.680426455858356,0.7253823223087078,0.35123395793247464,0.321129761954944,0.3857186575154859,0
tinystories,refit,1,1024,2048,source_same_lag,0.47927843320895797,0.46825505181947397,0.48956869810886167,0.7357579870912216,0.7144784812292366,0.759007414572968,0
tinystories,refit,1,1024,2048,source_full,0.48664777982353896,0.47559492813584914,0.49706057162247974,0.720490011075167,0.6992105107449201,0.7433807739281652,0
tinystories,refit,1,1024,2048,multinomial_jackknife,0.8469501736850107,0.8137777419339625,0.8778572292274001,0.16710758289322428,0.13068867483404864,0.20699143624709918,0
tinystories,refit,1,1024,2048,source_jackknife,0.6404707290665949,0.6225561870247925,0.6566961778580003,0.44600865317094124,0.4207272938166128,0.47442762758372004,0
tinystories,refit,1,1024,2048,bootstrap,0.5861504059148722,0.5680858439008232,0.6039760649204884,0.5347911826562285,0.5045192366016287,0.5658640098049915,0
tinystories,refit,1,1024,2048,bootstrap_jackknife,0.7923182372688495,0.7607361250106921,0.8217164781852825,0.23381080956847913,0.19679189393659338,0.27441724637183335,0
tinystories,refit,1,2048,2048,multinomial,0.7987807604015088,0.7882701726109027,0.8095187058362902,0.2246999606583416,0.21133674221327997,0.23793641931526602,0
tinystories,refit,1,2048,2048,source_same_lag,0.6471862494678533,0.6376628620946955,0.6569053933562788,0.43518611444646704,0.4202612043151514,0.4500128085046879,0
tinystories,refit,1,2048,2048,source_full,0.6558074915766693,0.6465659078479403,0.6654777344376492,0.4219420443124036,0.4072902292016564,0.4361140808482096,0
tinystories,refit,1,2048,2048,multinomial_jackknife,0.9070006533586663,0.8901948827820135,0.926643146746492,0.09781831027774762,0.07639444292734536,0.11636056356557911,0
tinystories,refit,1,2048,2048,source_jackknife,0.8275890671768378,0.8133694007144983,0.8418946000895853,0.18936486179627854,0.17218434703684485,0.20670145803293544,0
tinystories,refit,1,2048,2048,bootstrap,0.7733912755522169,0.7598864708773118,0.7863226577154057,0.25708956399461014,0.24044683813228954,0.27466550354493774,0
tinystories,refit,1,2048,2048,bootstrap_jackknife,0.9576400765997994,0.9331687094441498,0.9813863800260302,0.043674621212717986,0.01968850689381167,0.06948814951604942,0
tinystories,refit,1,4096,2048,multinomial,0.87175006427216,0.8576342755302819,0.8865427650524424,0.13736461822379523,0.12047162236966526,0.15364915610411956,0
tinystories,refit,1,4096,2048,source_same_lag,0.8136678594274865,0.8014155087946314,0.8268747733870679,0.2062872792521464,0.19020480212910476,0.22146245365172887,0
tinystories,refit,1,4096,2048,source_full,0.8234045576906314,0.8112252674411773,0.8363553804854202,0.19438311488267979,0.17878330389064728,0.20923872223639167,0
tinystories,refit,1,4096,2048,multinomial_jackknife,0.9417250149162238,0.9235597668146679,0.9612549564113666,0.06024683404400918,0.03971883529108375,0.07961589606214604,0
tinystories,refit,1,4096,2048,source_jackknife,0.9954573617588139,0.9763531731345766,1.0154020567690936,0.014568124797044843,0.004955601243517452,0.02792549301525238,0
tinystories,refit,1,4096,2048,bootstrap,0.8827149904901229,0.8716382602099308,0.8941080230755049,0.1247724976667894,0.1119521157686482,0.1373970698515348,0
tinystories,refit,1,4096,2048,bootstrap_jackknife,0.9994070158677605,0.9860395535278538,1.0129363728647212,0.007885384768257507,0.004133150517134453,0.015697484114853937,0
tinystories,refit,1,8192,2048,multinomial,0.9169342562741291,0.9049234145977432,0.9289346325011715,0.0867492233934391,0.07374263802120445,0.09993554384216884,0
tinystories,refit,1,8192,2048,source_same_lag,0.9558033637783967,0.9425607640160444,0.9696957734358549,0.04525880270634691,0.030815928607610225,0.05916762019264079,0
tinystories,refit,1,8192,2048,source_full,0.9660199329046777,0.9529282512801593,0.9799156209569083,0.03461978000729771,0.020361176704260235,0.04825949634415711,0
tinystories,refit,1,8192,2048,multinomial_jackknife,0.9678825625537021,0.9518609565587951,0.9845771353842696,0.03275792125404874,0.016289260694664614,0.0493484815267952,0
tinystories,refit,1,8192,2048,source_jackknife,1.1092385804444709,1.0906623141856517,1.1291722576258107,0.10354610759530196,0.08670752446493504,0.12139257346732345,0
tinystories,refit,1,8192,2048,bootstrap,0.9412846324344877,0.9302220799973826,0.9524020888736286,0.06051365855268676,0.04877170612612166,0.07233514717941006,0
tinystories,refit,1,8192,2048,bootstrap_jackknife,1.0049040132239704,0.9916143746451782,1.0182676356933402,0.00801941498642307,0.004369011359214058,0.018153448307798616,0
tinystories,refit,1,1024,4096,multinomial,0.5950739648080023,0.5706311920866388,0.6167227131560192,0.5200837761479912,0.4834624859722674,0.5620004029596765,0
tinystories,refit,1,1024,4096,source_same_lag,0.36192742341007367,0.35304409551403293,0.3706048571681071,1.0166191829183864,0.9928401178983538,1.0413437287900897,0
tinystories,refit,1,1024,4096,source_full,0.36730665897824755,0.3584729792787317,0.37610060480817525,1.0018551453969786,0.9780528112302905,1.0261471246047713,0
tinystories,refit,1,1024,4096,multinomial_jackknife,0.7385012443691422,0.7029126888768291,0.7714907937422969,0.30463244655817096,0.2598492205069736,0.3538083121659728,0
tinystories,refit,1,1024,4096,source_jackknife,0.48689078624949456,0.4725778302929399,0.5003940015111059,0.7202089504382231,0.6925194368152763,0.7501235547856379,0
tinystories,refit,1,1024,4096,bootstrap,0.4120906525238727,0.40288150157961855,0.42126311501460084,0.8867508090803214,0.8646020637600457,0.909382960409392,0
tinystories,refit,1,1024,4096,bootstrap_jackknife,0.5680393635205131,0.5511006986433424,0.5837710228956674,0.5660577258792925,0.5384044513501658,0.5964173556292721,0
tinystories,refit,1,2048,4096,multinomial,0.7031763830211224,0.6902366354348941,0.7166952846688123,0.35227071903577234,0.3332093435268269,0.3707979700593004,0
tinystories,refit,1,2048,4096,source_same_lag,0.5052256198249372,0.49568885492846065,0.5150896384367154,0.6828787382536984,0.6635777970693019,0.7018625234824023,0
tinystories,refit,1,2048,4096,source_full,0.5115201533736448,0.5020234711459242,0.5213958077023724,0.6704872342642797,0.6513569709691818,0.6891431790055235,0
tinystories,refit,1,2048,4096,multinomial_jackknife,0.8247064124865994,0.8034199798029559,0.8516072892363975,0.19325540536457084,0.1613664114606447,0.21900810042536673,0
tinystories,refit,1,2048,4096,source_jackknife,0.6576252573320234,0.6424861406490247,0.6729140619499582,0.4193757613465845,0.39636896163330076,0.44265752582907525,0
tinystories,refit,1,2048,4096,bootstrap,0.6219415106089697,0.6084701723311001,0.635159547839158,0.4751137651678543,0.4539407307059784,0.49705566017342384,0
tinystories,refit,1,2048,4096,bootstrap_jackknife,0.8343721688788536,0.8100221141278746,0.8583848582559923,0.18158510016609827,0.1529622029214086,0.2112622101122229,0
tinystories,refit,1,4096,4096,multinomial,0.7935776943606467,0.7746899764879698,0.8129727206208044,0.23150891165435894,0.20720198846272217,0.25547151778082283,0
tinystories,refit,1,4096,4096,source_same_lag,0.6660925786633397,0.6544791374912556,0.6787180780783278,0.4064388820518074,0.38766677122687343,0.42401051399821676,0
tinystories,refit,1,4096,4096,source_full,0.6734699404568981,0.6617004156507409,0.6860802209869528,0.3954216946380056,0.37689112280801745,0.41296372377500673,0
tinystories,refit,1,4096,4096,multinomial_jackknife,0.8761799219568966,0.8490272773662675,0.9043798408210705,0.13280580872204123,0.10075549111753693,0.16389425299076632,0
tinystories,refit,1,4096,4096,source_jackknife,0.8404037466123476,0.8212146484569384,0.8602877234843084,0.1741583508038809,0.15063002454736754,0.19714754060431525,0
tinystories,refit,1,4096,4096,bootstrap,0.7882178064332785,0.7732146411184302,0.8043139766237027,0.23812205742841272,0.21787392287793797,0.2573225698985787,0
tinystories,refit,1,4096,4096,bootstrap_jackknife,0.962123081118914,0.9405650234905002,0.9829800909542635,0.03883825294977065,0.01764715573842647,0.06150090046281372,0
tinystories,refit,1,8192,4096,multinomial,0.849770503395947,0.8367704374575058,0.8643973648488753,0.16284163952149086,0.145762242491727,0.17825566503688667,0
tinystories,refit,1,8192,4096,source_same_lag,0.8207951552448275,0.808184098324823,0.8342715088854382,0.19752625910549615,0.18121650413782017,0.213000684560232,0
tinystories,refit,1,8192,4096,source_full,0.8289209847137929,0.8165237399291049,0.8422700228863406,0.1876656057026467,0.17168356053784697,0.20273046921566817,0
tinystories,refit,1,8192,4096,multinomial_jackknife,0.9114622021205618,0.8942880321090493,0.9313291223484808,0.09286563479409209,0.07134801336981474,0.11180276797167334,0
tinystories,refit,1,8192,4096,source_jackknife,0.9841350933906589,0.9665139244313944,1.0029291451822924,0.018209581482163707,0.009380247594394792,0.034128790247811146,0
tinystories,refit,1,8192,4096,bootstrap,0.898810767025938,0.8835258849956972,0.9144345016670427,0.10676073234309391,0.08947359026090167,0.12392011833607651,0
tinystories,refit,1,8192,4096,bootstrap_jackknife,1.0085169202833963,0.9868292390323927,1.029904119282559,0.020966310309214104,0.012360193738395421,0.030921100635368983,0
tinystories,refit,2,1024,512,multinomial,0.9097339874122043,0.8990535228565153,0.9201873355767097,0.09466395710064907,0.08321989303146578,0.10645410011161752,0
tinystories,refit,2,1024,512,source_same_lag,0.8661940611042389,0.8547865678048951,0.8768689980553253,0.1437250155082259,0.1314433504028254,0.15700884608790402,0
tinystories,refit,2,1024,512,source_full,0.8852689050294413,0.8737992860982355,0.8962100056064645,0.12194230265514454,0.10966992491868881,0.13496206507994832,0
tinystories,refit,2,1024,512,multinomial_jackknife,0.9698122247897095,0.9582498941696198,0.9808812909646094,0.030715622940624635,0.01935280111289944,0.04273273172535129,0
tinystories,refit,2,1024,512,source_jackknife,1.0497408939888768,1.0349902776812505,1.06409840371021,0.0484402736709576,0.03429821763022426,0.062007898236374114,0
tinystories,refit,2,2048,512,multinomial,0.9426267760249548,0.9330629681118112,0.9527774552361583,0.05912565858879564,0.04844151288842894,0.06929509836442099,0
tinystories,refit,2,2048,512,source_same_lag,0.9961772212568828,0.9859579994936607,1.0056528050307851,0.0072213647208611495,0.0037685055086705698,0.014180299717306675,0
tinystories,refit,2,2048,512,source_full,1.0164748289044119,1.0061268571938924,1.0265096457701333,0.016311121106017287,0.0067441400110215075,0.026137113730642748,0
tinystories,refit,2,2048,512,multinomial_jackknife,0.9814665941384245,0.9701595694585896,0.9932202499161135,0.019108829169272874,0.010556038239414185,0.030320574795426533,0
tinystories,refit,2,2048,512,source_jackknife,1.150713880738565,1.1359769513279434,1.1645790597062349,0.1403110326889259,0.12744435530356604,0.15230684318471785,0
tinystories,refit,2,4096,512,multinomial,0.9605140583996731,0.9517598373211956,0.9688436997853804,0.0403027975542464,0.031671699378514884,0.04946179178723394,0
tinystories,refit,2,4096,512,source_same_lag,1.0870003726931199,1.0753900579368718,1.098099686106595,0.0833861171082431,0.07266613798075472,0.09355769902449455,0
tinystories,refit,2,4096,512,source_full,1.1075728420939899,1.0958791457302977,1.1186299374413335,0.10213759267080717,0.09152699370397682,0.11206568501871651,0
tinystories,refit,2,4096,512,multinomial_jackknife,0.9839169551332216,0.9757646293690765,0.9919406496077829,0.01622071935417411,0.008096347639458733,0.024537298061375605,0
tinystories,refit,2,4096,512,source_jackknife,1.204434597525851,1.1892962285906985,1.2184969220206028,0.1859448380442487,0.17331812097067073,0.19756408739235576,0
tinystories,refit,2,8192,512,multinomial,0.9733732286983298,0.9645428495750571,0.9821904436763026,0.02700775999340861,0.017983609422054157,0.03611529703718695,0
tinystories,refit,2,8192,512,source_same_lag,1.1486132370805617,1.134983936992103,1.1621649396046505,0.1384931700857838,0.12659140943762998,0.15023678316380287,0
tinystories,refit,2,8192,512,source_full,1.1694002979843225,1.1554213904929203,1.1832057393849855,0.15642771566470468,0.14443964934488504,0.16815821397764597,0
tinystories,refit,2,8192,512,multinomial_jackknife,0.9884821077994586,0.9794677659013975,0.9976683789927184,0.011714697775579477,0.005714716589061232,0.02077288247545907,0
tinystories,refit,2,8192,512,source_jackknife,1.232366324652003,1.2170402417990578,1.247241031548816,0.20886405898056437,0.19637894183513335,0.2209002371048457,0
tinystories,refit,2,1024,1024,multinomial,0.8575074025118566,0.8422145001477692,0.8717000281894756,0.1539115914390188,0.13741008848618425,0.1718569442159574,0
tinystories,refit,2,1024,1024,source_same_lag,0.721608929051353,0.7097738438574207,0.7327023093778158,0.3264339295069218,0.3110775601344641,0.3429397904332881,0
tinystories,refit,2,1024,1024,source_full,0.7349951793968995,0.7231240852065494,0.7463457652786066,0.3080513553048506,0.29262214529912667,0.3242640048024443,0
tinystories,refit,2,1024,1024,multinomial_jackknife,0.9413762880908642,0.9230480288058771,0.9584093704779441,0.06064255699266957,0.042531981339841665,0.08030229484599061,0
tinystories,refit,2,1024,1024,source_jackknife,0.9121733966396667,0.8943541759391199,0.9288141511998015,0.09216781477089786,0.07401374974727747,0.11186379596704404,0
tinystories,refit,2,2048,1024,multinomial,0.9016468836061784,0.8925269402500454,0.9109331029792379,0.10357513632728425,0.09332988271032955,0.1137030518752079,0
tinystories,refit,2,2048,1024,source_same_lag,0.8714255783407002,0.8632230550180792,0.8793738814650754,0.13765173522078403,0.1285566781033275,0.14710341539482727,0
tinystories,refit,2,2048,1024,source_full,0.8862485838039703,0.8780139533401294,0.894305670001755,0.12078306462006168,0.11173846928174827,0.1301176209939951,0
tinystories,refit,2,2048,1024,multinomial_jackknife,0.9550730188002794,0.9429364562492457,0.9665773234701587,0.04604730680618165,0.034033374831085754,0.05887256602821791,0
tinystories,refit,2,2048,1024,source_jackknife,1.0410617863576175,1.029173139050293,1.052359983820581,0.040184631719472945,0.02868285921753634,0.05102102775214656,0
tinystories,refit,2,4096,1024,multinomial,0.9278199372144076,0.9196488059241598,0.9354493949632408,0.07493453462645498,0.06673495040766851,0.08379054909873611,0
tinystories,refit,2,4096,1024,source_same_lag,0.988991757742068,0.9792301127754469,0.9998173852471504,0.013684734316836892,0.008054947381727302,0.020998414355453,0
tinystories,refit,2,4096,1024,source_full,1.004283422809537,0.9945535553051352,1.0147697433831724,0.006205592822903889,0.0019587278145182197,0.014762852611108079,0
tinystories,refit,2,4096,1024,multinomial_jackknife,0.9592580847851802,0.9512842724055235,0.9667502260460652,0.04160555222305496,0.033821543496620615,0.04995027598181953,0
tinystories,refit,2,4096,1024,source_jackknife,1.128088556262585,1.1152590586423683,1.1424288633513386,0.12045545762247316,0.10907276921973136,0.1330642488049868,0
tinystories,refit,2,8192,1024,multinomial,0.9457384552017418,0.9372640255021805,0.9540658889569953,0.05580913771199245,0.047042710947451515,0.06479732829546196,0
tinystories,refit,2,8192,1024,source_same_lag,1.0756136100310612,1.063474811377004,1.088012641226756,0.07283145818044294,0.06151341637054136,0.08428643569032623,0
tinystories,refit,2,8192,1024,source_full,1.091096463584578,1.0788238702809085,1.1037152583774577,0.08712282463887268,0.07584840922751021,0.0986305739868623,0
tinystories,refit,2,8192,1024,multinomial_jackknife,0.9667566381527654,0.9576460688289204,0.9761108138904302,0.033838256593029616,0.02421662510007785,0.043285375055408505,0
tinystories,refit,2,8192,1024,source_jackknife,1.1788347344520331,1.1644435410296798,1.1932413804631765,0.16444755390063245,0.1521766049946052,0.17663003650220768,0
tinystories,refit,2,1024,2048,multinomial,0.78625030779257,0.7643933415767049,0.8062268534504342,0.24093927055228273,0.2154432044881777,0.26912289392733907,0
tinystories,refit,2,1024,2048,source_same_lag,0.5708481078030508,0.5586674875796083,0.5820430693607667,0.5608735732389244,0.5412872557213882,0.582347692684742,0
tinystories,refit,2,1024,2048,source_full,0.580243432754443,0.567965669337357,0.5914725833132749,0.5445427399309112,0.5252064951546968,0.5658724114023389,0
tinystories,refit,2,1024,2048,multinomial_jackknife,0.8980686405821509,0.8704474139158926,0.925238777042766,0.10814492863740725,0.0778664762779248,0.13921357412416932,0
tinystories,refit,2,1024,2048,source_jackknife,0.7481507537683132,0.7288724322915797,0.7654641592427982,0.29053466527735455,0.2674045500317099,0.3165437283567973,0
tinystories,refit,2,2048,2048,multinomial,0.8458496804696265,0.8358855853665048,0.8556928056839668,0.16743600861782004,0.1558636371909557,0.17928992514930026,0
tinystories,refit,2,2048,2048,source_same_lag,0.7298108741793473,0.7202854352331343,0.7387063314014843,0.3150012359297631,0.30285923976846585,0.3281421089870939,0
tinystories,refit,2,2048,2048,source_full,0.740585406960138,0.7314970489330703,0.7493489142548221,0.3003374318465788,0.2885568206004493,0.31267962241626546,0
tinystories,refit,2,2048,2048,multinomial_jackknife,0.9180078952640389,0.9037833028295726,0.9326894320307028,0.08565757991899263,0.06975559369782505,0.10123758161443908,0
tinystories,refit,2,2048,2048,source_jackknife,0.9041063487037486,0.8911965625586107,0.9163898856259243,0.10086398554716648,0.08733466532710034,0.11521550127297402,0
tinystories,refit,2,4096,2048,multinomial,0.8840818778755931,0.8727707904580975,0.8950526634749248,0.12324771297866648,0.11091304121120692,0.13612525393523642,0
tinystories,refit,2,4096,2048,source_same_lag,0.8691626176504534,0.8574112544067858,0.8815146739726311,0.14028580401224286,0.1261861997075273,0.15383953060822453,0
tinystories,refit,2,4096,2048,source_full,0.8807324164927355,0.8691680159364845,0.8927114815954355,0.12705287399095624,0.11356226557573114,0.1402265034932026,0
tinystories,refit,2,4096,2048,multinomial_jackknife,0.9241942259904146,0.911397581999601,0.9372554700425388,0.07889963919263206,0.06485425249189272,0.09283699382700042,0
tinystories,refit,2,4096,2048,source_jackknife,1.025379396652762,1.0088837332468337,1.0426759122617613,0.024941549091654327,0.011075500416283288,0.041658907409866476,0
tinystories,refit,2,8192,2048,multinomial,0.9065931657912336,0.8957988274353981,0.9167820420074123,0.09807911819109971,0.086897614752052,0.11004387430285531,0
tinystories,refit,2,8192,2048,source_same_lag,0.9790310554424747,0.9657569164780554,0.9925019201708298,0.02125055076558453,0.010428699655505113,0.034874197643978935,0
tinystories,refit,2,8192,2048,source_full,0.9908490305395168,0.9775753413744234,1.0043803754149965,0.01252617649267905,0.00555493097982697,0.022796060806965588,0
tinystories,refit,2,8192,2048,multinomial_jackknife,0.9339641382260213,0.9209153393150122,0.9463644473810314,0.06837643204565168,0.05517181947081189,0.08240078542989274,0
tinystories,refit,2,8192,2048,source_jackknife,1.1020516475405637,1.0845904165259268,1.1197200755096162,0.09706624768342915,0.08116063551381188,0.1130004887762208,0
tinystories,refit,2,1024,4096,multinomial,0.7006775552578333,0.675116555174039,0.7233224886575986,0.3565528823337856,0.32402066999260903,0.3937280374827826,0
tinystories,refit,2,1024,4096,source_same_lag,0.4375380563310403,0.4279314516624758,0.4466003276592995,0.82687413928081,0.8062414293408391,0.8489803581456145,0
tinystories,refit,2,1024,4096,source_full,0.4442766466858235,0.43472138357969053,0.45344526014014974,0.8115817050588904,0.7909912546213065,0.8332425061027954,0
tinystories,refit,2,1024,4096,multinomial_jackknife,0.8348536652202834,0.7986327442054988,0.8684631872542556,0.1817361845454395,0.14134361357680694,0.22593775353612347,0
tinystories,refit,2,1024,4096,source_jackknife,0.5846826245541624,0.568572703069526,0.599086495657492,0.5371423178923286,0.5124773092014692,0.5648681028865993,0
tinystories,refit,2,2048,4096,multinomial,0.7809599483122033,0.7713831349547918,0.7910021046963516,0.24727287128525996,0.2344944527071784,0.25958773868739204,0
tinystories,refit,2,2048,4096,source_same_lag,0.5906909923325143,0.5826220286258178,0.5988181887784643,0.5265264162748008,0.5128177663147477,0.5402714818537109,0
tinystories,refit,2,2048,4096,source_full,0.5985663249762382,0.5906836295649899,0.6065506497154725,0.5132716922831544,0.5000053249147535,0.5265032573996581,0
tinystories,refit,2,2048,4096,multinomial_jackknife,0.8756279980197207,0.8588720939775879,0.8966112220750536,0.13310222519928203,0.10952214217677991,0.15218600581214034,0
tinystories,refit,2,2048,4096,source_jackknife,0.7552250896735097,0.7425956155243494,0.7672546581279448,0.2808663979385158,0.2649897486570428,0.2977230937523695,0
tinystories,refit,2,4096,4096,multinomial,0.8358045119738093,0.821682479576714,0.8505306782827758,0.17951830332343297,0.1620061176093146,0.19650674153272465,0
tinystories,refit,2,4096,4096,source_same_lag,0.7422925908714578,0.7321786090683695,0.753988423032739,0.29809440417817556,0.282487363448667,0.31174628071943905,0
tinystories,refit,2,4096,4096,source_full,0.7511795130971148,0.7411142406910899,0.7624925696239496,0.28618457182323637,0.2712533787534261,0.2996273402740955,0
tinystories,refit,2,4096,4096,multinomial_jackknife,0.8870761282493544,0.8678524892730339,0.9071725552890924,0.1201217803307943,0.09762198486846548,0.1417878501266856,0
tinystories,refit,2,4096,4096,source_jackknife,0.9078896198604941,0.891605278066253,0.9251379404718013,0.09682070808141509,0.0779760494886815,0.11479099912369477,0
tinystories,refit,2,8192,4096,multinomial,0.8642530950961109,0.8540495869066407,0.8755526323044307,0.14592427471544775,0.13293238045317235,0.1577966063593149,0
tinystories,refit,2,8192,4096,source_same_lag,0.8715430979131111,0.8603221571642466,0.8835463470088657,0.13754380065728739,0.12386636038844052,0.15047741133750994,0
tinystories,refit,2,8192,4096,source_full,0.8808760015465792,0.8698873354647921,0.8926986648090044,0.1268856402307206,0.11355004294874844,0.13940014856933017,0
tinystories,refit,2,8192,4096,multinomial_jackknife,0.8990315372722086,0.8850634664866162,0.9150231728896804,0.10656799547340691,0.08893801277384858,0.12212951985462903,0
tinystories,refit,2,8192,4096,source_jackknife,1.011159934441186,0.995552625585661,1.0282706320039605,0.012734991295509479,0.0029647232626894495,0.027920417775520914,0
tinystories,refit,5,1024,512,multinomial,0.8936667373467719,0.884879423145893,0.9022693249326652,0.11243842448372045,0.10285830259068389,0.12231803102899702,0
tinystories,refit,5,1024,512,source_same_lag,0.9188653721529462,0.9078781461774899,0.9291660307206132,0.0846610766812952,0.07352838948490872,0.0966997169392668,0
tinystories,refit,5,1024,512,source_full,0.9458790920614802,0.9350796485544908,0.9560605825105134,0.055679203944433216,0.04496288105165363,0.06715256139971458,0
tinystories,refit,5,1024,512,multinomial_jackknife,0.9153172186821483,0.9063303559155593,0.9240205230071855,0.08850236249229239,0.07903833908859936,0.09836809127617051,0
tinystories,refit,5,1024,512,source_jackknife,1.0607340133723508,1.0479879604175681,1.0723398101427384,0.05891845886286914,0.04684072545524284,0.0698240038972473,0
tinystories,refit,5,1024,512,bootstrap,0.9233829696549015,0.9097516904766064,0.9369293116515501,0.07982172538304158,0.06519448193410562,0.0946779869225214,0
tinystories,refit,5,1024,512,bootstrap_jackknife,1.0054417041431354,0.9859165385346317,1.0243216190545663,0.01804853458841924,0.008453268548216184,0.02878997853497255,0
tinystories,refit,5,2048,512,multinomial,0.9009895575673615,0.8923175809506902,0.9095863477327303,0.1042765824446235,0.09478125430294962,0.11393612189540177,0
tinystories,refit,5,2048,512,source_same_lag,1.000936361640792,0.9896045182382975,1.0114746594277297,0.006579252534882291,0.003322939090010042,0.012929114395867117,0
tinystories,refit,5,2048,512,source_full,1.0286266059745868,1.017241002367333,1.0392592245484964,0.028196382644215815,0.017061983868467884,0.038487935924914216,0
tinystories,refit,5,2048,512,multinomial_jackknife,0.9108208716154074,0.9014385175280258,0.9203142811278591,0.09343540760445661,0.08307639952751229,0.10377763370607318,0
tinystories,refit,5,2048,512,source_jackknife,1.1125913143134931,1.0974661235049539,1.12646266987348,0.1066205968320686,0.09296284730608873,0.11903179481690994,0
tinystories,refit,5,2048,512,bootstrap,0.9664089547347385,0.9528380198644993,0.9791044142930997,0.03425136672836765,0.02113226393285235,0.04842076644405563,0
tinystories,refit,5,2048,512,bootstrap_jackknife,1.0178799146203823,0.9954253102924691,1.0400902296359529,0.02540169924959837,0.0114777306026878,0.04161691973070978,0
tinystories,refit,5,4096,512,multinomial,0.9019084323960729,0.8933122413987536,0.9103239002203551,0.10325372013273935,0.09396305474781048,0.11282596601981734,0
tinystories,refit,5,4096,512,source_same_lag,1.0530257021587834,1.03996764646272,1.0654021730354295,0.051612774426785246,0.039145004243787127,0.06332452784608776,0
tinystories,refit,5,4096,512,source_full,1.0810823108817214,1.0677343673578665,1.0938131044898625,0.07790867960820103,0.06548776986488623,0.08963884428928147,0
tinystories,refit,5,4096,512,multinomial_jackknife,0.9053102481408659,0.8968995630138278,0.9135041856373437,0.09948636232101854,0.09047794733807527,0.10881675873966906,0
tinystories,refit,5,4096,512,source_jackknife,1.135475201577016,1.1182057954490088,1.1521373969393043,0.12693787392946546,0.11161197748890753,0.14157506259658564,0
tinystories,refit,5,4096,512,bootstrap,0.9845171004696555,0.9754005022693288,0.993136203893994,0.01560916881469023,0.006889021889223307,0.024911824679636728,0
tinystories,refit,5,4096,512,bootstrap_jackknife,1.006980606412307,0.9950825424960686,1.0193549379043678,0.009061429467324125,0.0037841772921229015,0.0191960433153884,0
tinystories,refit,5,8192,512,multinomial,0.901126639564386,0.8926802990504117,0.90945336268725,0.10412054382673308,0.09492220635771777,0.11353534491314335,0
tinystories,refit,5,8192,512,source_same_lag,1.08272354918408,1.069393470757096,1.0956687768487003,0.07942151932271768,0.06706476476427815,0.09134474493469394,0
tinystories,refit,5,8192,512,source_full,1.1109484248693504,1.0973944729195615,1.1242123065144638,0.10515610858055645,0.09286083340753654,0.1170523363389276,0
tinystories,refit,5,8192,512,multinomial_jackknife,0.9024745493069419,0.8938918039674733,0.9109166962433739,0.10262732029604306,0.0933175658535162,0.11218396869185432,0
tinystories,refit,5,8192,512,source_jackknife,1.1428268871489171,1.128055072899286,1.1574490190914495,0.13343276859868117,0.12043911744151166,0.14615995190980222,0
tinystories,refit,5,8192,512,bootstrap,0.9977147436562018,0.9867426197339997,1.0090930551593345,0.007257078623874621,0.0027923411125270387,0.014538359270554382,0
tinystories,refit,5,8192,512,bootstrap_jackknife,1.0062659422799014,0.9929401921726672,1.021434408194631,0.009788169422987446,0.0020578159702053624,0.02126905559993343,0
tinystories,refit,5,1024,1024,multinomial,0.8787580594775577,0.8697890181243111,0.8876318914980649,0.12929004347848402,0.11920713263872221,0.13954468621489702,0
tinystories,refit,5,1024,1024,source_same_lag,0.8173435711694885,0.8080167627747638,0.8260478097899672,0.20175420505654715,0.19112156582819165,0.21324381657545255,0
tinystories,refit,5,1024,1024,source_full,0.8365534847651209,0.8270727091502733,0.8454864906061892,0.17852246126868895,0.16785714587229178,0.18991584900266367,0
tinystories,refit,5,1024,1024,multinomial_jackknife,0.9181132308647035,0.9085436785342028,0.9271036706196795,0.08547847317636427,0.07571051155885766,0.09597126393197654,0
tinystories,refit,5,1024,1024,source_jackknife,0.9777066049613292,0.966169513607253,0.988884554598585,0.022616500375273813,0.011353973727047297,0.03447133502760279,0
tinystories,refit,5,1024,1024,bootstrap,0.850167815470022,0.8425908781114674,0.8577021911248188,0.16234796067554694,0.15351900700309148,0.17131605083675983,0
tinystories,refit,5,1024,1024,bootstrap_jackknife,0.9670889930206802,0.9558185789026334,0.9777056119293971,0.03353155898431051,0.02255866212624649,0.045262441899505026,0
tinystories,refit,5,2048,1024,multinomial,0.8938702814854282,0.8857026971531794,0.9026719516738356,0.1122306355381359,0.10244913946775058,0.12139602882094395,0
tinystories,refit,5,2048,1024,source_same_lag,0.9263422913014039,0.91785810546477,0.9343822785348996,0.07653708794647782,0.06787673811951633,0.08572722323835708,0
tinystories,refit,5,2048,1024,source_full,0.9465413452486542,0.9378838756689812,0.9549101413133879,0.054966823182609266,0.04616035990570892,0.06415151606856805,0
tinystories,refit,5,2048,1024,multinomial_jackknife,0.9136304288911067,0.9039302754696891,0.9237024893891396,0.09038697383440066,0.0794186286594526,0.10102381004377903,0
tinystories,refit,5,2048,1024,source_jackknife,1.0589348116145112,1.0464147302589644,1.0709460921546454,0.057196961423939735,0.04531185773547394,0.0685085317719348,0
tinystories,refit,5,2048,1024,bootstrap,0.9245553922820673,0.9154582650680982,0.9336401953974087,0.0784792266900309,0.06869404832429975,0.08837152464093004,0
tinystories,refit,5,2048,1024,bootstrap_jackknife,1.0001504357445796,0.988872590166683,1.0123364588194286,0.010546174444647389,0.004657641184548297,0.015712419571420173,0
tinystories,refit,5,4096,1024,multinomial,0.8966700063280314,0.8894032587771771,0.903846497102145,0.10908287138336065,0.10109740536836324,0.11720615828583174,0
tinystories,refit,5,4096,1024,source_same_lag,0.9999160423693465,0.9898381063821046,1.0094766685067988,0.007619402126282419,0.004179879379229983,0.012194891928057533,0
tinystories,refit,5,4096,1024,source_full,1.0203590625012753,1.0101717969310615,1.0299097345789874,0.020119036236139788,0.010232616171712873,0.029459331096535386,0
tinystories,refit,5,4096,1024,multinomial_jackknife,0.9043402091412248,0.897598341685286,0.9109873078763144,0.10055709384716689,0.09323026422677791,0.10803395240086891,0
tinystories,refit,5,4096,1024,source_jackknife,1.0989113659171954,1.0854812160652891,1.1116549401586528,0.09424705441212111,0.08196313276151587,0.10581122403588487,0
tinystories,refit,5,4096,1024,bootstrap,0.9649539299208584,0.9533936030843768,0.9754468393330862,0.0357416810519273,0.024876337894111082,0.04779572526093075,0
tinystories,refit,5,4096,1024,bootstrap_jackknife,1.0052173169249654,0.9862076333109424,1.0223514261567082,0.01830543887419215,0.008873067218376128,0.028305086465943725,0
tinystories,refit,5,8192,1024,multinomial,0.8975813860108343,0.8902281943171113,0.9048865260947013,0.10806881077723401,0.09995496965851493,0.11629613811682693,0
tinystories,refit,5,8192,1024,source_same_lag,1.0481113333719352,1.0365039602466828,1.0600164271344028,0.04692792221650025,0.035815793276930886,0.058235000570073844,0
tinystories,refit,5,8192,1024,source_full,1.0687623211919122,1.0569212951113252,1.0809761206556496,0.06643847958702292,0.05528370804247521,0.07779549822499549,0
tinystories,refit,5,8192,1024,multinomial_jackknife,0.9008240349551064,0.8933558729961484,0.9082875158894527,0.10446342624887413,0.0962165294995438,0.11278628222139711,0
tinystories,refit,5,8192,1024,source_jackknife,1.118426388726871,1.1056995948220871,1.1314867403302342,0.11185023061582372,0.10037459664018787,0.12346186127284914,0
tinystories,refit,5,8192,1024,bootstrap,0.9835604926882057,0.975528828790702,0.9915657824192701,0.016590971984998263,0.00852040053510626,0.024784505524720134,0
tinystories,refit,5,8192,1024,bootstrap_jackknife,1.001305171118941,0.9913615783544647,1.011244826942605,0.007236352842802816,0.0027453444850114327,0.013371761448326707,0
tinystories,refit,5,1024,2048,multinomial,0.8469691934760861,0.8326331521387383,0.8611154748569311,0.1662390236126116,0.14959074294513622,0.18330553224570678,0
tinystories,refit,5,1024,2048,source_same_lag,0.696196144459125,0.6844771135482045,0.7069105708686528,0.3622537574907408,0.3469314693544994,0.3792574229459088,0
tinystories,refit,5,1024,2048,source_full,0.7097871183279334,0.6980920479365125,0.7206607281066102,0.3429196061522055,0.32768039409267397,0.3595206190693455,0
tinystories,refit,5,1024,2048,multinomial_jackknife,0.910966590431077,0.8938795566387635,0.9273522070665242,0.0934315705440684,0.07544651207036877,0.11233230826732703,0
tinystories,refit,5,1024,2048,source_jackknife,0.8679750047240392,0.8516818772917824,0.8833431122888636,0.14178129977486778,0.12412889975002886,0.16078618266971606,0
tinystories,refit,5,1024,2048,bootstrap,0.7377005438342569,0.7214845416170369,0.7535188227115279,0.30451103706529475,0.28321317495968323,0.32663284647987223,0
tinystories,refit,5,1024,2048,bootstrap_jackknife,0.8898646475437778,0.8656876031464802,0.9138604344295519,0.1171712572380406,0.09037083383513479,0.1444291537831765,0
tinystories,refit,5,2048,2048,multinomial,0.873940084635311,0.863174817731321,0.8845209010798111,0.13479153298296917,0.12276594932490402,0.14719183578005898,0
tinystories,refit,5,2048,2048,source_same_lag,0.8265102833725769,0.816839458987207,0.8352543067718945,0.1905687221565742,0.1800475424127018,0.20233747534577645,0
tinystories,refit,5,2048,2048,source_full,0.8413485965533826,0.8316199887854727,0.850305694802081,0.1727754227728566,0.16217184780684263,0.18440223575938341,0
tinystories,refit,5,2048,2048,multinomial_jackknife,0.9086499575381354,0.8958125971985537,0.9208841946241657,0.09588043716691337,0.08247462503845088,0.11008494939807749,0
tinystories,refit,5,2048,2048,source_jackknife,0.9760463150991697,0.9629752939462176,0.9881904752671747,0.024302689959447506,0.011956342777893793,0.03773951037156158,0
tinystories,refit,5,2048,2048,bootstrap,0.8645060010888151,0.8526651596206419,0.8752885868686635,0.14566238691441616,0.13324187464374643,0.15943256120312704,0
tinystories,refit,5,2048,2048,bootstrap_jackknife,0.9849339213546268,0.9646155480210166,1.004308393736684,0.02110967504832349,0.00845398777948416,0.037212764893281104,0
tinystories,refit,5,4096,2048,multinomial,0.8828660952726233,0.8731057925300835,0.891814415905457,0.12459836097906048,0.11450003114284751,0.1357167373005551,0
tinystories,refit,5,4096,2048,source_same_lag,0.9247831079833467,0.9136235440758532,0.9355137707507883,0.07823178997302292,0.06669174148609673,0.09034569550105953,0
tinystories,refit,5,4096,2048,source_full,0.9399636979297673,0.9288684536532611,0.9506908469156525,0.06194523558949768,0.050597570027082865,0.07380091961832971,0
tinystories,refit,5,4096,2048,multinomial_jackknife,0.8974442633324494,0.8881855177637593,0.9061375374593936,0.10821335057500582,0.09856981681969744,0.11858357986542546,0
tinystories,refit,5,4096,2048,source_jackknife,1.0440609403632606,1.030164263416194,1.0575703315953906,0.04306022872014148,0.029701514614687875,0.05592773857481091,0
tinystories,refit,5,4096,2048,bootstrap,0.93101249386417,0.9201239937015588,0.9411474821137498,0.07151060800878885,0.06066675427326522,0.08328086510516716,0
tinystories,refit,5,4096,2048,bootstrap_jackknife,1.0045623685502656,0.9914492820140342,1.0163111019297204,0.010421278926715313,0.005591857691507173,0.016495354736090727,0
tinystories,refit,5,8192,2048,multinomial,0.8866931420205185,0.8767457021426787,0.8957764013841057,0.1202738236333906,0.11007719289377488,0.13154175151250486,0
tinystories,refit,5,8192,2048,source_same_lag,0.9954293401675982,0.9825314339764923,1.008169517143942,0.009999333963121445,0.0042247073230665105,0.018631756250329704,0
tinystories,refit,5,8192,2048,source_full,1.0107985368533612,0.997648001625905,1.0238128040610908,0.012512879506247817,0.004767503676856675,0.02361629598237786,0
tinystories,refit,5,8192,2048,multinomial_jackknife,0.8935289978574906,0.883623454945846,0.9028543643575511,0.11259835720088333,0.10221390209037591,0.12374283140395795,0
tinystories,refit,5,8192,2048,source_jackknife,1.0824755429880792,1.067630682050185,1.0968293862677303,0.0791781287402527,0.06536160712279612,0.09239142794419952,0
tinystories,refit,5,8192,2048,bootstrap,0.9666347504587445,0.9555066344784745,0.9771368956236833,0.03396141291603016,0.02315499410809893,0.045540579377949156,0
tinystories,refit,5,8192,2048,bootstrap_jackknife,1.0065901438746585,0.9959338702525695,1.0162977463267149,0.006558318644668969,0.002066418608805575,0.016158182873793746,0
tinystories,refit,5,1024,4096,multinomial,0.7994600011749285,0.7797224733609477,0.8179294486188762,0.2242097209667858,0.2011454490434183,0.24917906951976337,0
tinystories,refit,5,1024,4096,source_same_lag,0.567016182263106,0.5562739534178616,0.5769601690317341,0.5675843612353386,0.550013799951987,0.5867228160410548,0
tinystories,refit,5,1024,4096,source_full,0.5766617569212581,0.5659609806063686,0.5867762129458874,0.5507116756138344,0.5332077522564541,0.5693714584214832,0
tinystories,refit,5,1024,4096,multinomial_jackknife,0.8948417460823025,0.8694410795254504,0.9195451317011533,0.11165221156611821,0.08401717173999976,0.140108526731509,0
tinystories,refit,5,1024,4096,source_jackknife,0.7355889476802132,0.7185098489283187,0.751290038385713,0.3074258350573187,0.28612797526374245,0.33097968825366303,0
tinystories,refit,5,1024,4096,bootstrap,0.6054233241382834,0.5955131628098266,0.6151881235319299,0.5019850609173921,0.48597909818572,0.5184436092932959,0
tinystories,refit,5,1024,4096,bootstrap_jackknife,0.7814018774287309,0.7638924242485524,0.7985182408908547,0.24699137111378158,0.2252258099187437,0.26946734508277975,0
tinystories,refit,5,2048,4096,multinomial,0.8435115720147006,0.8352381293516398,0.8521201675417079,0.17021384876204826,0.16004991591530085,0.18003944034165406,0
tinystories,refit,5,2048,4096,source_same_lag,0.7109884613425761,0.704033519149517,0.7179518588660876,0.34112417304738246,0.3313711715152521,0.350957139146145,0
tinystories,refit,5,2048,4096,source_full,0.7219270101418984,0.7151643204778605,0.728777758184598,0.3258504627831467,0.31638983289247885,0.3352611584067183,0
tinystories,refit,5,2048,4096,multinomial_jackknife,0.8989413843216377,0.8863714942636114,0.9112808170521878,0.10664481004000209,0.09295432966272066,0.12067668934451983,0
tinystories,refit,5,2048,4096,source_jackknife,0.8702735674946303,0.8606559627328659,0.8797831381238567,0.13899210017639532,0.1281291539329538,0.15012269467004422,0
tinystories,refit,5,2048,4096,bootstrap,0.7665809586840098,0.75591122154173,0.7761018375640498,0.2658986490302646,0.25348991942470117,0.2799510152807942,0
tinystories,refit,5,2048,4096,bootstrap_jackknife,0.9317318833466803,0.9143985359542522,0.9468535088404535,0.07089807581115344,0.054661588383351,0.08972052460214468,0
tinystories,refit,5,4096,4096,multinomial,0.8640867986200576,0.8550207420533108,0.8731416516740428,0.14611837541037123,0.13567138031037554,0.15665117727375677,0
tinystories,refit,5,4096,4096,source_same_lag,0.8325488509463941,0.8236679177923562,0.8425773268951816,0.183315131359056,0.17136575695049444,0.19399424511112123,0
tinystories,refit,5,4096,4096,source_full,0.8441142798030511,0.8354594422757537,0.8538180269591222,0.1695108538493154,0.15810066939068879,0.1797782865820642,0
tinystories,refit,5,4096,4096,multinomial_jackknife,0.8881434649559552,0.8783287029894332,0.8988519910858509,0.1186785002814446,0.10670488153626313,0.12974449740552213,0
tinystories,refit,5,4096,4096,source_jackknife,0.9708328408621377,0.9583314557035973,0.9848979521880683,0.02969940505912146,0.017048829429362575,0.042619250405512815,0
tinystories,refit,5,4096,4096,bootstrap,0.8671971983600754,0.8565948010045332,0.8787880955634195,0.14256526695922925,0.12926159117167998,0.15482771546271404,0
tinystories,refit,5,4096,4096,bootstrap_jackknife,0.9760198083537788,0.9617840125909509,0.9914075197905047,0.024403136534557144,0.010973716112182562,0.03898617496275825,0
tinystories,refit,5,8192,4096,multinomial,0.8716540420790454,0.8641303022592279,0.8798735863989321,0.13737695695443863,0.1279885652514148,0.14604639264145405,0
tinystories,refit,5,8192,4096,source_same_lag,0.926240510293686,0.9159035851641594,0.9374186183691433,0.07667836833023146,0.06469273036710829,0.08785028471687208,0
tinystories,refit,5,8192,4096,source_full,0.9380149853191148,0.9276435662086212,0.9493633045088175,0.06404483075563117,0.052036623410702434,0.07513754185585511,0
tinystories,refit,5,8192,4096,multinomial_jackknife,0.8839629527816646,0.8746302122400045,0.8939309288169361,0.12338584281090063,0.11216575785618679,0.13396788503534077,0
tinystories,refit,5,8192,4096,source_jackknife,1.0329335640092194,1.0191516164472418,1.0473374523678813,0.03230964486289261,0.01889896093202631,0.046168448534909846,0
tinystories,refit,5,8192,4096,bootstrap,0.9370599128496889,0.926226496521658,0.9480996428732477,0.06506295179870229,0.053369534061408604,0.07671793666231484,0
tinystories,refit,5,8192,4096,bootstrap_jackknife,1.0046072262247892,0.9894020101809076,1.0192867722291654,0.012595759573096875,0.005319684330549427,0.022323224815534174,0
tinystories,refit,10,1024,512,multinomial,0.8700140666685232,0.85986347521117,0.8800684359053029,0.13926845920844064,0.12776280919129665,0.15098492636996041,0
tinystories,refit,10,1024,512,source_same_lag,0.9391020613666495,0.9252763138068134,0.9530411912943679,0.06291740709720095,0.04814206361813391,0.07768292820237861,0
tinystories,refit,10,1024,512,source_full,0.9746494302157945,0.960816961927778,0.9887255159859218,0.025754685096069527,0.012236833592504702,0.04003170087998704,0
tinystories,refit,10,1024,512,multinomial_jackknife,0.8745273288061293,0.8640599962662602,0.8848570556471014,0.13409849997219167,0.12234287390603922,0.14613058972172482,0
tinystories,refit,10,1024,512,source_jackknife,1.0535575126752041,1.0380774873268794,1.0694383626846036,0.05208569905480867,0.037335308918303896,0.06707222162969521,0
tinystories,refit,10,2048,512,multinomial,0.8666190906261201,0.8568372049229939,0.8760898088263537,0.14316808151015264,0.13229704578271928,0.15451421752857752,0
tinystories,refit,10,2048,512,source_same_lag,0.9915053481440008,0.9777468927235565,1.0050663227638414,0.01103973895237658,0.004426290543072347,0.022724823770091163,0
tinystories,refit,10,2048,512,source_full,1.0274940683612157,1.0133991047165771,1.041177043082745,0.027069242556235166,0.0139878715810603,0.04030742768228684,0
tinystories,refit,10,2048,512,multinomial_jackknife,0.864020005364389,0.8541539266163981,0.8735799263014844,0.1461757593449494,0.13516255738697036,0.15766821392488056,0
tinystories,refit,10,2048,512,source_jackknife,1.080086048470667,1.0633729187358643,1.0963078737683871,0.07694935935642677,0.06138258435887939,0.09189835762722796,0
tinystories,refit,10,4096,512,multinomial,0.8612140921294312,0.8516753746355731,0.8704135650490517,0.14942008589689157,0.13878906838005517,0.16055662786812916,0
tinystories,refit,10,4096,512,source_same_lag,1.024887674856662,1.0103562343458785,1.0393904967791532,0.024509961827521826,0.011611383636603663,0.038583493430687475,0
tinystories,refit,10,4096,512,source_full,1.0614240164681261,1.0463976665115027,1.0763869323162512,0.059539465641211875,0.045305856313719625,0.07357960917566644,0
tinystories,refit,10,4096,512,multinomial_jackknife,0.8561770576726484,0.846508397619353,0.8655480468263179,0.15528760339166756,0.14440663672240459,0.16664412441937718,0
tinystories,refit,10,4096,512,source_jackknife,1.094023669307696,1.0762613862057167,1.111997202415595,0.08973514336068743,0.07338957270613765,0.10607393065565165,0
tinystories,refit,10,8192,512,multinomial,0.8551049536439025,0.84573438519485,0.8642657827119439,0.15653720720194106,0.14588158516848748,0.1675546887248118,0
tinystories,refit,10,8192,512,source_same_lag,1.040945998876402,1.0273615743475184,1.054363750726131,0.0400805288557315,0.02694191312615033,0.05290399079745348,0
tinystories,refit,10,8192,512,source_full,1.0775470271452983,1.0634719505664918,1.0914071921167678,0.07463880971805131,0.06150831149810469,0.08740045068282173,0
tinystories,refit,10,8192,512,multinomial_jackknife,0.8507346378388063,0.8413998984055012,0.8598645086264664,0.16166173992697136,0.15098071465747404,0.1726948180122316,0
tinystories,refit,10,8192,512,source_jackknife,1.0955258265084171,1.0807220570883789,1.1103713567736524,0.09117298758619657,0.07759754945991737,0.10464499990760737,0
tinystories,refit,10,1024,1024,multinomial,0.8768020651193008,0.8692995088460884,0.8845831144707578,0.1314872983399884,0.1226529106725498,0.14007053443417652,0
tinystories,refit,10,1024,1024,source_same_lag,0.8702366768201595,0.8608311458729986,0.87944272751304,0.13903382287019986,0.12849427567724434,0.1499116723568001,0
tinystories,refit,10,1024,1024,source_full,0.8958391235344634,0.886481890543264,0.9050371783122534,0.1100318517592716,0.09979861194114077,0.12052887613076305,0
tinystories,refit,10,1024,1024,multinomial_jackknife,0.8947335605820876,0.886959677397271,0.9027531896011529,0.11124328869107976,0.10231788726740623,0.11996433174014276,0
tinystories,refit,10,1024,1024,source_jackknife,1.0044317070992268,0.9935767740051252,1.014942459647245,0.009178943617135499,0.004818349812977569,0.015218027068939093,0
tinystories,refit,10,2048,1024,multinomial,0.878281146155089,0.8707583808811422,0.8861776953856079,0.1298031602858286,0.1208613221743483,0.1383963545961307,0
tinystories,refit,10,2048,1024,source_same_lag,0.9477466214086556,0.9382153722008444,0.9571573456667715,0.053699196218069754,0.04381434316338443,0.06379670672321172,0
tinystories,refit,10,2048,1024,source_full,0.9739867310340815,0.9644286456594245,0.9833578320883934,0.026384339631970132,0.016787290710412923,0.036244850658555296,0
tinystories,refit,10,2048,1024,multinomial_jackknife,0.8821421203042433,0.8739347242135357,0.8907567542493362,0.12542876546340556,0.11571207463491272,0.1347584433584394,0
tinystories,refit,10,2048,1024,source_jackknife,1.0532732126486957,1.0403145790398967,1.0656331007573268,0.0518347289683987,0.039432909596395165,0.06350765048080216,0
tinystories,refit,10,4096,1024,multinomial,0.8727631419735323,0.8653276629372281,0.8803385964029926,0.13610324274210236,0.12745695468116067,0.1446554261352672,0
tinystories,refit,10,4096,1024,source_same_lag,0.9969046423347171,0.9854517341450039,1.0081359935551946,0.00897925444277603,0.004481630657916598,0.015718989272332992,0
tinystories,refit,10,4096,1024,source_full,1.023493043592036,1.0117390793583887,1.034844753811296,0.023168137278762418,0.012124376577561598,0.03421914605055455,0
tinystories,refit,10,4096,1024,multinomial_jackknife,0.8696461256778905,0.862537631804274,0.8769088423909356,0.13967814619301433,0.13136147561125666,0.14788820004922423,0
tinystories,refit,10,4096,1024,source_jackknife,1.0748501506853818,1.0597272826671724,1.0898305454676742,0.07207002984501952,0.05794979452242128,0.08590980264102337,0
tinystories,refit,10,8192,1024,multinomial,0.8661379342278671,0.8589767091677737,0.8735683013540277,0.14372213067595954,0.1351808532024406,0.1520196942933776,0
tinystories,refit,10,8192,1024,source_same_lag,1.0249292212303613,1.0130570527775398,1.0367786717901015,0.024565460873550698,0.013176613540371123,0.03607886071048958,0
tinystories,refit,10,8192,1024,source_full,1.0516808264732271,1.0395389560930022,1.063814002147672,0.05033176887196402,0.03872922112260032,0.06182383104039348,0
tinystories,refit,10,8192,1024,multinomial_jackknife,0.8617499433132029,0.8545965027976712,0.8692568058783593,0.1488023951426031,0.1401295217684202,0.1571385575045716,0
tinystories,refit,10,8192,1024,source_jackknife,1.081767879634839,1.0685325837517956,1.0950069174993384,0.07852424901746786,0.06624611792822538,0.09068435779629165,0
tinystories,refit,10,1024,2048,multinomial,0.867363131806939,0.8570038049265962,0.8771493610333913,0.14234051879254547,0.131087559559555,0.15436156336158866,0
tinystories,refit,10,1024,2048,source_same_lag,0.7769779440777745,0.7665938239448798,0.7861688022175315,0.2524003144648415,0.24062681397970365,0.265851151758729,0
tinystories,refit,10,1024,2048,source_full,0.7952502093208338,0.784747665836596,0.8046746168612907,0.2291549269224672,0.21734423721132787,0.2424445129496989,0
tinystories,refit,10,1024,2048,multinomial_jackknife,0.9047365569415274,0.8937071167283327,0.9148464691508882,0.10015417895613778,0.08901763181423736,0.11241548431668734,0
tinystories,refit,10,1024,2048,source_jackknife,0.9292716823329358,0.9164782658437215,0.9409091899644068,0.07342329384862945,0.06098146437927638,0.08726821989178689,0
tinystories,refit,10,2048,2048,multinomial,0.8781266790650705,0.8680034586600877,0.8879867027142959,0.13000147864393233,0.11884290002593068,0.14156600873660669,0
tinystories,refit,10,2048,2048,source_same_lag,0.8803345459516324,0.8704111788964892,0.8893866543012028,0.12747762516297353,0.11724443193321438,0.13881169635182536,0
tinystories,refit,10,2048,2048,source_full,0.8995405981837279,0.8893830776743158,0.9087668782137872,0.10589624135854986,0.09569139257514782,0.11724234144107236,0
tinystories,refit,10,2048,2048,multinomial_jackknife,0.8933024309968957,0.8820254654071681,0.9045178535827596,0.1128906901433026,0.1004142531539871,0.12557329190622568,0
tinystories,refit,10,2048,2048,source_jackknife,1.0061053999210021,0.9927774053904526,1.018519944261204,0.010814614148012783,0.005944124806537508,0.018623463178014228,0
tinystories,refit,10,4096,2048,multinomial,0.874935729217661,0.8657144595918732,0.8836707087964717,0.13362142823228007,0.12368978490720416,0.14421732873777493,0
tinystories,refit,10,4096,2048,source_same_lag,0.9500214304720609,0.9384814984042233,0.9606371845009316,0.051306810046630486,0.040193872692685546,0.06351884504135819,0
tinystories,refit,10,4096,2048,source_full,0.9694603324223349,0.9577241005387671,0.9800252870723557,0.031050451743929813,0.020179300313922916,0.043224366325686665,0
tinystories,refit,10,4096,2048,multinomial_jackknife,0.8765380736336638,0.8677365512019585,0.8847636917838652,0.13178348632717676,0.12244297814172066,0.1418756421640767,0
tinystories,refit,10,4096,2048,source_jackknife,1.0439026358870769,1.0291736040739945,1.0571231283715925,0.042895374412902414,0.02870474972163384,0.05552985244065956,0
tinystories,refit,10,8192,2048,multinomial,0.8694482101209831,0.8602148143689665,0.8779664179374385,0.13991345109262776,0.13016532468074354,0.15059050585173023,0
tinystories,refit,10,8192,2048,source_same_lag,0.9956494697087268,0.9827323312190199,1.0080532719428925,0.009696498333045383,0.003913264158498235,0.018429675981566807,0
tinystories,refit,10,8192,2048,source_full,1.0152916239144758,1.0020543153185828,1.027890228883786,0.015980163328978756,0.00744769799009886,0.02741035709603322,0
tinystories,refit,10,8192,2048,multinomial_jackknife,0.8664574356439909,0.8571820149999326,0.875007688996734,0.14335947346663191,0.13353291146047375,0.1541120105286983,0
tinystories,refit,10,8192,2048,source_jackknife,1.0623287823044336,1.0479447657104715,1.0758329436968839,0.06039136327967435,0.046792536293555044,0.07303754241073789,0
tinystories,refit,10,1024,4096,multinomial,0.8437532724843367,0.8303083986823646,0.8568377865016401,0.17004242409066317,0.1545459310879771,0.18609038454335006,0
tinystories,refit,10,1024,4096,source_same_lag,0.667647575268359,0.6574887197374497,0.6771424684459068,0.4041230308462791,0.3899431935497074,0.4194509165245208,0
tinystories,refit,10,1024,4096,source_full,0.6806877331008526,0.6704281866607902,0.6903602861472778,0.3847795298232826,0.3705905591923469,0.3998666641383431,0
tinystories,refit,10,1024,4096,multinomial_jackknife,0.9074734575231879,0.8915932756040604,0.923034892322622,0.09727536547913329,0.08015370531213344,0.11489946842095602,0
tinystories,refit,10,1024,4096,source_jackknife,0.8322774827143754,0.8176343859481932,0.8462057475524563,0.18377631477511816,0.1671169506707344,0.2015043847068361,0
tinystories,refit,10,2048,4096,multinomial,0.8685075991945272,0.8592569740693278,0.8783068379518425,0.14102930945217768,0.12981947992878742,0.15169363864039462,0
tinystories,refit,10,2048,4096,source_same_lag,0.7923756962178694,0.7850338300392218,0.7998908137958032,0.23274403567777768,0.22330263473940465,0.2420490436310147,0
tinystories,refit,10,2048,4096,source_full,0.8066036269304031,0.7990895700671836,0.8143125493732114,0.21494795479817666,0.20543931623212436,0.22428630626517912,0
tinystories,refit,10,2048,4096,multinomial_jackknife,0.9007211590701086,0.8888766218513062,0.912200824886656,0.10464920666784054,0.09194750465905593,0.11786554732333449,0
tinystories,refit,10,2048,4096,source_jackknife,0.9355183929944472,0.9250167514360819,0.9462320996292551,0.0667082723286427,0.055296620649299806,0.07796040929038753,0
tinystories,refit,10,4096,4096,multinomial,0.872723665624332,0.8648459522202359,0.8808139635097885,0.13615422668657987,0.12691137512495593,0.14521884624284784,0
tinystories,refit,10,4096,4096,source_same_lag,0.886306037060163,0.877722561131227,0.8955592621815432,0.1207275141268428,0.11034261613877022,0.13043759678539224,0
tinystories,refit,10,4096,4096,source_full,0.900861154334659,0.8924150202991921,0.9100157501170464,0.1044343080922111,0.09431590706012392,0.11385607826362447,0
tinystories,refit,10,4096,4096,multinomial_jackknife,0.8826339695927762,0.875249207824289,0.8899148165588114,0.1248552846999705,0.11663664678128643,0.13325684582493172,0
tinystories,refit,10,4096,4096,source_jackknife,1.0004036925590718,0.9895096972586488,1.0121262000644122,0.00949024553136594,0.005339080727738851,0.014403379189046972,0
tinystories,refit,10,8192,4096,multinomial,0.8703447074970014,0.8630156010504554,0.8782162279662382,0.13888241162983594,0.1298779903015391,0.14732758671354226,0
tinystories,refit,10,8192,4096,source_same_lag,0.9537919836242785,0.943254952602748,0.9651733664428719,0.04736823377006268,0.03550572673864746,0.058464891153260604,0
tinystories,refit,10,8192,4096,source_full,0.9685348435104153,0.9577793087512907,0.9801236360154644,0.03203015460773639,0.020139750684271502,0.04317044251215231,0
tinystories,refit,10,8192,4096,multinomial_jackknife,0.8712009231072919,0.8636893258136727,0.8794260044934208,0.13790325643739734,0.12852369832984695,0.14656397488176606,0
tinystories,refit,10,8192,4096,source_jackknife,1.037032625954818,1.0248885422713805,1.0499298305554523,0.036292202028891656,0.024550507260491104,0.048667561858052495,0
tinystories,refit,20,1024,512,multinomial,0.8413675178300793,0.8292506305520219,0.8536533089165762,0.17276435069480225,0.15826123074477627,0.187252623636663,0
tinystories,refit,20,1024,512,source_same_lag,0.9460471161966102,0.9294043150697608,0.9634585043324703,0.055591835694552366,0.037279682042336365,0.07324486666866284,0
tinystories,refit,20,1024,512,source_full,0.9919502693408228,0.9747138627586324,1.010041606446752,0.01530121420526652,0.008131090183338437,0.026449827776288733,0
tinystories,refit,20,1024,512,multinomial_jackknife,0.8360369498628856,0.8238023618890251,0.8482768118136206,0.17912325880274038,0.16459191846607205,0.19386387756157067,0
tinystories,refit,20,1024,512,source_jackknife,1.0414896529748097,1.023340918530055,1.060510164501877,0.040526149850685665,0.022982619083945013,0.058656327071084924,0
tinystories,refit,20,1024,512,bootstrap,0.9714793462446553,0.9519828470371042,0.9925518229605809,0.030878185391266872,0.015095779543782495,0.04930132005944682,0
tinystories,refit,20,1024,512,bootstrap_jackknife,1.0137357392147572,0.9896927891788033,1.0396421031039154,0.025248806856979684,0.012130992991365505,0.040852767480576306,0
tinystories,refit,20,2048,512,multinomial,0.8326456183807033,0.8211571706891613,0.8441518740742081,0.18316871110364352,0.1694473755061513,0.19704838572027328,0
tinystories,refit,20,2048,512,source_same_lag,0.9779588042754249,0.9617960025915027,0.9944908319207734,0.022373114490683004,0.008458639219218814,0.039020133630407114,0
tinystories,refit,20,2048,512,source_full,1.0243453932972606,1.007874695611332,1.041233519919707,0.023979634193730618,0.010924948349771884,0.04033875039692041,0
tinystories,refit,20,2048,512,multinomial_jackknife,0.8233859547718003,0.8120388467607402,0.8348771646971971,0.19435319072708124,0.18047508724358097,0.208234545140656,0
tinystories,refit,20,2048,512,source_jackknife,1.0549402671581798,1.0367951187970075,1.0732046190786404,0.05338462681656806,0.036040654830323114,0.07062223709485942,0
tinystories,refit,20,2048,512,bootstrap,0.9936884342068335,0.9736699215755051,1.0138740633035,0.01685635240489637,0.008052997159748186,0.029243584990388993,0
tinystories,refit,20,2048,512,bootstrap_jackknife,1.0222537849649345,0.9897921218936372,1.05784592331373,0.031665186224614346,0.010287685440630889,0.05889133376230281,0
tinystories,refit,20,4096,512,multinomial,0.8234375059946801,0.8123513292756515,0.8342691261060365,0.19427501740891295,0.18120482529252557,0.2078249613795674,0
tinystories,refit,20,4096,512,source_same_lag,0.9990421717646494,0.9828644741352532,1.0152423232011158,0.011578150813106175,0.004978626885300097,0.019704841292663137,0
tinystories,refit,20,4096,512,source_full,1.0460993448922717,1.0291699991725314,1.0629985836505256,0.04498650525764836,0.028721591763403078,0.06099475108229774,0
tinystories,refit,20,4096,512,multinomial_jackknife,0.8137127052783906,0.8026953901696058,0.8246134091662912,0.2061579635847982,0.1928529472890274,0.21978609233328325,0
tinystories,refit,20,4096,512,source_jackknife,1.0645544796465347,1.0461960746263572,1.0833763821910707,0.06244110098276091,0.04510143286894134,0.07998280472660332,0
tinystories,refit,20,4096,512,bootstrap,1.00177346248631,0.9879904679649922,1.0152773072676151,0.004252518425087669,0.0020578963284222556,0.01596033106043682,0
tinystories,refit,20,4096,512,bootstrap_jackknife,1.0108463271855266,0.9931639431850197,1.0280559250091572,0.01629889859567075,0.008723485496595913,0.027950197838503426,0
tinystories,refit,20,8192,512,multinomial,0.8145160641617032,0.8036886471431923,0.825162944958627,0.20516618812038365,0.19217836697809834,0.2185486250216145,0
tinystories,refit,20,8192,512,source_same_lag,1.0080688825638018,0.9935353329713751,1.0227454706731567,0.010109478718258659,0.00364767893722,0.022450185846990333,0
tinystories,refit,20,8192,512,source_full,1.0552333109152372,1.0399854903059444,1.070651663661595,0.05372323369244721,0.03918327120292808,0.06818621983361868,0
tinystories,refit,20,8192,512,multinomial_jackknife,0.8067352905301419,0.7960591678600891,0.8172972873976229,0.21476476916519516,0.20175531748283726,0.228088832603618,0
tinystories,refit,20,8192,512,source_jackknife,1.0648686767059925,1.049175663096299,1.0808384366662496,0.06280496003508641,0.04797596043011435,0.07769110219796402,0
tinystories,refit,20,8192,512,bootstrap,1.0106544591087674,0.995701197423077,1.025946242345425,0.010553234947450448,0.0035372879718138395,0.025553894554483564,0
tinystories,refit,20,8192,512,bootstrap_jackknife,1.0136496865328861,0.9955383205391368,1.0332556086334512,0.016122036769678157,0.0067935846542524336,0.03289360975105801,0
tinystories,refit,20,1024,1024,multinomial,0.8632252899337711,0.8541898660527316,0.8731891170976421,0.14709998582275116,0.13563020096001246,0.15762375428133268,0
tinystories,refit,20,1024,1024,source_same_lag,0.9043932902470295,0.8920935210266234,0.917654139419262,0.10057549777613302,0.08600597924778593,0.11425548346127512,0
tinystories,refit,20,1024,1024,source_full,0.9387056030960893,0.9261744976516312,0.9522240224685548,0.06332926317937602,0.048996170645790746,0.07672595407971018,0
tinystories,refit,20,1024,1024,multinomial_jackknife,0.8673121293250065,0.8580117694869056,0.8774180758192374,0.1423799364955159,0.1307898219564323,0.15314914662386703,0
tinystories,refit,20,1024,1024,source_jackknife,1.0145603076312184,1.0005574289824533,1.0296048328633993,0.015489130331421212,0.006675087573060211,0.02913599914486905,0
tinystories,refit,20,1024,1024,bootstrap,0.9238946751428005,0.907637966990333,0.9408213039603294,0.07934038633004689,0.06114170280289566,0.09704433255347675,0
tinystories,refit,20,1024,1024,bootstrap_jackknife,0.9807232375945099,0.9547497984685348,1.0061035252683985,0.03030802469495633,0.015630323710064085,0.0490874955773896,0
tinystories,refit,20,2048,1024,multinomial,0.8568624149667815,0.8482671332086321,0.8662041240681874,0.15448917476794644,0.14364734497289508,0.16457455985113806,0
tinystories,refit,20,2048,1024,source_same_lag,0.9547234228487553,0.9422750565507119,0.9677350547644455,0.046394457955718206,0.03281065207078031,0.05947975312597195,0
tinystories,refit,20,2048,1024,source_full,0.9894625788734664,0.9769419639597857,1.0024354159833437,0.011644589359126234,0.0042215520132946665,0.023371662157763456,0
tinystories,refit,20,2048,1024,multinomial_jackknife,0.851352845300791,0.8426452945257107,0.8607900505709298,0.16094337386255714,0.14991940709551616,0.17122466813131257,0
tinystories,refit,20,2048,1024,source_jackknife,1.0399716520848663,1.0248375746444578,1.055144447503625,0.03910507361442587,0.02444204229458591,0.053619437481533506,0
tinystories,refit,20,2048,1024,bootstrap,0.962749849643394,0.9513882228828914,0.9750364292836998,0.03800632061163855,0.02531654897566142,0.049870752950237546,0
tinystories,refit,20,2048,1024,bootstrap_jackknife,1.000556409228436,0.989063655415284,1.0134034915572612,0.0074132080017026356,0.0027731780486671635,0.01495786316489504,0
tinystories,refit,20,4096,1024,multinomial,0.8470101812733918,0.838584576872258,0.8561656317052223,0.1660509278326244,0.15530380689353562,0.17604482687989947,0
tinystories,refit,20,4096,1024,source_same_lag,0.9867780631486949,0.9735622335521252,1.0004973140174762,0.01463913840773988,0.007198166882182453,0.026820260193030288,0
tinystories,refit,20,4096,1024,source_full,1.0220466584058467,1.008489276373353,1.0362816232373748,0.02173582763912921,0.010512030696198963,0.03557748926412196,0
tinystories,refit,20,4096,1024,multinomial_jackknife,0.8374225692716382,0.829006365477594,0.846497549512829,0.17743634455424007,0.1666506776537091,0.18753534704444483,0
tinystories,refit,20,4096,1024,source_jackknife,1.0533593259380067,1.0372120258091078,1.0703224977093222,0.05185859850312687,0.0364344784145368,0.06786360750747908,0
tinystories,refit,20,4096,1024,bootstrap,0.9875690076814753,0.9725670893706855,1.002984625019035,0.015278238546468136,0.007064623355658466,0.027922381581265972,0
tinystories,refit,20,4096,1024,bootstrap_jackknife,1.0066349027964676,0.9833818980671948,1.0284117193005562,0.022856329870287555,0.012647507222620216,0.03388965883178966,0
tinystories,refit,20,8192,1024,multinomial,0.8360669500727157,0.827905563547146,0.8449882335093929,0.17905278879487327,0.16843908868380852,0.18886160441373293,0
tinystories,refit,20,8192,1024,source_same_lag,1.0022046172879406,0.989810527099367,1.0152848214486263,0.007367839625784992,0.0025640891765650116,0.01624837185873399,0
tinystories,refit,20,8192,1024,source_full,1.0375375824744137,1.024801464379634,1.0508856071711232,0.036801818798133455,0.024459208285630214,0.04961259031331505,0
tinystories,refit,20,8192,1024,multinomial_jackknife,0.8269762663619644,0.8188184899449803,0.8357461682103303,0.18998607077979032,0.17943523637930023,0.19989810102263933,0
tinystories,refit,20,8192,1024,source_jackknife,1.054803197530749,1.0411906325938372,1.0690782470344184,0.05329251205629476,0.04034141455967532,0.06675620659044008,0
tinystories,refit,20,8192,1024,bootstrap,0.9956895159088869,0.9860347487880298,1.006221494071581,0.004542027699982653,0.0015559809265787183,0.014106548813515299,0
tinystories,refit,20,8192,1024,bootstrap_jackknife,1.0011505146961484,0.988211920349488,1.0146924959284016,0.008942326531852606,0.004242300529021008,0.016184944676577762,0
tinystories,refit,20,1024,2048,multinomial,0.871616837675797,0.8624133307835927,0.8800648966219218,0.1374165912933372,0.1277789192652131,0.1480237711876397,0
tinystories,refit,20,1024,2048,source_same_lag,0.8391179363495016,0.8287883289849817,0.8486528494342641,0.17544627058146567,0.16415131172748,0.18784562029604207,0
tinystories,refit,20,1024,2048,source_full,0.8638614842864739,0.8534143385556526,0.8734881462350934,0.14637911840797005,0.1352890300751266,0.1585533741632016,0
tinystories,refit,20,1024,2048,multinomial_jackknife,0.8907415748116565,0.8814102257416319,0.8994505151011153,0.11571192987022294,0.10598298565126255,0.12624528685910263,0
tinystories,refit,20,1024,2048,source_jackknife,0.968412057381634,0.956393167389129,0.9791748875352048,0.032136487714982384,0.0210609254360968,0.04464118343308499,0
tinystories,refit,20,1024,2048,bootstrap,0.8538541995033229,0.8377374588844375,0.869561844727504,0.1581918071256905,0.1398347737939959,0.1771670150964514,0
tinystories,refit,20,1024,2048,bootstrap_jackknife,0.9365761745397643,0.9105729361025184,0.962222501319357,0.06604692065319327,0.03883767280898884,0.09413862875927352,0
tinystories,refit,20,2048,2048,multinomial,0.8717048594043868,0.862475978350269,0.8803246307489201,0.13731814284771557,0.12747614467806156,0.14795372465170775,0
tinystories,refit,20,2048,2048,source_same_lag,0.9136620423139877,0.9028620855999057,0.9235693299429494,0.09032412462191723,0.07954171031803715,0.1022156732344331,0
tinystories,refit,20,2048,2048,source_full,0.9390202834841034,0.9281779070772507,0.9487997776111189,0.06294367542238202,0.052578688694303204,0.07457262148525515,0
tinystories,refit,20,2048,2048,multinomial_jackknife,0.8741464774312706,0.8642282768917818,0.8834433198232791,0.13453279299191925,0.12395370737929119,0.14594799083720816,0
tinystories,refit,20,2048,2048,source_jackknife,1.0152680047920462,1.0014020326795403,1.0279111112284467,0.016905001696993337,0.008697392256344838,0.02744844769398618,0
tinystories,refit,20,2048,2048,bootstrap,0.930737078761536,0.9179271696965047,0.942496352834212,0.07184353142068929,0.059254612431486234,0.08570879400021689,0
tinystories,refit,20,2048,2048,bootstrap_jackknife,0.9981177764427172,0.9776032366419916,1.0182918472541989,0.0185985458391374,0.008779527764427433,0.029593039510182988,0
tinystories,refit,20,4096,2048,multinomial,0.8625607065071313,0.8535703174027484,0.8709974793410543,0.14786287124453387,0.13813041475425872,0.15833247415332313,0
tinystories,refit,20,4096,2048,source_same_lag,0.9609120850562347,0.9486585654129618,0.9724650713079318,0.0399254677769013,0.02794246757570082,0.05278516842831363,0
tinystories,refit,20,4096,2048,source_full,0.9866081058248116,0.9739584233009156,0.9982987037245271,0.01354075814339493,0.0055716166355706765,0.02644371428409965,0
tinystories,refit,20,4096,2048,multinomial_jackknife,0.855676368194136,0.8467664176810928,0.8638006925956334,0.15587330166965108,0.14642432341754236,0.16633818087848815,0
tinystories,refit,20,4096,2048,source_jackknife,1.0359893086679672,1.0202756521116005,1.051141675337245,0.035247497760812145,0.020049936189115204,0.049817968748398445,0
tinystories,refit,20,4096,2048,bootstrap,0.969116713178102,0.9564424143496518,0.981222963614784,0.03143242257890244,0.018974356907086588,0.04460107979298529,0
tinystories,refit,20,4096,2048,bootstrap_jackknife,1.0105321460569574,0.9931855202015482,1.0266421730178028,0.01836955505974931,0.011371125819653405,0.02722127560496905,0
tinystories,refit,20,8192,2048,multinomial,0.8509664138924092,0.8420490260937573,0.8593201920867712,0.16139375000534956,0.15162618363755617,0.17193164166890088,0
tinystories,refit,20,8192,2048,source_same_lag,0.9878450660058378,0.9749814171569039,1.0000001035433537,0.014283906553463614,0.006467628651855208,0.02538096945409805,0
tinystories,refit,20,8192,2048,source_full,1.013701463603022,1.0005539604109595,1.0260867247142358,0.015031708590412076,0.007050471027859882,0.02572126390199332,0
tinystories,refit,20,8192,2048,multinomial_jackknife,0.8417712745116308,0.8328972485551325,0.8500079045886779,0.17225925622910462,0.1625233099460098,0.18285726356164492,0
tinystories,refit,20,8192,2048,source_jackknife,1.0426193362850111,1.028472868164776,1.0562202807441934,0.04166375531253928,0.02798134369929326,0.05464408310239624,0
tinystories,refit,20,8192,2048,bootstrap,0.983217470591523,0.972341801170561,0.9933840147685481,0.016945098205486554,0.0072202943867091,0.02805088985362366,0
tinystories,refit,20,8192,2048,bootstrap_jackknife,1.0033170999012433,0.9931525262146735,1.0128836695917076,0.0047384396276071794,0.002283609181408954,0.012833120173058403,0
tinystories,refit,20,1024,4096,multinomial,0.8691220062052273,0.8599138462579473,0.8781454879856895,0.14031201590760967,0.1299458829001966,0.15098143980143966,0
tinystories,refit,20,1024,4096,source_same_lag,0.7560623953846072,0.7472927234083493,0.764437514931524,0.27968705365353774,0.2686528839039744,0.2913358557692492,0
tinystories,refit,20,1024,4096,source_full,0.773881404722227,0.764933783527893,0.7824419248342542,0.2563920179503968,0.24536179811289818,0.26801355536943333,0
tinystories,refit,20,1024,4096,multinomial_jackknife,0.9089541784992978,0.8990402411848507,0.9181019076198422,0.09550040314101987,0.0854560959014846,0.10648316847084631,0
tinystories,refit,20,1024,4096,source_jackknife,0.9041566696850125,0.8931494284138007,0.9147442634409229,0.10082039143082729,0.08915291001609404,0.11307677003777276,0
tinystories,refit,20,1024,4096,bootstrap,0.7802483147415585,0.7713887269958588,0.7896923366743066,0.24820372999106674,0.23615333654967424,0.2595793630892287,0
tinystories,refit,20,1024,4096,bootstrap_jackknife,0.9153066242468659,0.8997131274527717,0.9318738642870101,0.08869084428066544,0.07067701965816227,0.10572760834357764,0
tinystories,refit,20,2048,4096,multinomial,0.8802576051425488,0.8715648348207343,0.8896421233676076,0.12757710788445176,0.11697657469769931,0.13747125870594934,0
tinystories,refit,20,2048,4096,source_same_lag,0.8564062080517137,0.8484503057752522,0.8646091872381251,0.1550337215832895,0.14548073094169275,0.1643651931693427,0
tinystories,refit,20,2048,4096,source_full,0.8751313240946119,0.8668678629427093,0.8835461134505482,0.13340558975038497,0.1238337621339913,0.14288824810548367,0
tinystories,refit,20,2048,4096,multinomial_jackknife,0.8957113470110137,0.8858273185904983,0.9065080051941469,0.11019719605597504,0.09824277750242236,0.12130869081449748,0
tinystories,refit,20,2048,4096,source_jackknife,0.9785878119938124,0.967219202633989,0.9901662832503079,0.02170529279504647,0.010306848610005347,0.033391713889932936,0
tinystories,refit,20,2048,4096,bootstrap,0.8830913192513695,0.8700248168793845,0.8950855147199808,0.12443209351741698,0.11087516979108471,0.13928959011013917,0
tinystories,refit,20,2048,4096,bootstrap_jackknife,0.9906313930019651,0.9711242126892237,1.0079010183203776,0.016906375565961477,0.006549464690817854,0.03276467701409065,0
tinystories,refit,20,4096,4096,multinomial,0.8748683169047062,0.8669891187450606,0.8828651258280813,0.13369975626276334,0.12459845100871483,0.1427408154118691,0
tinystories,refit,20,4096,4096,source_same_lag,0.9240007323381455,0.9145399101096282,0.9333080291243364,0.07907766988310432,0.06903615758719132,0.08934989272476211,0
tinystories,refit,20,4096,4096,source_full,0.9429539835770355,0.9334660109586101,0.9522849701885234,0.058771826698624435,0.0489072425523133,0.06886459000863182,0
tinystories,refit,20,4096,4096,multinomial_jackknife,0.8741616876021843,0.8668450924285118,0.881700813650594,0.13449984302600504,0.12591705093913666,0.14290109626153982,0
tinystories,refit,20,4096,4096,source_jackknife,1.015192173704733,1.002629451375,1.027354325312484,0.016419472846652673,0.008077158766016591,0.026965107501037245,0
tinystories,refit,20,4096,4096,bootstrap,0.9344189716224766,0.9212338711248934,0.9472163789740098,0.06793443351288676,0.05425822154374698,0.08213226193967221,0
tinystories,refit,20,4096,4096,bootstrap_jackknife,0.9921515356110671,0.9732603588150164,1.0110059583354107,0.01961988329084245,0.009200887482758095,0.031185331255307258,0
tinystories,refit,20,8192,4096,multinomial,0.8649910821190299,0.8573181771486627,0.8727825622163524,0.14505301730062034,0.13608675499449918,0.15395679085601685,0
tinystories,refit,20,8192,4096,source_same_lag,0.9682418227307338,0.9570780735348349,0.9798645692594519,0.032334425501671184,0.02036876134946242,0.04390737130446753,0
tinystories,refit,20,8192,4096,source_full,0.9873971998254485,0.9760361737460933,0.9993789250964931,0.014851838115105535,0.007554574420115026,0.02436302859189982,0
tinystories,refit,20,8192,4096,multinomial_jackknife,0.8578223143562952,0.850266643421097,0.865584191104736,0.15337531484030995,0.1443652778914221,0.16220853210984595,0
tinystories,refit,20,8192,4096,source_jackknife,1.0330166448792217,1.0207256744787818,1.046065613773873,0.032411682673997515,0.020465913703501166,0.04499537558744471,0
tinystories,refit,20,8192,4096,bootstrap,0.9711491687534929,0.9592226615934668,0.9832616362440841,0.029347999347359793,0.016913723486841167,0.04170217281642019,0
tinystories,refit,20,8192,4096,bootstrap_jackknife,1.0078624675173886,0.991593188597326,1.0245153667401954,0.01501175340289837,0.005989845377594123,0.026540584691018117,0
tinystories,refit,50,1024,512,multinomial,0.8040455593897529,0.7900121671659871,0.8184819640382197,0.21812956010041518,0.2003412170346131,0.23571238328124047,0
tinystories,refit,50,1024,512,source_same_lag,0.9462346495932168,0.9273660720659369,0.9666219872182724,0.05539067994100716,0.0340546558707945,0.07554310186915099,0
tinystories,refit,50,1024,512,source_full,1.005736412019321,0.9858675900632718,1.0273656821010224,0.013153497072164906,0.005850571314132645,0.027404572416354817,0
tinystories,refit,50,1024,512,multinomial_jackknife,0.7921847410329205,0.7782846793190341,0.8065145049565051,0.23299331073573912,0.21505240208294127,0.2507015761680137,0
tinystories,refit,50,1024,512,source_jackknife,1.0310877138022874,1.010763952819074,1.0529281903672434,0.030496861239402446,0.011482558485028348,0.05140931722447538,0
tinystories,refit,50,2048,512,multinomial,0.7925592160325862,0.77901128389322,0.8065881510700863,0.23250652955816783,0.2149618800035875,0.24973994530778157,0
tinystories,refit,50,2048,512,source_same_lag,0.9635134263188252,0.9454106867815641,0.9824242724914349,0.037242116075463905,0.017818168728341507,0.05620100688324464,0
tinystories,refit,50,2048,512,source_full,1.0237615683929373,1.0046507332137138,1.043579513839618,0.023418193422482605,0.00829943390466179,0.0426081517066403,0
tinystories,refit,50,2048,512,multinomial_jackknife,0.7793971688570666,0.7660432803353104,0.7932404912107887,0.24925529984632774,0.23164680448035374,0.26653556133041595,0
tinystories,refit,50,2048,512,source_jackknife,1.038475283570121,1.018863283826291,1.0590889722448509,0.03767720071730932,0.01863692968175961,0.057380030174912874,0
tinystories,refit,50,4096,512,multinomial,0.7807049735572317,0.7675247350087082,0.7937537615843621,0.24756334773484423,0.2309843720027161,0.2645883387454208,0
tinystories,refit,50,4096,512,source_same_lag,0.9752387342697441,0.9569008534695889,0.9947359320631252,0.025148849127738532,0.010758929709402896,0.04409735667689977,0
tinystories,refit,50,4096,512,source_full,1.0361217331011399,1.0166944438590808,1.0566462618731587,0.035410456926766816,0.01652121231805368,0.055016258628832804,0
tinystories,refit,50,4096,512,multinomial_jackknife,0.7685529678546578,0.7555691651236937,0.7814025738707563,0.26325199257161985,0.24667104431809672,0.28028806386215155,0
tinystories,refit,50,4096,512,source_jackknife,1.0448342817892482,1.0251003294670868,1.0658218196278948,0.04377680567268629,0.024722371998566927,0.06364038963171655,0
tinystories,refit,50,8192,512,multinomial,0.7703743130792756,0.7572943699266691,0.7833256251607937,0.26088185650908224,0.24420943709768378,0.278005876010049,0
tinystories,refit,50,8192,512,source_same_lag,0.9812775972680383,0.9642869624565333,0.9989427584549824,0.018929165231757,0.006618848936579012,0.036381241659466976,0
tinystories,refit,50,8192,512,source_full,1.042733096117939,1.0244923941118411,1.0614809763590365,0.041816543971430524,0.02416146345119175,0.05962316329636185,0
tinystories,refit,50,8192,512,multinomial_jackknife,0.7606098527521253,0.7477078366968694,0.773422086386176,0.27363778653598164,0.2569329277737095,0.2907460919070052,0
tinystories,refit,50,8192,512,source_jackknife,1.0469624023193984,1.028670673275269,1.0658498784393975,0.045861280394118055,0.028237998941671782,0.06373480232749255,0
tinystories,refit,50,1024,1024,multinomial,0.8337346455167257,0.8215566645362626,0.8471427546388316,0.18187722792218283,0.16591064431263047,0.1965913318488342,0
tinystories,refit,50,1024,1024,source_same_lag,0.9252253811399507,0.9085381735196252,0.9434079504118907,0.07785147248885542,0.05840430859258023,0.09598318517352124,0
tinystories,refit,50,1024,1024,source_full,0.9737540861665068,0.9564518714537126,0.992915099337493,0.02708137558131649,0.01338159845794489,0.044610393646506236,0
tinystories,refit,50,1024,1024,multinomial_jackknife,0.82712638582346,0.8149229009103808,0.8405473647208386,0.18983741250323427,0.17372621818459824,0.20469542486105977,0
tinystories,refit,50,1024,1024,source_jackknife,1.0148786974523898,0.996799825411518,1.0346534981459534,0.016163336796517987,0.006853658381124539,0.033988843762220056,0
tinystories,refit,50,2048,1024,multinomial,0.822926439673658,0.8113239796354776,0.8358089816025991,0.1949103727362962,0.1793604931310407,0.20911129374895637,0
tinystories,refit,50,2048,1024,source_same_lag,0.9517795885763168,0.9359227776379867,0.9687749161488367,0.04950620605868078,0.03178431399171513,0.06627954215669218,0
tinystories,refit,50,2048,1024,source_full,1.0008536045489154,0.9844694077910754,1.0182008276162773,0.010583792265326167,0.005348197294068267,0.020048134722233175,0
tinystories,refit,50,2048,1024,multinomial_jackknife,0.8113285200741192,0.7998577020979131,0.8241216016085906,0.20910563597192386,0.1934495921997312,0.22334284233281693,0
tinystories,refit,50,2048,1024,source_jackknife,1.0257366733387285,1.0081124046989436,1.0443011506698134,0.025317030836900966,0.011655464890325906,0.043310397410225514,0
tinystories,refit,50,4096,1024,multinomial,0.8102208638515822,0.799424103052235,0.8224948200968487,0.21045563623149519,0.19541843325718805,0.2238708309501577,0
tinystories,refit,50,4096,1024,source_same_lag,0.9694968662138698,0.9537156107605832,0.9867914180734605,0.0310609323420116,0.013871441067374831,0.047458805414635284,0
tinystories,refit,50,4096,1024,source_full,1.019244822100664,1.0027014542970336,1.0373773718666848,0.01898051062163787,0.007089528827463867,0.03662675922151281,0
tinystories,refit,50,4096,1024,multinomial_jackknife,0.7968670209707415,0.7862056234786561,0.8091375341224054,0.22707727109465334,0.21179302731354413,0.24054641165783758,0
tinystories,refit,50,4096,1024,source_jackknife,1.0341496510927626,1.016500111173005,1.0534516263118565,0.03347245100413458,0.016432221175003866,0.0519928257315583,0
tinystories,refit,50,8192,1024,multinomial,0.7970598350425465,0.7865239336335036,0.8090155280968291,0.22683035515263483,0.21193899726775503,0.24013778569659794,0
tinystories,refit,50,8192,1024,source_same_lag,0.9771013240693524,0.9628408571978122,0.9929937876742632,0.02320173728295034,0.009266362873091476,0.037915856165369174,0
tinystories,refit,50,8192,1024,source_full,1.0270323422089527,1.012088218909316,1.0437220258759912,0.026637696497400654,0.012139131732236602,0.04275681341190983,0
tinystories,refit,50,8192,1024,multinomial_jackknife,0.7849126002204421,0.7745591824573205,0.7966700648481732,0.2421877486938393,0.22731658022202944,0.2554649465015865,0
tinystories,refit,50,8192,1024,source_jackknife,1.0346753678834364,1.0193930349389866,1.0517093953552061,0.03404563664113321,0.01917603516637796,0.050358715499309294,0
tinystories,refit,50,1024,2048,multinomial,0.8550748633105465,0.8431867841027723,0.8667148073732457,0.15659120042215904,0.14306413448907812,0.17057903863491763,0
tinystories,refit,50,1024,2048,source_same_lag,0.8879657454677332,0.8731668468567875,0.9029506765343054,0.11892189224472632,0.10218659865607875,0.1357075957436417,0
tinystories,refit,50,1024,2048,source_full,0.9248148437198018,0.9096533968536382,0.9401315133813847,0.07825404089013023,0.06178380302322658,0.09476566126744178,0
tinystories,refit,50,1024,2048,multinomial_jackknife,0.8584273566738782,0.8463398375593821,0.8701561870124016,0.15268065259598257,0.1391110493167412,0.16684261710194648,0
tinystories,refit,50,1024,2048,source_jackknife,0.989122607486853,0.9726340120891764,1.0057447121470775,0.015710196919938496,0.008282866488794114,0.027866660117753517,0
tinystories,refit,50,2048,2048,multinomial,0.8479453374360063,0.8364540028098523,0.8588796114999678,0.16495243592417677,0.15214138693945045,0.17860060187489538,0
tinystories,refit,50,2048,2048,source_same_lag,0.9299154947281401,0.9152964647129292,0.9440700199440563,0.07273077456431647,0.057593278946305775,0.08857909361607846,0
tinystories,refit,50,2048,2048,source_full,0.9671696774846407,0.9523156684790921,0.9813515382465682,0.033440838001498926,0.01883378931081258,0.04891454626832972,0
tinystories,refit,50,2048,2048,multinomial_jackknife,0.8413306012004964,0.8299075087657082,0.8521761903793451,0.1727855513682711,0.15996544236012497,0.18645599816870292,0
tinystories,refit,50,2048,2048,source_jackknife,1.0088226857276619,0.9918169935120177,1.025214489431177,0.013965932324895939,0.006951366262250938,0.025060800424832996,0
tinystories,refit,50,4096,2048,multinomial,0.8358335620961936,0.8249254026928073,0.8462765093657061,0.17933374975044844,0.1669142840752925,0.1924738119153277,0
tinystories,refit,50,4096,2048,source_same_lag,0.9569112468244737,0.9416334439857368,0.9717973480893096,0.04412074103639621,0.0286597047072325,0.060191666809707424,0
tinystories,refit,50,4096,2048,source_full,0.994736457158514,0.9788813435309072,1.0101621774745981,0.012217049424237124,0.005966305776009766,0.021649493864964096,0
tinystories,refit,50,4096,2048,multinomial_jackknife,0.8234550317716518,0.812567871832341,0.8338570348328335,0.19425690534904327,0.18170154213775297,0.20755637166045782,0
tinystories,refit,50,4096,2048,source_jackknife,1.0203014025010353,1.0021719178141781,1.0382680597122682,0.02117209855620505,0.008992496445730408,0.03746936704738575,0
tinystories,refit,50,8192,2048,multinomial,0.8206044627818417,0.8099749547281739,0.8308130980687602,0.19771973141542984,0.18535561177101284,0.21075755256933035,0
tinystories,refit,50,8192,2048,source_same_lag,0.9692802159551768,0.9548945766096254,0.9830714580855666,0.03124768607908321,0.01711721599473571,0.0461733602772455,0
tinystories,refit,50,8192,2048,source_full,1.007155773206269,0.9921779456337989,1.021389492347667,0.009967991979780261,0.003761740781520086,0.021172071005654037,0
tinystories,refit,50,8192,2048,multinomial_jackknife,0.8071246791976252,0.7966226862461951,0.817147972330781,0.2142832226753022,0.20193846965896395,0.22738041301364278,0
tinystories,refit,50,8192,2048,source_jackknife,1.021004247286899,1.0053551753061143,1.0360610468990292,0.02072985971435965,0.00877985006423548,0.03537249383884868,0
tinystories,refit,50,1024,4096,multinomial,0.8764254660844807,0.8691986042511046,0.8841859363905606,0.13191335377788108,0.12309310438590158,0.14018444565959662,0
tinystories,refit,50,1024,4096,source_same_lag,0.8423529217804553,0.8330663070441294,0.8518428621958513,0.17160579546301868,0.16037471125822678,0.1826815414919244,0
tinystories,refit,50,1024,4096,source_full,0.869444526533536,0.860211556221643,0.8787712998782098,0.13994320824581769,0.12926879434596245,0.15060129294123328,0
tinystories,refit,50,1024,4096,multinomial_jackknife,0.894585502002091,0.8870666453007918,0.9024139666375849,0.11140499198634933,0.10268755295195803,0.11983609273807595,0
tinystories,refit,50,1024,4096,source_jackknife,0.9624848275038859,0.9520322965080296,0.9730262187085014,0.03828310231639564,0.027365485951525728,0.049188603975571676,0
tinystories,refit,50,2048,4096,multinomial,0.876556488931855,0.8691790691722695,0.8842011095091148,0.13176320195710808,0.12307601648197054,0.14021325007312804,0
tinystories,refit,50,2048,4096,source_same_lag,0.9069098910413657,0.8974805434415876,0.9162037224826579,0.0977475617086158,0.08756424573010615,0.10819134588468726,0
tinystories,refit,50,2048,4096,source_full,0.9345320163508657,0.9250565951895412,0.9437917913910635,0.06773921299235958,0.05785819206302217,0.07794713095015149,0
tinystories,refit,50,2048,4096,multinomial_jackknife,0.8786134934066258,0.8708009888404346,0.8867143908416122,0.12942648651844132,0.12024143370643119,0.13834594553670537,0
tinystories,refit,50,2048,4096,source_jackknife,1.0002851357411944,0.98795656974848,1.0121550459954616,0.00900455829553147,0.0033514853707327596,0.016431809086220932,0
tinystories,refit,50,4096,4096,multinomial,0.8665444220119214,0.859106872747513,0.8742424920136511,0.1432537953492542,0.134407910546132,0.1518698394723088,0
tinystories,refit,50,4096,4096,source_same_lag,0.9476199789722705,0.9367174881853618,0.9585813323345053,0.05386034457569113,0.0423655029286198,0.06541563336045632,0
tinystories,refit,50,4096,4096,source_full,0.975635575676609,0.9643684500154093,0.9867910342771985,0.024724147569299,0.01333325623484166,0.036340659761831595,0
tinystories,refit,50,4096,4096,multinomial_jackknife,0.857846476147267,0.8506373384044398,0.8653454982269012,0.15334144330850355,0.14463137833980844,0.16178229986097797,0
tinystories,refit,50,4096,4096,source_jackknife,1.0174928657204603,1.0031540977709181,1.0319976416664896,0.01971828227500019,0.009892919820957477,0.03157311859843546,0
tinystories,refit,50,8192,4096,multinomial,0.850936565614165,0.8438249065276545,0.8582963898096405,0.16142693065936964,0.15280646029589903,0.16981843995581464,0
tinystories,refit,50,8192,4096,source_same_lag,0.9696254124285195,0.958529468695005,0.9811159180679563,0.030900614817142343,0.01913379080322973,0.04239085248033772,0
tinystories,refit,50,8192,4096,source_full,0.9977713748899627,0.9864914371455371,1.0094324292369505,0.0077479600689174186,0.0028551774885804274,0.015715631116704574,0
tinystories,refit,50,8192,4096,multinomial_jackknife,0.8378084697650818,0.8306594851763993,0.8451378184634247,0.17697622647453728,0.16827007506291594,0.18554705404676292,0
tinystories,refit,50,8192,4096,source_jackknife,1.0217677009328658,1.0095145382190696,1.0346963247334127,0.021464384342894147,0.011105843350030118,0.034063045020105584,0
wikitext,fixed,0.5,1024,512,multinomial,0.905465178705824,0.8932411285709073,0.9180883129711929,0.09940806213515607,0.08556388296053097,0.11298699687617957,0
wikitext,fixed,0.5,1024,512,source_same_lag,0.7270473396908776,0.7181344392237672,0.7353939162094095,0.31882819074394086,0.3073608668610556,0.3311597138733887,0
wikitext,fixed,0.5,1024,512,source_full,0.7318038321540643,0.7228182199723137,0.7403864847314047,0.3123101067774114,0.30060043763101185,0.32467767592083274,0
wikitext,fixed,0.5,1024,512,multinomial_jackknife,1.1613096910552656,1.1418264901562798,1.1822676269383416,0.1493469868019926,0.13250811740318505,0.16724368889234167,0
wikitext,fixed,0.5,1024,512,source_jackknife,1.0542812443209617,1.0394557212575604,1.0681405045229058,0.0527605993621447,0.03860421418683989,0.0659120051187762,0
wikitext,fixed,0.5,2048,512,multinomial,1.140648440784535,1.1271584125203002,1.1538254997989974,0.13153760624375657,0.11963751889000715,0.14301302204132843,0
wikitext,fixed,0.5,2048,512,source_same_lag,1.1041551584136313,1.0924269280358663,1.1153609077080668,0.09904067469630558,0.08838437966398172,0.10914683477498358,0
wikitext,fixed,0.5,2048,512,source_full,1.1115900719554188,1.0988286384781731,1.1244123649199866,0.10573354630750147,0.09423992248610963,0.11721509723404994,0
wikitext,fixed,0.5,2048,512,multinomial_jackknife,1.3730555177600334,1.3524704664527305,1.3929965657811199,0.3169096438821626,0.30188476286693483,0.3313817996766713,0
wikitext,fixed,0.5,2048,512,source_jackknife,1.4861317829770206,1.4652835984660677,1.5076350132565253,0.39606107110284555,0.38199456057318626,0.41043478129760974,0
wikitext,fixed,0.5,4096,512,multinomial,1.3153471665607261,1.3003481192662472,1.3281795604112427,0.2740567004580387,0.26258502529766764,0.2838025974829112,0
wikitext,fixed,0.5,4096,512,source_same_lag,1.414495084219954,1.3985227473495028,1.4289521941889296,0.34672637729829114,0.3353801092513424,0.3568951952383957,0
wikitext,fixed,0.5,4096,512,source_full,1.4245132191586374,1.4086758547715845,1.4390173944993054,0.35378335761227975,0.3425803503034337,0.3639488963395028,0
wikitext,fixed,0.5,4096,512,multinomial_jackknife,1.4953694190059663,1.4772431027916948,1.5118732202092309,0.40231117039756986,0.39013227736626843,0.4133021260098391,0
wikitext,fixed,0.5,4096,512,source_jackknife,1.7412201796463471,1.717980169496662,1.763097435814594,0.5544980376931636,0.5410978807720919,0.5670592433919348,0
wikitext,fixed,0.5,8192,512,multinomial,1.4550810633465205,1.4405176610058745,1.4679760795588312,0.37503674781294044,0.36498830195113435,0.3838615542499507,0
wikitext,fixed,0.5,8192,512,source_same_lag,1.6433206399778408,1.628498024914089,1.6565668203134667,0.4967073311484822,0.4876469286568426,0.5047289560888532,0
wikitext,fixed,0.5,8192,512,source_full,1.655894350098832,1.6409093971562507,1.6692994304027635,0.5043285080984865,0.4952438951270304,0.5123961525919368,0
wikitext,fixed,0.5,8192,512,multinomial_jackknife,1.5889122361930934,1.5727214082184602,1.6033582269053548,0.4630228339822097,0.4527961561532175,0.47206072321004205,0
wikitext,fixed,0.5,8192,512,source_jackknife,1.880677309705986,1.8628663031094228,1.89685698231413,0.6316136471380651,0.6221106928918365,0.6401817425626709,0
wikitext,fixed,0.5,1024,1024,multinomial,0.6634437146852488,0.6532998262320061,0.6744456348284676,0.4104696500757406,0.3940188097697886,0.4258310949216621,0
wikitext,fixed,0.5,1024,1024,source_same_lag,0.4387185718217925,0.4328801201835358,0.4441424410247531,0.8239800355499362,0.8116439445721727,0.837416056485377,0
wikitext,fixed,0.5,1024,1024,source_full,0.4413889213993712,0.43555397921247657,0.44674887057830676,0.8179102076142851,0.8058090502240055,0.8312514885765927,0
wikitext,fixed,0.5,1024,1024,multinomial_jackknife,0.8901392908208864,0.8722739077653789,0.9101972307797846,0.11669701575094216,0.09445647445160966,0.13680522036827783,0
wikitext,fixed,0.5,1024,1024,source_jackknife,0.6522308476184517,0.6428760012105591,0.6607178486548276,0.42746045919007,0.4145170689857722,0.4419068544627366,0
wikitext,fixed,0.5,2048,1024,multinomial,0.9015709363506269,0.890365939099003,0.9130696791274923,0.10369600555190402,0.09101037956919047,0.11613453367067157,0
wikitext,fixed,0.5,2048,1024,source_same_lag,0.7479278576455615,0.7397929952802753,0.7559999705568571,0.29049574297251174,0.279754540334566,0.301407168568663,0
wikitext,fixed,0.5,2048,1024,source_full,0.7525318379590844,0.7435844063650355,0.7614919489146271,0.28438056556615804,0.27251713415019957,0.2962855429997569,0
wikitext,fixed,0.5,2048,1024,multinomial_jackknife,1.1373028812509984,1.118976758060169,1.1547809512149663,0.12850616886209362,0.11237277276425324,0.1438159749681912,0
wikitext,fixed,0.5,2048,1024,source_jackknife,1.0598918541849502,1.0448904542749602,1.0752504837108936,0.058045873669312936,0.04385618811919896,0.07249327194428141,0
wikitext,fixed,0.5,4096,1024,multinomial,1.0871049263906938,1.0735683887009935,1.0992370558535562,0.08345504266151112,0.07091375489747925,0.09459920957163515,0
wikitext,fixed,0.5,4096,1024,source_same_lag,1.0689619184585093,1.0576776914589672,1.079434588655025,0.06665450306640934,0.05602239331588382,0.07643241550527105,0
wikitext,fixed,0.5,4096,1024,source_full,1.0758778326785272,1.0643895418205092,1.0865299630037524,0.07310223178832335,0.06234352211100072,0.08298432072042848,0
wikitext,fixed,0.5,4096,1024,multinomial_jackknife,1.2798943201133723,1.2625567027336797,1.2948693187684155,0.24669563335751268,0.23300042637488233,0.258405623346659,0
wikitext,fixed,0.5,4096,1024,source_jackknife,1.4002483195707036,1.3841306997090883,1.4155111211760882,0.33659752301045925,0.325010397045217,0.3474672921274995,0
wikitext,fixed,0.5,8192,1024,multinomial,1.2386740721493716,1.226368582150409,1.2504852854616852,0.21401498589872914,0.20403359430528795,0.22352553784280424,0
wikitext,fixed,0.5,8192,1024,source_same_lag,1.3332790060873392,1.3212897116588185,1.3452956087174972,0.2876267566714165,0.2785985816388948,0.29660481989529947,0
wikitext,fixed,0.5,8192,1024,source_full,1.342761951543565,1.3305956328464534,1.3550893549254301,0.29471300895385666,0.2856083292478054,0.30385850231412537,0
wikitext,fixed,0.5,8192,1024,multinomial_jackknife,1.3853479550808574,1.3706284208930002,1.4001114269539041,0.32591095482018606,0.3152488175664602,0.3365406767335102,0
wikitext,fixed,0.5,8192,1024,source_jackknife,1.6040268845043477,1.5879226315912214,1.6205862428174311,0.4724842732455108,0.4624057715047657,0.48277540555926907,0
wikitext,fixed,0.5,1024,2048,multinomial,0.46843138373001375,0.45992227951870335,0.47773568506606234,0.7585916755332295,0.7389928916657847,0.7767781778289289,0
wikitext,fixed,0.5,1024,2048,source_same_lag,0.2640231115867403,0.2599467349335839,0.26808880720462486,1.3318325255124546,1.3164783327821314,1.3473900594232249,0
wikitext,fixed,0.5,1024,2048,source_full,0.26554567672638346,0.2615102737574647,0.2695812272278094,1.326076328122565,1.3109714824530152,1.341358674919357,0
wikitext,fixed,0.5,1024,2048,multinomial_jackknife,0.649818378840241,0.6343685527991675,0.6673774926602458,0.43150278362862776,0.40485797414600155,0.45529783423018594,0
wikitext,fixed,0.5,1024,2048,source_jackknife,0.39512033469152635,0.38874364913483267,0.40147703227967807,0.9287009616230976,0.9126689163859144,0.9449276235541307,0
wikitext,fixed,0.5,2048,2048,multinomial,0.6901189442482111,0.6803376248802064,0.7004043849857626,0.37099465544232785,0.3562040025402508,0.38521750161986834,0
wikitext,fixed,0.5,2048,2048,source_same_lag,0.4795452400725348,0.47335063439024466,0.4858118094165495,0.7349834950611811,0.7219639043772978,0.7479764202832042,0
wikitext,fixed,0.5,2048,2048,source_full,0.4823113822236586,0.47557194397252883,0.48910993813965103,0.7292548455648643,0.7151910138159396,0.7433141027154417,0
wikitext,fixed,0.5,2048,2048,multinomial_jackknife,0.9098986167595128,0.8941631151747017,0.9258886786506949,0.09459794555159279,0.07708790499363465,0.1119627319416088,0
wikitext,fixed,0.5,2048,2048,source_jackknife,0.6965663015250224,0.685240246956243,0.7080600170747336,0.36173747691356534,0.34530754429081667,0.37806749817025376,0
wikitext,fixed,0.5,4096,2048,multinomial,0.8822996950092372,0.8692958528463977,0.8944163756023644,0.12531326304134766,0.11160480206338239,0.1402311308753237,0
wikitext,fixed,0.5,4096,2048,source_same_lag,0.7612720556239174,0.7524855326364226,0.7699323908971443,0.2727936849963391,0.2614740282459968,0.284413631562235,0
wikitext,fixed,0.5,4096,2048,source_full,0.7658178420317706,0.756971579572989,0.7744805265503285,0.26684039186317987,0.25559041256408743,0.27845757979551533,0
wikitext,fixed,0.5,4096,2048,multinomial_jackknife,1.082607473737921,1.064604947117623,1.0986007939157887,0.07924481107757049,0.06239062036382133,0.09401192350112085,0
wikitext,fixed,0.5,4096,2048,source_jackknife,1.0479496330327391,1.0352512635525715,1.060615672190241,0.04679462898824632,0.034613166351803136,0.05883100821721604,0
wikitext,fixed,0.5,8192,2048,multinomial,1.042049618794365,1.0285732904495088,1.0564087048841548,0.04111898878701412,0.028123424669970466,0.05481248069020315,0
wikitext,fixed,0.5,8192,2048,source_same_lag,1.0412021201125308,1.0283728265689518,1.0549208279485494,0.04032015863211338,0.027960149658469186,0.05342918414873756,0
wikitext,fixed,0.5,8192,2048,source_full,1.048091142104205,1.0351877033747938,1.0618643452452081,0.046913501742357505,0.034531910409933135,0.06000984025733523,0
wikitext,fixed,0.5,8192,2048,multinomial_jackknife,1.1991112924735985,1.179971400007998,1.220974225163785,0.1814177778030673,0.16540850879022084,0.19946769273654896,0
wikitext,fixed,0.5,8192,2048,source_jackknife,1.3257829489129713,1.305652360726859,1.3472259177065187,0.2818804625622066,0.2666672089869969,0.29791436599943943,0
wikitext,fixed,0.5,1024,4096,multinomial,0.3238173286289528,0.3176654179552905,0.33074828574036863,1.1278550493970363,1.1067653325338696,1.146880678762813,0
wikitext,fixed,0.5,1024,4096,source_same_lag,0.16542759938222495,0.16287648173198005,0.16801289567790292,1.7993639322999984,1.783837255497864,1.8148757011288568,0
wikitext,fixed,0.5,1024,4096,source_full,0.1663381440286984,0.16382489324065025,0.1688333998680351,1.7938667402753332,1.7789165539858558,1.809040775459979,0
wikitext,fixed,0.5,1024,4096,multinomial_jackknife,0.4586589437104961,0.4472068752667531,0.47201411493969314,0.7799757956324664,0.7514442154300637,0.8049236202843623,0
wikitext,fixed,0.5,1024,4096,source_jackknife,0.24797672631702444,0.24381103100853502,0.2521502256116931,1.3945943468344686,1.3778402181189078,1.4114106092896468,0
wikitext,fixed,0.5,2048,4096,multinomial,0.5105882313832623,0.5034263984490406,0.5181999295429363,0.6723200444951848,0.6575022050950041,0.6863714698686741,0
wikitext,fixed,0.5,2048,4096,source_same_lag,0.30637318648644246,0.30228546050721083,0.3102689260853288,1.183043314206263,1.170347960184741,1.1964832639414462,0
wikitext,fixed,0.5,2048,4096,source_full,0.30804308708928774,0.30366640869798334,0.31226261431779184,1.1776299200237696,1.163930591848659,1.1919316925874464,0
wikitext,fixed,0.5,2048,4096,multinomial_jackknife,0.6959401436604143,0.6842539767112578,0.7081929446733497,0.36269220473812275,0.3451658202868414,0.37949813409329997,0
wikitext,fixed,0.5,2048,4096,source_jackknife,0.44809427635334736,0.4404577460307531,0.45540246725854555,0.8029301057397511,0.7866180097542648,0.8201100778472945,0
wikitext,fixed,0.5,4096,4096,multinomial,0.6967096133179317,0.6857780932298388,0.7066798897001656,0.361520077540511,0.34721356546435994,0.37738560984537073,0
wikitext,fixed,0.5,4096,4096,source_same_lag,0.5173368930546858,0.5119543541674874,0.5227341432891606,0.6590982371857544,0.6487039028189923,0.669546031257311,0
wikitext,fixed,0.5,4096,4096,source_full,0.520224514927604,0.5149188759179383,0.5255839016836688,0.6535281507782648,0.6432582046651281,0.6637764408595233,0
wikitext,fixed,0.5,4096,4096,multinomial_jackknife,0.8904217637883542,0.8735602575585114,0.9061808218287009,0.11628209326361576,0.09860561357141562,0.13542615050443682,0
wikitext,fixed,0.5,4096,4096,source_jackknife,0.7301887900983837,0.7215161088694998,0.7391153877146313,0.3145186160954576,0.30233785518709155,0.3264334797453412,0
wikitext,fixed,0.5,8192,4096,multinomial,0.862132048734315,0.8491121122003135,0.8767546867658101,0.14850155905647225,0.13168067387183446,0.1635775059111193,0
wikitext,fixed,0.5,8192,4096,source_same_lag,0.7737386142385296,0.7623406151766561,0.78598232508981,0.2566536994552732,0.2409147866170575,0.27139650649037783,0
wikitext,fixed,0.5,8192,4096,source_full,0.7784737426630843,0.7669892956916827,0.7907293339645105,0.25055332119766854,0.23489033336806905,0.2653137509885792,0
wikitext,fixed,0.5,8192,4096,multinomial_jackknife,1.02700653958187,1.0059744879223338,1.052543989269186,0.02628159664815848,0.006203708842412516,0.05072900911635812,0
wikitext,fixed,0.5,8192,4096,source_jackknife,1.0327238906715828,1.0126497675672168,1.054558949047388,0.031926998152758915,0.012935315061849577,0.052908683296620726,0
wikitext,fixed,1,1024,512,multinomial,0.937523734797323,0.9258526589965028,0.9495298941618432,0.06459535503680071,0.051854594490362046,0.07711568118883157,0
wikitext,fixed,1,1024,512,source_same_lag,0.8100849613472112,0.8009924574670676,0.8190826831166929,0.21066958488395937,0.19961967456381327,0.2219538296118269,0
wikitext,fixed,1,1024,512,source_full,0.8160135596719899,0.8067058493488202,0.8252111218859736,0.20338151466978607,0.19216270030764387,0.2148366662937375,0
wikitext,fixed,1,1024,512,multinomial_jackknife,1.1164804075281967,1.0989301663431914,1.1352293308115595,0.11001449359702649,0.0942621979838194,0.12674317670404628,0
wikitext,fixed,1,1024,512,source_jackknife,1.1143249929570669,1.098954889175225,1.1294885254264282,0.10814604048355825,0.094294799032775,0.12172777683274495,0
wikitext,fixed,1,1024,512,bootstrap,0.7756192567064223,0.7664478455304439,0.7853695075017995,0.2541653744339108,0.24170151844238746,0.26601376413054983,0
wikitext,fixed,1,1024,512,bootstrap_jackknife,0.9515530414577998,0.9393750354280519,0.9643909801365356,0.049749743388894145,0.03633893045265637,0.06257343587770105,0
wikitext,fixed,1,2048,512,multinomial,1.074859886593838,1.064401659256657,1.0853169295111071,0.07215664834081913,0.0624025289023604,0.0818412634203993,0
wikitext,fixed,1,2048,512,source_same_lag,1.085182079963633,1.073053510542446,1.096613251898142,0.08169502338564331,0.07045442298526577,0.09221106263383984,0
wikitext,fixed,1,2048,512,source_full,1.0933974687796737,1.0805960469333997,1.1057369408885371,0.08922448229197812,0.07748320966601738,0.10046385035758362,0
wikitext,fixed,1,2048,512,multinomial_jackknife,1.2095298140685493,1.1948451275926946,1.2246889629833912,0.19014996949760313,0.17797734309590188,0.20262402620907155,0
wikitext,fixed,1,2048,512,source_jackknife,1.3664029729986473,1.345592932737784,1.3868018938044395,0.31204282494737834,0.29674148970622477,0.32694222212003143,0
wikitext,fixed,1,2048,512,bootstrap,0.8873134171374296,0.8770657917780393,0.8961025271674802,0.11961032587504428,0.10974021394021878,0.1312315939806839,0
wikitext,fixed,1,2048,512,bootstrap_jackknife,0.9983869130970369,0.9849494436225825,1.0094026887759655,0.009380400359794127,0.0027005951637543986,0.017888603769539324,0
wikitext,fixed,1,4096,512,multinomial,1.16468084189943,1.1530801117166702,1.1751255320040823,0.15241795339186312,0.1424105395777809,0.16135829559391554,0
wikitext,fixed,1,4096,512,source_same_lag,1.2789290858177074,1.263948525672567,1.2928480455666311,0.245960644829484,0.23417908608725582,0.2568152810100208,0
wikitext,fixed,1,4096,512,source_full,1.2889244800333615,1.2736674269705082,1.3031863548892773,0.2537446511697014,0.24182283822058528,0.2647713941668638,0
wikitext,fixed,1,4096,512,multinomial_jackknife,1.2584421176485647,1.2450903933672905,1.2717183103226772,0.22982706361933966,0.2191937112940975,0.2403078561228014,0
wikitext,fixed,1,4096,512,source_jackknife,1.4881139704075876,1.4665192622175365,1.508922274850775,0.3973858373966193,0.3828113194479887,0.41135334826911313,0
wikitext,fixed,1,4096,512,bootstrap,0.9398323613946618,0.9316752103647474,0.947541485368013,0.062068045810741795,0.05389735436763851,0.0707720921734517,0
wikitext,fixed,1,4096,512,bootstrap_jackknife,0.9985689072020408,0.9888724833949507,1.0085406188183161,0.007516794181102228,0.003078742143291918,0.012574140495341005,0
wikitext,fixed,1,8192,512,multinomial,1.2342913149655812,1.222665781399374,1.2451134207864218,0.21047155785724048,0.2010184750811398,0.21920446335883872,0
wikitext,fixed,1,8192,512,source_same_lag,1.4121957475209208,1.398362044490588,1.4248845559177667,0.34511710722091277,0.3352727802269111,0.35406041990980947,0
wikitext,fixed,1,8192,512,source_full,1.4239304871867013,1.409924743388515,1.436686491768676,0.3533916501524364,0.3435124308403481,0.3623165079177607,0
wikitext,fixed,1,8192,512,multinomial_jackknife,1.2999915597418639,1.287218963412541,1.3124535778198276,0.262323620730096,0.2524676496542585,0.2718704122700806,0
wikitext,fixed,1,8192,512,source_jackknife,1.5546277484946955,1.5380721920152238,1.5698209209506868,0.44119291294713303,0.4304655126781029,0.45092329856812524,0
wikitext,fixed,1,8192,512,bootstrap,0.9681630885901037,0.9598424732767926,0.9757401096956954,0.03236487170155365,0.024562268126233175,0.040993047409657535,0
wikitext,fixed,1,8192,512,bootstrap_jackknife,0.9970413359162055,0.9869733897324273,1.006963970988693,0.007796928175180573,0.004357097616674405,0.013498624769383398,0
wikitext,fixed,1,1024,1024,multinomial,0.7671488995044448,0.7566118424987801,0.7785856158618172,0.265200517090324,0.250431374807301,0.2790387052232379,0
wikitext,fixed,1,1024,1024,source_same_lag,0.543920661819014,0.5374541183852519,0.549867596333651,0.6090163886756467,0.5981064931242845,0.6210015033054292,0
wikitext,fixed,1,1024,1024,source_full,0.5474791020845593,0.5407823820073051,0.5535359886845126,0.6024983047091172,0.5914377197017744,0.6147984027046222,0
wikitext,fixed,1,1024,1024,multinomial_jackknife,0.9650143909866706,0.946759711743324,0.985534902502013,0.03871515321089552,0.024000553139529236,0.05495114644493431,0
wikitext,fixed,1,1024,1024,source_jackknife,0.7887317934458651,0.7778257127600404,0.7988296336436019,0.23742759856956105,0.22462396375707294,0.25134935195095015,0
wikitext,fixed,1,1024,1024,bootstrap,0.6272918184551094,0.6188945999596563,0.6351960295333143,0.4664397043662838,0.45385432855632635,0.4798696869355884,0
wikitext,fixed,1,1024,1024,bootstrap_jackknife,0.8568148240621749,0.8417620741272406,0.8714914117990976,0.1547348313569233,0.13762397388683978,0.17237634533810764,0
wikitext,fixed,1,2048,1024,multinomial,0.932143909723661,0.9224923683399107,0.9422058805823186,0.07032024600920969,0.05958886796572517,0.08069017068812326,0
wikitext,fixed,1,2048,1024,source_same_lag,0.8260436036676361,0.8179414268116268,0.8343164838722795,0.1911475232354002,0.1811671161048337,0.20098461828448894,0
wikitext,fixed,1,2048,1024,source_full,0.8316058317007318,0.8227295557280013,0.8409515741532837,0.18445465162420424,0.17325531917950546,0.19513133889993722,0
wikitext,fixed,1,2048,1024,multinomial_jackknife,1.0945224399040379,1.0795290428853834,1.1093168392695856,0.09020268920240056,0.07646008220514279,0.10363376470664341,0
wikitext,fixed,1,2048,1024,source_jackknife,1.1118090099756328,1.096901122711067,1.127490496339509,0.1058728731711398,0.09246183405858205,0.11989391118675405,0
wikitext,fixed,1,2048,1024,bootstrap,0.8031341010150509,0.7943210808511102,0.812132021241497,0.21929411168797863,0.20812321125146124,0.2303036534279798,0
wikitext,fixed,1,2048,1024,bootstrap_jackknife,0.9718213929777791,0.9589562367599096,0.985272121917748,0.028690890991565784,0.015116847720599921,0.041977109121826645,0
wikitext,fixed,1,4096,1024,multinomial,1.0371188825563704,1.0259821796252322,1.0471655208537696,0.03640117981411158,0.02557123214714977,0.04606584788394814,0
wikitext,fixed,1,4096,1024,source_same_lag,1.0582159652434426,1.0468590356552723,1.0688925349585223,0.05653817936658544,0.04573601399829308,0.06661524983052615,0
wikitext,fixed,1,4096,1024,source_full,1.065710759995539,1.0541848024309748,1.0764819709904847,0.06359515968057411,0.052729407362050056,0.07368613236450615,0
wikitext,fixed,1,4096,1024,multinomial_jackknife,1.1483616086937387,1.1344654637122904,1.1609942061551937,0.13826767758091463,0.12609478422119227,0.14923591106928338,0
wikitext,fixed,1,4096,1024,source_jackknife,1.3026464451249358,1.2860093944920103,1.3189646344769275,0.2643098397614579,0.2514740546382844,0.2767853038620407,0
wikitext,fixed,1,4096,1024,bootstrap,0.8969491912919156,0.8888638493689874,0.9049608460397566,0.10877927664764735,0.09988110017338991,0.1178333679846966,0
wikitext,fixed,1,4096,1024,bootstrap_jackknife,0.9948825006905925,0.985001297197493,1.005143791705841,0.009418507564786809,0.005316140010519343,0.015390702812269235,0
wikitext,fixed,1,8192,1024,multinomial,1.119242954572804,1.1093871845363834,1.1287009047100118,0.1126312156439237,0.10378364287848096,0.1210488054193305,0
wikitext,fixed,1,8192,1024,source_same_lag,1.229405571386355,1.219481385020615,1.2393259306794902,0.20651913321677642,0.19842113714066206,0.2145651165814316,0
wikitext,fixed,1,8192,1024,source_full,1.2388122500951135,1.2287422477196204,1.2489117654956383,0.21414031016678078,0.20597580164674803,0.2222582870852962,0
wikitext,fixed,1,8192,1024,multinomial_jackknife,1.1970199043543668,1.186557553311577,1.2070930760290681,0.17981520975215862,0.1710452907794669,0.1881930954563179,0
wikitext,fixed,1,8192,1024,source_jackknife,1.406977498051517,1.394865545861876,1.4191536605519375,0.3414254492063593,0.332790748498508,0.350047702323915,0
wikitext,fixed,1,8192,1024,bootstrap,0.9484809104132292,0.940264381457305,0.956445243567601,0.052912202491914355,0.044534828409609636,0.06160634785770083,0
wikitext,fixed,1,8192,1024,bootstrap_jackknife,0.9981415427477681,0.9876225158544644,1.0084110540255606,0.008251935898695108,0.003999106720450213,0.013886761511575538,0
wikitext,fixed,1,1024,2048,multinomial,0.5967685298053665,0.5866532909770487,0.6080465004969022,0.5164378507340875,0.497707043769107,0.5334194748587887,0
wikitext,fixed,1,1024,2048,source_same_lag,0.3407053206050342,0.3362075005229155,0.34509688671151684,1.0768202353576586,1.0639733972268397,1.0901135375950028,0
wikitext,fixed,1,1024,2048,source_full,0.3427790926479602,0.338221545498003,0.34712773698802774,1.0707504074220076,1.0580806426193345,1.0841257465580896,0
wikitext,fixed,1,1024,2048,multinomial_jackknife,0.7902033890895191,0.7717919842735336,0.8115097353239217,0.23591705374383495,0.20939457794723312,0.25924844434224575,0
wikitext,fixed,1,1024,2048,source_jackknife,0.5065172397958182,0.499131805464039,0.5133951657077788,0.6803006589977924,0.6667315074705383,0.6949837660367053,0
wikitext,fixed,1,1024,2048,bootstrap,0.43919435837826154,0.43280758100984595,0.44485824607159913,0.8229148579273646,0.8100169873415244,0.837561220750622,0
wikitext,fixed,1,1024,2048,bootstrap_jackknife,0.6625315687769554,0.6507404009138056,0.6735109801532088,0.41187782750097196,0.3953388769717139,0.4298686533407932,0
wikitext,fixed,1,2048,2048,multinomial,0.7856658484334051,0.7763140777954353,0.7957073034752844,0.2412997810153484,0.22860610000254372,0.2532190909718502,0
wikitext,fixed,1,2048,2048,source_same_lag,0.580834769475126,0.5746037760538066,0.5872547538629893,0.5433359427802342,0.532336877028021,0.5541207371725699,0
wikitext,fixed,1,2048,2048,source_full,0.5844101836233451,0.5775212560383631,0.5916137220525239,0.5372207653738805,0.5249390133191654,0.5490376255415624,0
wikitext,fixed,1,2048,2048,multinomial_jackknife,0.9721444668672306,0.9574281724185699,0.9869151997857251,0.028393463104212296,0.013472705836889677,0.04355544325791573,0
wikitext,fixed,1,2048,2048,source_jackknife,0.8231035045706494,0.811441948619604,0.8351681577115679,0.1947943261384095,0.1801796450209109,0.20899818604686562,0
wikitext,fixed,1,2048,2048,bootstrap,0.6699625323382943,0.6613105824307852,0.6792373266950371,0.40062963689696734,0.3868449345322171,0.41360904099499596,0
wikitext,fixed,1,2048,2048,bootstrap_jackknife,0.9007470016663154,0.8851968554317107,0.9176917631303415,0.10473945976827766,0.08615008709815315,0.1220567375066182,0
wikitext,fixed,1,4096,2048,multinomial,0.910777288662709,0.8991714431003309,0.9211031711984277,0.09352435628401297,0.0821951868280234,0.10638150548522511,0
wikitext,fixed,1,4096,2048,source_same_lag,0.8301472436660768,0.8213494036485242,0.8385564805934309,0.1861856967413131,0.17609007716673591,0.19685630363613485,0
wikitext,fixed,1,4096,2048,source_full,0.8355180871246145,0.8265794833724308,0.8439343819979408,0.1797379680193991,0.16972806293323564,0.1905032081724498,0
wikitext,fixed,1,4096,2048,multinomial_jackknife,1.0444265553090393,1.0291380292663135,1.0576907643660585,0.04336725189302265,0.02856823437888492,0.05604517817299806,0
wikitext,fixed,1,4096,2048,source_jackknife,1.0874216030220476,1.0746863983795023,1.0997717894858734,0.08375732320273666,0.0719590501742808,0.09503559395564905,0
wikitext,fixed,1,4096,2048,bootstrap,0.8201355746370786,0.8112418808211309,0.8289771354713088,0.19832696135776115,0.18760323624371003,0.2092239507270374,0
wikitext,fixed,1,4096,2048,bootstrap_jackknife,0.9780010736758059,0.9669306386778571,0.9896693716891476,0.022302240266716542,0.01066067623564713,0.03364421847370766,0
wikitext,fixed,1,8192,2048,multinomial,1.0044173310425741,0.9945628930918667,1.0144543027375874,0.008437065429909294,0.004409222567034449,0.01450724874201917,0
wikitext,fixed,1,8192,2048,source_same_lag,1.0354137718370098,1.0263695635585581,1.045127563547009,0.03478655686369404,0.026015374054211733,0.04413096346573595,0
wikitext,fixed,1,8192,2048,source_full,1.0427781511440608,1.0336487766040257,1.052722574675377,0.04187280914613417,0.033078070557975625,0.05137024898850674,0
wikitext,fixed,1,8192,2048,multinomial_jackknife,1.0946419704946304,1.082813052581505,1.1073937419174795,0.09037695548583523,0.07953068351807348,0.10194817763305752,0
wikitext,fixed,1,8192,2048,source_jackknife,1.2456744005041491,1.233209884287894,1.2591166939091663,0.21964407343778833,0.20959751522876896,0.23039574996052986,0
wikitext,fixed,1,8192,2048,bootstrap,0.9118407751751508,0.9045088428402939,0.9195574131831036,0.09229619361123387,0.0838694849824981,0.1003647317115604,0
wikitext,fixed,1,8192,2048,bootstrap_jackknife,1.002965851100131,0.995009161170651,1.0114455371322995,0.0035777191172958293,0.0014174592274630849,0.011391196798161586,0
wikitext,fixed,1,1024,4096,multinomial,0.44262154366218986,0.4341667918764946,0.45228890335792593,0.8153422765199542,0.7937336842251265,0.8344545054303781,0
wikitext,fixed,1,1024,4096,source_same_lag,0.21209927096550665,0.2091883090638804,0.21495611686009014,1.5508147443720857,1.537405529651418,1.564618300657622,0
wikitext,fixed,1,1024,4096,source_full,0.21332240235796324,0.21045723623719223,0.21610750929023514,1.5450585469821962,1.5320419009864228,1.5585309723564722,0
wikitext,fixed,1,1024,4096,multinomial_jackknife,0.6085835861499053,0.5927512770344266,0.6273749244345379,0.4972274322024153,0.46687576246793067,0.5232190224173979,0
wikitext,fixed,1,1024,4096,source_jackknife,0.3174143900814801,0.31271757928892757,0.32204686950229805,1.1476831804827288,1.1331297701948315,1.1625311254399384,0
wikitext,fixed,1,1024,4096,bootstrap,0.25312236003730215,0.24885037505220317,0.25670485086324885,1.3740507802343407,1.3598567792014356,1.3911368496385108,0
wikitext,fixed,1,1024,4096,bootstrap_jackknife,0.3895380755133669,0.38056143380139723,0.3967159067632206,0.943124065360473,0.9245771389709964,0.9665588490058817,0
wikitext,fixed,1,2048,4096,multinomial,0.6363427129257889,0.6282509509625497,0.6448319254490902,0.4521276632568884,0.4388830753154212,0.4648632962422176,0
wikitext,fixed,1,2048,4096,source_same_lag,0.3852359560611724,0.3809058965359274,0.3894636891797583,0.9539657139208121,0.9429921151074109,0.9652631985685919,0
wikitext,fixed,1,2048,4096,source_full,0.38745809763853034,0.3826850695914902,0.3921490351485301,0.9482370644244952,0.9361693545181464,0.9606410481637206,0
wikitext,fixed,1,2048,4096,multinomial_jackknife,0.8280430720856163,0.8150583261768919,0.8413918451239102,0.18886804224061285,0.17280617417665975,0.20456949612170444,0
wikitext,fixed,1,2048,4096,source_jackknife,0.5595767879739524,0.5512259801072911,0.5677915906036965,0.5807196957731964,0.5661053357979121,0.5957552046368819,0
wikitext,fixed,1,2048,4096,bootstrap,0.4814560169553811,0.47648554855387215,0.4867171531736044,0.7309963068855128,0.7201101869797181,0.741341933620096,0
wikitext,fixed,1,2048,4096,bootstrap_jackknife,0.7074991320931088,0.6980941460972008,0.7173275860619248,0.34613432229211916,0.3323229344080564,0.3594815856799889,0
wikitext,fixed,1,4096,4096,multinomial,0.7840031736796962,0.7727183510130449,0.793694356679023,0.24344761051033845,0.2310684580150417,0.2580107053756855,0
wikitext,fixed,1,4096,4096,source_same_lag,0.6115572497947735,0.6058957499885701,0.6169147713894575,0.49177590385597014,0.48305002646163325,0.5010946078659388,0
wikitext,fixed,1,4096,4096,source_full,0.6152090436747719,0.6094935054065642,0.6205892109677121,0.485822610722811,0.47711359553379024,0.49515893527152083,0
wikitext,fixed,1,4096,4096,multinomial_jackknife,0.9413161768342194,0.9248670069412062,0.955903057349234,0.06066180257428469,0.045175363184252734,0.0783468489815206,0
wikitext,fixed,1,4096,4096,source_jackknife,0.8418556687670555,0.8335275825393187,0.8500938688711501,0.17218758987138472,0.16242744356862512,0.18211896237302522,0
wikitext,fixed,1,4096,4096,bootstrap,0.6936680304915024,0.6836144748519626,0.7031845390096038,0.36588426181866707,0.35218130600194003,0.38047992723494617,0
wikitext,fixed,1,4096,4096,bootstrap_jackknife,0.9042388336807929,0.8884895691826331,0.9196000520183263,0.10086152684172338,0.08393077558819875,0.11837874278016172,0
wikitext,fixed,1,8192,4096,multinomial,0.8919386252902182,0.881110991032206,0.9035439528835835,0.11444625810139471,0.10154127044657285,0.12663507553951683,0
wikitext,fixed,1,8192,4096,source_same_lag,0.836435148712559,0.8275761458663758,0.8457570842717065,0.1786620602275177,0.16755312638503372,0.1892731000744627,0
wikitext,fixed,1,8192,4096,source_full,0.8419693480988101,0.8329736664123575,0.8513758381659419,0.17206871711727356,0.1609406001440021,0.1827880808346518,0
wikitext,fixed,1,8192,4096,multinomial_jackknife,0.9985253267128715,0.9826591871741082,1.0178580835754891,0.01813463251330945,0.010679978370135613,0.027186633929105718,0
wikitext,fixed,1,8192,4096,source_jackknife,1.0650491740400465,1.0504698733941973,1.080776906160379,0.06289824370257555,0.049194933288600286,0.07760891093945825,0
wikitext,fixed,1,8192,4096,bootstrap,0.8382879514258608,0.8302083160500926,0.846339538754979,0.17643234847953115,0.16685740920132763,0.18611294988690086,0
wikitext,fixed,1,8192,4096,bootstrap_jackknife,0.9809882390790764,0.9691766810270747,0.9924746395512452,0.01927100184999467,0.007909791677566766,0.03137416974563135,0
wikitext,fixed,2,1024,512,multinomial,0.9369553490937093,0.9254656368428249,0.9482684674013374,0.06519300121508446,0.053122277473918574,0.07751451334687852,0
wikitext,fixed,2,1024,512,source_same_lag,0.8754145851126968,0.8660960853888119,0.8848020973324218,0.13310407611479544,0.12243122366835209,0.14379442190263322,0
wikitext,fixed,2,1024,512,source_full,0.8829200773889543,0.8735257532404254,0.8923197318815825,0.12456873739780483,0.11395082298867872,0.13527273037278903,0
wikitext,fixed,2,1024,512,multinomial_jackknife,1.0460189782851654,1.0306659906439866,1.0617883621425803,0.04485723692363191,0.030184326904469868,0.0598896738372385,0
wikitext,fixed,2,1024,512,source_jackknife,1.123614987369218,1.1077409761270232,1.1385013262738748,0.1164469331446553,0.10222365538410112,0.12965079550645262,0
wikitext,fixed,2,2048,512,multinomial,1.0111080577400662,1.0026536775406816,1.0195962682829685,0.011029574492862756,0.004139219904859974,0.019383474801672435,0
wikitext,fixed,2,2048,512,source_same_lag,1.0624228635741735,1.0492058186030526,1.0742824032767448,0.06047726249329822,0.04795271764239439,0.07163842082785658,0
wikitext,fixed,2,2048,512,source_full,1.0717190651367952,1.0579952763647762,1.0840916071771025,0.0691830180320246,0.05629530375065793,0.08072514323581599,0
wikitext,fixed,2,2048,512,multinomial_jackknife,1.0829388731727037,1.0721130095027651,1.094108693262321,0.0796357438983022,0.06962820253332849,0.08990655189726204,0
wikitext,fixed,2,2048,512,source_jackknife,1.2572838613079944,1.2359865114435826,1.2766019105681599,0.22878745709674023,0.2116827386448117,0.24416040130822658,0
wikitext,fixed,2,4096,512,multinomial,1.0554010476313405,1.046480944718765,1.0640626626164968,0.053903362071788107,0.045420493040128615,0.06208314064642969,0
wikitext,fixed,2,4096,512,source_same_lag,1.182606964618194,1.1687418003986458,1.1956803447380207,0.1676536307305393,0.15586297639275434,0.17868202439872863,0
wikitext,fixed,2,4096,512,source_full,1.1930644026785704,1.178884323878936,1.2064842630987491,0.17645534093292495,0.16451140536765824,0.18769535494383588,0
wikitext,fixed,2,4096,512,multinomial_jackknife,1.102070200727004,1.0920866032520449,1.1121524382880759,0.09716246726186302,0.08808363374133317,0.10626989736606869,0
wikitext,fixed,2,4096,512,source_jackknife,1.3168895240471779,1.2976762132061488,1.3349911292844665,0.27514902886487597,0.2604729722982982,0.28888897274819614,0
wikitext,fixed,2,8192,512,multinomial,1.0885982234686207,1.0794873659942277,1.0976393301918337,0.08487347735608268,0.07646879455786425,0.0931446738298125,0
wikitext,fixed,2,8192,512,source_same_lag,1.258955225411423,1.2457320468137631,1.2709136877020701,0.2302401946996638,0.2196692076705092,0.239710798621504,0
wikitext,fixed,2,8192,512,source_full,1.2706262398407717,1.2572482121758664,1.2826603415665405,0.23946743151371294,0.2288448128770481,0.24892858719694969,0
wikitext,fixed,2,8192,512,multinomial_jackknife,1.1193446250703498,1.1093010604576394,1.1294013261268445,0.11271828974133692,0.10371756928041044,0.12166308750987301,0
wikitext,fixed,2,8192,512,source_jackknife,1.346351193243757,1.330732496753742,1.360330252484792,0.2973378194431745,0.2856442561521131,0.30767814840748986,0
wikitext,fixed,2,1024,1024,multinomial,0.8328409487337197,0.8229287476161139,0.8431772270775596,0.18299853615875825,0.1706244075259916,0.19491345883380673,0
wikitext,fixed,2,1024,1024,source_same_lag,0.6622786638095102,0.6550743900128702,0.6691790712131351,0.4121223079258402,0.40174979957238044,0.42304777698342144,0
wikitext,fixed,2,1024,1024,source_full,0.6671255432902352,0.6598246501572607,0.6742628017199384,0.40483423771166693,0.39416099681532246,0.41583620910754177,0
wikitext,fixed,2,1024,1024,multinomial_jackknife,0.9768501945346207,0.9609179300978975,0.9938329722190453,0.026577558321656456,0.01427174799775447,0.040289861882267734,0
wikitext,fixed,2,1024,1024,source_jackknife,0.9110077369635751,0.8989188015593311,0.9230005654574458,0.09330668255832257,0.08016134016322096,0.1066322414185469,0
wikitext,fixed,2,2048,1024,multinomial,0.9326839506589926,0.9247932640229611,0.9410937778444295,0.0697198520006055,0.06074394599001907,0.07819262380862158,0
wikitext,fixed,2,2048,1024,source_same_lag,0.887182174957449,0.8775864900991385,0.8961328572264553,0.11975769965623752,0.10967368436925118,0.13060951906770588,0
wikitext,fixed,2,2048,1024,source_full,0.8938986022303546,0.8837123434412856,0.9036638620877993,0.11222824074990272,0.1013429845567027,0.12367207776858018,0
wikitext,fixed,2,2048,1024,multinomial_jackknife,1.0301429523335075,1.0185604857645099,1.0422609788118369,0.029619971656784982,0.018361782779967112,0.041330991145251905,0
wikitext,fixed,2,2048,1024,source_jackknife,1.117092130284615,1.1003544431131278,1.1333104603527167,0.11059010190549746,0.09554735687449761,0.12508400337905898,0
wikitext,fixed,2,4096,1024,multinomial,0.9883519471251426,0.9791511859993212,0.9969289100204165,0.011747375476598881,0.004253380934059657,0.02111190314644143,0
wikitext,fixed,2,4096,1024,source_same_lag,1.045578533705717,1.0339549400370616,1.0568051584137863,0.04450792178760319,0.03332269374312975,0.055235040233273504,0
wikitext,fixed,2,4096,1024,source_full,1.0537501905580844,1.0419508546159328,1.0652798374264842,0.05229192812782064,0.04102423290128945,0.06319596717638655,0
wikitext,fixed,2,4096,1024,multinomial_jackknife,1.0482087152304422,1.0374273182015388,1.0589016917513714,0.04703255211387856,0.036723961287120264,0.05718512674430966,0
wikitext,fixed,2,4096,1024,source_jackknife,1.2165960102243971,1.1991827009390295,1.2337159660666606,0.1959331143547384,0.18160050404087322,0.20996270341440046,0
wikitext,fixed,2,8192,1024,multinomial,1.0308775836684352,1.0225549681909445,1.0394625011009584,0.030388195281870405,0.02228621458284373,0.038680994263861256,0
wikitext,fixed,2,8192,1024,source_same_lag,1.1545296571735297,1.1440017791787445,1.1645101971138614,0.14366438417903196,0.13450679122643475,0.15228327089473806,0
wikitext,fixed,2,8192,1024,source_full,1.164123302379683,1.1534768580441332,1.1741918222909467,0.1519389271105557,0.14275312815580385,0.16054902471266164,0
wikitext,fixed,2,8192,1024,multinomial_jackknife,1.0699949483467595,1.0610410111691804,1.079419817767634,0.06762623289727901,0.059245698441941774,0.07639111485198755,0
wikitext,fixed,2,8192,1024,source_jackknife,1.2709738325249047,1.2579232457032004,1.2829593599179852,0.23974018990525228,0.22942876269020684,0.249161398941985,0
wikitext,fixed,2,1024,2048,multinomial,0.7082113078399191,0.6982500474939065,0.7191830419684957,0.3451536284310168,0.32976621323786426,0.35930511181461205,0
wikitext,fixed,2,1024,2048,source_same_lag,0.4549839042349391,0.4496726510627908,0.46002212199458153,0.7875577396337121,0.7765365217288638,0.7992954493912849,0
wikitext,fixed,2,1024,2048,source_full,0.45796050203431327,0.4525311809533709,0.4630270152923954,0.7810396556671826,0.7700120168580792,0.7929626481274733,0
wikitext,fixed,2,1024,2048,multinomial_jackknife,0.8816078058575236,0.8641040077329872,0.9014510050657298,0.1263372747414602,0.10407308609183236,0.14622587495991218,0
wikitext,fixed,2,1024,2048,source_jackknife,0.6597658371279774,0.6508690160048871,0.6681057459507144,0.4159689495276265,0.403325397032212,0.429544638157003,0
wikitext,fixed,2,2048,2048,multinomial,0.8422392868953009,0.8341617514254385,0.8511831735523363,0.17173804512167834,0.16118001259557316,0.18133966932803894,0
wikitext,fixed,2,2048,2048,source_same_lag,0.6909767733553334,0.6844146248911896,0.6978569897077063,0.36968887419346563,0.35978869873530656,0.3791994296918208,0
wikitext,fixed,2,2048,2048,source_full,0.6956295185154078,0.6883053133626662,0.7033034999634864,0.36299600258226966,0.35203961007678425,0.37356191021534174,0
wikitext,fixed,2,2048,2048,multinomial_jackknife,0.9737795149872965,0.9609931441586147,0.9866323145224235,0.026675528164283143,0.013632012976831958,0.039859563423363824,0
wikitext,fixed,2,2048,2048,source_jackknife,0.9300165256281728,0.9174853819808648,0.9429774314024637,0.07266847778692563,0.058775501979600034,0.08615293227794944,0
wikitext,fixed,2,4096,2048,multinomial,0.9141205198944755,0.9042862436031626,0.9231645185872547,0.08984177588161657,0.07995163647433098,0.1006685044495779,0
wikitext,fixed,2,4096,2048,source_same_lag,0.8851865082308871,0.875970007899411,0.8941057925212517,0.12200317159148,0.11195330010397361,0.1324774288389322,0
wikitext,fixed,2,4096,2048,source_full,0.8914558250947554,0.8821549527485909,0.9003645127806461,0.11494619127749135,0.10497370645726514,0.1254496365293584,0
wikitext,fixed,2,4096,2048,multinomial_jackknife,0.9926447319376208,0.9806125299809144,1.0037577816740322,0.010270514172428425,0.004126988583734813,0.020075379218037783,0
wikitext,fixed,2,4096,2048,source_jackknife,1.0896500299485206,1.0757740287796231,1.1034308061543057,0.0857684888033925,0.0729786146419212,0.09837942916345034,0
wikitext,fixed,2,8192,2048,multinomial,0.9665166080028775,0.9586577054222873,0.9747924810780735,0.034075615579958286,0.025545323782643688,0.042235154628814886,0
wikitext,fixed,2,8192,2048,source_same_lag,1.0283848105473756,1.0205661701994597,1.0368461604947028,0.027977782258711004,0.020351535496594488,0.03616706169903649,0
wikitext,fixed,2,8192,2048,source_full,1.0362533982022033,1.0282794773351738,1.0448493899780904,0.03559895920871534,0.02787658291674429,0.04385193582478548,0
wikitext,fixed,2,8192,2048,multinomial_jackknife,1.0150934723731315,1.0069243878067045,1.023670620662537,0.014964523791126845,0.006985144420733699,0.023377747990688185,0
wikitext,fixed,2,8192,2048,source_jackknife,1.1769218567526896,1.1672312792605626,1.1872578020431348,0.16288409824829397,0.1546262125356575,0.17162043675310631,0
wikitext,fixed,2,1024,4096,multinomial,0.572004383806,0.5622661727974888,0.5830957224586979,0.5588466854962592,0.5396499582016039,0.5758684583448291,0
wikitext,fixed,2,1024,4096,source_same_lag,0.29250593383120727,0.2889247189000557,0.2958794635526655,1.2293532235204163,1.2178718644263737,1.2416622810856441,0
wikitext,fixed,2,1024,4096,source_full,0.2942863305297147,0.2906798524125686,0.2975704410757928,1.223283395584765,1.2121585041043514,1.2356205461140948,0
wikitext,fixed,2,1024,4096,multinomial_jackknife,0.7524079360206597,0.7343865983697219,0.7735128981820548,0.28499593503792275,0.25730343255868654,0.3089217446107715,0
wikitext,fixed,2,1024,4096,source_jackknife,0.43486053568220145,0.42902835952876084,0.4401315489728866,0.83283364716055,0.8207069657345474,0.8463631582495376,0
wikitext,fixed,2,2048,4096,multinomial,0.7402693487454601,0.7323734061010853,0.7485322830237302,0.30081281496511747,0.28969324497646126,0.31149424227815165,0
wikitext,fixed,2,2048,4096,source_same_lag,0.49866440695803266,0.4938695660378204,0.5034419615622074,0.6958689309429916,0.6863252430148858,0.705509175605226,0
wikitext,fixed,2,2048,4096,source_full,0.5017340093123513,0.4962841618951063,0.5071691610662088,0.6897537535366379,0.678971427320921,0.7006390563684657,0
wikitext,fixed,2,2048,4096,multinomial_jackknife,0.9061259137871166,0.8933873129294566,0.9185726215127731,0.09870950397906371,0.08498740448814539,0.11280498580773228,0
wikitext,fixed,2,2048,4096,source_jackknife,0.7066595227119554,0.697232156431565,0.7162298360020443,0.347327314301167,0.33378975267309335,0.36072379868207094,0
wikitext,fixed,2,4096,4096,multinomial,0.8376484322698793,0.8272981313480098,0.846223296209059,0.1772290728558987,0.16697974203094898,0.18970518448359258,0
wikitext,fixed,2,4096,4096,source_same_lag,0.7127067880675787,0.706022220295418,0.7186737028983324,0.3387186849040705,0.33035902949806933,0.3481640493289413,0
wikitext,fixed,2,4096,4096,source_full,0.7173178213749276,0.7104963407384135,0.7232814729409842,0.3322709561821566,0.32395915751123516,0.34183786838153896,0
wikitext,fixed,2,4096,4096,multinomial_jackknife,0.944143379767752,0.9302893021103633,0.9550838564946182,0.05758867294873438,0.045975981781215536,0.07243112073687301,0
wikitext,fixed,2,4096,4096,source_jackknife,0.9335846910031864,0.9239954881460273,0.9427274746494196,0.06877566496002073,0.05899377515723065,0.07910313164770089,0
wikitext,fixed,2,8192,4096,multinomial,0.9021100411823966,0.8938989939952529,0.9103034233561627,0.1030536457501437,0.09399444822719166,0.11218729445704999,0
wikitext,fixed,2,8192,4096,source_same_lag,0.8889343779399788,0.8822927589581446,0.8955857719391602,0.11774643129906341,0.11029064727346484,0.12524289027807822,0
wikitext,fixed,2,8192,4096,source_full,0.8952569227199395,0.8884969998418376,0.9020067630302985,0.11066017901662328,0.10314510216708311,0.11823562312138404,0
wikitext,fixed,2,8192,4096,multinomial_jackknife,0.9636189826003939,0.9532445807077388,0.9747481298459023,0.03712776924501619,0.025644216278947432,0.04790209167928721,0
wikitext,fixed,2,8192,4096,source_jackknife,1.0694495557687267,1.0598811731832416,1.0793777197265193,0.06711108527503092,0.05812852803510258,0.07634785382690241,0
wikitext,fixed,5,1024,512,multinomial,0.9161893453697988,0.9054112596766156,0.9265299841786911,0.08759216874945987,0.0763485342552889,0.09942466641787963,0
wikitext,fixed,5,1024,512,source_same_lag,0.9319042951887424,0.9231277806499458,0.9407746124502423,0.07055666218054592,0.06106120857179905,0.08003147040511194,0
wikitext,fixed,5,1024,512,source_full,0.9424296619583644,0.9334928280478214,0.9514188137273881,0.05932710851198717,0.04982365731140302,0.06884498997728014,0
wikitext,fixed,5,1024,512,multinomial_jackknife,0.9673881628875771,0.9550142892330292,0.9802537785971376,0.0332441987481192,0.019975945021703464,0.04606542794658199,0
wikitext,fixed,5,1024,512,source_jackknife,1.099706391997288,1.0861359037768399,1.1130787780125047,0.09496230309129228,0.08255331463130013,0.10709547659759631,0
wikitext,fixed,5,1024,512,bootstrap,0.8721824313097059,0.8632516150340392,0.8816571258026541,0.13680342103474522,0.1260003698298399,0.14706784457652197,0
wikitext,fixed,5,1024,512,bootstrap_jackknife,0.9843157235244199,0.9733939459477262,0.9960562636343683,0.017106108384388682,0.008739249015872003,0.02699170266486175,0
wikitext,fixed,5,2048,512,multinomial,0.9465692954222169,0.9394115224023943,0.9539185017076222,0.05491917390439945,0.04718005051528519,0.06250937728928345,0
wikitext,fixed,5,2048,512,source_same_lag,1.0380883268642562,1.024793842318963,1.0493599145401542,0.03730625823665046,0.024392667691246744,0.048164123149431054,0
wikitext,fixed,5,2048,512,source_full,1.0498675545303977,1.036495356803348,1.0612796777535727,0.04858871615501106,0.03575365671921043,0.05947024880249549,0
wikitext,fixed,5,2048,512,multinomial_jackknife,0.975151771548252,0.9670488865481343,0.9831022899860221,0.02517787917341978,0.017055725347538696,0.03352692045213545,0
wikitext,fixed,5,2048,512,source_jackknife,1.1551225065181328,1.1364739810331619,1.170794213512612,0.14406548337345726,0.12773213987439597,0.15765746236565487,0
wikitext,fixed,5,2048,512,bootstrap,0.9374182009479839,0.9250023233337404,0.9481959651916653,0.06471543931274805,0.05320245786135383,0.0780855547710999,0
wikitext,fixed,5,2048,512,bootstrap_jackknife,1.006137325537192,0.9885260324503224,1.0209346792007992,0.016778776368888196,0.006745023581861733,0.026192245176940902,0
wikitext,fixed,5,4096,512,multinomial,0.9619010818539957,0.9548164039955989,0.9690592251787165,0.03884978987002044,0.0314330197952573,0.046240239170167764,0
wikitext,fixed,5,4096,512,source_same_lag,1.1008226226173525,1.089021331695627,1.1118140267970058,0.09600863873156529,0.08522794806503271,0.10595819442450646,0
wikitext,fixed,5,4096,512,source_full,1.1132582482145608,1.101270544042135,1.1244593228203925,0.10724029907559067,0.09642757648353217,0.11727059403979757,0
wikitext,fixed,5,4096,512,multinomial_jackknife,0.978188602844147,0.9708317837702073,0.9857383590804893,0.02206064074597255,0.014373661947966736,0.029608872696233184,0
wikitext,fixed,5,4096,512,source_jackknife,1.177322304873166,1.1630422553267368,1.1906590083818278,0.16316828746843523,0.15101726114575328,0.17448286113633357,0
wikitext,fixed,5,4096,512,bootstrap,0.9649326901920617,0.957320264174742,0.9728526146151532,0.035710257318192794,0.0275343603211559,0.043631125910887227,0
wikitext,fixed,5,4096,512,bootstrap_jackknife,0.9968843961564962,0.9875505997720765,1.0062901768736887,0.007111356029250142,0.003279127348400296,0.013183853949337193,0
wikitext,fixed,5,8192,512,multinomial,0.9719280365607119,0.9646879534601903,0.9792519751452444,0.02848011278524819,0.02097322361762409,0.03595690979006652,0
wikitext,fixed,5,8192,512,source_same_lag,1.1347141203427795,1.1229662993065388,1.1450963156715666,0.12634115026257037,0.11589792629566036,0.13548377113053092,0
wikitext,fixed,5,8192,512,source_full,1.1479010249433668,1.1359069981532546,1.1584912048639715,0.13789428548698549,0.12738423065997917,0.14710896292627484,0
wikitext,fixed,5,8192,512,multinomial_jackknife,0.9810536864568519,0.9735582100626654,0.9885829675784007,0.019136796992564663,0.011492447309386531,0.026800001399819494,0
wikitext,fixed,5,8192,512,source_jackknife,1.183748496416148,1.1705925713897312,1.195071375641544,0.16863653927716085,0.15744743088827956,0.17819708673449222,0
wikitext,fixed,5,8192,512,bootstrap,0.9804649739641054,0.9727995491031831,0.9881109143110333,0.019739652720974298,0.011964266135954906,0.027590992164004624,0
wikitext,fixed,5,8192,512,bootstrap_jackknife,0.9979355680263696,0.9901662902839476,1.0056498230114532,0.0035458012865161176,0.0015957063094769396,0.00994346997988222,0
wikitext,fixed,5,1024,1024,multinomial,0.8674849212036287,0.8575215582871615,0.8769994662334238,0.14223000795228366,0.13127750994447457,0.15375071579711833,0
wikitext,fixed,5,1024,1024,source_same_lag,0.7936545468802748,0.7861095196838093,0.8011737115364443,0.23115082017313926,0.2216990576800594,0.24069086862585054,0
wikitext,fixed,5,1024,1024,source_full,0.8008804921786209,0.7931851048625315,0.8085330086076664,0.2220885612248428,0.2125448338731556,0.23173261725711777,0
wikitext,fixed,5,1024,1024,multinomial_jackknife,0.9464210527353324,0.9329436154202454,0.9599341578332592,0.05520085812904094,0.04091537006910878,0.06946354948855284,0
wikitext,fixed,5,1024,1024,source_jackknife,0.9962722223382211,0.9832848922757151,1.0088016833690743,0.012145877331997583,0.0059220793733363785,0.019886547269748322,0
wikitext,fixed,5,1024,1024,bootstrap,0.777245242452301,0.7704374739097887,0.7840475229151009,0.2520314636037941,0.2432873478240245,0.26082771543008226,0
wikitext,fixed,5,1024,1024,bootstrap_jackknife,0.9361067643305936,0.9236853385798867,0.9487228138282282,0.06614084384344567,0.05266008993848429,0.07943721922727391,0
wikitext,fixed,5,2048,1024,multinomial,0.9141756937386337,0.9075925742295462,0.9208774957633253,0.08974764290081895,0.08243270089832133,0.09696468868080686,0
wikitext,fixed,5,2048,1024,source_same_lag,0.9394041979362631,0.9278166904459871,0.9491797625755642,0.06258833891329842,0.0521674055372599,0.0750213988935497,0
wikitext,fixed,5,2048,1024,source_full,0.9480867426960176,0.936223518497297,0.9584532760942963,0.053392603763591284,0.0424566490871724,0.06598561329824965,0
wikitext,fixed,5,2048,1024,multinomial_jackknife,0.9589342011533767,0.9503441291830376,0.9677180381389441,0.04197015515401617,0.03284359872794889,0.050961212874450997,0
wikitext,fixed,5,2048,1024,source_jackknife,1.0927066286653864,1.0745447201424143,1.108813981097454,0.08848997005464486,0.07172833177919212,0.10325326041021073,0
wikitext,fixed,5,2048,1024,bootstrap,0.888536687336748,0.8788331791985973,0.8970861950738876,0.11823556395384711,0.10860393381774405,0.12924618311735225,0
wikitext,fixed,5,2048,1024,bootstrap_jackknife,0.9911704086744818,0.9778477831748745,1.0022173299673112,0.009975322408548858,0.002319210099095247,0.02276670626398567,0
wikitext,fixed,5,4096,1024,multinomial,0.9366510424394975,0.9296307597224351,0.9434968923527725,0.06545989238483461,0.05816907158436035,0.07298290501869308,0
wikitext,fixed,5,4096,1024,source_same_lag,1.0309557291898592,1.0191839339678155,1.041716739686549,0.03042062496436484,0.018937958308779018,0.04083865454291517,0
wikitext,fixed,5,4096,1024,source_full,1.0405351443029702,1.0285751047747438,1.0515220000129364,0.03966724713463501,0.028108579990166506,0.05021202468321304,0
wikitext,fixed,5,4096,1024,multinomial_jackknife,0.9610420080353689,0.9534699182817797,0.968804059728899,0.039760168952861906,0.03172540473683293,0.04768136994344879,0
wikitext,fixed,5,4096,1024,source_jackknife,1.1347956702202153,1.1190491224173422,1.1495331195977958,0.12633750166122257,0.11238346389598976,0.13933291793641034,0
wikitext,fixed,5,4096,1024,bootstrap,0.9423193559805388,0.9341895545751504,0.9503071383326656,0.05944012410614627,0.05098980980496303,0.06809309817662332,0
wikitext,fixed,5,4096,1024,bootstrap_jackknife,0.9989384819153692,0.9904245320542723,1.0082614531141088,0.006469496687965867,0.0027571194019461857,0.01205330408525367,0
wikitext,fixed,5,8192,1024,multinomial,0.9520704559822097,0.9453778422018735,0.9590807060669241,0.0491297708028882,0.041792461591716304,0.05617908722602653,0
wikitext,fixed,5,8192,1024,source_same_lag,1.087296886940761,1.0763156141668255,1.0968291498572686,0.08365118206474181,0.07349158931669698,0.09242230425812852,0
wikitext,fixed,5,8192,1024,source_full,1.0978402003789,1.0866954525990475,1.1074929804791396,0.09330072210412811,0.0830720980207525,0.10209333874400382,0
wikitext,fixed,5,8192,1024,multinomial_jackknife,0.965501319068718,0.9583816829525229,0.9730735482871595,0.03512645468526132,0.027312741624574376,0.04251146333968962,0
wikitext,fixed,5,8192,1024,source_jackknife,1.1541924879683652,1.1412703104572102,1.1654336053428103,0.14334025747471274,0.1320524365353623,0.15306606662632433,0
wikitext,fixed,5,8192,1024,bootstrap,0.9694627675269609,0.960325714209571,0.9777495867322503,0.03105113932812113,0.0225053598598544,0.04055421399307728,0
wikitext,fixed,5,8192,1024,bootstrap_jackknife,0.9971001137995632,0.9845437518712199,1.008249627535342,0.009435053086938622,0.00358199146678626,0.018566043092906867,0
wikitext,fixed,5,1024,2048,multinomial,0.7972119983652354,0.7879085674502779,0.8068636108901486,0.2267158043295617,0.2146503503592335,0.23838427331507037,0
wikitext,fixed,5,1024,2048,source_same_lag,0.6261060721377482,0.6196759020609305,0.6325329882942401,0.4682863192046344,0.45804882366567773,0.47861060748146306,0
wikitext,fixed,5,1024,2048,source_full,0.6309045013009028,0.6243602603057864,0.6374468113231628,0.4606548875884062,0.4502989352466841,0.4710721444918897,0
wikitext,fixed,5,1024,2048,multinomial_jackknife,0.912448824552686,0.897681665466792,0.9274720514775731,0.09180211956399824,0.07535883345059158,0.10801391378248922,0
wikitext,fixed,5,1024,2048,source_jackknife,0.8428874641801093,0.8316592858521662,0.8536612744268464,0.17102572764839563,0.15823748060498513,0.1843858719930664,0
wikitext,fixed,5,1024,2048,bootstrap,0.650150510825617,0.6441516459689035,0.6558242419461603,0.43058513054162756,0.42187078074396883,0.43986888107412236,0
wikitext,fixed,5,1024,2048,bootstrap_jackknife,0.8573373196061244,0.8461664803739359,0.8677671904007368,0.15402157066607577,0.1418689161797975,0.16718666693495737,0
wikitext,fixed,5,2048,2048,multinomial,0.8686653774438118,0.8615870476419415,0.8763672187720023,0.14082370798222968,0.13198966870305776,0.1489804385051427,0
wikitext,fixed,5,2048,2048,source_same_lag,0.8095675540052236,0.8005017846976693,0.8180083957092804,0.21131530664942,0.20091973447072464,0.22254126047617792,0
wikitext,fixed,5,2048,2048,source_full,0.8159665098780041,0.8065904517931118,0.8249873583054278,0.20345267103283296,0.1924196124605955,0.2150038953098034,0
wikitext,fixed,5,2048,2048,multinomial_jackknife,0.9380806662197957,0.9281090603015021,0.9488932226590895,0.06398797443829063,0.05251295904927884,0.07463974436316963,0
wikitext,fixed,5,2048,2048,source_jackknife,0.9980150671226632,0.9826761754943849,1.0129569192675127,0.016309755452060728,0.01102945581243731,0.022111631511001623,0
wikitext,fixed,5,2048,2048,bootstrap,0.8040237893702626,0.7952699411849199,0.8135409854686044,0.2181998153728697,0.20641703807210604,0.22908519974425656,0
wikitext,fixed,5,2048,2048,bootstrap_jackknife,0.9585741585945158,0.9424217105131263,0.976981436796293,0.042533378538245174,0.024159637835022073,0.05932364421423398,0
wikitext,fixed,5,4096,2048,multinomial,0.9014825463725594,0.8934656780481048,0.9093178580563734,0.10374410153390722,0.09506700219903601,0.11267193900953135,0
wikitext,fixed,5,4096,2048,source_same_lag,0.934418327720318,0.9237282347928341,0.9446142531086745,0.06789691877285366,0.057017000092336435,0.079401443817151,0
wikitext,fixed,5,4096,2048,source_full,0.9419869497235216,0.931062723141818,0.9522322275312938,0.05983116456495476,0.04898226435639826,0.07150155256429032,0
wikitext,fixed,5,4096,2048,multinomial_jackknife,0.9377927398298366,0.9285472823126557,0.9471291655393621,0.06427256014804254,0.05436018424255568,0.0741597514851083,0
wikitext,fixed,5,4096,2048,source_jackknife,1.070517183041248,1.054879142177897,1.0854124634132145,0.06801360013636759,0.05333358041596459,0.08190937824127772,0
wikitext,fixed,5,4096,2048,bootstrap,0.8940003155667725,0.8850457177969607,0.9028580591060097,0.11209556076895988,0.10220344910187819,0.12213238596843021,0
wikitext,fixed,5,4096,2048,bootstrap_jackknife,0.9919553579788968,0.9806977062357285,1.004225053962613,0.014497787613534324,0.010280681955771925,0.020148472480424444,0
wikitext,fixed,5,8192,2048,multinomial,0.9239155813796994,0.9168917404291281,0.9314268555381123,0.07915370342619675,0.071057339486202,0.0867792931452835,0
wikitext,fixed,5,8192,2048,source_same_lag,1.0183376742459105,1.0088158725087004,1.0273449207422327,0.018137427913510615,0.009387242842951159,0.026950922107980464,0
wikitext,fixed,5,8192,2048,source_full,1.02706746633298,1.0173589069491613,1.0361595437038924,0.02667294338423408,0.017177994128191945,0.035513340733818934,0
wikitext,fixed,5,8192,2048,multinomial_jackknife,0.9433979650838332,0.9358221476361851,0.951521638933404,0.058290632576988445,0.0497147078263461,0.06633814208038738,0
wikitext,fixed,5,8192,2048,source_jackknife,1.1095148946666358,1.0976526306784211,1.1203767969318865,0.10387182374519442,0.09314350896987329,0.11362855662571723,0
wikitext,fixed,5,8192,2048,bootstrap,0.9436360451751928,0.9352093715743343,0.9515551702454011,0.058040782678364315,0.049662450857174065,0.06701103785781597,0
wikitext,fixed,5,8192,2048,bootstrap_jackknife,0.9954370813025495,0.9850163487240577,1.005545495240383,0.008372525948040112,0.0035412084345135763,0.015797210084123613,0
wikitext,fixed,5,1024,4096,multinomial,0.7093431676582616,0.7001654321290578,0.7194687142274686,0.34353560663050775,0.3293643447605112,0.3564870374221514,0
wikitext,fixed,5,1024,4096,source_same_lag,0.45380321594350104,0.4487097608237757,0.4585211408569813,0.7901521330936983,0.7797677464954084,0.8014302475634316,0
wikitext,fixed,5,1024,4096,source_full,0.4568655494046874,0.4516849112649093,0.46159283860987904,0.7834302306437291,0.7730775878273073,0.7948172149514396,0
wikitext,fixed,5,1024,4096,multinomial_jackknife,0.8625123172424847,0.8465505524983995,0.8806138914465669,0.14819336911571057,0.12745974073219243,0.16665281417743602,0
wikitext,fixed,5,1024,4096,source_jackknife,0.6488833951808455,0.6405314151952584,0.6569341156895252,0.43260225488795334,0.4202151556083218,0.44551586563375645,0
wikitext,fixed,5,1024,4096,bootstrap,0.4821355976580943,0.4762153822607773,0.4873957577785667,0.72960936804464,0.7186794346509559,0.7419973300337417,0
wikitext,fixed,5,1024,4096,bootstrap_jackknife,0.6838657305538475,0.670246398489278,0.6958492643324253,0.38025132096021164,0.3626352530829077,0.4003219884175494,0
wikitext,fixed,5,2048,4096,multinomial,0.8166985116789867,0.8096693914382067,0.8243178509839539,0.2025231805335682,0.19325890461319964,0.2111606677594598,0
wikitext,fixed,5,2048,4096,source_same_lag,0.6609590154400993,0.6548443965520522,0.6671842022599834,0.4141050801677611,0.4047172681374403,0.4233845801680524,0
wikitext,fixed,5,2048,4096,source_full,0.6655680036786737,0.6587976180654217,0.672524377483904,0.40717264864978153,0.39676413412242106,0.41736282448613193,0
wikitext,fixed,5,2048,4096,multinomial_jackknife,0.921797180392862,0.9103796091435923,0.9330898822254151,0.08152181067905821,0.06931954119753352,0.09395944976102813,0
wikitext,fixed,5,2048,4096,source_jackknife,0.871249136951213,0.8598048231200035,0.883302950503174,0.1379473119369589,0.12412128584485402,0.15108204461184221,0
wikitext,fixed,5,2048,4096,bootstrap,0.6791763415974237,0.6719246906370558,0.687094366451139,0.3869474447423091,0.37538599642134557,0.39768980992348,0
wikitext,fixed,5,2048,4096,bootstrap_jackknife,0.872625990631879,0.8575248238074428,0.8883770502400535,0.13647535959814894,0.1185233220061374,0.1538031367505463,0
wikitext,fixed,5,4096,4096,multinomial,0.8658818001346569,0.8571262792426849,0.8741851458568998,0.14405547601758162,0.1344827132485198,0.15422731660816777,0
wikitext,fixed,5,4096,4096,source_same_lag,0.8215953626610029,0.8131957707901816,0.8295698218256063,0.19655905063639142,0.18688783450131694,0.20682640785139167,0
wikitext,fixed,5,4096,4096,source_full,0.8275940523037286,0.8191198361264066,0.83563122446905,0.18928483789957665,0.17957492005181477,0.1995921503108005,0
wikitext,fixed,5,4096,4096,multinomial_jackknife,0.9208803303585832,0.9104012473962574,0.9308062881537537,0.08249737130981243,0.07173170654107486,0.0939395897924575,0
wikitext,fixed,5,4096,4096,source_jackknife,0.9919908075938031,0.9792781186557826,1.004517899106983,0.01376405693883301,0.006826495825857313,0.022143686549416418,0
wikitext,fixed,5,4096,4096,bootstrap,0.8180887369201407,0.8073738289431627,0.8297101075067588,0.20090470239831112,0.1867506540520743,0.21406696378033757,0
wikitext,fixed,5,4096,4096,bootstrap_jackknife,0.952906311020325,0.9373744350048224,0.9713323837125517,0.04846415733399081,0.02937306188416211,0.06477670497847277,0
wikitext,fixed,5,8192,4096,multinomial,0.8978193938776974,0.8910624686438513,0.9045290180828538,0.10780322034309402,0.10036007013831784,0.1153535579250224,0
wikitext,fixed,5,8192,4096,source_same_lag,0.9372613191197433,0.9301324897414875,0.944244815715782,0.06480940396825559,0.05738543041485264,0.0724392493153829,0
wikitext,fixed,5,8192,4096,source_full,0.9446135869427332,0.9373065645950516,0.9517643443416177,0.05699661769909009,0.04945274026197167,0.06475185027981403,0
wikitext,fixed,5,8192,4096,multinomial_jackknife,0.9260929535074267,0.9193145413866888,0.9327379360535254,0.07679418793973836,0.06964284383621122,0.0841394654425832,0
wikitext,fixed,5,8192,4096,source_jackknife,1.0580734775169913,1.0492823485879479,1.0667424390699172,0.05642508552419142,0.04808791250892766,0.06460430194899959,0
wikitext,fixed,5,8192,4096,bootstrap,0.9034849850666237,0.8953007098778588,0.9115778976130876,0.10153259046740899,0.09260520156377679,0.11060722097240219,0
wikitext,fixed,5,8192,4096,bootstrap_jackknife,0.9886185103573982,0.9779760447927623,0.9993620618642844,0.012985780653784314,0.005766305862025389,0.02231502275319596,0
wikitext,fixed,10,1024,512,multinomial,0.8983242249609728,0.8889681879625441,0.9071427564052498,0.10726281120510227,0.09746225018449821,0.11772974677318385,0
wikitext,fixed,10,1024,512,source_same_lag,0.9567734497636916,0.9481323587224936,0.9651423097043952,0.04421381867834137,0.035492766086053736,0.053281167496927226,0
wikitext,fixed,10,1024,512,source_full,0.9708459883034155,0.9617844535703779,0.9796741559568461,0.02961697140887852,0.020552367926470555,0.03900268928948731,0
wikitext,fixed,10,1024,512,multinomial_jackknife,0.9251247407752472,0.9153895090828208,0.9348695419279965,0.07787171175682446,0.06738937396484802,0.08843583028426949,0
wikitext,fixed,10,1024,512,source_jackknife,1.0758870438182464,1.0633352055238716,1.088343905254379,0.0730759048193362,0.06133167584897653,0.0846045493710897,0
wikitext,fixed,10,2048,512,multinomial,0.9115676816639775,0.9046836173022726,0.9185846490992944,0.09259678389516397,0.08492865739711165,0.10017597816181148,0
wikitext,fixed,10,2048,512,source_same_lag,1.0222602008527537,1.0105750997905965,1.0323961029681366,0.021964308784167913,0.012833759434143362,0.03187965885185869,0
wikitext,fixed,10,2048,512,source_full,1.0373801729612464,1.025574087769885,1.047482035078922,0.03664758889672142,0.02517148660374058,0.04638694250938684,0
wikitext,fixed,10,2048,512,multinomial_jackknife,0.9236522800041244,0.916379161216832,0.9308598581518974,0.07942895370064028,0.07165439595969568,0.08733133204877594,0
wikitext,fixed,10,2048,512,source_jackknife,1.1021389071691496,1.0871480523813444,1.114487695591412,0.09716612723728263,0.08344530442585288,0.10838144720984047,0
wikitext,fixed,10,4096,512,multinomial,0.9163572473348884,0.9095398087417568,0.9231190608317159,0.08735297892647287,0.08000124072693239,0.09481769884195501,0
wikitext,fixed,10,4096,512,source_same_lag,1.0596009679666694,1.0499662828202594,1.068692737054177,0.0578665588520784,0.048710559007878615,0.06643194798490057,0
wikitext,fixed,10,4096,512,source_full,1.0751958487463555,1.065498461342231,1.084447236631525,0.07247692883191716,0.06340992594039921,0.08106251851609403,0
wikitext,fixed,10,4096,512,multinomial_jackknife,0.9212525122816622,0.9143981157424708,0.9281082510498546,0.08202498107951949,0.07461187664014662,0.0894910158357798,0
wikitext,fixed,10,4096,512,source_jackknife,1.112266733032228,1.1016790357621704,1.1222623119565462,0.1063675583058752,0.09679896422502415,0.11533161575303706,0
wikitext,fixed,10,8192,512,multinomial,0.9175071591980068,0.911028744251119,0.9240883820896744,0.08609737406626783,0.0789507123353098,0.09318281945731734,0
wikitext,fixed,10,8192,512,source_same_lag,1.0756446427067916,1.0654762896504382,1.0849406427881583,0.07289243596770616,0.06338904683164277,0.08149028388407416,0
wikitext,fixed,10,8192,512,source_full,1.0917056405381365,1.0813460965635988,1.101261307274982,0.08771204308797004,0.07817084909010465,0.09643767744211758,0
wikitext,fixed,10,8192,512,multinomial_jackknife,0.9189333531332526,0.9124054577727998,0.9255820873127641,0.0845444532082461,0.07733543681448388,0.09167321817751238,0
wikitext,fixed,10,8192,512,source_jackknife,1.1114145923538281,1.1006699292842756,1.1212428443455955,0.10560268264136868,0.09586339749612234,0.11443261037820868,0
wikitext,fixed,10,1024,1024,multinomial,0.8733810749986467,0.8637284684356695,0.8822382351641577,0.13544324216492473,0.12530507649670625,0.14658322274086724,0
wikitext,fixed,10,1024,1024,source_same_lag,0.8637369271872122,0.8563189159999793,0.8710205516428221,0.1465185440100178,0.1381045701788374,0.1551497422368455,0
wikitext,fixed,10,1024,1024,source_full,0.8734923795421887,0.8659285978909281,0.8810142318072889,0.13528899034145903,0.1266890854816432,0.14397746297659378,0
wikitext,fixed,10,1024,1024,multinomial_jackknife,0.9203339199243853,0.9091314649823522,0.9316551260163093,0.08310887491487458,0.07085766971730867,0.09533917146082733,0
wikitext,fixed,10,1024,1024,source_jackknife,1.019264558319795,1.0070033565630756,1.0308665022122205,0.020557141873991467,0.012216767760432378,0.030381825897878894,0
wikitext,fixed,10,2048,1024,multinomial,0.8980364227454195,0.8919189420728496,0.9041191236943177,0.10755355095182646,0.10079607570041511,0.11439483089141787,0
wikitext,fixed,10,2048,1024,source_same_lag,0.9621537600200113,0.9504014164240671,0.9720806484968334,0.038655623592821424,0.028328121721932678,0.05097632082663694,0
wikitext,fixed,10,2048,1024,source_full,0.97307135527257,0.9611661593019079,0.9830895408981227,0.02737316567446084,0.01705574448465609,0.03970821315890994,0
wikitext,fixed,10,2048,1024,multinomial_jackknife,0.9210808003601861,0.91406198144143,0.928017136309181,0.08222531935621478,0.07471467022140703,0.08987796493236609,0
wikitext,fixed,10,2048,1024,source_jackknife,1.0706270691698978,1.0537550030182408,1.0845762776079655,0.06810360154398541,0.052168951383825324,0.08116917092636079,0
wikitext,fixed,10,4096,1024,multinomial,0.9074802660820497,0.9015579491557358,0.9134890540830777,0.09709029053030716,0.09049069933579212,0.10363451425672916,0
wikitext,fixed,10,4096,1024,source_same_lag,1.0202991383842763,1.0098047710623146,1.0297944058042598,0.020046756902093343,0.010961618779259946,0.029349193547646132,0
wikitext,fixed,10,4096,1024,source_full,1.0318251170673212,1.0211232353358266,1.0416485064697907,0.031278417246118795,0.020841886901290414,0.04078762647780532,0
wikitext,fixed,10,4096,1024,multinomial_jackknife,0.9177936673345436,0.9117220176645442,0.9240852082032833,0.08579116417767392,0.07895909357837073,0.0924317921882193,0
wikitext,fixed,10,4096,1024,source_jackknife,1.0912029863690653,1.0782782547027954,1.1030321858643193,0.08720640563896337,0.0752983881281967,0.09803403597520476,0
wikitext,fixed,10,8192,1024,multinomial,0.9121178434564237,0.9062197108057831,0.9181886040872475,0.09199266004373845,0.08535745499694379,0.09847682744683192,0
wikitext,fixed,10,8192,1024,source_same_lag,1.0517115251006655,1.0415342549672248,1.0606411314657598,0.050379268433098486,0.040646985535071053,0.058841936909611356,0
wikitext,fixed,10,8192,1024,source_full,1.0639338278817845,1.0534732208376916,1.0730568189948193,0.06193240365751365,0.052028098271843626,0.07051039494469448,0
wikitext,fixed,10,8192,1024,multinomial_jackknife,0.9158378065587511,0.9097502504397496,0.9220955792669338,0.08792450577788642,0.08111524709782067,0.09459359866584016,0
wikitext,fixed,10,8192,1024,source_jackknife,1.0971591118698363,1.0856307368707114,1.1070057313756896,0.09267465744768903,0.08208667448713493,0.10164040474193171,0
wikitext,fixed,10,1024,2048,multinomial,0.8307049063549926,0.8209267335322803,0.840089056425687,0.18555393806896078,0.17427965834729975,0.19737361267872816,0
wikitext,fixed,10,1024,2048,source_same_lag,0.7375310280869002,0.7301921752339348,0.7447550726206948,0.3044909479386426,0.2947507177752086,0.31448018343481615,0
wikitext,fixed,10,1024,2048,source_full,0.7442459885010221,0.7367679517269912,0.7515502966190113,0.2954286889903461,0.28563827444100515,0.305505394484852,0
wikitext,fixed,10,1024,2048,multinomial_jackknife,0.905898709773889,0.8928047731611286,0.9191748656981225,0.09896350879095617,0.08436011727545745,0.11348667606678767,0
wikitext,fixed,10,1024,2048,source_jackknife,0.9258205339890443,0.9132794857934123,0.9373603412349324,0.07717661475306749,0.0647131640636969,0.0907667660793363,0
wikitext,fixed,10,2048,2048,multinomial,0.8726235875820222,0.8655550090396544,0.8792097339834382,0.13626731500109898,0.12873914437296105,0.14440577255496548,0
wikitext,fixed,10,2048,2048,source_same_lag,0.8729739489511158,0.8618829490667973,0.8824659516339867,0.13592846667880176,0.12504420369989921,0.14874168544336283,0
wikitext,fixed,10,2048,2048,source_full,0.8810425049598275,0.8695850364541637,0.8908653666811109,0.1267327315290946,0.11557365544799741,0.1398453853735221,0
wikitext,fixed,10,2048,2048,multinomial_jackknife,0.9127836371573789,0.904006079082889,0.9212922910907465,0.09129691584250747,0.08200116171662124,0.10094972379367931,0
wikitext,fixed,10,2048,2048,source_jackknife,1.01543555241362,0.998124320016329,1.0307203885679126,0.021423657391551134,0.012005514751526685,0.03073038051923999,0
wikitext,fixed,10,4096,2048,multinomial,0.8897281181833434,0.8825814447065415,0.8965871385300133,0.11685597299787087,0.10917104203601702,0.12492532529220221,0
wikitext,fixed,10,4096,2048,source_same_lag,0.9580513862742093,0.9467357558295845,0.9681538605914938,0.04291950280113849,0.032399861168028246,0.05481365323293817,0
wikitext,fixed,10,4096,2048,source_full,0.9669533901808407,0.9554183424566385,0.9774144446634117,0.033672880630868283,0.02285938399237588,0.045663615348331604,0
wikitext,fixed,10,4096,2048,multinomial_jackknife,0.9086375524763293,0.9007450644439926,0.9162296688136805,0.09583329330661126,0.08751784914679564,0.10454916247482116,0
wikitext,fixed,10,4096,2048,source_jackknife,1.0545482547992435,1.0395587079998458,1.0683844312778392,0.05299737389571923,0.03869990672677242,0.06608662458362297,0
wikitext,fixed,10,8192,2048,multinomial,0.8994509331193509,0.8926354556018864,0.9062229317232259,0.10598398452402179,0.09848443302354157,0.11358571126902582,0
wikitext,fixed,10,8192,2048,source_same_lag,1.0104083621939823,0.999787041118475,1.0194826661921343,0.013155995117311423,0.007661144025559925,0.019366865467174622,0
wikitext,fixed,10,8192,2048,source_full,1.020206102067129,1.0093844905756058,1.0293573841723147,0.019960594338624817,0.011533582017860068,0.02892339662632175,0
wikitext,fixed,10,8192,2048,multinomial_jackknife,0.9072141558562477,0.9000047373254388,0.9144423365265949,0.09739454566289453,0.08945485623695211,0.10536459124008712,0
wikitext,fixed,10,8192,2048,source_jackknife,1.0725734207756004,1.060093383173412,1.0832254874247773,0.07000012970920948,0.05825048832359896,0.07993186903213217,0
wikitext,fixed,10,1024,4096,multinomial,0.7736218142085834,0.7647435088061341,0.7827950821758088,0.2567536134564515,0.24490792986777643,0.2682552125996951,0
wikitext,fixed,10,1024,4096,source_same_lag,0.5893672830224748,0.58323529219335,0.5952973638494335,0.5287565604513177,0.5187256685459127,0.5392009210743522,0
wikitext,fixed,10,1024,4096,source_full,0.5938841489091262,0.5875936554019973,0.5998919717373511,0.5211251288350894,0.5110410765761519,0.5317643739738531,0
wikitext,fixed,10,1024,4096,multinomial_jackknife,0.8859356175850074,0.8719320539308822,0.900638405044286,0.12129148190534446,0.104794278854342,0.1371358930782818,0
wikitext,fixed,10,1024,4096,source_jackknife,0.7934283291030617,0.7830345336515354,0.8036922946530923,0.23149596889507884,0.21860321784677747,0.2446262051966288,0
wikitext,fixed,10,2048,4096,multinomial,0.8418382618731592,0.8347852004665005,0.8490446251113589,0.17219423665178968,0.16367815551534318,0.18058586864017007,0
wikitext,fixed,10,2048,4096,source_same_lag,0.7620635719090046,0.7535266728223615,0.7698632999464883,0.27178554789610326,0.2616067828125615,0.28302453010621575,0
wikitext,fixed,10,2048,4096,source_full,0.7680870484487621,0.7591973621795843,0.776482453984762,0.2639229122795162,0.2530040817020489,0.27555629811758636,0
wikitext,fixed,10,2048,4096,multinomial_jackknife,0.9081546218134211,0.8984422285865047,0.9185054563221084,0.09641108917336882,0.08506443928167609,0.10711217802282462,0
wikitext,fixed,10,2048,4096,source_jackknife,0.9394533206126914,0.9250284566997592,0.9533486324205628,0.062606903566875,0.04783868693722288,0.07804990084408574,0
wikitext,fixed,10,4096,4096,multinomial,0.8706951519313753,0.8628326809372661,0.8783877539542723,0.13849494495671635,0.12968080401449283,0.1475961068603383,0
wikitext,fixed,10,4096,4096,source_same_lag,0.8795883246022355,0.8697622541506292,0.8890357899543533,0.12836716001953688,0.11765408415721675,0.13960117172737094,0
wikitext,fixed,10,4096,4096,source_full,0.8867128333472503,0.876693206727532,0.8962870222491333,0.120301405811638,0.10950271703137195,0.1316600987212922,0
wikitext,fixed,10,4096,4096,multinomial_jackknife,0.9029348696213435,0.8939164712891013,0.9118569359959519,0.10215357029705878,0.09230497902661358,0.11219565885177674,0
wikitext,fixed,10,4096,4096,source_jackknife,1.0077011415073527,0.9932656810465487,1.0216208667456312,0.01600958294675762,0.009591461837248605,0.023534692689433166,0
wikitext,fixed,10,8192,4096,multinomial,0.8880118738069805,0.8811561567497246,0.8949611483331567,0.11878831110448416,0.110993962350367,0.12653121755662974,0
wikitext,fixed,10,8192,4096,source_same_lag,0.9585834333478485,0.9497584108004407,0.9668441392397467,0.04233281333317257,0.03372829830116193,0.05155604531234254,0
wikitext,fixed,10,8192,4096,source_full,0.9668009767844425,0.9578391656412044,0.9752455393327805,0.03379729786244912,0.02507497187219001,0.04310496549254031,0
wikitext,fixed,10,8192,4096,multinomial_jackknife,0.9024060757466805,0.8952949383310622,0.9097111708948217,0.1027120876811188,0.09464300679694794,0.11061790250251127,0
wikitext,fixed,10,8192,4096,source_jackknife,1.0444105368758934,1.0334325754939575,1.0545844165352103,0.04340158249851112,0.03282967798400059,0.05310652339234305,0
wikitext,fixed,20,1024,512,multinomial,0.8813173298250219,0.8735734267761256,0.8891341625150292,0.12635862699691117,0.11752996017906948,0.13517695136659374,0
wikitext,fixed,20,1024,512,source_same_lag,0.9694738521722934,0.9603156724520536,0.9786414778678515,0.031036259677904094,0.02161665612690594,0.040520798524529805,0
wikitext,fixed,20,1024,512,source_full,0.9889580225557086,0.9792165515949429,0.9986735926262995,0.01204182982090931,0.005310971839856059,0.02102448959240525,0
wikitext,fixed,20,1024,512,multinomial_jackknife,0.8931344186556615,0.8854005432060302,0.9011798400103314,0.11303957303003483,0.10405615256239047,0.1217445172352948,0
wikitext,fixed,20,1024,512,source_jackknife,1.052955117806967,1.0405969391035943,1.0654933600751424,0.05152520315686481,0.039749678501643286,0.0633636844855271,0
wikitext,fixed,20,1024,512,bootstrap,0.9511809566801745,0.9409150467724244,0.9611954429435342,0.05010222942933857,0.039591908535252185,0.06095170986733576,0
wikitext,fixed,20,1024,512,bootstrap_jackknife,1.009352549732605,0.9970881394302793,1.023316868166996,0.010129436727162251,0.001978561746868121,0.02310846439649554,0
wikitext,fixed,20,2048,512,multinomial,0.8843234431111019,0.8773263987512273,0.8914226369978349,0.12294155513400896,0.11494516546513918,0.13087811000876468,0
wikitext,fixed,20,2048,512,source_same_lag,1.0065467917788502,0.9969213174978404,1.0154276639920639,0.009403767036073686,0.004074976233059945,0.015428785745342958,0
wikitext,fixed,20,2048,512,source_full,1.0270221493571035,1.0173074266260362,1.0359231116549108,0.02663667690046345,0.017122778541556125,0.03528548995174887,0
wikitext,fixed,20,2048,512,multinomial_jackknife,0.8872191098488531,0.8802386626860581,0.8943315420001567,0.11967272800058258,0.11168769407965534,0.12756282465588026,0
wikitext,fixed,20,2048,512,source_jackknife,1.0637091791793547,1.0524993090065993,1.0735784345146528,0.06172162931783066,0.05112071681465052,0.07098131828455173,0
wikitext,fixed,20,2048,512,bootstrap,0.9803321482341362,0.9679612505004419,0.9914086265242067,0.01993868456769558,0.00877226078077104,0.03263401287784339,0
wikitext,fixed,20,2048,512,bootstrap_jackknife,1.0181778041793124,1.0016477556506491,1.0329656900881472,0.022788773221268255,0.014255831935779445,0.03314544286911949,0
wikitext,fixed,20,4096,512,multinomial,0.8839451920949147,0.8772865432823519,0.890643913653467,0.12336667587642287,0.1158179676409581,0.13092745547774157,0
wikitext,fixed,20,4096,512,source_same_lag,1.028665535364772,1.0206071158506151,1.0366404264861893,0.02825320393947635,0.020386362176443837,0.03598154063753653,0
wikitext,fixed,20,4096,512,source_full,1.049628171540115,1.0415598353054478,1.057778521136246,0.04842793910410509,0.040711185120115116,0.05616029075785737,0
wikitext,fixed,20,4096,512,multinomial_jackknife,0.8826733556073096,0.8760712446981871,0.8894001182574897,0.12480612040128884,0.11721235002757224,0.13231376749176818,0
wikitext,fixed,20,4096,512,source_jackknife,1.0697717223676833,1.061505603323214,1.0780795549453253,0.06743689649081502,0.05968183122279535,0.07517093977774696,0
wikitext,fixed,20,4096,512,bootstrap,0.9911549659980837,0.9832868711936839,0.9988945962808172,0.008892573345164429,0.0019518547707584493,0.0168613868818472,0
wikitext,fixed,20,4096,512,bootstrap_jackknife,1.0020630552343843,0.9916559273051083,1.0119485985210461,0.007873102556237526,0.003508472584248282,0.013340093451805384,0
wikitext,fixed,20,8192,512,multinomial,0.8802807700712945,0.8738539073923779,0.8865568677854986,0.12751598152149804,0.12041270318718256,0.13484284191314735,0
wikitext,fixed,20,8192,512,source_same_lag,1.0342815188907568,1.02568840393454,1.04270211843806,0.033690818960682815,0.02534394207758759,0.04181263600117678,0
wikitext,fixed,20,8192,512,source_full,1.0553920241466805,1.0465818262947615,1.0641423254784315,0.05389482659639625,0.04551858628487266,0.06215920821061609,0
wikitext,fixed,20,8192,512,multinomial_jackknife,0.877657342164354,0.8712416984501611,0.8839044296995388,0.13050045651106607,0.12340684776702626,0.1378364746523452,0
wikitext,fixed,20,8192,512,source_jackknife,1.0657377120790705,1.0568788247614747,1.0745513570635319,0.06365087016801461,0.05529393933050978,0.07189153708919464,0
wikitext,fixed,20,8192,512,bootstrap,0.9946335908440019,0.9859509188421126,1.0036542634133407,0.008024099246695822,0.004270763842445548,0.014206457576259506,0
wikitext,fixed,20,8192,512,bootstrap_jackknife,1.0011730137402715,0.9906819905076728,1.012014338990997,0.008925477208885256,0.0047074900561223905,0.014386244433333382,0
wikitext,fixed,20,1024,1024,multinomial,0.8719923328752673,0.8633666381643803,0.8799326545166731,0.13701320427211094,0.12792569524456632,0.14696434766591795,0
wikitext,fixed,20,1024,1024,source_same_lag,0.911471915796437,0.9040092851990018,0.91929838330883,0.0927196698276871,0.08415947010875469,0.10093075948254733,0
wikitext,fixed,20,1024,1024,source_full,0.9248781444768935,0.9169749235570831,0.9331763996615263,0.07812282255822424,0.06918092724097914,0.08670505375544968,0
wikitext,fixed,20,1024,1024,multinomial_jackknife,0.8982906965101992,0.889205139991699,0.9070987770205193,0.10730662066083745,0.097521237910579,0.11746537282735482,0
wikitext,fixed,20,1024,1024,source_jackknife,1.024945691429654,1.013677850144674,1.0366138676211143,0.024570053669990446,0.013682795902695659,0.0358852781900616,0
wikitext,fixed,20,1024,1024,bootstrap,0.8918427306689704,0.8857158580471219,0.898231014507824,0.11447240409810668,0.10733719600100566,0.12136405623066873,0
wikitext,fixed,20,1024,1024,bootstrap_jackknife,0.9766256575335808,0.966285481818266,0.9871643284615573,0.02371054242112267,0.012969209352098181,0.0343394381506999,0
wikitext,fixed,20,2048,1024,multinomial,0.8833060417327712,0.8771908515016595,0.8898050834917409,0.12409136615305745,0.11675618448221046,0.13103696491322206,0
wikitext,fixed,20,2048,1024,source_same_lag,0.9738579848174514,0.9633690636835905,0.9833641650394843,0.026541542365177796,0.016787101821773894,0.037388081936891054,0
wikitext,fixed,20,2048,1024,source_full,0.9882620529361064,0.9777571242990934,0.9978454126959361,0.011858262252624313,0.0033290216594453084,0.022567861612106277,0
wikitext,fixed,20,2048,1024,multinomial_jackknife,0.8936159468692277,0.8870807862239909,0.9003373278089011,0.11248942680938183,0.10500001052547099,0.11983080317197393,0
wikitext,fixed,20,2048,1024,source_jackknife,1.0499545753902026,1.0362373595386043,1.0616390843360324,0.04866027608793688,0.035504455662000216,0.05979704022615172,0
wikitext,fixed,20,2048,1024,bootstrap,0.9528200292096528,0.9426648191833381,0.9628468111518643,0.04838519340080907,0.037883071077841675,0.05909852517256453,0
wikitext,fixed,20,2048,1024,bootstrap_jackknife,1.0056362914454133,0.9922571581115036,1.0196972298264575,0.013621751395552916,0.006394478881528831,0.021528244175651735,0
wikitext,fixed,20,4096,1024,multinomial,0.8853160986405572,0.8793330425303754,0.891540941665758,0.1218149325143349,0.11480543050624277,0.1285970487767238,0
wikitext,fixed,20,4096,1024,source_same_lag,1.0094307325217649,1.0007799915427071,1.0178004888603556,0.01112426454296489,0.0061270015631737455,0.01761133004620704,0
wikitext,fixed,20,4096,1024,source_full,1.0242872232243323,1.0155975805177102,1.0328641938723695,0.023971077682571455,0.015443358387404758,0.03231681244359521,0
wikitext,fixed,20,4096,1024,multinomial_jackknife,0.887383742765544,0.8814090917176928,0.8934949862339857,0.11948203657592071,0.11261958728999102,0.1262353369269037,0
wikitext,fixed,20,4096,1024,source_jackknife,1.059602866576118,1.0501603494627008,1.0688490624159288,0.05786170715652949,0.048875087987221434,0.06655587205186728,0
wikitext,fixed,20,4096,1024,bootstrap,0.9775016600530276,0.969324569041494,0.9861873235923239,0.022781268689571293,0.013920490804584289,0.031166541361082926,0
wikitext,fixed,20,4096,1024,bootstrap_jackknife,1.0034688688615832,0.9935926191172165,1.0138595482627635,0.007662864851162759,0.0032228706675334435,0.01463341935802154,0
wikitext,fixed,20,8192,1024,multinomial,0.8833900664508146,0.8776665783184175,0.8893997994553379,0.12399101397149263,0.11720846273829691,0.13049180419737674,0
wikitext,fixed,20,8192,1024,source_same_lag,1.0247147675829444,1.0157928218089987,1.033401549123307,0.024386584818360504,0.015620219692677068,0.03282545522815488,0
wikitext,fixed,20,8192,1024,source_full,1.0400153055175558,1.030769165485646,1.048902215245502,0.039206191938624305,0.03026539080651163,0.0477283670445798,0
wikitext,fixed,20,8192,1024,multinomial_jackknife,0.8816818018210618,0.8759606117952187,0.8877441724331132,0.12592692598708138,0.11907355587486752,0.13243639420365752,0
wikitext,fixed,20,8192,1024,source_jackknife,1.058791073254657,1.0492421423508886,1.067904944296672,0.05709683149202299,0.048017047313332485,0.06569460924006189,0
wikitext,fixed,20,8192,1024,bootstrap,0.9864594191790363,0.9763225289991766,0.9962659889684173,0.013682806641980955,0.004803398206900923,0.024002593010422298,0
wikitext,fixed,20,8192,1024,bootstrap_jackknife,0.9992125420720028,0.9849603755705781,1.0136643437084556,0.0136835480702898,0.006788174145922764,0.02081577720936128,0
wikitext,fixed,20,1024,2048,multinomial,0.8491909983908075,0.8393795627447332,0.858215194171289,0.1635307131403763,0.15290928777761123,0.17514179178235773,0
wikitext,fixed,20,1024,2048,source_same_lag,0.8239571697475799,0.8160125176248939,0.831261273945771,0.19366823393081126,0.18481822286657248,0.20335809680472103,0
wikitext,fixed,20,1024,2048,source_full,0.8332633307544852,0.825184076625284,0.8408266007069111,0.1824386802622525,0.17338384081737063,0.19219054742378963,0
wikitext,fixed,20,1024,2048,multinomial_jackknife,0.8960370634817334,0.8845024671755896,0.9073262280347312,0.10986313437501649,0.09732117402101287,0.12276999239944494,0
wikitext,fixed,20,1024,2048,source_jackknife,0.9723219122194192,0.9597856791592996,0.9835673137687119,0.028149268658973062,0.016605668451928367,0.041135943982557474,0
wikitext,fixed,20,1024,2048,bootstrap,0.825190310509699,0.819089972144004,0.8311648353272508,0.19214696497830563,0.1849362947350162,0.1995665829288702,0
wikitext,fixed,20,1024,2048,bootstrap_jackknife,0.9608540828801682,0.9487912694071087,0.9724997278045205,0.040019055353555884,0.027974400297509642,0.05262280817524832,0
wikitext,fixed,20,2048,2048,multinomial,0.8727309305170917,0.8657683600589333,0.8791654350792291,0.136137595316094,0.12878925613776834,0.1441451713372037,0
wikitext,fixed,20,2048,2048,source_same_lag,0.9178413750929623,0.905728383153887,0.9277269506883367,0.08580531351361488,0.07502993196115806,0.09911382263158623,0
wikitext,fixed,20,2048,2048,source_full,0.9282561560309992,0.9160657780440681,0.9382381011196034,0.07452285559525429,0.06376176211460272,0.08777929442140302,0
wikitext,fixed,20,2048,2048,multinomial_jackknife,0.8948007792367749,0.8870032148457877,0.9020444265017923,0.11117341611934535,0.10310564055322671,0.11993159696594065,0
wikitext,fixed,20,2048,2048,source_jackknife,1.0213189016256705,1.0045966220484641,1.0351373195867528,0.02519429778392239,0.016949081384086455,0.03468682891337144,0
wikitext,fixed,20,2048,2048,bootstrap,0.9061552521985603,0.8972661272572227,0.9148162306710899,0.0985817732906491,0.08907358000584997,0.10842421403504965,0
wikitext,fixed,20,2048,2048,bootstrap_jackknife,0.989757944650418,0.9751433767213844,1.0049287118116828,0.01797161628717878,0.01136991683018539,0.026483304007029383,0
wikitext,fixed,20,4096,2048,multinomial,0.8800730496899828,0.8733509726190762,0.8864269845615007,0.12775783655792045,0.1205668480791995,0.13542129587305335,0
wikitext,fixed,20,4096,2048,source_same_lag,0.9733088442758999,0.962448948214021,0.9827403526867104,0.027102933018700065,0.017428921292398564,0.038332651271497285,0
wikitext,fixed,20,4096,2048,source_full,0.9843039892967104,0.9732608979141504,0.9940225893945932,0.015871272674674662,0.006438021065033437,0.027159303274707048,0
wikitext,fixed,20,4096,2048,multinomial_jackknife,0.888205005415285,0.8813458078948998,0.8946961985280881,0.11856181704707425,0.11128208998746844,0.12631160060093602,0
wikitext,fixed,20,4096,2048,source_jackknife,1.0409471865429276,1.028058486291053,1.052648956858004,0.0400567157181699,0.027634963387654077,0.05130016719851106,0
wikitext,fixed,20,4096,2048,bootstrap,0.9535798326235455,0.9436572522041338,0.9623852340796553,0.047569773107319614,0.038340645887366,0.05802601692913404,0
wikitext,fixed,20,4096,2048,bootstrap_jackknife,1.008109501895857,0.9966941337595258,1.019474980926254,0.010946317276895259,0.004905717019022629,0.01955670462197877,0
wikitext,fixed,20,8192,2048,multinomial,0.8817954286526011,0.8751170309681943,0.8880530776220017,0.1258018328107144,0.11872624010483457,0.13340184028817131,0
wikitext,fixed,20,8192,2048,source_same_lag,1.003274520674777,0.9925961722770442,1.0123124237013332,0.008431585597657656,0.0029331911718986207,0.013524239441047,0
wikitext,fixed,20,8192,2048,source_full,1.0149339203025367,1.0041340214317618,1.0240802327416338,0.01625954002789115,0.010304922160082941,0.023793906371865126,0
wikitext,fixed,20,8192,2048,multinomial_jackknife,0.882581095675957,0.875767623743357,0.888939376547167,0.12491315076473831,0.11773467027058845,0.132666729734261,0
wikitext,fixed,20,8192,2048,source_jackknife,1.0466290002477767,1.0347153000025773,1.056483172412816,0.04552496752689556,0.0340485395491259,0.054938516000017146,0
wikitext,fixed,20,8192,2048,bootstrap,0.9723764722935437,0.9617788917481053,0.9820647209055043,0.028061871635683123,0.018116516863685452,0.03902190658581304,0
wikitext,fixed,20,8192,2048,bootstrap_jackknife,0.9967384334460324,0.9825930438287088,1.0102290369823763,0.01258571661023819,0.004531730844304849,0.020548742530901068,0
wikitext,fixed,20,1024,4096,multinomial,0.8126052366270687,0.8031679983964662,0.8216107735284148,0.20758285850308242,0.19654982296384813,0.2192537318410428,0
wikitext,fixed,20,1024,4096,source_same_lag,0.7084631148057576,0.7014211829725375,0.7152665713980471,0.3447011104400999,0.3351138106791453,0.3546876299823427,0
wikitext,fixed,20,1024,4096,source_full,0.7149134221007961,0.7077155419499306,0.7218569821551233,0.33563885149180345,0.32594706493637216,0.3457416082768491,0
wikitext,fixed,20,1024,4096,multinomial_jackknife,0.8877760480614246,0.8751083384471571,0.9006146798227472,0.11917101446678184,0.10475804942529145,0.1335222305444953,0
wikitext,fixed,20,1024,4096,source_jackknife,0.8893316677976089,0.8775020844065882,0.9004410650907629,0.11738677725452488,0.10491043977897942,0.1308050906284173,0
wikitext,fixed,20,1024,4096,bootstrap,0.712140062040153,0.7055124158733299,0.7182403837192688,0.3395115635873203,0.33096138586517376,0.34887318926979843,0
wikitext,fixed,20,1024,4096,bootstrap_jackknife,0.8789164009579656,0.8613348974247385,0.8945028622726149,0.12931313276570802,0.11156090248107021,0.1494491806898811,0
wikitext,fixed,20,2048,4096,multinomial,0.8542583399663993,0.8472638861511048,0.8609326294259887,0.15753858528477807,0.14974712479619004,0.1657574675650716,0
wikitext,fixed,20,2048,4096,source_same_lag,0.8385678967601594,0.8278329808263238,0.8476906427859535,0.17613862918025913,0.1652738630077166,0.18906167051287381,0
wikitext,fixed,20,2048,4096,source_full,0.8463184511154713,0.8354065494986463,0.8557878244247757,0.16694289403055196,0.15575676882214612,0.1799006735929093,0
wikitext,fixed,20,2048,4096,multinomial_jackknife,0.8942621386869921,0.8855500041283288,0.9028109264172969,0.11179823576720115,0.10229643613159153,0.12156588462592609,0
wikitext,fixed,20,2048,4096,source_jackknife,0.9754147377548632,0.9590477731648843,0.9897932357366815,0.02506032021231583,0.010398524753917716,0.04201915099327071,0
wikitext,fixed,20,2048,4096,bootstrap,0.8316733251214272,0.8216437884626815,0.8408409705978,0.18438831036000425,0.1733591872659637,0.19651866971584936,0
wikitext,fixed,20,2048,4096,bootstrap_jackknife,0.9473084076845357,0.9278704370155918,0.9649734671294941,0.054401018536441116,0.03574666330932787,0.07511985868193426,0
wikitext,fixed,20,4096,4096,multinomial,0.8703296899798221,0.8632290014679556,0.8771165671803204,0.13890062002511577,0.13112529021225272,0.1470835291771609,0
wikitext,fixed,20,4096,4096,source_same_lag,0.9202922228565912,0.9097544302558923,0.9300350182600323,0.08312966530259581,0.07254019238419208,0.09463484777426498,0
wikitext,fixed,20,4096,4096,source_full,0.9288433768765981,0.9180523285444179,0.9388409431142026,0.07388304313232566,0.0631155501684264,0.08555577762070228,0
wikitext,fixed,20,4096,4096,multinomial_jackknife,0.8881093803736211,0.8803187590927017,0.8956519699490658,0.118685496565739,0.11021408837862154,0.12749093119156005,0
wikitext,fixed,20,4096,4096,source_jackknife,1.012985912261876,0.998726242982776,1.0262962674505602,0.017053185768071664,0.009722758293981969,0.026491910790032658,0
wikitext,fixed,20,4096,4096,bootstrap,0.909596807666357,0.8981450441063641,0.9216993685247036,0.0948522553003441,0.08164362375206231,0.10744693410326749,0
wikitext,fixed,20,4096,4096,bootstrap_jackknife,0.9801322537909762,0.9656836278448563,0.9975063967480509,0.0265517739832407,0.019018501091141202,0.03525531248863754,0
wikitext,fixed,20,8192,4096,multinomial,0.8778438118869908,0.8710082140930895,0.8844162109740891,0.13029969275856718,0.12284106163838292,0.13810686571164088,0
wikitext,fixed,20,8192,4096,source_same_lag,0.9705856814764257,0.960464617401357,0.9793720185205449,0.02989910820221885,0.0208549010688801,0.04038926616499655,0
wikitext,fixed,20,8192,4096,source_full,0.9799972683036149,0.9696497387053133,0.9888476746018324,0.0202495681628326,0.01122297397188103,0.03087125609846354,0
wikitext,fixed,20,8192,4096,multinomial_jackknife,0.8834010284516088,0.8762775733969231,0.890257234461066,0.12399361197394694,0.11626573705537613,0.13208271022459098,0
wikitext,fixed,20,8192,4096,source_jackknife,1.030300662077386,1.0182980176822412,1.0405116131575103,0.029789967207752125,0.018129359697931616,0.03970163181565944,0
wikitext,fixed,20,8192,4096,bootstrap,0.9502771355745517,0.9400583146392568,0.9589794053775702,0.05104725041715735,0.0418947607927868,0.06188560537013026,0
wikitext,fixed,20,8192,4096,bootstrap_jackknife,0.9945027896532938,0.9832871283997805,1.0045274894676575,0.008803853389802972,0.0035284230871705765,0.017416754022926063,0
wikitext,fixed,50,1024,512,multinomial,0.8595994527749382,0.8501080151726593,0.8684927138730756,0.15130047990899065,0.14099835903352653,0.16240281512936913,0
wikitext,fixed,50,1024,512,source_same_lag,0.9719752584828555,0.9600443260028778,0.983116781698995,0.028464571183097514,0.01705361138196954,0.04080577128843003,0
wikitext,fixed,50,1024,512,source_full,1.0021003383272218,0.9896417048974057,1.0137714649550895,0.008139864986848697,0.004261090243606538,0.01464730374875515,0
wikitext,fixed,50,1024,512,multinomial_jackknife,0.8593532852079603,0.8499307377343327,0.8682477317056813,0.15158681452307873,0.14128909659622307,0.16261140212389041,0
wikitext,fixed,50,1024,512,source_jackknife,1.0302305493742467,1.0168738767120666,1.0427598736716674,0.02973055767194767,0.01672146208194823,0.04182844066579432,0
wikitext,fixed,50,2048,512,multinomial,0.8546922924578321,0.8453275014326329,0.8635058038427615,0.15702313820130867,0.14676921114436278,0.1680364738886653,0
wikitext,fixed,50,2048,512,source_same_lag,0.9866872841322266,0.9758300273800686,0.9967507230610727,0.013415005392697832,0.004737405320212161,0.024483400857569122,0
wikitext,fixed,50,2048,512,source_full,1.0179031635929026,1.0066392144370606,1.0281502152069155,0.017732801519396952,0.006663462907346334,0.027750242744018487,0
wikitext,fixed,50,2048,512,multinomial_jackknife,0.8513662512857352,0.842146015594791,0.8600877821519944,0.16092264652264102,0.15073588814732,0.17182476079475045,0
wikitext,fixed,50,2048,512,source_jackknife,1.0328290535871274,1.0213413546064647,1.0432371313938889,0.0322882493047645,0.02111176600410524,0.04231814137852185,0
wikitext,fixed,50,4096,512,multinomial,0.8522338192595118,0.8432522462614412,0.8606716249997904,0.1599008502325737,0.1500492702847233,0.17049558749385715,0
wikitext,fixed,50,4096,512,source_same_lag,0.9991081176718795,0.9886508608611674,1.0089828470898756,0.0031764825814478126,0.0018568174160511067,0.01197311302627967,0
wikitext,fixed,50,4096,512,source_full,1.0311357501286311,1.020092690091023,1.0415758939928803,0.030654020544756782,0.019888167315074867,0.04073017956641494,0
wikitext,fixed,50,4096,512,multinomial_jackknife,0.8475812818067147,0.8386629689707895,0.855970625468301,0.16537481111227317,0.15552544794080286,0.17594915745591647,0
wikitext,fixed,50,4096,512,source_jackknife,1.039465744846234,1.0282178043006835,1.0501238468142378,0.038699079234406304,0.027825166312063526,0.048902830683917875,0
wikitext,fixed,50,8192,512,multinomial,0.8467417486542574,0.8380484434920286,0.854865601082515,0.1663620350361612,0.15681159784116486,0.17668029773244429,0
wikitext,fixed,50,8192,512,source_same_lag,0.9980491250291821,0.9874493719659877,1.0080332784078327,0.003621103408065258,0.001850917188588847,0.012681490524991538,0
wikitext,fixed,50,8192,512,source_full,1.0296768239547887,1.0185606545185004,1.0400145546378001,0.029235350846321465,0.018384845673048923,0.03923068092189837,0
wikitext,fixed,50,8192,512,multinomial_jackknife,0.8420975383082342,0.8334719499444937,0.8501570738569417,0.17186181850888352,0.16233503881918443,0.18215845458922103,0
wikitext,fixed,50,8192,512,source_jackknife,1.0337148732762176,1.022531501978382,1.0440867563149125,0.03314987531193023,0.02227684360231337,0.04313287948977159,0
wikitext,fixed,50,1024,1024,multinomial,0.8628234618615424,0.8538819135873684,0.8715934766570893,0.1475629156424654,0.1374555754335321,0.15798126359245487,0
wikitext,fixed,50,1024,1024,source_same_lag,0.9454465367759488,0.9349686479717761,0.9560344061302954,0.05613590756276431,0.045000318946135764,0.06726018404810599,0
wikitext,fixed,50,1024,1024,source_full,0.9665955216862473,0.955784768749717,0.977741127019226,0.034017495052036974,0.022524987172994233,0.045252713652866546,0
wikitext,fixed,50,1024,1024,multinomial_jackknife,0.8716064105710934,0.8626778649535309,0.8805310722842626,0.1374357293534522,0.12725095618850887,0.14772929910448565,0
wikitext,fixed,50,1024,1024,source_jackknife,1.0184444892055693,1.0056134138057633,1.0319522891750146,0.01820268069198442,0.007474789345217824,0.03138019122714483,0
wikitext,fixed,50,2048,1024,multinomial,0.8633822960808629,0.8548796370505507,0.8717521976229229,0.1469074728139344,0.13725655050092475,0.15680647738372896,0
wikitext,fixed,50,2048,1024,source_same_lag,0.974766697109252,0.9643741991972896,0.984842084137622,0.025579973722533057,0.015276544549184253,0.036303634171897026,0
wikitext,fixed,50,2048,1024,source_full,0.9968884518950832,0.9863713584298235,1.0070529231167817,0.004921276935405335,0.0018706452207014905,0.013766004066908769,0
wikitext,fixed,50,2048,1024,multinomial_jackknife,0.8643597433574547,0.855765565331858,0.8727860677087305,0.14577654648087593,0.1360720973743896,0.1557728225696074,0
wikitext,fixed,50,2048,1024,source_jackknife,1.0259860231780222,1.014726498034603,1.0368134011167494,0.025623789583358324,0.014681597262758342,0.03614150196666443,0
wikitext,fixed,50,4096,1024,multinomial,0.8613339816573132,0.8529562151619661,0.8694281009664117,0.14928033928584317,0.13992627686881623,0.15904998721684133,0
wikitext,fixed,50,4096,1024,source_same_lag,0.9931252040984533,0.9838112958363046,1.002507234335745,0.006905005786451486,0.002007305383199643,0.016324597350855216,0
wikitext,fixed,50,4096,1024,source_full,1.0157702586432014,1.0062898349870129,1.0252980158535983,0.01564182111920891,0.006267664768854009,0.024975434342311604,0
wikitext,fixed,50,4096,1024,multinomial_jackknife,0.8580184135138371,0.8497447994627336,0.8660517461181164,0.1531367280832496,0.1438184197499438,0.16282196739053828,0
wikitext,fixed,50,4096,1024,source_jackknife,1.031653666288177,1.0220495394348215,1.0413762397983195,0.0311576448313016,0.021807282470042835,0.040535614065573815,0
wikitext,fixed,50,8192,1024,multinomial,0.8552805596535886,0.8474460300292441,0.8630005772755333,0.1563276123215941,0.14734059693146448,0.1655289956466817,0
wikitext,fixed,50,8192,1024,source_same_lag,0.9964273982275134,0.9867264856043543,1.0063376609117793,0.004808365156996838,0.0022386144341673135,0.013373113164857169,0
wikitext,fixed,50,8192,1024,source_full,1.019099455056016,1.009204126265506,1.0293114627070221,0.018904680748233985,0.009148210367484349,0.028885245377781987,0
wikitext,fixed,50,8192,1024,multinomial_jackknife,0.850300577571924,0.842515471732825,0.8579460959850498,0.1621670591442451,0.1532154360531102,0.171364424030207,0
wikitext,fixed,50,8192,1024,source_jackknife,1.027174599774864,1.0173124999896108,1.0373947982103318,0.026798455647302,0.0171560471561256,0.03669989989236989,0
wikitext,fixed,50,1024,2048,multinomial,0.859645607553619,0.8507303260574899,0.868141709921935,0.1512675174905809,0.1414124251735318,0.16170239178236595,0
wikitext,fixed,50,1024,2048,source_same_lag,0.9007802723066972,0.891530313412377,0.9093294259705793,0.10452088811200516,0.09507657998234147,0.11483068793355687,0
wikitext,fixed,50,1024,2048,source_full,0.9153622618842483,0.9057423063044945,0.9244108949595087,0.08846734756449741,0.07864874094562918,0.09901492653597024,0
wikitext,fixed,50,1024,2048,multinomial_jackknife,0.8821212942132453,0.8728202284376921,0.8909360728214596,0.1254616995152936,0.11551038186106875,0.13606214107501874,0
wikitext,fixed,50,1024,2048,source_jackknife,1.0001826766397874,0.9876640312368047,1.0124008840157483,0.008817053847085785,0.003714698129976998,0.0165742886245872,0
wikitext,fixed,50,2048,2048,multinomial,0.8686251456008762,0.8608584699382522,0.8759575961824086,0.14085240424587253,0.1324428960957191,0.1498300249948796,0
wikitext,fixed,50,2048,2048,source_same_lag,0.9524146911290728,0.9411210780602958,0.9620970447504785,0.048798263994738904,0.038654971333546444,0.06074233395767921,0
wikitext,fixed,50,2048,2048,source_full,0.9679469103407852,0.9567349046222966,0.9776669609247922,0.03262041185357356,0.022598387594096048,0.04429496629772846,0
wikitext,fixed,50,2048,2048,multinomial_jackknife,0.8770065565163587,0.8691501835144156,0.8845192519402205,0.1312513964974062,0.12271781480156063,0.1402421112230764,0
wikitext,fixed,50,2048,2048,source_jackknife,1.0189789463872896,1.005402626457689,1.0305065174957333,0.020669856541244775,0.013041125597653474,0.03004428614543899,0
wikitext,fixed,50,4096,2048,multinomial,0.8690940610213894,0.8617347267624994,0.8760323773335533,0.14030919425039112,0.13235501185141782,0.14881426892103594,0
wikitext,fixed,50,4096,2048,source_same_lag,0.9819028644496809,0.97229132697529,0.9906426783754863,0.018282114620941092,0.009403457605562599,0.028132852577066558,0
wikitext,fixed,50,4096,2048,source_full,0.9978617527211728,0.9882364579404521,1.0067295208285667,0.004641730005723154,0.0021015178567382374,0.011869898839132814,0
wikitext,fixed,50,4096,2048,multinomial_jackknife,0.8692977222748638,0.8619341030798704,0.8761562905189547,0.14007467194014867,0.1322124972681067,0.1485811569142776,0
wikitext,fixed,50,4096,2048,source_jackknife,1.0265988173558516,1.0165114803125148,1.035920858030056,0.026228934630579643,0.016356294547525286,0.03527239790690977,0
wikitext,fixed,50,8192,2048,multinomial,0.8645666426062687,0.8573176912976416,0.8712498816441905,0.145529028672698,0.13782870590253282,0.15394882661878107,0
wikitext,fixed,50,8192,2048,source_same_lag,0.9931578254887966,0.9831511509442517,1.0021249381358204,0.006889296327928761,0.002219258677324669,0.01702624718580402,0
wikitext,fixed,50,8192,2048,source_full,1.0094639742814182,0.9991344188651885,1.018689136635221,0.010981324172402766,0.005038629984618439,0.018512225369815435,0
wikitext,fixed,50,8192,2048,multinomial_jackknife,0.8605391833706261,0.8533236839512808,0.8672160401185559,0.15019830145098476,0.1424697693739499,0.15861823121607704,0
wikitext,fixed,50,8192,2048,source_jackknife,1.0245525854612623,1.0140499028991887,1.033905189359538,0.024230596390876366,0.013919782055575676,0.033331490756409045,0
wikitext,fixed,50,1024,4096,multinomial,0.84183739754558,0.8322825376696282,0.8507427098699201,0.17222129083866033,0.1616615519343337,0.18364461032236823,0
wikitext,fixed,50,1024,4096,source_same_lag,0.8269252267882146,0.8187071420222675,0.8344219713018014,0.19006877102969996,0.18102555648612703,0.20006932604716052,0
wikitext,fixed,50,1024,4096,source_full,0.8370369891171242,0.8286352314419402,0.8447529999664087,0.17791721194515286,0.16873501180640368,0.18800242228629918,0
wikitext,fixed,50,1024,4096,multinomial_jackknife,0.8829010624153865,0.8720695299005344,0.8934614712366091,0.1246156442829247,0.11268964835176357,0.1369578645501463,0
wikitext,fixed,50,1024,4096,source_jackknife,0.9593517556451314,0.9472859200428321,0.970492731400949,0.04157172063829872,0.02998890887046889,0.054249959736821465,0
wikitext,fixed,50,2048,4096,multinomial,0.862381616455336,0.8552259545635584,0.8691425466622106,0.1480664223602669,0.14025145049834042,0.1564055022425828,0
wikitext,fixed,50,2048,4096,source_same_lag,0.9073089561249789,0.8957453538461204,0.9172033278025369,0.0973406723434437,0.0864543525293691,0.11019844638118134,0
wikitext,fixed,50,2048,4096,source_full,0.9184470237016368,0.9068190391392539,0.9284451597353306,0.08513949094320428,0.07425154124837886,0.09789504427198557,0
wikitext,fixed,50,2048,4096,multinomial_jackknife,0.8817102677579477,0.8737169049310445,0.8889995146531453,0.12590763753380793,0.11766191018523998,0.13500363435876686,0
wikitext,fixed,50,2048,4096,source_jackknife,0.9980720670193468,0.9822288195412346,1.0111969214524381,0.012128178995874261,0.0052996042098404405,0.02204115661651974,0
wikitext,fixed,50,4096,4096,multinomial,0.8682268290330577,0.8611239441106691,0.8749422753575348,0.14130848540535054,0.13360490500445069,0.14952575464114543,0
wikitext,fixed,50,4096,4096,source_same_lag,0.9540546374529404,0.9436532620921485,0.9632164861137726,0.04707601017481137,0.03750358138152565,0.0580448158704747,0
wikitext,fixed,50,4096,4096,source_full,0.9657015167378731,0.9550849350984717,0.975102565372269,0.03494337282874046,0.02523958418540955,0.04598209752458428,0
wikitext,fixed,50,4096,4096,multinomial_jackknife,0.8745676004537724,0.8673304559932905,0.8813164323635577,0.13403270048575316,0.1263421932848278,0.14234594880926424,0
wikitext,fixed,50,4096,4096,source_jackknife,1.0131627235377043,1.0010909233232532,1.0240016109925083,0.015303522864508657,0.008180701811506678,0.023702600805315326,0
wikitext,fixed,50,8192,4096,multinomial,0.8676047369842455,0.8604839194309941,0.8740718756596855,0.14202415501120375,0.1345953123366891,0.150264518763263,0
wikitext,fixed,50,8192,4096,source_same_lag,0.9778840543911713,0.9673047190706775,0.9868454159429707,0.022400406015915943,0.013256172257013003,0.03327964742839478,0
wikitext,fixed,50,8192,4096,source_full,0.9901091421631272,0.9793964849161235,0.9992386158812078,0.009977709233087455,0.0023335667718694794,0.020886257228672933,0
wikitext,fixed,50,8192,4096,multinomial_jackknife,0.8663841983604654,0.8592660520271829,0.8729250687501794,0.14343312884348733,0.13590952599678477,0.15168562256609194,0
wikitext,fixed,50,8192,4096,source_jackknife,1.0161793312589846,1.0046889423785281,1.0258399284600672,0.0173357227071658,0.010934489571578023,0.02550650629574225,0
wikitext,refit,0.5,1024,512,multinomial,0.9018974965531454,0.8896021205141116,0.9147693608258631,0.10336005864639775,0.08912381982993016,0.11708348637658192,0
wikitext,refit,0.5,1024,512,source_same_lag,0.7268297479433848,0.7176708143147195,0.735545694417131,0.3191307069013282,0.3071658611511739,0.33176517907116526,0
wikitext,refit,0.5,1024,512,source_full,0.7314139100195525,0.7220774958785275,0.7401602588300065,0.31284609550840364,0.30090559008600853,0.32570211621717926,0
wikitext,refit,0.5,1024,512,multinomial_jackknife,1.1556538957886382,1.13566102828755,1.1772770461584514,0.14445141493790262,0.12709502293926808,0.16300076456221732,0
wikitext,refit,0.5,1024,512,source_jackknife,1.05363728531901,1.0383183002174923,1.0681156292060552,0.05214218861425884,0.03747628253324664,0.06586247300605669,0
wikitext,refit,0.5,2048,512,multinomial,1.133397600628819,1.12011429742625,1.1466350740246705,0.12516144658648234,0.11339372716932276,0.13678154056010183,0
wikitext,refit,0.5,2048,512,source_same_lag,1.1026826078677456,1.0905096769197304,1.1143740579031036,0.09770061191891348,0.08661739891218259,0.1082554816441314,0
wikitext,refit,0.5,2048,512,source_full,1.1097621753359244,1.0966272693040309,1.1227970529561957,0.10408387835451192,0.09219350704485464,0.11573037957311536,0
wikitext,refit,0.5,2048,512,multinomial_jackknife,1.362807934122992,1.3424790635962698,1.3823683179005233,0.3094231335063932,0.29446514334375906,0.32373424857288696,0
wikitext,refit,0.5,2048,512,source_jackknife,1.4833946202536064,1.4620956056066916,1.505173524231488,0.394214146433636,0.37980244209333064,0.4088326246266388,0
wikitext,refit,0.5,4096,512,multinomial,1.3054847709988628,1.2905130257552866,1.3184464659409827,0.2665312538225891,0.2549929249986147,0.27644731241125664,0
wikitext,refit,0.5,4096,512,source_same_lag,1.412866038644425,1.396300563100829,1.4277843529086585,0.3455687142140286,0.33378735714700375,0.35609828086548595,0
wikitext,refit,0.5,4096,512,source_full,1.422444728096441,1.4060024283070431,1.4376970397900872,0.3523260366785206,0.34071433621613234,0.36301342530748404,0
wikitext,refit,0.5,4096,512,multinomial_jackknife,1.4828861006855212,1.4646835892821564,1.4993620668189283,0.39392940786375813,0.3815643861365435,0.4050200975670573,0
wikitext,refit,0.5,4096,512,source_jackknife,1.7390536703515018,1.7150349587407843,1.7616652435846418,0.5532445389193276,0.5393472967678112,0.5662194470773318,0
wikitext,refit,0.5,8192,512,multinomial,1.4429205503182476,1.4284472429167419,1.4559484761213881,0.3666444276916283,0.3565745130266769,0.375639314450906,0
wikitext,refit,0.5,8192,512,source_same_lag,1.6422818131030799,1.6269586884098606,1.6560378893083945,0.4960721187074297,0.48669345812734227,0.5044219974365178,0
wikitext,refit,0.5,8192,512,source_full,1.6543411205757643,1.638793618241316,1.6682828205837237,0.5033873228070926,0.4939552985997397,0.5117759310111719,0
wikitext,refit,0.5,8192,512,multinomial_jackknife,1.5744748192326523,1.5581320852849208,1.5892902654251435,0.45389346839592865,0.4434771518029951,0.46326618367879385,0
wikitext,refit,0.5,8192,512,source_jackknife,1.8796056206222487,1.860928495040349,1.8967955768586469,0.6310391320241235,0.6210618454423439,0.6401412624053522,0
wikitext,refit,0.5,1024,1024,multinomial,0.662315452404812,0.65217968318453,0.6735148996171809,0.4121769076851732,0.39545073610712866,0.4275325464548421,0
wikitext,refit,0.5,1024,1024,source_same_lag,0.4392062990374076,0.4333118469565626,0.4447702955179498,0.8228725360866059,0.810238241041785,0.8363789917795331,0
wikitext,refit,0.5,1024,1024,source_full,0.4417810641339793,0.4359620034419718,0.44725021318108454,0.8170256908267528,0.8046548553285441,0.8303140824712159,0
wikitext,refit,0.5,1024,1024,multinomial_jackknife,0.8878874880339709,0.869822746584745,0.9083739444633706,0.11924670865879998,0.09645344186164019,0.13958783426249072,0
wikitext,refit,0.5,1024,1024,source_jackknife,0.6526843560789125,0.643106905519806,0.6614490456006755,0.42677297390595537,0.4133930273061084,0.441552927502307,0
wikitext,refit,0.5,2048,1024,multinomial,0.8973582625198153,0.8862817379376904,0.9087749771569944,0.10838079094442027,0.0957237521262321,0.12077674032044604,0
wikitext,refit,0.5,2048,1024,source_same_lag,0.7475648954593347,0.7394147719605711,0.7557583241472478,0.2909820596535454,0.2800561706143401,0.3019315034278294,0
wikitext,refit,0.5,2048,1024,source_full,0.7519527398840881,0.7430633415288114,0.7610291952414452,0.2851493069747706,0.27315422026195424,0.2970372106208438,0
wikitext,refit,0.5,2048,1024,multinomial_jackknife,1.130587722149227,1.1122555796396447,1.1482817159912742,0.12257897191485956,0.10627339817523668,0.13816503031049723,0
wikitext,refit,0.5,2048,1024,source_jackknife,1.0586194683286239,1.0436155804850078,1.0736992677757529,0.05684700982811449,0.0426314813378886,0.07101320361542739,0
wikitext,refit,0.5,4096,1024,multinomial,1.080577541203161,1.0672297463990477,1.0927072905128814,0.07743247198085208,0.06497620571277118,0.08860326301172992,0
wikitext,refit,0.5,4096,1024,source_same_lag,1.0680960099795074,1.0567664181894785,1.0788115107629122,0.06584125448044133,0.05517113064605835,0.0758534673776319,0
wikitext,refit,0.5,4096,1024,source_full,1.074728759770972,1.0633335895511744,1.0853758236463584,0.07203192564224413,0.06135706545164491,0.08192461687268628,0
wikitext,refit,0.5,4096,1024,multinomial_jackknife,1.2709231040978353,1.2538860863844998,1.285662881645732,0.2396617151455437,0.2261543928373913,0.2512414269652735,0
wikitext,refit,0.5,4096,1024,source_jackknife,1.39869974866921,1.3821952698107802,1.4142105546268129,0.3354876527231527,0.3236056884282546,0.3465463179367481,0
wikitext,refit,0.5,8192,1024,multinomial,1.2298244088790928,1.2174135910664947,1.2417751044013368,0.20684263389152277,0.19669091137657846,0.2165406697824567,0
wikitext,refit,0.5,8192,1024,source_same_lag,1.3323771179805113,1.3203588680032288,1.344334756124541,0.2869493290732172,0.2778966367168437,0.29589403217975,0
wikitext,refit,0.5,8192,1024,source_full,1.3414826915180682,1.329404610023353,1.353720885708937,0.2937591612585537,0.2847178409285069,0.3028408450097095,0
wikitext,refit,0.5,8192,1024,multinomial_jackknife,1.3742178825642564,1.3592524273836548,1.3891252124316553,0.317840108955655,0.30691605044840237,0.3286471129525204,0
wikitext,refit,0.5,8192,1024,source_jackknife,1.6027065818975716,1.5864810562744216,1.6193074477658067,0.47165890976120156,0.4614949661258779,0.4819610414185646,0
wikitext,refit,0.5,1024,2048,multinomial,0.46830036804441105,0.4596916400591611,0.47786976935195724,0.7588781197688946,0.7387041980908611,0.7773139349974364,0
wikitext,refit,0.5,1024,2048,source_same_lag,0.2645410529285971,0.260422612940071,0.26872657923625937,1.3298782316394615,1.3141407046975413,1.3454755079517662,0
wikitext,refit,0.5,1024,2048,source_full,0.26600780898232,0.261895293215304,0.2701410149764266,1.3243431072985214,1.308881241070908,1.3398981003152102,0
wikitext,refit,0.5,1024,2048,multinomial_jackknife,0.6491646752968573,0.6334875149493298,0.667168839089857,0.43252945757415334,0.4051802849300467,0.45666716681260433,0
wikitext,refit,0.5,1024,2048,source_jackknife,0.3957002722333717,0.38904945070786523,0.40229839064237677,0.9272452773958685,0.9105870628624444,0.9441663612219855,0
wikitext,refit,0.5,2048,2048,multinomial,0.6876147007291583,0.6774305450727617,0.6982250567090397,0.37463594259803124,0.3592767994515388,0.38951396951768247,0
wikitext,refit,0.5,2048,2048,source_same_lag,0.4795856411366161,0.4734238953539283,0.4857854616188107,0.7348965818943989,0.7219959488645251,0.747798785411652,0
wikitext,refit,0.5,2048,2048,source_full,0.4822233084893607,0.4755390025092992,0.48889472637030823,0.7294325001062809,0.7156485042005752,0.7433871418373368,0
wikitext,refit,0.5,2048,2048,multinomial_jackknife,0.9054774061148295,0.8889012425330078,0.9221679934374887,0.0994872775892804,0.08119308297751818,0.11786797460766509,0
wikitext,refit,0.5,2048,2048,source_jackknife,0.6960637880704268,0.6846207299441524,0.7073175789914304,0.36245328358668427,0.3463603802971105,0.37904829033280946,0
wikitext,refit,0.5,4096,2048,multinomial,0.8778765767021516,0.864568915318211,0.8900833774042922,0.1303426636669962,0.1164516367917742,0.14566545008546183,0
wikitext,refit,0.5,4096,2048,source_same_lag,0.760653035041377,0.7515570502849012,0.7696439432551588,0.2736100528495455,0.26183675342530693,0.28563932727270086,0
wikitext,refit,0.5,4096,2048,source_full,0.7650234067474783,0.7559370235693911,0.7739512789785199,0.267880179575803,0.2562785484824341,0.2798275835841705,0
wikitext,refit,0.5,4096,2048,multinomial_jackknife,1.076075940208505,1.057824889101728,1.0925233542387713,0.07318681582652127,0.056009879629266346,0.08845592774040177,0
wikitext,refit,0.5,4096,2048,source_jackknife,1.0466276054121177,1.0333990206723316,1.0597738369014356,0.045530033388859796,0.03281488463854924,0.058035079886569974,0
wikitext,refit,0.5,8192,2048,multinomial,1.035424564888964,1.021533233785456,1.050034126943352,0.034736906379213485,0.02122545921820368,0.048768622256902955,0
wikitext,refit,0.5,8192,2048,source_same_lag,1.0399691459119118,1.0270315446853735,1.0539150524979912,0.03913722373440195,0.026636524724544388,0.05245838606236966,0
wikitext,refit,0.5,8192,2048,source_full,1.0465853813046238,1.033552025804934,1.0606173316477192,0.045478051127115005,0.03297649788975103,0.05881449690445486,0
wikitext,refit,0.5,8192,2048,multinomial_jackknife,1.1903948005049505,1.1708774682917509,1.2125063091879789,0.17411773705058878,0.1577413892213197,0.1925200922268051,0
wikitext,refit,0.5,8192,2048,source_jackknife,1.3237007502313634,1.3034540419262883,1.345241896687293,0.28031066672425387,0.26497034762546523,0.29644655490986005,0
wikitext,refit,0.5,1024,4096,multinomial,0.3241393174522786,0.317950057292951,0.3312512225757745,1.126869203001455,1.1051957496322213,1.1459611791772075,0
wikitext,refit,0.5,1024,4096,source_same_lag,0.1659069293143015,0.16329775117223524,0.16857307901168625,1.7964777789019697,1.7804891335271493,1.8122577430470432,0
wikitext,refit,0.5,1024,4096,source_full,0.1667834063898062,0.1642024921716298,0.16939509587966237,1.791200800197944,1.7755702479990074,1.8067203541060262,0
wikitext,refit,0.5,1024,4096,multinomial_jackknife,0.4588135910669541,0.4471908679073954,0.4725266744149972,0.7796613848948097,0.7503038793871406,0.8049562640620118,0
wikitext,refit,0.5,1024,4096,source_jackknife,0.24856077675160784,0.2442169353317866,0.2529316717943382,1.3922559728897654,1.3748142421920992,1.40980281412896,0
wikitext,refit,0.5,2048,4096,multinomial,0.50927486072724,0.5018281789273814,0.5171221067977259,0.6749057904378722,0.6596195523266809,0.6895608456531059,0
wikitext,refit,0.5,2048,4096,source_same_lag,0.3066489574086268,0.3025964647242815,0.31051824470727357,1.182137795604473,1.1695388853679012,1.1954476341963576,0
wikitext,refit,0.5,2048,4096,source_full,0.308242316123281,0.3039266525634195,0.31246514487382543,1.1769751866884954,1.1632782422817582,1.191104418906433,0
wikitext,refit,0.5,2048,4096,multinomial_jackknife,0.6933269489775367,0.6808188389151919,0.7063971738620827,0.3664822607490505,0.3477658521336193,0.38455780179813853,0
wikitext,refit,0.5,2048,4096,source_jackknife,0.4481187598056728,0.44053924994469273,0.45529121648459736,0.8028669437574112,0.7869124968112355,0.8199101661425288,0
wikitext,refit,0.5,4096,4096,multinomial,0.6939962561416864,0.6827336832303497,0.7043664627985039,0.3654317144989297,0.350500219958177,0.3818125755828218,0
wikitext,refit,0.5,4096,4096,source_same_lag,0.5170958306892028,0.5114756472369526,0.5228001813140918,0.6595688671532833,0.6485632370358323,0.6704978806124313,0
wikitext,refit,0.5,4096,4096,source_full,0.5198764999826394,0.5142981893600697,0.525493087342613,0.6542011871534897,0.6434259441039852,0.664980147648008,0
wikitext,refit,0.5,4096,4096,multinomial_jackknife,0.8861227846320195,0.8688138471424167,0.9024342826074271,0.12113932338317497,0.10280616651468383,0.1409269997395716,0
wikitext,refit,0.5,4096,4096,source_jackknife,0.7294458236010374,0.7205255834776325,0.7388414832555594,0.31554091101085396,0.3027127791317957,0.3278272168733865,0
wikitext,refit,0.5,8192,4096,multinomial,0.8575652986652726,0.844148896869813,0.8722379456962651,0.15381880814054608,0.13681366814988966,0.16944584629324907,0
wikitext,refit,0.5,8192,4096,source_same_lag,0.7727700021756377,0.7613982698801385,0.7849891081937111,0.2579014669780278,0.24217855701203558,0.27267636052707467,0
wikitext,refit,0.5,8192,4096,source_full,0.777319461783647,0.7658591793139313,0.7895763114788542,0.2520315628863186,0.2363166432057174,0.2668079396288295,0
wikitext,refit,0.5,8192,4096,multinomial_jackknife,1.020762765310979,0.9995872943125802,1.0463681972985168,0.021368630033964286,0.004487543655567313,0.04522394667684096,0
wikitext,refit,0.5,8192,4096,source_jackknife,1.0308521266270645,1.010791265592448,1.0525704893204566,0.030117657510343735,0.012950334291678868,0.05109758524621586,0
wikitext,refit,1,1024,512,multinomial,0.9342665191072927,0.9224569993860329,0.9466594455042161,0.06807847502117448,0.05487842726250669,0.08079016110394051,0
wikitext,refit,1,1024,512,source_same_lag,0.8097869154890801,0.8003444485059357,0.8190613193753304,0.21104079266427836,0.1996146241834248,0.22276664253736914,0
wikitext,refit,1,1024,512,source_full,0.8155650954849359,0.8059330937753878,0.8250393070264004,0.20393440169379903,0.19233052613813728,0.21580202530129286,0
wikitext,refit,1,1024,512,multinomial_jackknife,1.111668604965027,1.0935825084851676,1.1309398910540798,0.10568509620017474,0.08936357533529615,0.12290829937904278,0
wikitext,refit,1,1024,512,source_jackknife,1.1138292885510763,1.0978661982982532,1.129357263947091,0.10769299156156904,0.09325258252043277,0.12158237688350045,0
wikitext,refit,1,1024,512,bootstrap,0.7757823670035083,0.7662280312878027,0.7857171213576611,0.253959489862349,0.24122226374566572,0.26633252688284714,0
wikitext,refit,1,1024,512,bootstrap_jackknife,0.9518030644489756,0.9391869604356925,0.9649789020839639,0.049494344767715935,0.0357516833249621,0.06278833293029434,0
wikitext,refit,1,2048,512,multinomial,1.0693904356201267,1.0586829825517348,1.0801313419593161,0.06705425580724328,0.05701766648975949,0.07704021394735559,0
wikitext,refit,1,2048,512,source_same_lag,1.084520075749086,1.0715117081917824,1.096460069487881,0.08107568521588178,0.06899936646668987,0.0920556694481552,0
wikitext,refit,1,2048,512,source_full,1.092460580620576,1.078902993085565,1.1051708577130595,0.0883590373231436,0.07589184461933034,0.09994883875307155,0
wikitext,refit,1,2048,512,multinomial_jackknife,1.2023800963335447,1.1879137655577774,1.217522515498067,0.18422499567656556,0.1721794170150747,0.1967550005947207,0
wikitext,refit,1,2048,512,source_jackknife,1.3654452982664929,1.343806561755368,1.3864439527905004,0.31133152078252213,0.2954036054788325,0.3266834209446331,0
wikitext,refit,1,2048,512,bootstrap,0.8869873673226921,0.8761116285868196,0.8962058101722549,0.11998660066005394,0.10958974437267668,0.1323556845769839,0
wikitext,refit,1,2048,512,bootstrap_jackknife,0.9981241633622919,0.9842071172227489,1.0095995515197052,0.009607932066144591,0.002793426711596611,0.01890718298747995,0
wikitext,refit,1,4096,512,multinomial,1.1578259318132307,1.1461270455355075,1.1683397262940176,0.14651501181643692,0.13635812747112877,0.15557898790658675,0
wikitext,refit,1,4096,512,source_same_lag,1.278636813105737,1.2631547523369497,1.293157061703469,0.24572537220526725,0.2335527027626292,0.2570500217717824,0
wikitext,refit,1,4096,512,source_full,1.2883178158451802,1.2727367576265134,1.3030627563837285,0.2532679353439337,0.24111295960616738,0.26469795912593325,0
wikitext,refit,1,4096,512,multinomial_jackknife,1.2502131264591014,1.2366666108298061,1.263639149216869,0.2232666979383107,0.2123982845886613,0.23395506710896755,0
wikitext,refit,1,4096,512,source_jackknife,1.4879215479334469,1.4655369662796491,1.5095121969767467,0.3972459451594543,0.38211291360618704,0.41166326251759666,0
wikitext,refit,1,4096,512,bootstrap,0.9392234401634951,0.9309640564440547,0.9469869931617081,0.06271461895349054,0.054492097401660944,0.07154490238384054,0
wikitext,refit,1,4096,512,bootstrap_jackknife,0.9979090852199585,0.9883770007758204,1.007784010457011,0.007360609426896048,0.003092690342266866,0.01252042922202494,0
wikitext,refit,1,8192,512,multinomial,1.2262695527031915,1.2146859125133573,1.2372338862865573,0.2039519493682669,0.19446169692747078,0.21285179162531795,0
wikitext,refit,1,8192,512,source_same_lag,1.412605679063018,1.3982044965780545,1.4257359771616034,0.34540386637688353,0.3351609099672175,0.3546565188707999,0
wikitext,refit,1,8192,512,source_full,1.4240049693024859,1.4095135781724488,1.4372352642427297,0.3534406223793575,0.34322432364626904,0.3626870202486197,0
wikitext,refit,1,8192,512,multinomial_jackknife,1.290831692805338,1.278062021256143,1.3034860735042335,0.25525281403537275,0.2453277628950505,0.26501701583100723,0
wikitext,refit,1,8192,512,source_jackknife,1.5553166150917326,1.5380322577321308,1.5709695451424288,0.4416314647368404,0.43044753047506384,0.45166466010600603,0
wikitext,refit,1,8192,512,bootstrap,0.9672741302116258,0.9586869571135923,0.9751546460116451,0.03328466013093926,0.025163460049079045,0.04219606503609479,0
wikitext,refit,1,8192,512,bootstrap_jackknife,0.9959526730158537,0.9857057290239665,1.0060575623055403,0.008139393508563656,0.004238520097080425,0.014669430738776369,0
wikitext,refit,1,1024,1024,multinomial,0.7657908724004334,0.7551706517198051,0.7774480508683655,0.2669757950681955,0.2519259175918435,0.2808511739496026,0
wikitext,refit,1,1024,1024,source_same_lag,0.5441544484411174,0.5375814540730806,0.5502553728754978,0.6085891189266541,0.5974107008221312,0.6207374204689409,0
wikitext,refit,1,1024,1024,source_full,0.5476261549405934,0.5408565034963505,0.5538404696543043,0.6022320842968003,0.5908937440886116,0.6146862224327356,0
wikitext,refit,1,1024,1024,multinomial_jackknife,0.962552170910526,0.9441487289169586,0.9836565187431381,0.040927021924685884,0.025250809184957874,0.057725344942799864,0
wikitext,refit,1,1024,1024,source_jackknife,0.7888994996009615,0.7776406514203847,0.7991915759889366,0.2372208121867635,0.22416210091991537,0.2515825717622932,0
wikitext,refit,1,1024,1024,bootstrap,0.6280765716052225,0.619595639076337,0.6361307388041871,0.4651925325623833,0.45236570517000685,0.47876151029281244,0
wikitext,refit,1,1024,1024,bootstrap_jackknife,0.8580041016276663,0.8426132940269802,0.8730304387048171,0.15335631894884252,0.135828727775141,0.17142662501618672,0
wikitext,refit,1,2048,1024,multinomial,0.9285329351842361,0.919008770452962,0.9386541015924216,0.07420163342602472,0.0633611538744128,0.08447024896988195,0
wikitext,refit,1,2048,1024,source_same_lag,0.8257160396864648,0.8173516891420461,0.8342072660608576,0.19154846683729296,0.18130223602529602,0.2017124770588804,0
wikitext,refit,1,2048,1024,source_full,0.8310927818854689,0.8220614250228345,0.8405825500016335,0.1850749129640211,0.1737109155154442,0.19595215196291424,0
wikitext,refit,1,2048,1024,multinomial_jackknife,1.0891778622192891,1.0743959010510618,1.1039274520070064,0.08530938494733359,0.07168540628450454,0.09876114469818768,0
wikitext,refit,1,2048,1024,source_jackknife,1.110952126587552,1.0959007913921766,1.1266460264618994,0.10509907821666703,0.09150696241356925,0.1191857338138392,0
wikitext,refit,1,2048,1024,bootstrap,0.8032224086644808,0.7938188596913599,0.8124327794561992,0.21919116969719918,0.2077575764806357,0.2309565427271443,0
wikitext,refit,1,2048,1024,bootstrap_jackknife,0.9718392595406671,0.9583684124905297,0.9855565698501386,0.02867995206474176,0.014691012030985311,0.04263136646767397,0
wikitext,refit,1,4096,1024,multinomial,1.0321042762631658,1.020977044582001,1.0419727156275362,0.0315545188821783,0.020700923275401583,0.041106792329848284,0
wikitext,refit,1,4096,1024,source_same_lag,1.0579633324010387,1.0463713696963526,1.0689200254462625,0.05629523818616176,0.04529848873936143,0.06662963837617596,0
wikitext,refit,1,4096,1024,source_full,1.0652328783630685,1.0534524711809197,1.0762395052078209,0.06314336453753752,0.0520216294002843,0.07345753037901896,0
wikitext,refit,1,4096,1024,multinomial_jackknife,1.1418651971840157,1.1281230356848961,1.1542791243596224,0.13259502480306953,0.12049066258142649,0.14345021809226954,0
wikitext,refit,1,4096,1024,source_jackknife,1.3022870244768132,1.2850935626114544,1.3190974288273627,0.2640272215238839,0.25074951517904176,0.2769262882430274,0
wikitext,refit,1,4096,1024,bootstrap,0.8967863314909013,0.8885436027977196,0.9047912363836307,0.10896319777904862,0.10007257394753996,0.11819323989635633,0
wikitext,refit,1,4096,1024,bootstrap_jackknife,0.9946260201248768,0.9845404598050479,1.0047174116196194,0.009339532360408196,0.005141803928386102,0.015820425932004296,0
wikitext,refit,1,8192,1024,multinomial,1.1129109703693119,1.103077095931587,1.1223064779805063,0.10695758726687961,0.0980881735639065,0.1153660949654329,0
wikitext,refit,1,8192,1024,source_same_lag,1.2296381054336605,1.2194407826640015,1.239758075110916,0.20670601635904576,0.19838214264410245,0.21490066174578568,0
wikitext,refit,1,8192,1024,source_full,1.238784875289402,1.2283342493544889,1.2490332991651356,0.21411605854919968,0.2056453908519466,0.2223574419150879,0
wikitext,refit,1,8192,1024,multinomial_jackknife,1.1893857225536584,1.178868380601268,1.199675631654579,0.17341578493565799,0.16453498232242,0.18202585242182726,0
wikitext,refit,1,8192,1024,source_jackknife,1.4073786291774142,1.3948989356833947,1.4198327615726947,0.34170694332218526,0.3328086381920231,0.3505275467490057,0
wikitext,refit,1,8192,1024,bootstrap,0.9483154519416017,0.9399917547418981,0.9563495509866337,0.05308799446587103,0.04464677575253508,0.061908577083658524,0
wikitext,refit,1,8192,1024,bootstrap_jackknife,0.9979835786948917,0.9872340064944202,1.0083147291152583,0.008443008187104424,0.003987990080952029,0.014403642233869187,0
wikitext,refit,1,1024,2048,multinomial,0.5964383448452432,0.586267219920629,0.6079129613783261,0.5169959800165955,0.4979812909888713,0.5340759093003241,0
wikitext,refit,1,1024,2048,source_same_lag,0.34103775546828036,0.3364338648193999,0.3455656183088083,1.075847654368374,1.062641665999294,1.0894586221609586,0
wikitext,refit,1,1024,2048,source_full,0.34306066489863307,0.3384026597070502,0.3475123338743629,1.0699319218263577,1.056992935900566,1.0835935993562706,0
wikitext,refit,1,1024,2048,multinomial_jackknife,0.7892357597695223,0.7705540412188218,0.8109519788746714,0.23715891925648203,0.21002463522728165,0.260795730146678,0
wikitext,refit,1,1024,2048,source_jackknife,0.5068578356974069,0.4993192299411332,0.5139343289261511,0.679634214472458,0.6657307330987337,0.6946071308098096,0
wikitext,refit,1,1024,2048,bootstrap,0.43972287506907376,0.43309920159743365,0.4456359681646285,0.8217192198280604,0.8082735008217246,0.8369326712241749,0
wikitext,refit,1,1024,2048,bootstrap_jackknife,0.6632321228610895,0.6510891167430904,0.6746824922452942,0.4108344135544897,0.3936952060247384,0.4293887743543303,0
wikitext,refit,1,2048,2048,multinomial,0.7832451249969372,0.7736652039844482,0.7934880320919999,0.24438801967405713,0.23139940518377375,0.25665300238349315,0
wikitext,refit,1,2048,2048,source_same_lag,0.5806578121378275,0.5743733884684031,0.58718939353396,0.5436413039830301,0.5324464509977005,0.5544947749975743,0
wikitext,refit,1,2048,2048,source_full,0.5841147822800137,0.5771708897530684,0.5913279970993943,0.5377255477259218,0.5254845658344509,0.549646099638908,0
wikitext,refit,1,2048,2048,multinomial_jackknife,0.9681019253034789,0.9530055137407408,0.9832979171365439,0.03256892913530094,0.01692976645386509,0.04822852691911735,0
wikitext,refit,1,2048,2048,source_jackknife,0.8224051657083141,0.8107648199885027,0.83455357022067,0.19564135811522163,0.18093601769526543,0.2098611154551846,0
wikitext,refit,1,2048,2048,bootstrap,0.6699715998716739,0.6613295399810768,0.679265396560055,0.40061311538805144,0.3868378685573689,0.41355661727695175,0
wikitext,refit,1,2048,2048,bootstrap_jackknife,0.9005143039991318,0.8848847586565859,0.9170694089259396,0.10499333022001829,0.08676425456879994,0.12239151060762597,0
wikitext,refit,1,4096,2048,multinomial,0.9070285799381228,0.8953644105224596,0.9175556191210624,0.09764976797150614,0.08606111180879972,0.11064419926216873,0
wikitext,refit,1,4096,2048,source_same_lag,0.82968304702735,0.8206827266930917,0.8384196339075178,0.1867472367897203,0.1762418792547065,0.19767281801209424,0
wikitext,refit,1,4096,2048,source_full,0.834902550359133,0.825822619410132,0.8436178980917912,0.18047624217873448,0.17006838323210366,0.19143798236317153,0
wikitext,refit,1,4096,2048,multinomial_jackknife,1.0391810683888674,1.0236246785702465,1.0525716247514354,0.03833042454119419,0.023307066974935522,0.05120792447828493,0
wikitext,refit,1,4096,2048,source_jackknife,1.0865898290156941,1.0734855501770606,1.099319583956912,0.0829895729196236,0.07085575668327529,0.09466703265494977,0
wikitext,refit,1,4096,2048,bootstrap,0.8200549216096477,0.8109375444172933,0.8293599853234237,0.19842959250975814,0.18715992416226654,0.2096273664018392,0
wikitext,refit,1,4096,2048,bootstrap_jackknife,0.97783654941114,0.9662279516260837,0.9901638630550972,0.022478118685953424,0.010462006987941282,0.034371942920382634,0
wikitext,refit,1,8192,2048,multinomial,0.9992584631453811,0.9891083067260902,1.0096635262583393,0.007023301339313237,0.00254093956317822,0.01227045426057362,0
wikitext,refit,1,8192,2048,source_same_lag,1.0349544899267669,1.025647320604922,1.044930917099961,0.03434236864943503,0.025298603330100526,0.04394631709659674,0
wikitext,refit,1,8192,2048,source_full,1.0421191270462657,1.0326760598728029,1.0521603069515917,0.041240144396692484,0.03214260762988667,0.05083144274067874,0
wikitext,refit,1,8192,2048,multinomial_jackknife,1.0881139370736246,1.0760134471024716,1.1011698844569866,0.08439251194071941,0.07323686971314536,0.09631807525610547,0
wikitext,refit,1,8192,2048,source_jackknife,1.245028330167532,1.232087881717844,1.2586877515923167,0.21912387241093312,0.20869241489752494,0.23004798393471557,0
wikitext,refit,1,8192,2048,bootstrap,0.911466558432201,0.9039486180470723,0.9194714146768608,0.09270727626403362,0.08396367839766988,0.10098318173200758,0
wikitext,refit,1,8192,2048,bootstrap_jackknife,1.0023078307585362,0.9940125844427788,1.0111204142364882,0.0032604103937454248,0.001660205832030051,0.011108349682644745,0
wikitext,refit,1,1024,4096,multinomial,0.44288021168305725,0.4344108547179157,0.4527450101226359,0.8147642640158788,0.7928844085005002,0.8338719980948026,0
wikitext,refit,1,1024,4096,source_same_lag,0.21245302631150478,0.20949443252119915,0.21540943187042663,1.5491523461838455,1.5353531991913294,1.5630735131278457,0
wikitext,refit,1,1024,4096,source_full,0.21364538688939622,0.2106994171543028,0.21652511213799985,1.5435497535654872,1.5301472738195598,1.5573980919835482,0
wikitext,refit,1,1024,4096,multinomial_jackknife,0.6085875303361589,0.5925675700160551,0.6278028624498434,0.4972409072177452,0.4663429042640416,0.5235691787108153,0
wikitext,refit,1,1024,4096,source_jackknife,0.3178273681103056,0.3130163162207476,0.3226468633372582,1.1463912104690352,1.1313564855654819,1.1616091972637352,0
wikitext,refit,1,1024,4096,bootstrap,0.25355689550314026,0.24912232454333472,0.25734771791370054,1.3723468198656208,1.3573623025016597,1.3900691491211394,0
wikitext,refit,1,1024,4096,bootstrap_jackknife,0.3901208088197523,0.3808404293427145,0.39769572996344416,0.9416544385839359,0.9220767495464564,0.9657528138486415,0
wikitext,refit,1,2048,4096,multinomial,0.6349158145683577,0.6265781632379528,0.6436140354117365,0.45437873439430226,0.4407293373215845,0.4675288235805832,0
wikitext,refit,1,2048,4096,source_same_lag,0.3852982374788223,0.38093452275067896,0.3894775190517996,0.9538018337377144,0.9429833352378124,0.9651796886835791,0
wikitext,refit,1,2048,4096,source_full,0.3874477833550906,0.38268918209619435,0.3921331507584398,0.9482597666980669,0.9361718705307377,0.9606063910345506,0
wikitext,refit,1,2048,4096,multinomial_jackknife,0.8253151324576512,0.8116608521451908,0.8393276353965905,0.1921875389554292,0.1752910834921058,0.20882095523693298,0
wikitext,refit,1,2048,4096,source_jackknife,0.5593213635552001,0.5510208414971396,0.5674223102396099,0.5811716893203802,0.5666959838497257,0.5960468356867916,0
wikitext,refit,1,2048,4096,bootstrap,0.48159287994909955,0.47647444771501946,0.48697803402464923,0.7307140984214762,0.7196183349887258,0.7413680352064694,0
wikitext,refit,1,2048,4096,bootstrap_jackknife,0.7074961689709752,0.6978486575970257,0.717555945825486,0.3461416549120581,0.33200462914453616,0.35984526451650456,0
wikitext,refit,1,4096,4096,multinomial,0.7814563404487542,0.7700098297216159,0.7913933794713867,0.24670620056723383,0.23398539910526825,0.2615260397836246,0
wikitext,refit,1,4096,4096,source_same_lag,0.6112157519488178,0.6053489405542829,0.616771090459155,0.49233666661849346,0.48326221329587377,0.5019878564678371,0
wikitext,refit,1,4096,4096,source_full,0.6147718027165978,0.6088444789865556,0.6203523644345104,0.48653499246590043,0.4774996888431959,0.496239193955966,0
wikitext,refit,1,4096,4096,multinomial_jackknife,0.9374395399127161,0.9205539001713726,0.9522891660795748,0.06479841716175198,0.04894678975001383,0.08301828293835978,0
wikitext,refit,1,4096,4096,source_jackknife,0.841106141797965,0.8324488376385156,0.8495760377935682,0.17307996750861288,0.16303953974329152,0.18341306042870015,0
wikitext,refit,1,4096,4096,bootstrap,0.6934447038509205,0.6832407757499128,0.7031279949555809,0.36620773545819163,0.3522675203502874,0.3810394394765199,0
wikitext,refit,1,4096,4096,bootstrap_jackknife,0.9037631220035801,0.8878470276813275,0.9192339096286756,0.10138937403733526,0.0842661022770525,0.11909946302493452,0
wikitext,refit,1,8192,4096,multinomial,0.8880284367042836,0.8770356193807509,0.8997619932906763,0.11884290523983075,0.10567489101849276,0.13121641697996247,0
wikitext,refit,1,8192,4096,source_same_lag,0.8357230706502045,0.8267955081741079,0.8450866066377984,0.1795120333685539,0.1683610868469246,0.19021629032067394,0
wikitext,refit,1,8192,4096,source_full,0.8411088917724,0.8320605210317785,0.8504847994392427,0.17308926845582437,0.16198456574803446,0.18387054294816205,0
wikitext,refit,1,8192,4096,multinomial_jackknife,0.9933554686975805,0.9773263009929964,1.0127200999160166,0.019796448422862267,0.01198307063277816,0.027358347607955514,0
wikitext,refit,1,8192,4096,source_jackknife,1.063853088074076,1.049289351575999,1.0795928961011256,0.06177639794191592,0.04806454023178361,0.07650917800472709,0
wikitext,refit,1,8192,4096,bootstrap,0.8379513714359651,0.829716224324519,0.8463265671325828,0.17683619178734925,0.1668803111705749,0.1867108342119084,0
wikitext,refit,1,8192,4096,bootstrap_jackknife,0.9804409732519453,0.9683439707321686,0.9923795642057589,0.019834444536348094,0.008106797877905936,0.03225944709089743,0
wikitext,refit,2,1024,512,multinomial,0.9345606479592107,0.9228983976596571,0.9459833405693148,0.06775341821504506,0.05556435785129132,0.08026843215334735,0
wikitext,refit,2,1024,512,source_same_lag,0.8751382420617696,0.8656000699735457,0.8845941061099413,0.1334219026340365,0.12268245284648321,0.14436496440472243,0
wikitext,refit,2,1024,512,source_full,0.8825458627342405,0.8728873784047558,0.8921357520223036,0.12499483885930607,0.11418314178844512,0.135975110812829,0
wikitext,refit,2,1024,512,multinomial_jackknife,1.04279531395195,1.0270446200979824,1.0588180461578958,0.0417653417867968,0.0266390599644,0.057115221601827054,0
wikitext,refit,2,1024,512,source_jackknife,1.123411169349827,1.1071805398737131,1.1386890603919209,0.11625969547357669,0.10172206122731983,0.1298157493472169,0
wikitext,refit,2,2048,512,multinomial,1.0076922514848639,0.9989709572088062,1.0163496877791554,0.008254612589713967,0.0031914859023922885,0.016199700076700123,0
wikitext,refit,2,2048,512,source_same_lag,1.062235584332522,1.0483998991481085,1.0745231080749997,0.06029340081325854,0.047167685386954525,0.07186276113779946,0
wikitext,refit,2,2048,512,source_full,1.071375288862824,1.0571492926154427,1.084098140626147,0.06885497303060127,0.05548523054665986,0.0807473089177063,0
wikitext,refit,2,2048,512,multinomial_jackknife,1.0787911503226146,1.0678523086830602,1.0900473472076615,0.07579871114705926,0.06561344682800062,0.08617766458696843,0
wikitext,refit,2,2048,512,source_jackknife,1.2572553767424643,1.235322235253942,1.2770472552578078,0.22875471894595636,0.21119219186279628,0.2444954909459265,0
wikitext,refit,2,4096,512,multinomial,1.051356873329519,1.0423063834301372,1.0601640148332925,0.05006386537705069,0.04142226792320114,0.058405957425597926,0
wikitext,refit,2,4096,512,source_same_lag,1.1827312830107952,1.1684887072644177,1.1962014543060977,0.167754336630781,0.15566731154166635,0.179135996720675,0
wikitext,refit,2,4096,512,source_full,1.193022796290254,1.1785338410819592,1.206760585505211,0.17641647663302992,0.16420707928705033,0.18790341496824048,0
wikitext,refit,2,4096,512,multinomial_jackknife,1.0974103751165978,1.0872603712306774,1.1077023893122995,0.09292484773324734,0.08362989536931292,0.10225394227444404,0
wikitext,refit,2,4096,512,source_jackknife,1.3171953325647452,1.297634672964209,1.3357388389168212,0.2753750786076698,0.26044350986931025,0.2894545157581755,0
wikitext,refit,2,8192,512,multinomial,1.0840293245125951,1.0747943140649308,1.0932292453445278,0.08066787253713617,0.0721272675940629,0.08912414747189815,0
wikitext,refit,2,8192,512,source_same_lag,1.2594403092688136,1.2458792634635025,1.2717035297944699,0.23062282642127926,0.21977264415859027,0.24034581839789962,0
wikitext,refit,2,8192,512,source_full,1.2709438258999435,1.2571728101957498,1.2832955544698277,0.2397148167439228,0.22881327087255585,0.2494129883137732,0
wikitext,refit,2,8192,512,multinomial_jackknife,1.1142765906119576,1.1041892398000908,1.1244046027373793,0.10818054123379824,0.09908626641466585,0.11722710063616426,0
wikitext,refit,2,8192,512,source_jackknife,1.3470044055011274,1.3310281246807374,1.3612700585089257,0.2978198162918831,0.28588717615176495,0.30839157975668136,0
wikitext,refit,2,1024,1024,multinomial,0.8315065395442183,0.8215299965206959,0.8419968441822177,0.18460407529678538,0.17203662176002676,0.1966275783532025,0
wikitext,refit,2,1024,1024,source_same_lag,0.6622247068195826,0.6549677937235266,0.6692135464978237,0.41220579907505345,0.40167657608361246,0.4232097579051886,0
wikitext,refit,2,1024,1024,source_full,0.6670119451088005,0.6595402721956114,0.6741893832376586,0.4050065285486018,0.3942659866932423,0.4162581231391946,0
wikitext,refit,2,1024,1024,multinomial_jackknife,0.974759657543633,0.958586755482118,0.9920308237308437,0.028294518426581133,0.01534312096797438,0.04248544765034364,0
wikitext,refit,2,1024,1024,source_jackknife,0.9109199659964882,0.8986668056665434,0.9230762209690021,0.09340816962886304,0.08011475976596473,0.10694030860751634,0
wikitext,refit,2,2048,1024,multinomial,0.9301829301598329,0.9222909786253674,0.9386581212674563,0.07240551923508147,0.0633413679250531,0.08090618862212996,0
wikitext,refit,2,2048,1024,source_same_lag,0.8869796004137618,0.8769476733334813,0.8962284583637425,0.11999168606127923,0.10958138984619321,0.13136957556320877,0
wikitext,refit,2,2048,1024,source_full,0.893580195710116,0.8829324607929089,0.9035960143050152,0.11258962838916349,0.10142847358605082,0.1245716322130138,0
wikitext,refit,2,2048,1024,multinomial_jackknife,1.0267892401995053,1.015489935132022,1.0386757811309433,0.026361445923728535,0.01536151523993452,0.03786006908724142,0
wikitext,refit,2,2048,1024,source_jackknife,1.1168132637386872,1.0996167414836282,1.1332936726352825,0.11033407666283984,0.09490608609335405,0.1250302667705609,0
wikitext,refit,2,4096,1024,multinomial,0.9851503756021392,0.9759394479862912,0.9938192465869085,0.014992140050417479,0.006274098626086754,0.024388334923865853,0
wikitext,refit,2,4096,1024,source_same_lag,1.0456095751396084,1.0337327629959312,1.0571817103871937,0.044533425072706405,0.03311107411848091,0.055588331797308016,0
wikitext,refit,2,4096,1024,source_full,1.0536515048866988,1.041569025907635,1.0652798449423333,0.05219458867656499,0.04064863034161319,0.0632209773487268,0
wikitext,refit,2,4096,1024,multinomial_jackknife,1.0442891587594185,1.0335603452030724,1.0549121971069222,0.043285999212893465,0.03297248117681144,0.053432228548211017,0
wikitext,refit,2,4096,1024,source_jackknife,1.2167561768312738,1.1988479060867963,1.2342090699003123,0.19605815782972047,0.18129299295454182,0.21039072696630604,0
wikitext,refit,2,8192,1024,multinomial,1.0270446544819498,1.0186974611361055,1.0356421106584603,0.026663471406607034,0.01852155117108392,0.035002627312982856,0
wikitext,refit,2,8192,1024,source_same_lag,1.1549561208500512,1.144184642151675,1.1650760387941559,0.14403152427563778,0.13466065517806103,0.15277835295300335,0
wikitext,refit,2,8192,1024,source_full,1.1644149745143721,1.1535038259101558,1.174663402523478,0.15218736370119246,0.14277880601597345,0.16097345346264985,0
wikitext,refit,2,8192,1024,multinomial_jackknife,1.0655441477876433,1.056553002624682,1.0749562002138742,0.06345790900406366,0.055000194194983996,0.07225726469469035,0
wikitext,refit,2,8192,1024,source_jackknife,1.2716221508351775,1.258402032791822,1.2838556230924612,0.24024735830945995,0.2297851683677415,0.24982375164141063,0
wikitext,refit,2,1024,2048,multinomial,0.7076233939464899,0.6976498603224655,0.7186608545031351,0.34598643879370217,0.3305064275320482,0.3601496460291232,0
wikitext,refit,2,1024,2048,source_same_lag,0.45504126676078127,0.4497026473777384,0.46015784319949565,0.7874331353097256,0.7762070626318791,0.7992532941123761,0
wikitext,refit,2,1024,2048,source_full,0.457982485184351,0.4524873586265615,0.4631190078057266,0.7809930702105042,0.7698017598735174,0.7930539222195997,0
wikitext,refit,2,1024,2048,multinomial_jackknife,0.8804470773006585,0.862790295317026,0.9006720096727925,0.12766373349495788,0.1049504032297145,0.14771131819946354,0
wikitext,refit,2,1024,2048,source_jackknife,0.6597778934367603,0.6507330246863836,0.6682949020611757,0.41595425053859053,0.40306517901113487,0.4297640217108165,0
wikitext,refit,2,2048,2048,multinomial,0.8403989774612768,0.8322925562381648,0.8493765500094472,0.17392557175313117,0.16330055336029428,0.18361937828789981,0
wikitext,refit,2,2048,2048,source_same_lag,0.6907037813883935,0.6839638705917351,0.6977441027926801,0.37008666585893985,0.35994084187274855,0.37987054808159004,0
wikitext,refit,2,2048,2048,source_full,0.6952758497194487,0.6878059772705895,0.7031204399330623,0.3635065240825564,0.35226609668244346,0.3742626270542632,0
wikitext,refit,2,2048,2048,multinomial_jackknife,0.9710039359099082,0.958377584192025,0.9837839689381357,0.02952922413838448,0.016450321129444605,0.04258529916764879,0
wikitext,refit,2,2048,2048,source_jackknife,0.9294571192419826,0.9168234545879169,0.9424307526105801,0.07327195745464223,0.05935927493890125,0.08690005440797177,0
wikitext,refit,2,4096,2048,multinomial,0.9115614804105093,0.9016457099432003,0.9206547053045439,0.0926453574331318,0.08267689568953145,0.1035875006025132,0
wikitext,refit,2,4096,2048,source_same_lag,0.8849377439456397,0.8755553240137746,0.8940859714422283,0.12228680921671846,0.11198018292499226,0.13295168193385196,0
wikitext,refit,2,4096,2048,source_full,0.8911121108358282,0.8816220669746434,0.9002825215197217,0.11533383252507978,0.10509797995021855,0.1260540197754557,0
wikitext,refit,2,4096,2048,multinomial_jackknife,0.9892916146611617,0.9772232535205029,1.0004819401924867,0.011798201356573924,0.004348360738733068,0.02320105336189978,0
wikitext,refit,2,4096,2048,source_jackknife,1.0893556656915007,1.0751787135892055,1.103454096326965,0.08549419932500614,0.07237756139218292,0.0983931029919241,0
wikitext,refit,2,8192,2048,multinomial,0.963242321727136,0.9552925400300678,0.9716726274288371,0.03746937121906602,0.028749461915574537,0.045756570837331235,0
wikitext,refit,2,8192,2048,source_same_lag,1.028385671629214,1.020306770205679,1.0369446427266382,0.027977246491235435,0.020087508376430155,0.0362603964303996,0
wikitext,refit,2,8192,2048,source_full,1.0361475669041262,1.027917740008731,1.0449651256736583,0.03549550229422488,0.02752636303077643,0.04396690895672534,0
wikitext,refit,2,8192,2048,multinomial_jackknife,1.0111107359460736,1.0028128910408398,1.019842333848423,0.011032259809918114,0.004412139066558355,0.019625364770196423,0
wikitext,refit,2,8192,2048,source_jackknife,1.177045004677621,1.1669991185592485,1.1877194022588768,0.16298650856251942,0.1544254942260872,0.17202113643399244,0
wikitext,refit,2,1024,4096,multinomial,0.5719679162643142,0.5622522412583193,0.5832068718233172,0.5589134297228222,0.5394800504842511,0.5759157052706052,0
wikitext,refit,2,1024,4096,source_same_lag,0.2926497510606536,0.2890583667289406,0.2960657912091871,1.2288631620938124,1.2172058487802546,1.241216585656432,0
wikitext,refit,2,1024,4096,source_full,0.294408953188512,0.29077999873823257,0.2977611247984214,1.222868270234636,1.2114897244509553,1.235295893275582,0
wikitext,refit,2,1024,4096,multinomial_jackknife,0.752048245746718,0.733910755024012,0.7735384329270302,0.28548518790241034,0.25738594459856157,0.30954977124780064,0
wikitext,refit,2,1024,4096,source_jackknife,0.4350028522628105,0.4290755121470116,0.4404197270516291,0.8325097675149769,0.820069984140025,0.8462478430627994,0
wikitext,refit,2,2048,4096,multinomial,0.7390298715626983,0.7310310330844326,0.7474284756379378,0.30249017639006626,0.29118436372694684,0.3133229325651828,0
wikitext,refit,2,2048,4096,source_same_lag,0.49850472205762475,0.4936890740410773,0.503366731199589,0.6961895442782874,0.6864637114028905,0.7058671665702979,0
wikitext,refit,2,2048,4096,source_full,0.5015218390195864,0.4961170043580711,0.5070369841044848,0.6901762432786948,0.6792193587775202,0.7009926407133509,0
wikitext,refit,2,2048,4096,multinomial_jackknife,0.9039789750918387,0.8910080812966119,0.9167282611307167,0.10108769097309084,0.08700103512723975,0.11550006796566167,0
wikitext,refit,2,2048,4096,source_jackknife,0.7062089671831581,0.6967166850457612,0.7158405407522903,0.3479640976884539,0.33438484147139136,0.3614326641810727,0
wikitext,refit,2,4096,4096,multinomial,0.8357309678347895,0.825325080709505,0.8443715911872148,0.17952175758161112,0.1691723085070485,0.1920602719698587,0
wikitext,refit,2,4096,4096,source_same_lag,0.7123698495668165,0.7056144898739042,0.7184874263488773,0.3391928648227929,0.33061221456886236,0.34873836633701377,0
wikitext,refit,2,4096,4096,source_full,0.7169169686500922,0.7099803807020304,0.7230424641319838,0.3328306807019438,0.3242899310216836,0.342578107829221,0
wikitext,refit,2,4096,4096,multinomial_jackknife,0.9414153281492387,0.9274701174658588,0.9524389269031424,0.06048423428529822,0.04873554010652042,0.07544878925516534,0
wikitext,refit,2,4096,4096,source_jackknife,0.933048871370215,0.9232745248172172,0.9423572902266364,0.06935127467703388,0.05938241073880853,0.07989480241891686,0
wikitext,refit,2,8192,4096,multinomial,0.8994395893379379,0.8911228315681816,0.9077678816114132,0.1060194984104346,0.09676717762519654,0.11530079162452873,0
wikitext,refit,2,8192,4096,source_same_lag,0.8885869496759935,0.8818439358685737,0.895417741665967,0.11813759122055227,0.11048087351598261,0.1257557191706452,0
wikitext,refit,2,8192,4096,source_full,0.8948268074533742,0.8880340207669571,0.9017607112947472,0.11114096786651852,0.10341901950155909,0.11875904549999254,0
wikitext,refit,2,8192,4096,multinomial_jackknife,0.9602169487406835,0.9496941561241665,0.9714761348389461,0.04066617659399701,0.029004500473296706,0.051650987265215734,0
wikitext,refit,2,8192,4096,source_jackknife,1.0690232048662924,1.059378931540634,1.079116024763042,0.06671154039388226,0.05766721755184206,0.07612377444409292,0
wikitext,refit,5,1024,512,multinomial,0.9161893453697989,0.9054112596766157,0.9265299841786913,0.0875921687494597,0.0763485342552887,0.09942466641787939,0
wikitext,refit,5,1024,512,source_same_lag,0.9319042951887426,0.9231277806499457,0.9407746124502423,0.07055666218054572,0.061061208571798836,0.08003147040511205,0
wikitext,refit,5,1024,512,source_full,0.9424296619583644,0.9334928280478214,0.951418813727388,0.05932710851198699,0.04982365731140289,0.06884498997728009,0
wikitext,refit,5,1024,512,multinomial_jackknife,0.9673881628875771,0.955014289233029,0.9802537785971378,0.03324419874811902,0.019975945021703242,0.04606542794658218,0
wikitext,refit,5,1024,512,source_jackknife,1.0997063919972883,1.0861359037768403,1.1130787780125049,0.0949623030912925,0.08255331463130053,0.1070954765975964,0
wikitext,refit,5,1024,512,bootstrap,0.8721824313097061,0.8632516150340389,0.8816571258026538,0.13680342103474527,0.12600036982983992,0.14706784457652244,0
wikitext,refit,5,1024,512,bootstrap_jackknife,0.9843157235244197,0.973393945947726,0.9960562636343678,0.01710610838438878,0.008739249015871652,0.026991702664861745,0
wikitext,refit,5,2048,512,multinomial,0.946569295422217,0.9394115224023944,0.9539185017076225,0.054919173904399265,0.047180050515285225,0.06250937728928352,0
wikitext,refit,5,2048,512,source_same_lag,1.0380883268642564,1.024793842318963,1.0493599145401542,0.03730625823665063,0.024392667691246823,0.04816412314943102,0
wikitext,refit,5,2048,512,source_full,1.0498675545303982,1.0364953568033481,1.0612796777535727,0.04858871615501115,0.03575365671921043,0.05947024880249544,0
wikitext,refit,5,2048,512,multinomial_jackknife,0.975151771548252,0.9670488865481343,0.9831022899860223,0.02517787917341964,0.01705572534753852,0.03352692045213541,0
wikitext,refit,5,2048,512,source_jackknife,1.1551225065181328,1.1364739810331617,1.1707942135126121,0.14406548337345723,0.1277321398743957,0.15765746236565498,0
wikitext,refit,5,2048,512,bootstrap,0.9374182009479839,0.9250023233337403,0.9481959651916654,0.06471543931274791,0.05320245786135365,0.07808555477109969,0
wikitext,refit,5,2048,512,bootstrap_jackknife,1.006137325537192,0.9885260324503227,1.0209346792007992,0.016778776368888138,0.00674502358186151,0.02619224517694075,0
wikitext,refit,5,4096,512,multinomial,0.9619010818539959,0.9548164039955991,0.9690592251787165,0.03884978987002029,0.03143301979525735,0.04624023917016754,0
wikitext,refit,5,4096,512,source_same_lag,1.1008226226173525,1.089021331695627,1.111814026797006,0.09600863873156551,0.08522794806503292,0.10595819442450667,0
wikitext,refit,5,4096,512,source_full,1.113258248214561,1.1012705440421353,1.1244593228203923,0.10724029907559081,0.09642757648353231,0.11727059403979785,0
wikitext,refit,5,4096,512,multinomial_jackknife,0.9781886028441472,0.9708317837702077,0.9857383590804898,0.022060640745972342,0.014373661947966533,0.02960887269623284,0
wikitext,refit,5,4096,512,source_jackknife,1.1773223048731662,1.1630422553267366,1.190659008381828,0.16316828746843534,0.151017261145753,0.17448286113633335,0
wikitext,refit,5,4096,512,bootstrap,0.9649326901920617,0.957320264174742,0.9728526146151532,0.0357102573181927,0.027534360321155867,0.043631125910887296,0
wikitext,refit,5,4096,512,bootstrap_jackknife,0.9968843961564962,0.9875505997720767,1.006290176873689,0.007111356029250215,0.0032791273484004467,0.013183853949337122,0
wikitext,refit,5,8192,512,multinomial,0.9719280365607124,0.9646879534601905,0.9792519751452443,0.028480112785247962,0.020973223617623875,0.03595690979006633,0
wikitext,refit,5,8192,512,source_same_lag,1.1347141203427797,1.1229662993065388,1.1450963156715666,0.12634115026257045,0.11589792629566038,0.135483771130531,0
wikitext,refit,5,8192,512,source_full,1.1479010249433668,1.1359069981532548,1.1584912048639717,0.13789428548698568,0.12738423065997936,0.14710896292627507,0
wikitext,refit,5,8192,512,multinomial_jackknife,0.9810536864568523,0.9735582100626657,0.9885829675784007,0.01913679699256432,0.01149244730938628,0.026800001399819005,0
wikitext,refit,5,8192,512,source_jackknife,1.183748496416148,1.1705925713897314,1.1950713756415443,0.16863653927716118,0.15744743088827975,0.17819708673449264,0
wikitext,refit,5,8192,512,bootstrap,0.9804649739641056,0.9727995491031831,0.988110914311033,0.01973965272097424,0.011964266135954842,0.02759099216400454,0
wikitext,refit,5,8192,512,bootstrap_jackknife,0.9979355680263692,0.9901662902839474,1.0056498230114528,0.0035458012865162854,0.001595706309476622,0.009943469979882125,0
wikitext,refit,5,1024,1024,multinomial,0.8674849212036286,0.8575215582871614,0.8769994662334238,0.1422300079522839,0.13127750994447468,0.1537507157971181,0
wikitext,refit,5,1024,1024,source_same_lag,0.7936545468802746,0.7861095196838092,0.8011737115364442,0.2311508201731396,0.22169905768005943,0.2406908686258506,0
wikitext,refit,5,1024,1024,source_full,0.8008804921786207,0.7931851048625315,0.8085330086076663,0.22208856122484308,0.21254483387315573,0.23173261725711788,0
wikitext,refit,5,1024,1024,multinomial_jackknife,0.946421052735332,0.9329436154202454,0.9599341578332589,0.055200858129041214,0.040915370069109086,0.06946354948855285,0
wikitext,refit,5,1024,1024,source_jackknife,0.9962722223382209,0.9832848922757149,1.0088016833690743,0.012145877331997568,0.005922079373336379,0.019886547269748225,0
wikitext,refit,5,1024,1024,bootstrap,0.777245242452301,0.7704374739097886,0.7840475229151008,0.2520314636037942,0.24328734782402475,0.26082771543008226,0
wikitext,refit,5,1024,1024,bootstrap_jackknife,0.9361067643305933,0.9236853385798866,0.9487228138282278,0.06614084384344598,0.05266008993848516,0.0794372192272734,0
wikitext,refit,5,2048,1024,multinomial,0.9141756937386333,0.9075925742295461,0.9208774957633254,0.0897476429008191,0.0824327008983214,0.09696468868080681,0
wikitext,refit,5,2048,1024,source_same_lag,0.9394041979362628,0.9278166904459871,0.9491797625755642,0.06258833891329864,0.052167405537259896,0.07502139889354985,0
wikitext,refit,5,2048,1024,source_full,0.9480867426960173,0.936223518497297,0.9584532760942964,0.053392603763591485,0.04245664908717217,0.06598561329824959,0
wikitext,refit,5,2048,1024,multinomial_jackknife,0.9589342011533762,0.9503441291830378,0.9677180381389439,0.04197015515401647,0.03284359872794918,0.05096121287445098,0
wikitext,refit,5,2048,1024,source_jackknife,1.0927066286653861,1.0745447201424143,1.108813981097454,0.0884899700546447,0.071728331779192,0.10325326041021085,0
wikitext,refit,5,2048,1024,bootstrap,0.8885366873367473,0.8788331791985965,0.8970861950738879,0.11823556395384782,0.10860393381774396,0.12924618311735336,0
wikitext,refit,5,2048,1024,bootstrap_jackknife,0.9911704086744807,0.9778477831748736,1.0022173299673105,0.00997532240854923,0.002319210099094694,0.02276670626398704,0
wikitext,refit,5,4096,1024,multinomial,0.9366510424394975,0.9296307597224353,0.9434968923527725,0.06545989238483482,0.05816907158436032,0.07298290501869299,0
wikitext,refit,5,4096,1024,source_same_lag,1.0309557291898588,1.0191839339678157,1.041716739686549,0.030420624964364627,0.018937958308778945,0.04083865454291517,0
wikitext,refit,5,4096,1024,source_full,1.0405351443029698,1.0285751047747438,1.0515220000129364,0.039667247134634716,0.028108579990166457,0.05021202468321313,0
wikitext,refit,5,4096,1024,multinomial_jackknife,0.9610420080353687,0.9534699182817795,0.968804059728899,0.039760168952862045,0.03172540473683289,0.04768136994344867,0
wikitext,refit,5,4096,1024,source_jackknife,1.1347956702202149,1.119049122417342,1.149533119597796,0.12633750166122223,0.11238346389598965,0.1393329179364106,0
wikitext,refit,5,4096,1024,bootstrap,0.9423193559805387,0.9341895545751501,0.9503071383326657,0.0594401241061465,0.050989809804962725,0.06809309817662368,0
wikitext,refit,5,4096,1024,bootstrap_jackknife,0.9989384819153689,0.9904245320542714,1.008261453114109,0.006469496687966483,0.0027571194019465747,0.012053304085254467,0
wikitext,refit,5,8192,1024,multinomial,0.9520704559822096,0.9453778422018737,0.9590807060669241,0.049129770802888474,0.04179246159171633,0.056179087226026415,0
wikitext,refit,5,8192,1024,source_same_lag,1.0872968869407607,1.0763156141668253,1.0968291498572689,0.08365118206474159,0.07349158931669689,0.0924223042581285,0
wikitext,refit,5,8192,1024,source_full,1.0978402003789003,1.086695452599047,1.1074929804791396,0.09330072210412789,0.08307209802075231,0.10209333874400364,0
wikitext,refit,5,8192,1024,multinomial_jackknife,0.9655013190687177,0.9583816829525228,0.9730735482871595,0.035126454685261634,0.02731274162457445,0.04251146333968992,0
wikitext,refit,5,8192,1024,source_jackknife,1.154192487968365,1.14127031045721,1.1654336053428098,0.1433402574747126,0.13205243653536208,0.15306606662632433,0
wikitext,refit,5,8192,1024,bootstrap,0.9694627675269605,0.9603257142095706,0.9777495867322505,0.031051139328121508,0.02250535985985422,0.04055421399307751,0
wikitext,refit,5,8192,1024,bootstrap_jackknife,0.9971001137995628,0.9845437518712192,1.0082496275353423,0.009435053086938941,0.003581991466786153,0.018566043092907665,0
wikitext,refit,5,1024,2048,multinomial,0.7972119983652355,0.7879085674502782,0.8068636108901489,0.2267158043295617,0.21465035035923338,0.23838427331507023,0
wikitext,refit,5,1024,2048,source_same_lag,0.6261060721377483,0.6196759020609306,0.6325329882942403,0.4682863192046344,0.45804882366567773,0.47861060748146284,0
wikitext,refit,5,1024,2048,source_full,0.6309045013009027,0.6243602603057865,0.6374468113231628,0.4606548875884062,0.450298935246684,0.47107214449188956,0
wikitext,refit,5,1024,2048,multinomial_jackknife,0.9124488245526859,0.8976816654667921,0.9274720514775735,0.09180211956399814,0.07535883345059119,0.10801391378248909,0
wikitext,refit,5,1024,2048,source_jackknife,0.8428874641801093,0.8316592858521663,0.8536612744268465,0.1710257276483956,0.15823748060498496,0.18438587199306625,0
wikitext,refit,5,1024,2048,bootstrap,0.650150510825617,0.6441516459689038,0.6558242419461598,0.4305851305416279,0.42187078074396955,0.439868881074122,0
wikitext,refit,5,1024,2048,bootstrap_jackknife,0.8573373196061238,0.8461664803739366,0.8677671904007357,0.15402157066607644,0.1418689161797989,0.1671866669349566,0
wikitext,refit,5,2048,2048,multinomial,0.868665377443812,0.8615870476419415,0.8763672187720023,0.14082370798222962,0.13198966870305767,0.14898043850514256,0
wikitext,refit,5,2048,2048,source_same_lag,0.8095675540052235,0.8005017846976692,0.8180083957092804,0.21131530664942008,0.20091973447072456,0.22254126047617784,0
wikitext,refit,5,2048,2048,source_full,0.8159665098780042,0.8065904517931116,0.8249873583054277,0.20345267103283304,0.19241961246059533,0.2150038953098036,0
wikitext,refit,5,2048,2048,multinomial_jackknife,0.9380806662197959,0.9281090603015022,0.9488932226590897,0.06398797443829053,0.05251295904927859,0.07463974436316935,0
wikitext,refit,5,2048,2048,source_jackknife,0.998015067122663,0.9826761754943849,1.012956919267513,0.016309755452060728,0.011029455812437439,0.02211163151100168,0
wikitext,refit,5,2048,2048,bootstrap,0.8040237893702626,0.7952699411849197,0.8135409854686042,0.21819981537286978,0.20641703807210537,0.22908519974425703,0
wikitext,refit,5,2048,2048,bootstrap_jackknife,0.9585741585945157,0.9424217105131263,0.9769814367962936,0.042533378538245174,0.024159637835022812,0.059323644214233945,0
wikitext,refit,5,4096,2048,multinomial,0.9014825463725594,0.893465678048105,0.9093178580563737,0.1037441015339073,0.09506700219903584,0.11267193900953118,0
wikitext,refit,5,4096,2048,source_same_lag,0.9344183277203177,0.9237282347928341,0.9446142531086746,0.06789691877285371,0.057017000092336394,0.07940144381715097,0
wikitext,refit,5,4096,2048,source_full,0.9419869497235215,0.9310627231418181,0.9522322275312938,0.05983116456495482,0.04898226435639811,0.0715015525642901,0
wikitext,refit,5,4096,2048,multinomial_jackknife,0.9377927398298366,0.9285472823126558,0.9471291655393621,0.06427256014804263,0.054360184242555794,0.07415975148510807,0
wikitext,refit,5,4096,2048,source_jackknife,1.0705171830412483,1.0548791421778967,1.0854124634132145,0.0680136001363676,0.05333358041596465,0.08190937824127785,0
wikitext,refit,5,4096,2048,bootstrap,0.8940003155667723,0.8850457177969608,0.9028580591060094,0.11209556076896025,0.10220344910187863,0.12213238596843008,0
wikitext,refit,5,4096,2048,bootstrap_jackknife,0.9919553579788961,0.9806977062357282,1.0042250539626114,0.014497787613534147,0.010280681955771179,0.020148472480424052,0
wikitext,refit,5,8192,2048,multinomial,0.9239155813796993,0.9168917404291284,0.9314268555381123,0.07915370342619683,0.071057339486202,0.08677929314528363,0
wikitext,refit,5,8192,2048,source_same_lag,1.0183376742459105,1.0088158725087002,1.027344920742233,0.018137427913510692,0.009387242842951234,0.02695092210798075,0
wikitext,refit,5,8192,2048,source_full,1.0270674663329797,1.0173589069491613,1.0361595437038922,0.026672943384234007,0.01717799412819195,0.03551334073381887,0
wikitext,refit,5,8192,2048,multinomial_jackknife,0.9433979650838333,0.9358221476361847,0.9515216389334041,0.05829063257698866,0.049714707826345995,0.06633814208038773,0
wikitext,refit,5,8192,2048,source_jackknife,1.1095148946666356,1.097652630678421,1.120376796931886,0.10387182374519434,0.09314350896987314,0.1136285566257171,0
wikitext,refit,5,8192,2048,bootstrap,0.9436360451751931,0.9352093715743347,0.9515551702454015,0.05804078267836423,0.049662450857173725,0.06701103785781552,0
wikitext,refit,5,8192,2048,bootstrap_jackknife,0.9954370813025497,0.9850163487240582,1.005545495240384,0.008372525948039888,0.003541208434514214,0.01579721008412335,0
wikitext,refit,5,1024,4096,multinomial,0.7093431676582616,0.7001654321290578,0.7194687142274688,0.3435356066305079,0.3293643447605112,0.3564870374221512,0
wikitext,refit,5,1024,4096,source_same_lag,0.45380321594350087,0.4487097608237758,0.45852114085698137,0.7901521330936986,0.7797677464954083,0.8014302475634316,0
wikitext,refit,5,1024,4096,source_full,0.4568655494046873,0.4516849112649093,0.46159283860987904,0.7834302306437292,0.7730775878273074,0.7948172149514398,0
wikitext,refit,5,1024,4096,multinomial_jackknife,0.8625123172424844,0.8465505524983996,0.8806138914465668,0.14819336911571063,0.1274597407321922,0.1666528141774357,0
wikitext,refit,5,1024,4096,source_jackknife,0.6488833951808454,0.6405314151952585,0.656934115689525,0.43260225488795356,0.4202151556083216,0.44551586563375667,0
wikitext,refit,5,1024,4096,bootstrap,0.4821355976580942,0.4762153822607773,0.48739575777856675,0.7296093680446402,0.7186794346509557,0.7419973300337417,0
wikitext,refit,5,1024,4096,bootstrap_jackknife,0.6838657305538476,0.6702463984892776,0.6958492643324261,0.3802513209602116,0.3626352530829068,0.4003219884175502,0
wikitext,refit,5,2048,4096,multinomial,0.8166985116789863,0.8096693914382067,0.8243178509839539,0.20252318053356824,0.1932589046131996,0.21116066775945985,0
wikitext,refit,5,2048,4096,source_same_lag,0.6609590154400989,0.6548443965520524,0.6671842022599835,0.41410508016776126,0.40471726813744024,0.4233845801680523,0
wikitext,refit,5,2048,4096,source_full,0.6655680036786736,0.6587976180654219,0.6725243774839041,0.4071726486497817,0.39676413412242084,0.4173628244861319,0
wikitext,refit,5,2048,4096,multinomial_jackknife,0.9217971803928617,0.910379609143592,0.9330898822254152,0.08152181067905835,0.0693195411975334,0.09395944976102834,0
wikitext,refit,5,2048,4096,source_jackknife,0.8712491369512129,0.8598048231200035,0.8833029505031742,0.13794731193695894,0.12412128584485373,0.15108204461184208,0
wikitext,refit,5,2048,4096,bootstrap,0.6791763415974236,0.6719246906370563,0.6870943664511386,0.3869474447423092,0.3753859964213459,0.3976898099234807,0
wikitext,refit,5,2048,4096,bootstrap_jackknife,0.8726259906318788,0.8575248238074424,0.8883770502400535,0.13647535959814916,0.118523322006137,0.1538031367505471,0
wikitext,refit,5,4096,4096,multinomial,0.8658818001346568,0.8571262792426847,0.8741851458569,0.14405547601758173,0.13448271324851957,0.15422731660816802,0
wikitext,refit,5,4096,4096,source_same_lag,0.8215953626610025,0.8131957707901817,0.8295698218256065,0.19655905063639156,0.18688783450131694,0.20682640785139172,0
wikitext,refit,5,4096,4096,source_full,0.8275940523037284,0.8191198361264068,0.83563122446905,0.18928483789957676,0.17957492005181477,0.1995921503108006,0
wikitext,refit,5,4096,4096,multinomial_jackknife,0.9208803303585832,0.9104012473962574,0.9308062881537538,0.08249737130981251,0.07173170654107489,0.09393958979245734,0
wikitext,refit,5,4096,4096,source_jackknife,0.9919908075938028,0.9792781186557827,1.004517899106983,0.013764056938832973,0.006826495825857345,0.022143686549416463,0
wikitext,refit,5,4096,4096,bootstrap,0.8180887369201407,0.8073738289431628,0.829710107506759,0.20090470239831118,0.18675065405207394,0.2140669637803375,0
wikitext,refit,5,4096,4096,bootstrap_jackknife,0.9529063110203247,0.937374435004822,0.9713323837125518,0.04846415733399082,0.029373061884162065,0.0647767049784735,0
wikitext,refit,5,8192,4096,multinomial,0.8978193938776974,0.8910624686438511,0.904529018082854,0.10780322034309416,0.10036007013831769,0.11535355792502242,0
wikitext,refit,5,8192,4096,source_same_lag,0.9372613191197433,0.9301324897414874,0.944244815715782,0.06480940396825584,0.05738543041485263,0.07243924931538309,0
wikitext,refit,5,8192,4096,source_full,0.9446135869427333,0.9373065645950519,0.9517643443416176,0.056996617699090237,0.04945274026197177,0.06475185027981402,0
wikitext,refit,5,8192,4096,multinomial_jackknife,0.9260929535074267,0.9193145413866887,0.9327379360535255,0.07679418793973848,0.06964284383621115,0.08413946544258322,0
wikitext,refit,5,8192,4096,source_jackknife,1.058073477516991,1.0492823485879479,1.0667424390699174,0.05642508552419128,0.048087912508927896,0.06460430194899977,0
wikitext,refit,5,8192,4096,bootstrap,0.9034849850666238,0.8953007098778591,0.9115778976130876,0.10153259046740919,0.0926052015637769,0.11060722097240247,0
wikitext,refit,5,8192,4096,bootstrap_jackknife,0.988618510357398,0.9779760447927633,0.9993620618642843,0.012985780653784126,0.005766305862025967,0.022315022753194982,0
wikitext,refit,10,1024,512,multinomial,0.900737605623565,0.8913857097796681,0.909439834633508,0.10458003075021648,0.09494016838279899,0.1150260842913652,0
wikitext,refit,10,1024,512,source_same_lag,0.9570218317384568,0.9486395720365449,0.9653306858992448,0.04395346882413059,0.035290129263203615,0.05275581054555615,0
wikitext,refit,10,1024,512,source_full,0.9711170388243312,0.9623266004087241,0.9798062518894953,0.029336930577914363,0.020438028416898246,0.03842148401409843,0
wikitext,refit,10,1024,512,multinomial_jackknife,0.9279201497251367,0.9182292142465409,0.9375517169071205,0.07485482317028266,0.06450339086950087,0.08534631946500808,0
wikitext,refit,10,1024,512,source_jackknife,1.0757230592622293,1.0633945654415173,1.0879358592624067,0.07292559353623478,0.061422933825222154,0.08422285155929875,0
wikitext,refit,10,2048,512,multinomial,0.9144271819147255,0.9076230487188351,0.9213392530422814,0.089464329222605,0.08193642307749453,0.09693193959770868,0
wikitext,refit,10,2048,512,source_same_lag,1.0223448181726973,1.0109904585772105,1.0321976458733542,0.022049984745260168,0.01264569447448529,0.031676270123034256,0
wikitext,refit,10,2048,512,source_full,1.0374965717838054,1.0260035891768773,1.0473255672772506,0.03676260789165044,0.02559978284140971,0.046236279800063895,0
wikitext,refit,10,2048,512,multinomial_jackknife,0.9268578340519489,0.9197592127719891,0.933946187576388,0.07596394308022121,0.06834930945533986,0.08365408855695843,0
wikitext,refit,10,2048,512,source_jackknife,1.1019585088385135,1.0872556290246016,1.114079170345436,0.09700631441201857,0.0835470346397654,0.1080178442722496,0
wikitext,refit,10,4096,512,multinomial,0.9195412827321913,0.9127964273064222,0.9262149103257683,0.08388425842015791,0.0766511470808155,0.09124818167568617,0
wikitext,refit,10,4096,512,source_same_lag,1.0594770048492335,1.0500392369579776,1.0684754677096735,0.057750166607933945,0.048783970338971513,0.06622658278669878,0
wikitext,refit,10,4096,512,source_full,1.0750839360681435,1.0654978085472964,1.0842308752852141,0.0723732447862978,0.06341259749717341,0.08086131666744951,0
wikitext,refit,10,4096,512,multinomial_jackknife,0.9247572488508786,0.918001443614336,0.9315043242391566,0.07822779959191989,0.070959059858587,0.08556038368853573,0
wikitext,refit,10,4096,512,source_jackknife,1.111972284336983,1.1016645573327946,1.1218410913200765,0.1061032333581232,0.09678808145118951,0.11495171799048469,0
wikitext,refit,10,8192,512,multinomial,0.9209655417676236,0.9146044600638841,0.9274087685028598,0.08233509511336246,0.07536382424726222,0.08926561311807604,0
wikitext,refit,10,8192,512,source_same_lag,1.0754445440946327,1.0655100105902118,1.0846098244918136,0.072707256861079,0.06342899737917372,0.08120622569638622,0
wikitext,refit,10,8192,512,source_full,1.0915183302400864,1.081323988105171,1.1009734112074827,0.08754127525833579,0.07815773273450956,0.0961806764121337,0
wikitext,refit,10,8192,512,multinomial_jackknife,0.922655679480346,0.9162174618987822,0.929168316429302,0.08050189780198658,0.07346899765865454,0.08750463962399942,0
wikitext,refit,10,8192,512,source_jackknife,1.1111210703286025,1.1005190948070078,1.120782684224693,0.10533937065782102,0.09574154595308951,0.11402645829052373,0
wikitext,refit,10,1024,1024,multinomial,0.8753329088301196,0.8657309687390284,0.884135186147769,0.13321088330928962,0.12318290297048207,0.1442580359266754,0
wikitext,refit,10,1024,1024,source_same_lag,0.8640859986891887,0.8568639826557394,0.8713070323638645,0.1461134626828691,0.13779878683362176,0.15450720889347203,0
wikitext,refit,10,1024,1024,source_full,0.873866417774325,0.8664520310708672,0.8812186922901422,0.13485971529881194,0.12648809833546518,0.14337649211586126,0
wikitext,refit,10,1024,1024,multinomial_jackknife,0.9227014737718324,0.9115160951503221,0.9339933643131888,0.08053862090928941,0.06831645937526137,0.09269035172135885,0
wikitext,refit,10,1024,1024,source_jackknife,1.0193003903125135,1.0073369124539653,1.0306819914144352,0.02037680064329491,0.012119368817830952,0.030197669729304013,0
wikitext,refit,10,2048,1024,multinomial,0.9005274832969389,0.8946104283676697,0.9063888277876755,0.10478242254477042,0.09829461016797168,0.11137356355314487,0
wikitext,refit,10,2048,1024,source_same_lag,0.9623411707528816,0.9509005896880249,0.971955846131102,0.038456187424602356,0.028456910578593324,0.05042747846927068,0
wikitext,refit,10,2048,1024,source_full,0.9733023576577948,0.961688270135676,0.9829735227850632,0.027131231296307675,0.017184553920458086,0.03914947943300037,0
wikitext,refit,10,2048,1024,multinomial_jackknife,0.9239499097921661,0.9171339200098255,0.9307275858770546,0.07911438579659415,0.07179603626537577,0.08651854262940264,0
wikitext,refit,10,2048,1024,source_jackknife,1.070531121112762,1.054058645447594,1.0842101089760119,0.06802048096311972,0.05249588489180298,0.08082883745331913,0
wikitext,refit,10,4096,1024,multinomial,0.9103379421379565,0.904558588560914,0.9162035854713618,0.0939459636260319,0.08752115446679365,0.10031264528431173,0
wikitext,refit,10,4096,1024,source_same_lag,1.0202655221893486,1.009991312304711,1.0294880404156674,0.02001575846086974,0.010875655165995394,0.029055097008147845,0
wikitext,refit,10,4096,1024,source_full,1.031826178119426,1.021313970754555,1.0413969745711673,0.03128115677251683,0.021048442779905092,0.04054908255715733,0
wikitext,refit,10,4096,1024,multinomial_jackknife,0.921020343333388,0.9151176365046121,0.9271019742619029,0.08228127658228436,0.07569592810185562,0.08870945332531582,0
wikitext,refit,10,4096,1024,source_jackknife,1.0909796678295443,1.0782434224300015,1.1025564173388396,0.08700389988403674,0.07528406839018016,0.09759561959572356,0
wikitext,refit,10,8192,1024,multinomial,0.9153136444431594,0.9095632498869508,0.9212107129846429,0.08849508570677515,0.08207052301733739,0.0947949200970352,0
wikitext,refit,10,8192,1024,source_same_lag,1.0515330658425246,1.0415832096863027,1.060230226221926,0.05021116271058824,0.040668224052527416,0.05848127161723108,0
wikitext,refit,10,8192,1024,source_full,1.0637862126895958,1.0535870860673027,1.072666827122736,0.06179521012041589,0.05213629320581684,0.07014490226614328,0
wikitext,refit,10,8192,1024,multinomial_jackknife,0.9193604752917663,0.9133756417815059,0.9254487192899263,0.08408550502490623,0.07748146609838459,0.09061335766693268,0
wikitext,refit,10,8192,1024,source_jackknife,1.096853966563696,1.085717257592978,1.106454804881045,0.09239819098368705,0.08216517408402943,0.10114709448339626,0
wikitext,refit,10,1024,2048,multinomial,0.8321646322818332,0.8224601380145328,0.8415190287760196,0.18379725895270896,0.1725825400929041,0.1955156183002097,0
wikitext,refit,10,1024,2048,source_same_lag,0.7379353821742792,0.7307436161699904,0.745056604688451,0.30394115619583945,0.29432898147867936,0.31373139976644643,0
wikitext,refit,10,1024,2048,source_full,0.7446673780510901,0.737320600775915,0.7518697403784043,0.2948608603436595,0.2852081393873373,0.3047598620492817,0
wikitext,refit,10,1024,2048,multinomial_jackknife,0.9078020692163348,0.8949772531844531,0.9209544065046029,0.09686059845351684,0.08240783608343953,0.11103185883536562,0
wikitext,refit,10,1024,2048,source_jackknife,0.9260977927406893,0.9139394060610749,0.9374737411437288,0.07687242283496783,0.06459112446287814,0.09009240713893325,0
wikitext,refit,10,2048,2048,multinomial,0.8747046874396702,0.8679108904059967,0.881245988575663,0.13388395030669542,0.1264301915917121,0.14167436384055496,0
wikitext,refit,10,2048,2048,source_same_lag,0.8733086582880644,0.8625142777499928,0.8825272119752212,0.13553945726891276,0.12498169732702334,0.14802094847484026,0
wikitext,refit,10,2048,2048,source_full,0.8814176458011705,0.8703263627339887,0.8910473638264287,0.12630152181664223,0.1153866532553205,0.13897514385243676,0
wikitext,refit,10,2048,2048,multinomial_jackknife,0.9152829994589723,0.9066431784570318,0.9238336056109977,0.08856232341203152,0.07924703721801933,0.09804228491655098,0
wikitext,refit,10,2048,2048,source_jackknife,1.015568878136291,0.9987973699680439,1.0306016462694345,0.021142506594735152,0.011759767119818519,0.03057254928776772,0
wikitext,refit,10,4096,2048,multinomial,0.8922054177955436,0.8851576257224977,0.8989528774578929,0.11407503634630738,0.10653336964581561,0.12200323276376147,0
wikitext,refit,10,4096,2048,source_same_lag,0.958164071440847,0.9470769837356688,0.9681188617613044,0.04279872614505783,0.032419021334060966,0.0544250155674862,0
wikitext,refit,10,4096,2048,source_full,0.9671031634985299,0.9557261439923482,0.9773400894759658,0.03351512938144268,0.022932087192187908,0.04534547158537879,0
wikitext,refit,10,4096,2048,multinomial_jackknife,0.9115200616505104,0.9038001947638611,0.9190557584664785,0.09266520911327991,0.0844235622588778,0.10116068002097175,0
wikitext,refit,10,4096,2048,source_jackknife,1.0544626736580103,1.0397070681261364,1.0681960018275902,0.05292044474448759,0.03883647392086884,0.0659038175694036,0
wikitext,refit,10,8192,2048,multinomial,0.9023256568207291,0.8955860332158344,0.9090578045481267,0.10279315035214202,0.0953532632852288,0.11028174869152485,0
wikitext,refit,10,8192,2048,source_same_lag,1.010304824172898,0.9999225962303072,1.0191815999762308,0.012894285656046748,0.007438167432502119,0.019060186498116572,0
wikitext,refit,10,8192,2048,source_full,1.0201331493178674,1.0095098597167578,1.0291157379524745,0.019891064842615967,0.011312383479088648,0.028695675207371395,0
wikitext,refit,10,8192,2048,multinomial_jackknife,0.9104712095621555,0.9033424090166384,0.9176952002585494,0.09381091307797623,0.0859108589478514,0.10165577897746321,0
wikitext,refit,10,8192,2048,source_jackknife,1.0722869440838978,1.0600433223724224,1.0828141144976675,0.06973532502964651,0.05821976716329149,0.0795569601234342,0
wikitext,refit,10,1024,4096,multinomial,0.7746252775619841,0.765802978021952,0.7836489864251116,0.25545560070363527,0.24386230606807657,0.2668838864229293,0
wikitext,refit,10,1024,4096,source_same_lag,0.5897488492149089,0.5837461417897558,0.5955566985525674,0.5281075956474949,0.5182906327376807,0.5383343851585431,0
wikitext,refit,10,1024,4096,source_full,0.5942749588316529,0.588094121533349,0.6001807262245316,0.5204654744289586,0.5105435059937764,0.5308959480954362,0
wikitext,refit,10,1024,4096,multinomial_jackknife,0.8873922234888633,0.8736240401023547,0.9017522859883451,0.11964254960144134,0.10353004116003493,0.1351721049232146,0
wikitext,refit,10,1024,4096,source_jackknife,0.7938571269588679,0.7837362561729109,0.8038995611755715,0.23095103055752464,0.21832528046064764,0.24373880358104635,0
wikitext,refit,10,2048,4096,multinomial,0.8435518386122467,0.8365929781288455,0.850645741486489,0.17016014184684192,0.16178417253809246,0.17841863050809265,0
wikitext,refit,10,2048,4096,source_same_lag,0.7625693192106988,0.7544378144585601,0.7701103625403725,0.2711173661793937,0.2612456174013752,0.28185812184424824,0
wikitext,refit,10,2048,4096,source_full,0.7686255516841367,0.7600184228677592,0.7767678913344456,0.2632175369952399,0.25265608255777644,0.27447189645557424,0
wikitext,refit,10,2048,4096,multinomial_jackknife,0.9103564719281119,0.9006512861323109,0.9207975293935754,0.0939912755822085,0.08256834315091884,0.10464669247151309,0
wikitext,refit,10,2048,4096,source_jackknife,0.9399605549696853,0.9259271674067204,0.9535859365666681,0.06206130631419965,0.04755185226805364,0.07707158347262465,0
wikitext,refit,10,4096,4096,multinomial,0.8728189482620289,0.8650774915956364,0.8803703324235735,0.13605808740508082,0.12743144909563803,0.14494987978538842,0
wikitext,refit,10,4096,4096,source_same_lag,0.8799285078430454,0.8703350722667059,0.8891153599457599,0.12797711224306763,0.11755025371308007,0.13893584454629182,0
wikitext,refit,10,4096,4096,source_full,0.8870839885029584,0.8773020402601122,0.8964211060475101,0.11987991354597526,0.1093534263926594,0.13094497343811884,0
wikitext,refit,10,4096,4096,multinomial_jackknife,0.9054961695221598,0.8966607272998668,0.9142594988394681,0.09931988388327855,0.08967663293839843,0.10912842645063725,0
wikitext,refit,10,4096,4096,source_jackknife,1.007897125637998,0.9937769152560473,1.0215927282860096,0.0158084356660599,0.009626156782460963,0.023214357811349267,0
wikitext,refit,10,8192,4096,multinomial,0.8905742167410639,0.883841529329273,0.8974231920433924,0.11590721362002428,0.10825056493766083,0.12349628740445903,0
wikitext,refit,10,8192,4096,source_same_lag,0.9586770544213736,0.9501930069204085,0.9668012624907341,0.04223335747792099,0.03376643868642655,0.05112405939557735,0
wikitext,refit,10,8192,4096,source_full,0.966918518321719,0.9581932955425951,0.9751543687668831,0.0336739975844552,0.025168985393644542,0.04271527687732762,0
wikitext,refit,10,8192,4096,multinomial_jackknife,0.9053922612838211,0.8983558931225522,0.9126071748551118,0.09940844736186345,0.09147568414366807,0.1072106516854015,0
wikitext,refit,10,8192,4096,source_jackknife,1.044288920625431,1.0336056018054103,1.0542636615148664,0.04328736187904645,0.033025404987752305,0.052824483870321855,0
wikitext,refit,20,1024,512,multinomial,0.8859282432944166,0.8783910882624194,0.8934280208775517,0.12113998019848064,0.11269497464815988,0.1296810179954756,0
wikitext,refit,20,1024,512,source_same_lag,0.9698899973052895,0.9610046509393818,0.9787286073300924,0.030605286128861556,0.02152978907564481,0.039794484591438625,0
wikitext,refit,20,1024,512,source_full,0.9892768838108342,0.9799260117134557,0.9986116580668771,0.011767250056342866,0.005198344970679077,0.02028644209155799,0
wikitext,refit,20,1024,512,multinomial_jackknife,0.8983154581497315,0.8907109268026049,0.9059613757726718,0.10725519912397448,0.0987702202514587,0.11575773446740201,0
wikitext,refit,20,1024,512,source_jackknife,1.052574470006224,1.0408208132527845,1.0648589382793163,0.05116719566660887,0.03996737854218159,0.06276852914109646,0
wikitext,refit,20,1024,512,bootstrap,0.9517552198917295,0.9420455855372157,0.9612990980696055,0.049493963057225615,0.03948835624779735,0.05974996006454899,0
wikitext,refit,20,1024,512,bootstrap_jackknife,1.0093505123708997,0.9975095771164761,1.0225471910332289,0.010219540941724189,0.0023887076151077975,0.02237579348676524,0
wikitext,refit,20,2048,512,multinomial,0.8896036979868478,0.8828769435054957,0.8964325397056526,0.11698819435299772,0.10934261185617283,0.12457834621228116,0
wikitext,refit,20,2048,512,source_same_lag,1.006747381461405,0.9976016651543606,1.015169219473157,0.009371371902766275,0.0041737213523141675,0.015103369343404914,0
wikitext,refit,20,2048,512,source_full,1.0271105366154394,1.0179108052225434,1.035450028641653,0.026725151422114,0.017728878114491965,0.03483219882492452,0
wikitext,refit,20,2048,512,multinomial_jackknife,0.89307100727777,0.8863032370399986,0.8999487050020599,0.11309838064030685,0.10543059469254382,0.12069860323631419,0
wikitext,refit,20,2048,512,source_jackknife,1.0634258704050223,1.0527013609948905,1.072731902169659,0.06145833785105842,0.05130926295692528,0.07020659415425383,0
wikitext,refit,20,2048,512,bootstrap,0.981028620262385,0.9689251572034052,0.9917499315956596,0.01922654790228196,0.008393921183588417,0.03165541504998147,0
wikitext,refit,20,2048,512,bootstrap_jackknife,1.018728573823348,1.0024400260830475,1.033439710358406,0.02315840140258428,0.014885414991445509,0.03340209430713561,0
wikitext,refit,20,4096,512,multinomial,0.8897881483725214,0.8834324165752813,0.8963422586806762,0.11677828991335555,0.1094388296898206,0.12394110424287119,0
wikitext,refit,20,4096,512,source_same_lag,1.0284812290924905,1.0207064462126896,1.0362271410158526,0.028073588908923804,0.020491654639356444,0.03558055264650078,0
wikitext,refit,20,4096,512,source_full,1.0492662576719023,1.0414410940045271,1.057207461662008,0.048082418625323385,0.04059635954002278,0.05562198378894514,0
wikitext,refit,20,4096,512,multinomial_jackknife,0.8890678869018623,0.8827387354010442,0.8956190780653397,0.11758773034928237,0.11024642196121995,0.12472667658726647,0
wikitext,refit,20,4096,512,source_jackknife,1.069173498959012,1.0611999269098633,1.0772615574411906,0.0668768000478774,0.059394935502010436,0.07441076153625245,0
wikitext,refit,20,4096,512,bootstrap,0.9915489334127333,0.9839240342592686,0.9990942133855745,0.008496868581653499,0.0018563125829371481,0.016217911952233426,0
wikitext,refit,20,4096,512,bootstrap_jackknife,1.0024600784089814,0.9919951472223023,1.0121429926992884,0.008278458198776428,0.0038532159641201076,0.013596252249049028,0
wikitext,refit,20,8192,512,multinomial,0.8866139090544066,0.8804113264726227,0.8925897834961857,0.12034721069321579,0.11362888223276849,0.1273682756934206,0
wikitext,refit,20,8192,512,source_same_lag,1.0340626031762086,1.0258661522976393,1.0422515146040996,0.03347967780531543,0.02552250417310374,0.04137230056124989,0
wikitext,refit,20,8192,512,source_full,1.0550087236407766,1.0465886900373298,1.0635559094753244,0.05353208472337617,0.04551935121498686,0.06160875648695067,0
wikitext,refit,20,8192,512,multinomial_jackknife,0.8844592806488516,0.8783321600609174,0.8904456359131431,0.12278016373262557,0.11603453593638989,0.129731730237261,0
wikitext,refit,20,8192,512,source_jackknife,1.065235256191082,1.0567787004714988,1.0738118728560695,0.06317976637527797,0.05521296582455463,0.07121116511975405,0
wikitext,refit,20,8192,512,bootstrap,0.995071889277346,0.9868540170723543,1.0035608451992506,0.007475781867987241,0.0040016518521881735,0.013302603198400478,0
wikitext,refit,20,8192,512,bootstrap_jackknife,1.0017627040672838,0.9917224075917667,1.0119611275947975,0.008575669632789907,0.004785334458452476,0.013480342128784593,0
wikitext,refit,20,1024,1024,multinomial,0.876035502755679,0.8675737667047628,0.8837301858999782,0.13238730261798468,0.12361443726537334,0.14210825137393393,0
wikitext,refit,20,1024,1024,source_same_lag,0.9121383681308721,0.9050095191741981,0.9195139839896557,0.09198712747339237,0.08391980080046506,0.09983062074246236,0
wikitext,refit,20,1024,1024,source_full,0.9255295473977552,0.9180134579429796,0.9333215869855479,0.07741693109047593,0.06902433496072438,0.08556792877178682,0
wikitext,refit,20,1024,1024,multinomial_jackknife,0.9029249533450061,0.8940241530520668,0.9115275536259557,0.10216114566069161,0.09265340046689975,0.11206979286331596,0
wikitext,refit,20,1024,1024,source_jackknife,1.0248370986008672,1.0140514524459057,1.0359199043327019,0.024468332265597807,0.014033499859233725,0.03524426753585154,0
wikitext,refit,20,1024,1024,bootstrap,0.892459549588163,0.8869529011685806,0.8983304875218343,0.11377883612982605,0.10721918037513041,0.11996721870283411,0
wikitext,refit,20,1024,1024,bootstrap_jackknife,0.9764177542409503,0.9665139170085936,0.9866046996904719,0.023922466570698173,0.013525525877181498,0.034093304805315854,0
wikitext,refit,20,2048,1024,multinomial,0.8881436774047781,0.8824052338038246,0.8942132248762641,0.11862872524314276,0.11181499680050709,0.1251132663138111,0
wikitext,refit,20,2048,1024,source_same_lag,0.974271329825266,0.9643431509745608,0.9830830642983103,0.02611198726805189,0.01707448384985951,0.03636388603940749,0
wikitext,refit,20,2048,1024,source_full,0.9886717533867287,0.978640368947164,0.9976111705167434,0.01143870923382464,0.0032413249329828796,0.021652246944786478,0
wikitext,refit,20,2048,1024,multinomial_jackknife,0.8990454979189435,0.8929769941554054,0.905425859779436,0.10643090683898172,0.09935603212426182,0.11320895204721244,0
wikitext,refit,20,2048,1024,source_jackknife,1.0498471000362424,1.0365895708156594,1.06087316424714,0.04856479213602585,0.035829645910011025,0.05908515942764216,0
wikitext,refit,20,2048,1024,bootstrap,0.9535225632788058,0.9437901789339701,0.9630732866194402,0.047644714767699825,0.03764093748450768,0.057892284612592215,0
wikitext,refit,20,2048,1024,bootstrap_jackknife,1.0059608552096222,0.9929360383700789,1.0196301056045998,0.013506499599203895,0.006297200556228395,0.02154369147498426,0
wikitext,refit,20,4096,1024,multinomial,0.8907654105319597,0.8851250997555682,0.8966740347088471,0.11567841093083821,0.10906589181596825,0.12202989855245124,0
wikitext,refit,20,4096,1024,source_same_lag,1.0094539479837883,1.0011167623678678,1.017396333545158,0.010999858946098067,0.006261447912735544,0.01724099746037553,0
wikitext,refit,20,4096,1024,source_full,1.0242701128187106,1.0159006756867097,1.032441219339264,0.02395506621754088,0.015740784243789777,0.031924108086849576,0
wikitext,refit,20,4096,1024,multinomial_jackknife,0.8934498338902335,0.8878851127817939,0.8992819823943683,0.11266918723891084,0.106161921557693,0.11891820934661454,0
wikitext,refit,20,4096,1024,source_jackknife,1.059261798346852,1.0501339579215785,1.0681425635282005,0.05754052668369206,0.04887002011172745,0.06590662427077991,0
wikitext,refit,20,4096,1024,bootstrap,0.9779060798433958,0.9700552840140353,0.9863137200673482,0.02236803594894514,0.013806780039109158,0.030425328155460594,0
wikitext,refit,20,4096,1024,bootstrap_jackknife,1.003511813977975,0.9938274402478589,1.013745972053974,0.007772734463021145,0.003133712451726799,0.014805340191761399,0
wikitext,refit,20,8192,1024,multinomial,0.8894137043124924,0.8840145470432452,0.8950916763644196,0.11719532001039744,0.11083179544025266,0.12328388305472782,0
wikitext,refit,20,8192,1024,source_same_lag,1.0246011916075597,1.0160464291157627,1.0326574325480624,0.024277336836948344,0.01587732901493052,0.03211663526333408,0
wikitext,refit,20,8192,1024,source_full,1.0398611375194529,1.031029837159073,1.0481950257327248,0.03905947623166205,0.030527133730624722,0.04706646290915569,0
wikitext,refit,20,8192,1024,multinomial_jackknife,0.8882706501719981,0.8828888882954327,0.8939336947325154,0.1184816040717664,0.11212558998016951,0.12455901293705554,0
wikitext,refit,20,8192,1024,source_jackknife,1.058448080262472,1.0493269475872407,1.0670031450109398,0.05677434410339907,0.04810825301427684,0.06483111450264338,0
wikitext,refit,20,8192,1024,bootstrap,0.9867980907410828,0.9770593795776819,0.9961191891672321,0.013336729761074232,0.004650925553924611,0.023261466216944724,0
wikitext,refit,20,8192,1024,bootstrap_jackknife,0.9994299153118592,0.9855889400571145,1.0131983683078147,0.013287932544672433,0.006603855527454268,0.020228733608303066,0
wikitext,refit,20,1024,2048,multinomial,0.8524877091545001,0.8428747619467349,0.8614794492278595,0.15965576418084707,0.14914980534848007,0.17101939679676645,0
wikitext,refit,20,1024,2048,source_same_lag,0.8247949780078626,0.8172140293270549,0.8319285031778364,0.19264981005661763,0.18401206042726417,0.2018733394956541,0
wikitext,refit,20,1024,2048,source_full,0.8341067353326933,0.8263624730224932,0.8413378477112273,0.18142464647958909,0.17277516702784598,0.19075190801936553,0
wikitext,refit,20,1024,2048,multinomial_jackknife,0.8999651178515211,0.8886704403900899,0.9112183494150807,0.10548690470293913,0.09300103738968737,0.11811382363744789,0
wikitext,refit,20,1024,2048,source_jackknife,0.9725824600316282,0.960613951580419,0.9834589191251429,0.027875142319255124,0.016745529387583002,0.040230449943760016,0
wikitext,refit,20,1024,2048,bootstrap,0.8260488378544324,0.8201639094719857,0.8317521178654281,0.19110739015071887,0.1842266833068085,0.1982542108297404,0
wikitext,refit,20,1024,2048,bootstrap_jackknife,0.9612607246725882,0.9495845296132592,0.9726345469604758,0.03959363978793867,0.02779826547318793,0.05177684925838609,0
wikitext,refit,20,2048,2048,multinomial,0.8769397518854204,0.8704395149136466,0.8830643583011987,0.13132463147652726,0.1243631301259992,0.138767720655735,0
wikitext,refit,20,2048,2048,source_same_lag,0.9184310873271662,0.9070965627565358,0.9277934525493219,0.08515466898123168,0.07495436013731469,0.09760180192800172,0
wikitext,refit,20,2048,2048,source_full,0.9288788457362509,0.9174331146600141,0.9383556703276615,0.07384406732828272,0.06363613361885824,0.08626969829764446,0
wikitext,refit,20,2048,2048,multinomial_jackknife,0.8996158176702129,0.8921793999816122,0.9065843687185942,0.10580512612550237,0.09808309514855279,0.11411276555941718,0
wikitext,refit,20,2048,2048,source_jackknife,1.0213739672963433,1.0053763613049156,1.0347170125581127,0.024711078983141444,0.01662007085537344,0.03417771548932528,0
wikitext,refit,20,2048,2048,bootstrap,0.9069106973216895,0.8984845562861681,0.9152803451999245,0.09774659994878367,0.08854019491412303,0.10707105528130037,0
wikitext,refit,20,2048,2048,bootstrap_jackknife,0.9900978846608435,0.9755349364537628,1.0050836910606153,0.01782475600696327,0.011178642074516442,0.026050038068116704,0
wikitext,refit,20,4096,2048,multinomial,0.884912754222338,0.8784203548812749,0.8909932148627786,0.12227318929399182,0.11542596896361275,0.12963601132503177,0
wikitext,refit,20,4096,2048,source_same_lag,0.9734872255947363,0.9631006949496571,0.9824987771061885,0.02691614683179309,0.017670469272706962,0.03765020020923212,0
wikitext,refit,20,4096,2048,source_full,0.9844969631029198,0.9738247406167124,0.9938547663161995,0.015672132407387112,0.006519775804945479,0.026609684313863017,0
wikitext,refit,20,4096,2048,multinomial_jackknife,0.8936956236613186,0.8870575755474406,0.8999775438304033,0.11239841493103869,0.10539450009782009,0.11985269683207551,0
wikitext,refit,20,4096,2048,source_jackknife,1.040741027729636,1.0280153704330877,1.0520941716000576,0.03986260795802999,0.027592417035347237,0.05071632427271614,0
wikitext,refit,20,4096,2048,bootstrap,0.9539688595727529,0.9446262109529517,0.9623257361646813,0.047157873338935834,0.03841330439867888,0.05700377366968216,0
wikitext,refit,20,4096,2048,bootstrap_jackknife,1.0081783443694965,0.9973137965653556,1.0189334871944296,0.01058636629637086,0.004706878379706253,0.018882614128635063,0
wikitext,refit,20,8192,2048,multinomial,0.8872850136643735,0.8807623254430721,0.8933411775179945,0.1195957226700013,0.11279130506678549,0.126972658989693,0
wikitext,refit,20,8192,2048,source_same_lag,1.0031928902821874,0.9928926753392373,1.011764178802461,0.008136771023930681,0.0029621010679573415,0.01301699295121255,0
wikitext,refit,20,8192,2048,source_full,1.0148574171614078,1.0044268022055438,1.0235973464738395,0.01596991929044412,0.010079154958668587,0.023319061083112012,0
wikitext,refit,20,8192,2048,multinomial_jackknife,0.8887097461406686,0.88203681386223,0.8949744355154857,0.11799316319240029,0.11096721771322007,0.12552692086481984,0
wikitext,refit,20,8192,2048,source_jackknife,1.0462704982165085,1.0348915241211796,1.055803847174438,0.04518549586849566,0.03422231356424794,0.054300470757821816,0
wikitext,refit,20,8192,2048,bootstrap,0.9727970011004436,0.9625931327111851,0.9820832625165973,0.027626005710379403,0.018093191602327377,0.038190301190492625,0
wikitext,refit,20,8192,2048,bootstrap_jackknife,0.9970979588420124,0.9834265562416489,1.0102061588357134,0.012354458442306532,0.004725740562674483,0.01975942668849943,0
wikitext,refit,20,1024,4096,multinomial,0.8152436410314747,0.8060921683652463,0.8240184992647697,0.20433931766579838,0.1935825164484424,0.21564173337967216,0
wikitext,refit,20,1024,4096,source_same_lag,0.7094952991819227,0.7027132120892774,0.7160542063271317,0.3432418934958079,0.3340355669081195,0.35285683098376375,0
wikitext,refit,20,1024,4096,source_full,0.7159498556783743,0.7090267681800004,0.7226702653302475,0.3341866327204814,0.3248390842454381,0.3438935204308034,0
wikitext,refit,20,1024,4096,multinomial_jackknife,0.8911173333927888,0.8787909165093024,0.9036885121311693,0.1154071290803691,0.10133221414737095,0.12930181078836325,0
wikitext,refit,20,1024,4096,source_jackknife,0.8901649326682434,0.8790805726312203,0.9007898594209424,0.11644108035167017,0.10450861906638878,0.12896333403846674,0
wikitext,refit,20,1024,4096,bootstrap,0.7132009153394548,0.7070678006918057,0.7189319434564843,0.3380184155659012,0.3299983238476283,0.34665427001920296,0
wikitext,refit,20,1024,4096,bootstrap_jackknife,0.8799263523955042,0.8632392861855878,0.8949417223811514,0.12814603709918657,0.11108102320678193,0.14726733299059647,0
wikitext,refit,20,2048,4096,multinomial,0.8579355611126533,0.8514159659875534,0.8641548278998461,0.15324085313101818,0.1460099050971892,0.16086573544075108,0
wikitext,refit,20,2048,4096,source_same_lag,0.8395348133710936,0.8295777857956023,0.8481118922879185,0.17497611538600746,0.16475808501617886,0.18692838145987403,0
wikitext,refit,20,2048,4096,source_full,0.8473249753628077,0.8370734382569627,0.8562868271184662,0.16574442990991886,0.1551534827157926,0.17791124049560544,0
wikitext,refit,20,2048,4096,multinomial_jackknife,0.898605561392717,0.8901961019415678,0.907037382561994,0.10695277556967493,0.09760537247270402,0.11632643903730333,0
wikitext,refit,20,2048,4096,source_jackknife,0.9760273536425785,0.960343558222859,0.9899344386444208,0.024418822212172817,0.010413805377397244,0.040588653225530104,0
wikitext,refit,20,2048,4096,bootstrap,0.8325893189048847,0.8230988175562893,0.8413806536024744,0.18328170478426217,0.17276216503543101,0.19473389252318024,0
wikitext,refit,20,2048,4096,bootstrap_jackknife,0.9478227033955315,0.9288990576714808,0.965333337852966,0.05384967849759042,0.03538730439096118,0.07395945345327262,0
wikitext,refit,20,4096,4096,multinomial,0.8746428986970457,0.8677461502149112,0.8811009811021027,0.13395610695363938,0.126591060125213,0.14187206249725007,0
wikitext,refit,20,4096,4096,source_same_lag,0.9208572322439678,0.9107507375427286,0.9301062274880338,0.08251017710313267,0.07247268522545527,0.0935350054514518,0
wikitext,refit,20,4096,4096,source_full,0.9294384263930398,0.9190706863244082,0.938905848228192,0.07323740531191897,0.063051661395918,0.08444918999511038,0
wikitext,refit,20,4096,4096,multinomial_jackknife,0.8930938428914038,0.8855860684654115,0.9003241781453285,0.11308723677903003,0.10501613579485279,0.12152024509368724,0
wikitext,refit,20,4096,4096,source_jackknife,1.0131717465697143,0.9995036872235563,1.026042882096907,0.016713294272685652,0.009286507488263313,0.02605561534856791,0
wikitext,refit,20,4096,4096,bootstrap,0.9103424391443462,0.8993041963994962,0.9220809980787076,0.09402808921364164,0.08119777093251879,0.10616187468524724,0
wikitext,refit,20,4096,4096,bootstrap_jackknife,0.9807231544414199,0.966726079331448,0.9980950310852142,0.02611720631434547,0.018767807093360175,0.0342179705012566,0
wikitext,refit,20,8192,4096,multinomial,0.8828673495941843,0.8762628130094116,0.8891948459174877,0.12459372893050157,0.1174551645358018,0.13209905671644143,0
wikitext,refit,20,8192,4096,source_same_lag,0.9707709830998116,0.9611820158579509,0.9791843875081455,0.029704528208905467,0.021045189913657832,0.03964756598358326,0
wikitext,refit,20,8192,4096,source_full,0.980197341286966,0.9703379798225116,0.9887603330934362,0.02004181562682332,0.01131163122628417,0.030156680151137354,0
wikitext,refit,20,8192,4096,multinomial_jackknife,0.889111861273954,0.8822800842821824,0.8957523518708412,0.11755001563433463,0.1101026376055621,0.12525522935233124,0
wikitext,refit,20,8192,4096,source_jackknife,1.0301204739447858,1.0185548109985394,1.0399999077856548,0.029619277862943803,0.018306782721156385,0.03920287512767111,0
wikitext,refit,20,8192,4096,bootstrap,0.9507162132960016,0.941014212042425,0.9590330115287979,0.050582147332701166,0.04184608732541058,0.060862278648123,0
wikitext,refit,20,8192,4096,bootstrap_jackknife,0.9946806571852573,0.9840026921817674,1.0045299539114383,0.008867181627688823,0.0038178229803902176,0.016876251852850226,0
wikitext,refit,50,1024,512,multinomial,0.8661072407114982,0.8577448030723819,0.8740803942496983,0.143757396899881,0.13458849908604906,0.15345767037446068,0
wikitext,refit,50,1024,512,source_same_lag,0.972575087434074,0.9617917863174923,0.9829614705700498,0.027845564990698676,0.017197740512430847,0.03899422828891142,0
wikitext,refit,50,1024,512,source_full,1.0021973047371548,0.9910369752455382,1.0130648735441783,0.008144366279296473,0.004376713833169773,0.013654337735535899,0
wikitext,refit,50,1024,512,multinomial_jackknife,0.8666312928776784,0.8582290055551082,0.8746817794033737,0.1431523974807645,0.13390476924540223,0.1528928983273563,0
wikitext,refit,50,1024,512,source_jackknife,1.029795173846617,1.017842150631904,1.041527538485927,0.029310815048729302,0.017669168114809848,0.04064394013889584,0
wikitext,refit,50,2048,512,multinomial,0.8619903894388945,0.8537643408913173,0.8697712339948355,0.148520476042863,0.13953790757677467,0.1581060480207901,0
wikitext,refit,50,2048,512,source_same_lag,0.9869982354278579,0.9774085138785613,0.9959301292801152,0.01309875772012694,0.005008588114260457,0.022855592815837735,0
wikitext,refit,50,2048,512,source_full,1.0176197693040605,1.0077391620425966,1.0266698160904246,0.01745549376940865,0.0077037881841084555,0.026312138414790968,0
wikitext,refit,50,2048,512,multinomial_jackknife,0.8594151568202593,0.851261284180605,0.8672328786127251,0.15151290023509498,0.14245131472851624,0.16104955916265276,0
wikitext,refit,50,2048,512,source_jackknife,1.0323132845507832,1.0222196992543107,1.0416012620067165,0.03178986479203558,0.021968477077027954,0.04075375788117094,0
wikitext,refit,50,4096,512,multinomial,0.8602471622577726,0.8523571187121292,0.8677064240017355,0.15054171984220113,0.14190765386562365,0.159755781770164,0
wikitext,refit,50,4096,512,source_same_lag,0.9988040018388812,0.9896046408145489,1.0075045402493368,0.002928455540302485,0.0017146106296011456,0.010683458024387582,0
wikitext,refit,50,4096,512,source_full,1.0300701791224423,1.0204522625526116,1.0391358432140592,0.02962099530666337,0.020245803265289096,0.03838142675112599,0
wikitext,refit,50,4096,512,multinomial_jackknife,0.8563021401873294,0.8484407639195644,0.8637123825941186,0.15513798848472457,0.1465230505637394,0.16436079821172023,0
wikitext,refit,50,4096,512,source_jackknife,1.0382031719170535,1.0284459216274626,1.0474112425254383,0.0374848028022917,0.028046356708956614,0.0463149363392888,0
wikitext,refit,50,8192,512,multinomial,0.8554121392821312,0.847663640843783,0.8626369315118986,0.1561742575790933,0.14776263288170327,0.16527276568813995,0
wikitext,refit,50,8192,512,source_same_lag,0.9978609746370555,0.9885407482225439,1.0066357770752938,0.0037566021785102113,0.0018379087724304545,0.011585511143062834,0
wikitext,refit,50,8192,512,source_full,1.0287874835322763,1.0191570742893723,1.037962237163808,0.02837188817272787,0.018972759946373596,0.03725182576064882,0
wikitext,refit,50,8192,512,multinomial_jackknife,0.8513801724097578,0.8436638934706994,0.8585876599657779,0.16089877386115722,0.15246767550356466,0.17000301609748947,0
wikitext,refit,50,8192,512,source_jackknife,1.0327465845416626,1.0231175182607593,1.0419230433058015,0.032213415865637716,0.022851448993877026,0.04106059798159894,0
wikitext,refit,50,1024,1024,multinomial,0.8690221552478282,0.8610265204978581,0.8768169435103816,0.14040332246098938,0.13147708185892729,0.1496409719022839,0
wikitext,refit,50,1024,1024,source_same_lag,0.9464910047279608,0.9368714798746018,0.9559988817421953,0.055029227314817686,0.04500561865767834,0.06522888827378946,0
wikitext,refit,50,1024,1024,source_full,0.9674411251195821,0.957706512845314,0.9776529876691475,0.033140379049298535,0.022625021115926083,0.043259918690625856,0
wikitext,refit,50,1024,1024,multinomial_jackknife,0.8784690984004438,0.8703392095382938,0.8864817452728257,0.12959207136451875,0.12051382380384118,0.13888401456861976,0
wikitext,refit,50,1024,1024,source_jackknife,1.0184527208078038,1.0066093067499873,1.0308274443337246,0.018215267125258117,0.007749784791627138,0.03030200065511569,0
wikitext,refit,50,2048,1024,multinomial,0.8704205579914996,0.8628398666467881,0.878019494330518,0.1387883923894808,0.13009004760481432,0.14753884567622091,0
wikitext,refit,50,2048,1024,source_same_lag,0.9755809921398304,0.9664010781775039,0.9845784520346949,0.02474222116816055,0.015546433378322124,0.034205790276326364,0
wikitext,refit,50,2048,1024,source_full,0.9974661705977153,0.9881946581144864,1.006448756909823,0.004361192000822561,0.0015386649903026911,0.011946121931530988,0
wikitext,refit,50,2048,1024,multinomial_jackknife,0.8721146055931774,0.8645073915631434,0.8798112166032355,0.13684451056578628,0.1280517553256002,0.1455978990904154,0
wikitext,refit,50,2048,1024,source_jackknife,1.026149032053946,1.0159634863207099,1.0357783456374254,0.025785636650040744,0.015792867118119426,0.035144611271697476,0
wikitext,refit,50,4096,1024,multinomial,0.8691498282827542,0.8618179171221434,0.8764135910694842,0.14024697950471307,0.13192489613228517,0.1487125598497406,0
wikitext,refit,50,4096,1024,source_same_lag,0.993382524588265,0.9853012412877391,1.001658311078465,0.006646757307387647,0.00222688441025898,0.014813253106744494,0
wikitext,refit,50,4096,1024,source_full,1.0156834600700744,1.0074751262943014,1.0241302335508902,0.015555334988867874,0.007444228581036638,0.023838391035659975,0
wikitext,refit,50,4096,1024,multinomial_jackknife,0.8666055904913267,0.8593420012372774,0.8737935426518907,0.14317822541507766,0.13492082293263136,0.15159374802310557,0
wikitext,refit,50,4096,1024,source_jackknife,1.031287357469544,1.0229562952250253,1.039874194682286,0.030801410525998444,0.022693286821656725,0.03909150990996841,0
wikitext,refit,50,8192,1024,multinomial,0.8638617330948845,0.856988017039396,0.8706157739472241,0.146344333923506,0.1385564460493669,0.15433242179613268,0
wikitext,refit,50,8192,1024,source_same_lag,0.9966816990249103,0.9880886263257153,1.0055166130923288,0.004704274546288081,0.0020316867372365114,0.011990024675232368,0
wikitext,refit,50,8192,1024,source_full,1.019036451476025,1.010237586247702,1.0281706384892784,0.01884335223962588,0.010183639856375583,0.02777432331510837,0
wikitext,refit,50,8192,1024,multinomial_jackknife,0.859622525592414,0.8528058349671175,0.8663501198037578,0.15126349876721434,0.1434681436905001,0.15922384226604944,0
wikitext,refit,50,8192,1024,source_jackknife,1.0269774823770654,1.0182163933422768,1.0361644756625878,0.02660699578164037,0.01803932503691879,0.035525345827190656,0
wikitext,refit,50,1024,2048,multinomial,0.8649920833913968,0.8564577971325218,0.8730112447656605,0.14506677385155523,0.135815311164985,0.1549806982045867,0
wikitext,refit,50,1024,2048,source_same_lag,0.9018357548477208,0.8932943852927349,0.9098155609957181,0.10334718633134694,0.09452530990459983,0.1128506097935466,0
wikitext,refit,50,1024,2048,source_full,0.9163702212779953,0.9074002698540966,0.9247978602368084,0.08736399702630233,0.07819702806736982,0.09719804663585144,0
wikitext,refit,50,1024,2048,multinomial_jackknife,0.8880778273359379,0.879032020902101,0.8965251280167882,0.1187316636844562,0.10924173552591088,0.12894549946731138,0
wikitext,refit,50,1024,2048,source_jackknife,1.0001622914638844,0.9884512145269791,1.0117058516851474,0.008556648426519235,0.0035158536671969737,0.01576445178981306,0
wikitext,refit,50,2048,2048,multinomial,0.8748861862023268,0.8676931206049859,0.881647881822039,0.1336693863042704,0.12597030148996652,0.14192437972672556,0
wikitext,refit,50,2048,2048,source_same_lag,0.9531998211187119,0.9427690736046485,0.9622258210819354,0.047968399776404914,0.03850934004484331,0.058995247994157805,0
wikitext,refit,50,2048,2048,source_full,0.9686875692659009,0.9583579606634158,0.9777068561780805,0.031849861930162766,0.022558273960228963,0.04258731965033641,0
wikitext,refit,50,2048,2048,multinomial_jackknife,0.8839226527999032,0.8765998082443904,0.890845726047499,0.12339519087506888,0.11559191578933983,0.1317160092853715,0
wikitext,refit,50,2048,2048,source_jackknife,1.0190851773187661,1.006304410681443,1.0297744463744243,0.020355823204459184,0.012807516660921508,0.02933330732516359,0
wikitext,refit,50,4096,2048,multinomial,0.8761157640030525,0.8692540427109737,0.8825389912608936,0.1322621068063268,0.12495617543654887,0.14012161619819863,0
wikitext,refit,50,4096,2048,source_same_lag,0.9821258548859662,0.9731146283117355,0.9902095169264425,0.018054563533199435,0.009843134170131149,0.02728683236521069,0
wikitext,refit,50,4096,2048,source_full,0.9979776649860013,0.9888964639131607,1.0062327639198165,0.005011279083496816,0.002302898728791741,0.011271373579755207,0
wikitext,refit,50,4096,2048,multinomial_jackknife,0.8770981420697321,0.8702148528071869,0.883534512440792,0.13114126349037222,0.12382692610844803,0.13902272847561115,0
wikitext,refit,50,4096,2048,source_jackknife,1.0263100979548392,1.0167207607991977,1.035129268666036,0.02594763582856376,0.016563599426165556,0.034502424144091604,0
wikitext,refit,50,8192,2048,multinomial,0.872407030014487,0.8655881427521137,0.8785946025868099,0.13650124329798333,0.12943363319200435,0.1443480694946003,0
wikitext,refit,50,8192,2048,source_same_lag,0.9932386697326907,0.9837772727054248,1.0014872504581325,0.006806217811778179,0.002084481448800725,0.01637343354877149,0
wikitext,refit,50,8192,2048,source_full,1.0094427859265276,0.9997516910189466,1.0179369222216126,0.010841110838002934,0.0052522951013118,0.017750833005746834,0
wikitext,refit,50,8192,2048,multinomial_jackknife,0.8691987441411199,0.862407999688397,0.875348117719721,0.14018556468957777,0.13313526383679825,0.1480286575613606,0
wikitext,refit,50,8192,2048,source_jackknife,1.0243080077912061,1.014492671353391,1.0329254757491901,0.023993375346479922,0.014356294746870902,0.032387816981301956,0
wikitext,refit,50,1024,4096,multinomial,0.8464800619800782,0.83711759754672,0.8549852663295325,0.16672082659597978,0.15669043704542654,0.17782983461132126,0
wikitext,refit,50,1024,4096,source_same_lag,0.8283321288639279,0.8208627638868071,0.8353503978693217,0.18836578700115447,0.17990893475529496,0.19742714859055358,0
wikitext,refit,50,1024,4096,source_full,0.8384496630446304,0.8307894077678171,0.845670392776931,0.17622760217160796,0.1676506352439213,0.18539362023432082,0
wikitext,refit,50,1024,4096,multinomial_jackknife,0.8881912783328797,0.8776783826752917,0.8984237712402284,0.1186398793304147,0.10715873287869018,0.1305679972562222,0
wikitext,refit,50,1024,4096,source_jackknife,0.9598890275935321,0.9485999283434916,0.9703613051860379,0.041003775057048865,0.0301138272918107,0.05283718804649858,0
wikitext,refit,50,2048,4096,multinomial,0.8680484903305068,0.8614675264759795,0.8742297075693036,0.14151438066463284,0.1344138497140739,0.14912688608324376,0
wikitext,refit,50,2048,4096,source_same_lag,0.9084228085844878,0.8978187616130792,0.9174702434347749,0.09610372892676973,0.08617703994782343,0.10784997697262887,0
wikitext,refit,50,2048,4096,source_full,0.9195960870333315,0.9088111335885688,0.9288287862611643,0.08387928721083436,0.07383485283261332,0.09568582907440737,0
wikitext,refit,50,2048,4096,multinomial_jackknife,0.8879987690913304,0.8806413986267253,0.8948273044143409,0.11879854219444691,0.11114668392555749,0.12712027471550916,0
wikitext,refit,50,2048,4096,source_jackknife,0.9984700933395237,0.9836814291802964,1.0107413923824757,0.01156164524328114,0.005189267069181368,0.020636524114478964,0
wikitext,refit,50,4096,4096,multinomial,0.8745978647996755,0.8680889024987415,0.8808105046997489,0.13399671824907708,0.1269185206953876,0.14146663945485238,0
wikitext,refit,50,4096,4096,source_same_lag,0.9545833019407376,0.9448024795545151,0.9632080148928903,0.04651836697089708,0.03748799040491127,0.056816779506286406,0
wikitext,refit,50,4096,4096,source_full,0.9662331995874549,0.9562656714219628,0.9751661259610801,0.034389837424211006,0.02515397621206631,0.04474498221565767,0
wikitext,refit,50,4096,4096,multinomial_jackknife,0.8816886080139326,0.8750308719618785,0.8879483597707943,0.12592258922335742,0.11884333862905638,0.1335038711596573,0
wikitext,refit,50,4096,4096,source_jackknife,1.0131790127036828,1.0018287422667869,1.023460136960765,0.014960894439608517,0.007864761904644508,0.023188910406511075,0
wikitext,refit,50,8192,4096,multinomial,0.8748065168645609,0.8683265441307984,0.8808519062472283,0.13375770433321618,0.1268669071095984,0.14119218514389945,0
wikitext,refit,50,8192,4096,source_same_lag,0.9781086744021086,0.9683125462799397,0.986413716263435,0.022167185037014897,0.013694781061702426,0.03223964790156149,0
wikitext,refit,50,8192,4096,source_full,0.9903273763355409,0.9802912993753949,0.9988041726155574,0.009753822260288472,0.002187482330188182,0.019957823940827072,0
wikitext,refit,50,8192,4096,multinomial_jackknife,0.8744251164368737,0.8679382688961442,0.8805161322506937,0.13419494026898562,0.12725090460022306,0.14164071152822513,0
wikitext,refit,50,8192,4096,source_jackknife,1.0160575853466336,1.005317192917066,1.0250852798761134,0.016954523370167677,0.010617384911756284,0.024773421344819548,0
cnn_dailymail,fixed,0.5,1024,512,multinomial,0.914041568843474,0.9030377145361825,0.9249947427050382,0.0899290747422602,0.07800672702892196,0.1020199692342593,0
cnn_dailymail,fixed,0.5,1024,512,source_same_lag,0.755971909535149,0.747997202291599,0.7636436570322501,0.2797778993529198,0.26967337189866936,0.2903866233578729,0
cnn_dailymail,fixed,0.5,1024,512,source_full,0.7592016913323079,0.7512103691390027,0.766928136718013,0.2755146312005559,0.26538307485579365,0.2861009156657938,0
cnn_dailymail,fixed,0.5,1024,512,multinomial_jackknife,1.150279549708574,1.1345648293075556,1.1664604942107712,0.1399169223234072,0.12619350434292512,0.15391678178195903,0
cnn_dailymail,fixed,0.5,1024,512,source_jackknife,1.0751777559264672,1.0627209641966762,1.0876147553955908,0.07243925068955373,0.06081860047837508,0.08395558361547985,0
cnn_dailymail,fixed,0.5,2048,512,multinomial,1.123612530088093,1.1121319087116843,1.134803124706279,0.11652943677055726,0.10624953532012339,0.12645179214817312,0
cnn_dailymail,fixed,0.5,2048,512,source_same_lag,1.085765897016651,1.0747969524395982,1.0962776892454809,0.08226746610627246,0.07211448368448992,0.0919169147274629,0
cnn_dailymail,fixed,0.5,2048,512,source_full,1.0908656925904374,1.079696519084547,1.101608718106367,0.0869507855388061,0.07666041162426675,0.09675977898826574,0
cnn_dailymail,fixed,0.5,2048,512,multinomial_jackknife,1.3291842681979622,1.3143792347423493,1.3443428043641286,0.28452507800004795,0.2733520275258136,0.29586540095673103,0
cnn_dailymail,fixed,0.5,2048,512,source_jackknife,1.422371154954677,1.406605332612544,1.4380084663248587,0.35228889739551655,0.3411701604620846,0.3632060751530259,0
cnn_dailymail,fixed,0.5,4096,512,multinomial,1.2817256464883766,1.269600427797226,1.2937345616454463,0.2481955068296103,0.2386973948310488,0.2575159862691543,0
cnn_dailymail,fixed,0.5,4096,512,source_same_lag,1.3426777098409342,1.3294230423392142,1.3557166154156932,0.2946477045609286,0.2847420438594605,0.3043161446644552,0
cnn_dailymail,fixed,0.5,4096,512,source_full,1.3493654950261194,1.3356736256767519,1.3627541462190362,0.2996116287913428,0.2894171644578317,0.3094899963117945,0
cnn_dailymail,fixed,0.5,4096,512,multinomial_jackknife,1.4365706848088753,1.4212147702905589,1.4515921733616668,0.36222771181919655,0.3514961314152083,0.3726395109670853,0
cnn_dailymail,fixed,0.5,4096,512,source_jackknife,1.6054739904389999,1.5871105290678604,1.6245358725164218,0.47336720255780906,0.46190988821577555,0.48517398063267764,0
cnn_dailymail,fixed,0.5,8192,512,multinomial,1.3956537512278924,1.3816583197125865,1.4096180726073475,0.3333408007577079,0.3232786231414811,0.3432985408967823,0
cnn_dailymail,fixed,0.5,8192,512,source_same_lag,1.5091390056477796,1.4943030815003226,1.5236099765096573,0.41152306341343653,0.40165262291277176,0.42107712035605416,0
cnn_dailymail,fixed,0.5,8192,512,source_full,1.5172435797539774,1.5022040730125485,1.531871341168814,0.4168780854640186,0.4069267603173294,0.4264683130720395,0
cnn_dailymail,fixed,0.5,8192,512,multinomial_jackknife,1.507013919326147,1.4904929143320218,1.5231716701276556,0.4100945413486481,0.3990968414127885,0.4207656637341658,0
cnn_dailymail,fixed,0.5,8192,512,source_jackknife,1.6830709085426832,1.6652709381767858,1.7008867918430475,0.5205901687128437,0.5099535864337306,0.531126066630275,0
cnn_dailymail,fixed,0.5,1024,1024,multinomial,0.6886529244922258,0.6782566926089155,0.6994586503136927,0.37316414525182084,0.35750794217282017,0.38830951591887103,0
cnn_dailymail,fixed,0.5,1024,1024,source_same_lag,0.48071070549557143,0.47544436245947336,0.48560625252705036,0.7325394004890692,0.7223877767754272,0.7435594959850789,0
cnn_dailymail,fixed,0.5,1024,1024,source_full,0.48256991559458123,0.47730680371137396,0.4874525029601163,0.7286784454706369,0.7185651094433504,0.7396492748249566,0
cnn_dailymail,fixed,0.5,1024,1024,multinomial_jackknife,0.904707373658738,0.8884736632673114,0.9218994743831658,0.10037328816614256,0.08141058056472304,0.118428626881615,0
cnn_dailymail,fixed,0.5,1024,1024,source_jackknife,0.7029701962778153,0.6938311871332945,0.7111957525885666,0.3525228700076481,0.3408266404310295,0.3656132003764525,0
cnn_dailymail,fixed,0.5,2048,1024,multinomial,0.90386676460931,0.8942998933858746,0.9138793112957461,0.10112677886447828,0.09011172831413553,0.11174627162067109,0
cnn_dailymail,fixed,0.5,2048,1024,source_same_lag,0.7696317698050447,0.7626215926143819,0.77631430417323,0.2618662455434795,0.25321570656147446,0.2710184773833094,0
cnn_dailymail,fixed,0.5,2048,1024,source_full,0.7730176880196437,0.7658411004825055,0.7799771161084341,0.2574795488515332,0.24850285305620923,0.26679605862717054,0
cnn_dailymail,fixed,0.5,2048,1024,multinomial_jackknife,1.1155584428914327,1.1012496468873194,1.132184030466588,0.10924706649931676,0.09640584518580006,0.1240351695651794,0
cnn_dailymail,fixed,0.5,2048,1024,source_jackknife,1.0635562264747016,1.0522069147490913,1.0755818601980367,0.061561295688482405,0.05086496004400986,0.07280945680093343,0
cnn_dailymail,fixed,0.5,4096,1024,multinomial,1.0764579770741727,1.0634804191354006,1.0890666028556304,0.07360154065988636,0.0614820482971193,0.08529944739706745,0
cnn_dailymail,fixed,0.5,4096,1024,source_same_lag,1.0517537091332954,1.0401221960199754,1.0637201320507204,0.05040010093485631,0.03931333142849912,0.061729427766909525,0
cnn_dailymail,fixed,0.5,4096,1024,source_full,1.0566952145850848,1.0444909358568273,1.069380713721196,0.055077731783206955,0.04345713249296702,0.06703831931960998,0
cnn_dailymail,fixed,0.5,4096,1024,multinomial_jackknife,1.2448206465601686,1.225231551919184,1.2627880706174661,0.21884790220992692,0.20298658355848667,0.23328674716458261,0
cnn_dailymail,fixed,0.5,4096,1024,source_jackknife,1.3393551231342964,1.318867812380785,1.3607669751080558,0.29203115284696834,0.27665493333715613,0.3079642291826028,0
cnn_dailymail,fixed,0.5,8192,1024,multinomial,1.2096462131988883,1.1954107193077912,1.223103114671109,0.1902604360641116,0.17843764121234615,0.20135730913577726,0
cnn_dailymail,fixed,0.5,8192,1024,source_same_lag,1.2670747841283168,1.2536594468561402,1.2806862703560924,0.23665822374903375,0.22603654501161788,0.247357627291239,0
cnn_dailymail,fixed,0.5,8192,1024,source_full,1.2738745369755127,1.2602406158052777,1.2877309780767985,0.24200704696876083,0.23128132690166983,0.2528457160928109,0
cnn_dailymail,fixed,0.5,8192,1024,multinomial_jackknife,1.3372127250939456,1.3192271282147987,1.3545445854109575,0.2904854640242611,0.27698904613604475,0.30340684739902135,0
cnn_dailymail,fixed,0.5,8192,1024,source_jackknife,1.4869361678300208,1.468038075467965,1.5062899741210167,0.39662338551345927,0.3839134096120615,0.4095642618834454,0
cnn_dailymail,fixed,0.5,1024,2048,multinomial,0.5011281909420099,0.49140430464919804,0.5115659456155723,0.6911569772511647,0.6703462368700114,0.7106361162670508,0
cnn_dailymail,fixed,0.5,1024,2048,source_same_lag,0.30373318355712303,0.299277580643421,0.30762641366311366,1.1917004851541952,1.1788735240223966,1.2065299315377174,0
cnn_dailymail,fixed,0.5,1024,2048,source_full,0.30480800848857675,0.3003462191805806,0.30868309174683684,1.1881663945363736,1.175467100924249,1.2029610776173678,0
cnn_dailymail,fixed,0.5,1024,2048,multinomial_jackknife,0.6801531103805966,0.6641877859193953,0.6971601712012748,0.3858434507879272,0.36087751917099137,0.4094268086733195,0
cnn_dailymail,fixed,0.5,1024,2048,source_jackknife,0.44810383593494385,0.44036135396601905,0.45473144368549356,0.8028830766760221,0.7880591549457892,0.8204149921281215,0
cnn_dailymail,fixed,0.5,2048,2048,multinomial,0.7058130585719955,0.6960568129800843,0.7168578389881795,0.34851871984864696,0.33292491942905533,0.3624257908473179,0
cnn_dailymail,fixed,0.5,2048,2048,source_same_lag,0.5178695418123337,0.5125522071647856,0.5232865000863928,0.6580613765627411,0.6476415701660333,0.668376918483201,0
cnn_dailymail,fixed,0.5,2048,2048,source_full,0.520017774408055,0.5146657029912249,0.5255079496409303,0.653922273347176,0.6434067938732507,0.6642679647321535,0
cnn_dailymail,fixed,0.5,2048,2048,multinomial_jackknife,0.9077323560047585,0.8920043184438393,0.9261234092939639,0.09702060945266684,0.07695411263927399,0.1143107159539131,0
cnn_dailymail,fixed,0.5,2048,2048,source_jackknife,0.7353334242492834,0.7260895647377504,0.7449793530602837,0.3075042559568741,0.29445630814135415,0.3201470093190176,0
cnn_dailymail,fixed,0.5,4096,2048,multinomial,0.888611205971737,0.8715410129476553,0.9050100199621774,0.11832643237152586,0.09988680685339994,0.1377422171924798,0
cnn_dailymail,fixed,0.5,4096,2048,source_same_lag,0.7781797006837042,0.7668680349880497,0.7892073873033989,0.2509052562476371,0.23677578433022817,0.26550010175539057,0
cnn_dailymail,fixed,0.5,4096,2048,source_full,0.7816112489715072,0.7698042373736419,0.7931824247332526,0.2465186342361855,0.23175136060820972,0.2617264787523945,0
cnn_dailymail,fixed,0.5,4096,2048,multinomial_jackknife,1.0667460076783957,1.0398590718281413,1.0919199854944093,0.06419302042957849,0.038693159681422,0.08777836243967616,0
cnn_dailymail,fixed,0.5,4096,2048,source_jackknife,1.043412929040527,1.0222992458993347,1.064572558601457,0.04222619814516571,0.022183455864028694,0.06244523242597564,0
cnn_dailymail,fixed,0.5,8192,2048,multinomial,1.0408459590376504,1.0235361170139023,1.057571482567024,0.0398786386161768,0.02313203244380162,0.05588228289106072,0
cnn_dailymail,fixed,0.5,8192,2048,source_same_lag,1.0256672411826946,1.010147874325686,1.0412025316810203,0.025322756190566512,0.013132637509915928,0.04029324785387503,0
cnn_dailymail,fixed,0.5,8192,2048,source_full,1.0311415037685854,1.0151744754547969,1.0469336499412663,0.03053515203211221,0.016148980053529837,0.045815035349582554,0
cnn_dailymail,fixed,0.5,8192,2048,multinomial_jackknife,1.1853729679144596,1.1634252527239244,1.206764789497821,0.1698432755856508,0.1512152036775214,0.1877886246750133,0
cnn_dailymail,fixed,0.5,8192,2048,source_jackknife,1.2761969443057588,1.2522681484446931,1.2995919095377426,0.24366391391752984,0.22482965152808077,0.2619621450419022,0
cnn_dailymail,fixed,0.5,1024,4096,multinomial,0.3606154990282938,0.3527081541989343,0.3688663415819507,1.0203008999037326,0.9974884655662732,1.0422447023340575,0
cnn_dailymail,fixed,0.5,1024,4096,source_same_lag,0.2002311868353672,0.19703984175784864,0.20281876743793906,1.6084160156153848,1.5954456540049344,1.624549359319929,0
cnn_dailymail,fixed,0.5,1024,4096,source_full,0.2008931725776283,0.1977129624648949,0.2034705852197157,1.6051135886549417,1.592246307545146,1.621139538350955,0
cnn_dailymail,fixed,0.5,1024,4096,multinomial_jackknife,0.4996491723169325,0.48657707020120067,0.5134238131670892,0.6943950294808117,0.6668467365342476,0.7207956069031393,0
cnn_dailymail,fixed,0.5,1024,4096,source_jackknife,0.2962929093410856,0.29055393673998414,0.3008066200368492,1.2166222994970326,1.201288376268223,1.2363739185044271,0
cnn_dailymail,fixed,0.5,2048,4096,multinomial,0.5393393030892769,0.5308829344648849,0.5488710964203274,0.6175859509432651,0.6000282212410373,0.6332375463141355,0
cnn_dailymail,fixed,0.5,2048,4096,source_same_lag,0.34938101424994095,0.3458303028557236,0.352864816870155,1.0516358825417484,1.0416801066315893,1.0618756541657173,0
cnn_dailymail,fixed,0.5,2048,4096,source_full,0.3507494653800646,0.347240954814627,0.35415641249337654,1.047724219537553,1.0380280754319375,1.057781940055099,0
cnn_dailymail,fixed,0.5,2048,4096,multinomial_jackknife,0.7160011917404793,0.7016945474679409,0.7325910283644845,0.3343914576910308,0.31151343986507113,0.3543121673541465,0
cnn_dailymail,fixed,0.5,2048,4096,source_jackknife,0.5006771230338001,0.494208444998035,0.5070034475692345,0.6918937859048758,0.6792734710736639,0.7048961789057533,0
cnn_dailymail,fixed,0.5,4096,4096,multinomial,0.7217544255017835,0.7040401048581183,0.7402313097805844,0.32653086506705914,0.3010793639953684,0.3513718243771488,0
cnn_dailymail,fixed,0.5,4096,4096,source_same_lag,0.5554569633731897,0.5469129156249569,0.5632354513178612,0.5880967544001168,0.5740947366610883,0.6036021725430275,0
cnn_dailymail,fixed,0.5,4096,4096,source_full,0.5577265866096042,0.5488221743076493,0.5658181437345602,0.5840323227295319,0.5695518459074392,0.6001348328019038,0
cnn_dailymail,fixed,0.5,4096,4096,multinomial_jackknife,0.8997626148383013,0.8701378105900522,0.9297695841932081,0.10644418065367496,0.07344548454263584,0.1398257095728692,0
cnn_dailymail,fixed,0.5,4096,4096,source_jackknife,0.7654085445454306,0.7488641444248917,0.7811568278040774,0.2676636358757201,0.24721444815654234,0.2894481747081158,0
cnn_dailymail,fixed,0.5,8192,4096,multinomial,0.8914505696162955,0.8734229850485844,0.9081911138302076,0.115178726092475,0.09633623485729642,0.13557849691473015,0
cnn_dailymail,fixed,0.5,8192,4096,source_same_lag,0.7969322448095697,0.7827510667037967,0.8106252054802366,0.2271930568472992,0.21004082109159017,0.24505160486743305,0
cnn_dailymail,fixed,0.5,8192,4096,source_full,0.8010306899771525,0.7865384381039783,0.814988255969944,0.22207318925040656,0.20468343173164752,0.24031385308471506,0
cnn_dailymail,fixed,0.5,8192,4096,multinomial_jackknife,1.0529350050416324,1.0293886570614321,1.0756842382623606,0.05122632565522916,0.028726840789818426,0.07275128346069505,0
cnn_dailymail,fixed,0.5,8192,4096,source_jackknife,1.0404685833316538,1.0160989524886974,1.0633793244311216,0.04201276322391471,0.024018666018180524,0.06143670153039999,0
cnn_dailymail,fixed,1,1024,512,multinomial,0.9571391289683086,0.9480632747790729,0.9663108777261578,0.04382820085468029,0.03429437343063512,0.05336043472194384,0
cnn_dailymail,fixed,1,1024,512,source_same_lag,0.8356972643036014,0.8277866006750031,0.8433900957753051,0.17951097053568185,0.17034576213643002,0.18902922965032148,0
cnn_dailymail,fixed,1,1024,512,source_full,0.8396905604223945,0.8317059189417888,0.8473888709789847,0.17474401427292416,0.16561170096573072,0.1842879215925929,0
cnn_dailymail,fixed,1,1024,512,multinomial_jackknife,1.1188328011452353,1.1064550799724817,1.1318665084672554,0.11223403203250287,0.10113598888590256,0.12382246713567398,0
cnn_dailymail,fixed,1,1024,512,source_jackknife,1.1234114714207106,1.1115092325795073,1.1350560619541517,0.11632968518774588,0.10567759562881313,0.12665715363532395,0
cnn_dailymail,fixed,1,1024,512,bootstrap,0.7919125203268783,0.7837283446891422,0.800718886004924,0.23334978247163063,0.22229211617624142,0.24371206261928519,0
cnn_dailymail,fixed,1,1024,512,bootstrap_jackknife,0.9597055162578804,0.9480309410642023,0.9735449986772652,0.04122667509368897,0.02696250939596836,0.05337250335742277,0
cnn_dailymail,fixed,1,2048,512,multinomial,1.078374273441945,1.068399946320185,1.0879340878357064,0.07543838109689271,0.0661537044449824,0.08426411848132502,0
cnn_dailymail,fixed,1,2048,512,source_same_lag,1.06924024167751,1.0594341086081898,1.0786514293843374,0.0669314016993329,0.057717749534159084,0.07570923368464284,0
cnn_dailymail,fixed,1,2048,512,source_full,1.074706558988112,1.0648177074478016,1.0842476012836002,0.07203026921984473,0.06278707317759842,0.08086983462907302,0
cnn_dailymail,fixed,1,2048,512,multinomial_jackknife,1.1961376563030617,1.1841889679836168,1.207643499237654,0.17906913089627716,0.1690450633058278,0.18864869021227873,0
cnn_dailymail,fixed,1,2048,512,source_jackknife,1.309004764965909,1.296445028488114,1.3210758973988803,0.269245794481536,0.25961017134106307,0.27843491429302286,0
cnn_dailymail,fixed,1,2048,512,bootstrap,0.8895536720329551,0.8803959557485062,0.898307499872469,0.11706655411094363,0.1072558266814417,0.12744302117938938,0
cnn_dailymail,fixed,1,2048,512,bootstrap_jackknife,0.985585701964065,0.9752221200261956,0.995367029543384,0.014553552093421572,0.0056308372018690845,0.025121855414615275,0
cnn_dailymail,fixed,1,4096,512,multinomial,1.1611643574529167,1.1516780699826243,1.1705637754297171,0.14941851833112949,0.14121704478483785,0.1574834486455085,0
cnn_dailymail,fixed,1,4096,512,source_same_lag,1.22427719847198,1.2130447899814194,1.23525192171204,0.20233505050115727,0.1931195897889888,0.21127314335933833,0
cnn_dailymail,fixed,1,4096,512,source_full,1.2308125708777393,1.2193510535439274,1.24209285924944,0.207657368474529,0.19830625986786843,0.21679484674090035,0
cnn_dailymail,fixed,1,4096,512,multinomial_jackknife,1.241334878886791,1.2309131137204523,1.2514421735727608,0.2161800278154702,0.20775340275699292,0.22429025154500118,0
cnn_dailymail,fixed,1,4096,512,source_jackknife,1.384926062003821,1.3713110229395762,1.3982285839858637,0.3256209567945986,0.31575168651513297,0.3352030235396949,0
cnn_dailymail,fixed,1,4096,512,bootstrap,0.9437762808971698,0.9334454011039681,0.9540642773319143,0.057909010064518575,0.04704808698717356,0.06889717943950678,0
cnn_dailymail,fixed,1,4096,512,bootstrap_jackknife,0.9959820209118354,0.9829315388855565,1.0090160641335848,0.010483786827872715,0.004520971455825496,0.018743002911369794,0
cnn_dailymail,fixed,1,8192,512,multinomial,1.2164738215404496,1.2061293323454627,1.226320094967391,0.195948315123996,0.18741033510525995,0.20400947634408823,0
cnn_dailymail,fixed,1,8192,512,source_same_lag,1.3138232314008862,1.3024010127906787,1.3249990353779664,0.2729318460725632,0.26419653604674503,0.28140647923072243,0
cnn_dailymail,fixed,1,8192,512,source_full,1.3210545330070438,1.3095295695775204,1.33226499847812,0.2784209626399307,0.26965824682930734,0.28687608585097196,0
cnn_dailymail,fixed,1,8192,512,multinomial_jackknife,1.2711103600414577,1.260016714862325,1.2817305421327785,0.2398797551870677,0.23112008900009956,0.2481994502453292,0
cnn_dailymail,fixed,1,8192,512,source_jackknife,1.412012058422621,1.3995589827766384,1.4241184121111063,0.34500441014855704,0.33614543291065396,0.3535399722169751,0
cnn_dailymail,fixed,1,8192,512,bootstrap,0.9685492424909096,0.9599264549672876,0.9767747990016955,0.03196602386027455,0.023503140665314243,0.04090237787496276,0
cnn_dailymail,fixed,1,8192,512,bootstrap_jackknife,0.9952058863811107,0.9840749329694475,1.0055088596474158,0.007671464280740163,0.0031184835737854996,0.016358265875371945,0
cnn_dailymail,fixed,1,1024,1024,multinomial,0.7969132104884346,0.7869567094820736,0.807419253152571,0.2271095573258609,0.2139426712511269,0.23962906929198166,0
cnn_dailymail,fixed,1,1024,1024,source_same_lag,0.5865850985966361,0.5816598467667276,0.5916310727406577,0.5334643649279739,0.5248807051400035,0.5418826207872879,0
cnn_dailymail,fixed,1,1024,1024,source_full,0.5890911994848251,0.5841638292972705,0.5941458643013207,0.52920109677561,0.5206400037260118,0.5375934613413982,0
cnn_dailymail,fixed,1,1024,1024,multinomial_jackknife,0.9801143485867402,0.9654191667377601,0.9961244057145756,0.022331900775342296,0.0097290119502407,0.035522260997700325,0
cnn_dailymail,fixed,1,1024,1024,source_jackknife,0.8342681017828389,0.8261166001021364,0.8425020370744117,0.18124721488550033,0.17139867836753134,0.191047945773184,0
cnn_dailymail,fixed,1,1024,1024,bootstrap,0.65592394254413,0.6493415033596389,0.6626284584918061,0.4217613676150724,0.41156610162937673,0.4318020156173337,0
cnn_dailymail,fixed,1,1024,1024,bootstrap_jackknife,0.8807573973499103,0.8702580740060205,0.8929015205255213,0.1270745133973872,0.11337070836745247,0.1390072850999829,0
cnn_dailymail,fixed,1,2048,1024,multinomial,0.9427933647216384,0.9344440393743793,0.9511447906818219,0.058939742121997866,0.0501175384540411,0.06784250925572717,0
cnn_dailymail,fixed,1,2048,1024,source_same_lag,0.8424838115294612,0.8359037188007569,0.8490137450779836,0.17141899946878159,0.1636997627165577,0.17924696401365936,0
cnn_dailymail,fixed,1,2048,1024,source_full,0.846440921643925,0.839665699291385,0.8531490339150585,0.16673568003624797,0.15883380388646964,0.17475552715738218,0
cnn_dailymail,fixed,1,2048,1024,multinomial_jackknife,1.0849270249764418,1.0733691777019494,1.0977445648336697,0.08144338986968734,0.07073160398314218,0.09319542692779875,0
cnn_dailymail,fixed,1,2048,1024,source_jackknife,1.1036676279190603,1.0937018402243364,1.1139340906990154,0.09860243182046245,0.08954355867313048,0.10787384253450366,0
cnn_dailymail,fixed,1,2048,1024,bootstrap,0.8111815329884515,0.8031664373943167,0.8191002067849137,0.20930917718245587,0.19957535879773447,0.21921181604062182,0
cnn_dailymail,fixed,1,2048,1024,bootstrap_jackknife,0.9658787537125045,0.9536253380950154,0.977378137647522,0.03480755651192762,0.02291920544636116,0.04758175963176024,0
cnn_dailymail,fixed,1,4096,1024,multinomial,1.0419615614857325,1.0338263762612108,1.050027537501366,0.041085996817239755,0.03324276619305029,0.04880450872724266,0
cnn_dailymail,fixed,1,4096,1024,source_same_lag,1.0418306908980863,1.0339282864844876,1.0498984741440673,0.04096123898587446,0.03335317865596207,0.04867428689200634,0
cnn_dailymail,fixed,1,4096,1024,source_full,1.047019977805132,1.0387529233867367,1.0556203946687797,0.04592516321628872,0.03800733292487458,0.054101225058583044,0
cnn_dailymail,fixed,1,4096,1024,multinomial_jackknife,1.1371433590989255,1.1263353463952968,1.1474145116628558,0.12847990355403974,0.1189224114763176,0.1374982461338197,0
cnn_dailymail,fixed,1,4096,1024,source_jackknife,1.245743535040979,1.233738931399396,1.2589796954993355,0.21968073698275503,0.21004854453192967,0.23025741475715286,0
cnn_dailymail,fixed,1,4096,1024,bootstrap,0.9032536078904562,0.8947611137108087,0.9119674138819264,0.10179515845450583,0.09218651077185834,0.111239882419794,0
cnn_dailymail,fixed,1,4096,1024,bootstrap_jackknife,0.9913013713999359,0.9805391095861652,1.0024163826110275,0.011991654937483073,0.005485199173569244,0.02021363528227617,0
cnn_dailymail,fixed,1,8192,1024,multinomial,1.1109641167637307,1.1019647320842436,1.1198928065096978,0.10520463948994874,0.09708622840633585,0.11321661343337845,0
cnn_dailymail,fixed,1,8192,1024,source_same_lag,1.1709938441605188,1.1622649709843844,1.17987897688097,0.15783659783838241,0.15036529083674677,0.1653965166532504,0
cnn_dailymail,fixed,1,8192,1024,source_full,1.1772824672445312,1.1684402039907298,1.1863369364769314,0.1631916198889645,0.15566509014366722,0.17085989597023094,0
cnn_dailymail,fixed,1,8192,1024,multinomial_jackknife,1.1767632849053091,1.165914768572658,1.1874880965140828,0.1627303014258024,0.1534840643654379,0.17180714280297169,0
cnn_dailymail,fixed,1,8192,1024,source_jackknife,1.3059537032794162,1.2950891543378462,1.3175143271307435,0.2669037031377896,0.2585741088139728,0.27571404975106967,0
cnn_dailymail,fixed,1,8192,1024,bootstrap,0.9506506899908783,0.9440315950607033,0.9570789975081283,0.05061702322608098,0.04387768489505927,0.05760130276475284,0
cnn_dailymail,fixed,1,8192,1024,bootstrap_jackknife,0.9992479983621876,0.9909433762724099,1.0073903227878542,0.006299096455144384,0.0034660276700626456,0.010310244040197578,0
cnn_dailymail,fixed,1,1024,2048,multinomial,0.6377613537220813,0.626060880499208,0.6505191572070456,0.4500455496229318,0.4301040590034264,0.4683581183851505,0
cnn_dailymail,fixed,1,1024,2048,source_same_lag,0.38758109064978546,0.3832263469924095,0.39152699800155255,0.9478799526854768,0.9377183857265656,0.9592158311302459,0
cnn_dailymail,fixed,1,1024,2048,source_full,0.38908011005934584,0.38472516484223657,0.39302233234581213,0.9440189976670444,0.9338963069576659,0.9552990537690168,0
cnn_dailymail,fixed,1,1024,2048,multinomial_jackknife,0.8241346493764496,0.8054158071902747,0.8445012036590474,0.1938236438428338,0.16920568456528765,0.21655085080822395,0
cnn_dailymail,fixed,1,1024,2048,source_jackknife,0.5667815429381142,0.559534001137317,0.5733638292947197,0.5678634222040556,0.5562475132615246,0.5807777409686377,0
cnn_dailymail,fixed,1,1024,2048,bootstrap,0.4767889346919788,0.47058617579146844,0.48282273070533727,0.740777484396939,0.7281534023829712,0.7538376155500226,0
cnn_dailymail,fixed,1,1024,2048,bootstrap_jackknife,0.7055280553433626,0.6936086812790098,0.7170746781142388,0.3489950402792464,0.33269255225627753,0.36591052277873687,0
cnn_dailymail,fixed,1,2048,2048,multinomial,0.80794346205609,0.7980467297790816,0.8187809416299968,0.21335478644504124,0.19999343415289553,0.22562070570565468,0
cnn_dailymail,fixed,1,2048,2048,source_same_lag,0.6205285576743035,0.6151439205183546,0.6259908534042815,0.477206797739887,0.4684391448056597,0.4859220096318868,0
cnn_dailymail,fixed,1,2048,2048,source_full,0.623258511177445,0.6176878538822748,0.628915929293039,0.4728201010479407,0.4637881133405364,0.48178844277736266,0
cnn_dailymail,fixed,1,2048,2048,multinomial_jackknife,0.9746933679706731,0.9594696021774143,0.9921733179977418,0.02879790650754087,0.01672250679270279,0.041542612250941996,0
cnn_dailymail,fixed,1,2048,2048,source_jackknife,0.8575100939336843,0.8485649613338474,0.8672153796443418,0.1537792565079251,0.14248757493641584,0.1642467410332746,0
cnn_dailymail,fixed,1,2048,2048,bootstrap,0.6893816220947211,0.6836188452998515,0.694815176483922,0.37197478708361026,0.3641106436392726,0.3803710919117204,0
cnn_dailymail,fixed,1,2048,2048,bootstrap_jackknife,0.9040437652562782,0.8966970408134478,0.9114101622142998,0.10089186872147682,0.09276669495471253,0.10905103765814395,0
cnn_dailymail,fixed,1,4096,2048,multinomial,0.9290261662420052,0.9160391796198716,0.9415193259765098,0.07373275149516324,0.060332835179869704,0.08779972227026064,0
cnn_dailymail,fixed,1,4096,2048,source_same_lag,0.847994115838544,0.8386544653997736,0.857348583028453,0.1649404512615513,0.15394422275699352,0.1759840054246278,0
cnn_dailymail,fixed,1,4096,2048,source_full,0.8519782877127318,0.8422039836455901,0.8619303029820062,0.16026282041320059,0.14862176589169573,0.17180650043809206,0
cnn_dailymail,fixed,1,4096,2048,multinomial_jackknife,1.04485565610004,1.0258172597836528,1.0625082028339023,0.043667224468040555,0.02541116484621502,0.060600312749913704,0
cnn_dailymail,fixed,1,4096,2048,source_jackknife,1.0798775926086601,1.0635170746234617,1.097053122726335,0.07669060065056074,0.06147703690630207,0.09252445800784902,0
cnn_dailymail,fixed,1,4096,2048,bootstrap,0.8328180040684893,0.8242194748527554,0.8416259656768137,0.1829934360554432,0.17244774927478423,0.1933720475138161,0
cnn_dailymail,fixed,1,4096,2048,bootstrap_jackknife,0.9756149515141826,0.9619591771055176,0.9891243664064132,0.024807697597015854,0.011300508707558079,0.03887947219777855,0
cnn_dailymail,fixed,1,8192,2048,multinomial,1.015764231320975,1.0032735488774025,1.0276814924221522,0.01711458339819758,0.008859685384838062,0.027271608988975057,0
cnn_dailymail,fixed,1,8192,2048,source_same_lag,1.021600353711737,1.010937597808739,1.0328099428629547,0.021317671552626177,0.010958596263632435,0.032209767037923984,0
cnn_dailymail,fixed,1,8192,2048,source_full,1.0270827687995148,1.0161095185048423,1.0385162044072858,0.026666494772353222,0.015952719584279438,0.03772384536289988,0
cnn_dailymail,fixed,1,8192,2048,multinomial_jackknife,1.096258988110019,1.0810182556235155,1.1112349999645124,0.09179455533244778,0.07785943456867106,0.10540042554773851,0
cnn_dailymail,fixed,1,8192,2048,source_jackknife,1.1988672918362562,1.1836742093799433,1.2145619953920723,0.18128283331705172,0.1685745427997551,0.1942913800413768,0
cnn_dailymail,fixed,1,8192,2048,bootstrap,0.9117524952278818,0.9050138800962755,0.9186203492172649,0.0923931266479705,0.08488872404575287,0.09980949543209541,0
cnn_dailymail,fixed,1,8192,2048,bootstrap_jackknife,0.9906574721948127,0.9834567277534044,0.9980362812823891,0.009392625526012725,0.0033311411754242603,0.01668231198900277,0
cnn_dailymail,fixed,1,1024,4096,multinomial,0.4896971801501528,0.47860074033387495,0.5017506311359291,0.7143875935937407,0.6898870193230471,0.7371697297564357,0
cnn_dailymail,fixed,1,1024,4096,source_same_lag,0.2544799296333792,0.2510720546422705,0.25729532483865425,1.3686281445720236,1.3575430135876851,1.3821527189271818,0
cnn_dailymail,fixed,1,1024,4096,source_full,0.2553804613754866,0.25195951425106045,0.25818364293490564,1.3650940539542018,1.3540853293603212,1.3785883431582404,0
cnn_dailymail,fixed,1,1024,4096,multinomial_jackknife,0.6568346525026384,0.6384691723987777,0.676914453077464,0.42097704692306803,0.3904080750587317,0.44886659492020564,0
cnn_dailymail,fixed,1,1024,4096,source_jackknife,0.37543949364270085,0.36940216678750776,0.3803753132018714,0.9798107360938505,0.9666078003937078,0.9961023523163234,0
cnn_dailymail,fixed,1,1024,4096,bootstrap,0.2940795079008505,0.28914403421266205,0.2993096613329939,1.2241072317595862,1.2064849756628566,1.2408420993802216,0
cnn_dailymail,fixed,1,1024,4096,bootstrap_jackknife,0.4451764508644943,0.4364125399108211,0.45503787578962696,0.8095952251000794,0.7876889038359823,0.8292345948609411,0
cnn_dailymail,fixed,1,2048,4096,multinomial,0.6699073422003254,0.6597061724183859,0.6816185252737595,0.40079565854980714,0.38342295237278456,0.4160842963874961,0
cnn_dailymail,fixed,1,2048,4096,source_same_lag,0.4338920200166004,0.43019404565823965,0.43758686207014447,0.8349890359805694,0.826489479975012,0.8435572109682956,0
cnn_dailymail,fixed,1,2048,4096,source_full,0.4356918960571202,0.431968563777702,0.4394334801041904,0.8308499327650044,0.8222796807655094,0.8394433428142476,0
cnn_dailymail,fixed,1,2048,4096,multinomial_jackknife,0.8473114577640731,0.8303125594650745,0.8674232692681392,0.1660275807332812,0.1425097899195213,0.18601241790311082,0
cnn_dailymail,fixed,1,2048,4096,source_jackknife,0.6160920445652799,0.6093271110935892,0.6231481743081413,0.48443191537470237,0.47302535039656934,0.49550791265281025,0
cnn_dailymail,fixed,1,2048,4096,bootstrap,0.5188049339878568,0.5141332930723781,0.5239828229957,0.6562704186452427,0.6463663443850586,0.6652783468889504,0
cnn_dailymail,fixed,1,2048,4096,bootstrap_jackknife,0.7432434228040996,0.7340664005036963,0.7535139855257146,0.29683601398156517,0.2831179065956932,0.30920968066313037,0
cnn_dailymail,fixed,1,4096,4096,multinomial,0.8158478513833175,0.7983180278417625,0.8337903735595228,0.20386210271698668,0.18208280623199632,0.2254027300431209,0
cnn_dailymail,fixed,1,4096,4096,source_same_lag,0.6519903856170837,0.6433036996740074,0.6604152192813264,0.4278329156654654,0.4149484566739045,0.44124196658309883,0
cnn_dailymail,fixed,1,4096,4096,source_full,0.6548654753803641,0.6457458180892962,0.6636773277465656,0.4234462936540138,0.40999835813784496,0.4374379215030309,0
cnn_dailymail,fixed,1,4096,4096,multinomial_jackknife,0.955909606036837,0.9284837644766814,0.9830923064599534,0.04862345523568847,0.026183720870934665,0.07505962745065115,0
cnn_dailymail,fixed,1,4096,4096,source_jackknife,0.8742134976860493,0.857021544079493,0.8911592989823129,0.13470146127266258,0.11533947539774778,0.15455752883190463,0
cnn_dailymail,fixed,1,4096,4096,bootstrap,0.7194799330719174,0.7088478961391166,0.7308121542533393,0.3293816168015661,0.31376277840598965,0.3441911452445921,0
cnn_dailymail,fixed,1,4096,4096,bootstrap_jackknife,0.9184633968086819,0.8994117116467414,0.9390284970357152,0.08539200484910736,0.06314883465984615,0.10615886757276906,0
cnn_dailymail,fixed,1,8192,4096,multinomial,0.9266355695831394,0.9113843108112286,0.9408102147813597,0.0763730867203163,0.06107697486054271,0.09289143442361204,0
cnn_dailymail,fixed,1,8192,4096,source_same_lag,0.8593454436115171,0.8475274060386669,0.8711259333122007,0.15170899668724674,0.13806845933939418,0.16555328025360985,0
cnn_dailymail,fixed,1,8192,4096,source_full,0.8639320019234447,0.8516759777236079,0.875998152733496,0.14639250738571608,0.1324623043949217,0.16065578735482622,0
cnn_dailymail,fixed,1,8192,4096,multinomial_jackknife,1.0289281148244254,1.0103506932964321,1.0471292432399883,0.02915310320330618,0.013090459139067838,0.045995560713979894,0
cnn_dailymail,fixed,1,8192,4096,source_jackknife,1.069249348332018,1.0502714222205258,1.0874205620719912,0.06673625449970154,0.048944065587976836,0.0837177845143907,0
cnn_dailymail,fixed,1,8192,4096,bootstrap,0.8530472141937336,0.8432886087007153,0.8630666789659723,0.1590176035190404,0.14730907869865548,0.17048852049499935,0
cnn_dailymail,fixed,1,8192,4096,bootstrap_jackknife,0.980543919151057,0.9658667464402404,0.9953128804328175,0.02148639583458466,0.009884478150963863,0.03503336354953534,0
cnn_dailymail,fixed,2,1024,512,multinomial,0.9729243885603345,0.9653133114563225,0.9803471495947204,0.02746236773505836,0.019853177505984015,0.03532020493103122,0
cnn_dailymail,fixed,2,1024,512,source_same_lag,0.8980062506205534,0.8900779377820852,0.9059400887603023,0.10760760055541074,0.09880781177597567,0.11649787627120878,0
cnn_dailymail,fixed,2,1024,512,source_full,0.9029417064931706,0.8949438420646315,0.9109327749091338,0.10212676532997261,0.09329818482849178,0.11100693380489876,0
cnn_dailymail,fixed,2,1024,512,multinomial_jackknife,1.069188416906746,1.058239998874156,1.0796435374849886,0.06685463556133724,0.056548854103645345,0.07661648885033259,0
cnn_dailymail,fixed,2,1024,512,source_jackknife,1.121752347175128,1.1091819096870428,1.1332712830416203,0.1148349417060296,0.10358119498979261,0.1250632563933139,0
cnn_dailymail,fixed,2,2048,512,multinomial,1.0369285958152823,1.0282733195570528,1.045309726951965,0.03624243170696887,0.027850334447959254,0.044299599774206465,0
cnn_dailymail,fixed,2,2048,512,source_same_lag,1.0505374006038253,1.0415514574147324,1.0592409731849648,0.049279299847015116,0.040672919330007475,0.05753192298580138,0
cnn_dailymail,fixed,2,2048,512,source_full,1.0565813656902585,1.047653521101252,1.0652509876750929,0.05501712416477106,0.04653688655792462,0.06318594470799477,0
cnn_dailymail,fixed,2,2048,512,multinomial_jackknife,1.0983910288944356,1.088424473629341,1.107633516435693,0.09381904064457014,0.0846948260077381,0.10222417783098198,0
cnn_dailymail,fixed,2,2048,512,source_jackknife,1.2086962432604338,1.1981357065702978,1.2186202994551238,0.1895176580220901,0.18073193811348134,0.1977043436721271,0
cnn_dailymail,fixed,2,4096,512,multinomial,1.077377412696277,1.0690914342900946,1.0855854559830138,0.07451869583020705,0.06680707061913636,0.08211585973691668,0
cnn_dailymail,fixed,2,4096,512,source_same_lag,1.1414647523034687,1.1313712165114498,1.1516678170859422,0.13228550410001724,0.12340201511009358,0.14118187268049384,0
cnn_dailymail,fixed,2,4096,512,source_full,1.1482022226966273,1.1379378250177368,1.158463490277231,0.13816987686843443,0.12920857481959636,0.14708823749390873,0
cnn_dailymail,fixed,2,4096,512,multinomial_jackknife,1.1165445131505218,1.107919894278782,1.124967021613099,0.11022787444489386,0.10247882122126992,0.11774248307642322,0
cnn_dailymail,fixed,2,4096,512,source_jackknife,1.2391827251877179,1.2275392240205094,1.2508024173458148,0.21441880413932582,0.20497194236922275,0.2237519426357608,0
cnn_dailymail,fixed,2,8192,512,multinomial,1.1028160222294594,1.0949304517326413,1.1105743834365098,0.09786184693878308,0.09068813771772692,0.1048742654384058,0
cnn_dailymail,fixed,2,8192,512,source_same_lag,1.1898541368724134,1.1808845342295344,1.1987603495213688,0.17382042446704915,0.16625735481073706,0.18128031580604692,0
cnn_dailymail,fixed,2,8192,512,source_full,1.1969136818445414,1.1879190354934908,1.2058550170777957,0.1797364654974933,0.17220124715334423,0.18717942096480125,0
cnn_dailymail,fixed,2,8192,512,multinomial_jackknife,1.1284048982518333,1.1201147411393872,1.1363983720170767,0.1207993644986971,0.1134254175319784,0.12785830424507796,0
cnn_dailymail,fixed,2,8192,512,source_jackknife,1.2474293755153096,1.2380715711553767,1.2567002341230655,0.2210752685859941,0.2135495677366562,0.22848117166745763,0
cnn_dailymail,fixed,2,1024,1024,multinomial,0.8722991635984908,0.8650765580589465,0.8798990244577813,0.13665453603850522,0.12796791783682673,0.14494721273739278,0
cnn_dailymail,fixed,2,1024,1024,source_same_lag,0.7038803345832574,0.698586226006788,0.7093012133431894,0.35116903157410545,0.3434816329440309,0.3587068955790791,0
cnn_dailymail,fixed,2,1024,1024,source_full,0.7072437566360129,0.7019309287525367,0.7126830127043788,0.34640207531134776,0.3387251488161729,0.3539311957776438,0
cnn_dailymail,fixed,2,1024,1024,multinomial_jackknife,1.0019278742741802,0.9918300532850098,1.0134603433460723,0.009922986311793808,0.004290138174536057,0.015596682032318903,0
cnn_dailymail,fixed,2,1024,1024,source_jackknife,0.9462125534624317,0.9374692106846321,0.954663149136846,0.055328375850677826,0.04640690074079249,0.06460350429985341,0
cnn_dailymail,fixed,2,2048,1024,multinomial,0.9586921095747082,0.9517710187447795,0.9654531978677848,0.04220247343977251,0.035167893993806834,0.049448744361649415,0
cnn_dailymail,fixed,2,2048,1024,source_same_lag,0.9005859073728278,0.8942803807781409,0.9069662222004656,0.10472665933909076,0.09766613287038793,0.11174848614141954,0
cnn_dailymail,fixed,2,2048,1024,source_full,0.9051900067541164,0.8987873148705451,0.9116246845247696,0.09962779181857888,0.09255509138947246,0.10672680038374299,0
cnn_dailymail,fixed,2,2048,1024,multinomial_jackknife,1.041698593097555,1.0327512373599301,1.0505204310080096,0.04081900419626484,0.03220594528196057,0.04924854409926034,0
cnn_dailymail,fixed,2,2048,1024,source_jackknife,1.1025316837707775,1.0942517669127292,1.110626452016168,0.09758773344311233,0.0900531630285038,0.1049132957233174,0
cnn_dailymail,fixed,2,4096,1024,multinomial,1.0113733373828862,1.0053762319525494,1.0173034640770349,0.011305169370443124,0.005355317733237566,0.017152577495863384,0
cnn_dailymail,fixed,2,4096,1024,source_same_lag,1.031168439687564,1.0237304726772094,1.0384510942929914,0.030676989462733627,0.023438232187268395,0.037728846454692974,0
cnn_dailymail,fixed,2,4096,1024,source_full,1.0366729690333973,1.029065665507741,1.044145578518188,0.035999307436105334,0.028643332178517413,0.0431917816846649,0
cnn_dailymail,fixed,2,4096,1024,multinomial_jackknife,1.0612397636910904,1.0548972201730669,1.0678965915890442,0.059431521275769394,0.0534422272279455,0.06568578541448487,0
cnn_dailymail,fixed,2,4096,1024,source_jackknife,1.1664776965719232,1.1572920253458114,1.175674261049988,0.15396289575617492,0.14606195447593434,0.16181625710850417,0
cnn_dailymail,fixed,2,8192,1024,multinomial,1.044550106882484,1.038124940981274,1.0510540519992735,0.04357889628955447,0.03741045585961434,0.04978731165533403,0
cnn_dailymail,fixed,2,8192,1024,source_same_lag,1.1065901196557584,1.0994647627660934,1.113703233782746,0.10127378503413953,0.0948157282531235,0.10768403133369789,0
cnn_dailymail,fixed,2,8192,1024,source_full,1.1126808072904202,1.1055124671538104,1.1197881835361465,0.10676290160150702,0.10029788244966444,0.11313427147785297,0
cnn_dailymail,fixed,2,8192,1024,multinomial_jackknife,1.0766069482288485,1.0697377632024614,1.0836775988772043,0.07380373401796185,0.06740459964393081,0.08034821259946627,0
cnn_dailymail,fixed,2,8192,1024,source_jackknife,1.189291340981389,1.1814138144799289,1.197210106983482,0.17334634911013339,0.16670669917942452,0.17998514232278048,0
cnn_dailymail,fixed,2,1024,2048,multinomial,0.7609109332659747,0.7504097275543993,0.7720383125270167,0.27337392280460576,0.2587563201558535,0.28721139169852794,0
cnn_dailymail,fixed,2,1024,2048,source_same_lag,0.5098170989434301,0.5056865420016647,0.5139774865445401,0.6737300862698485,0.6655859740884013,0.6818518659492697,0
cnn_dailymail,fixed,2,1024,2048,source_full,0.511995219539287,0.507837642612477,0.5161797122517506,0.6694668181174844,0.661324049891771,0.6776103905340058,0
cnn_dailymail,fixed,2,1024,2048,multinomial_jackknife,0.9239575531149946,0.9081351501350122,0.941025674290277,0.07931435074025157,0.06090298613672269,0.09649601300371541,0
cnn_dailymail,fixed,2,1024,2048,source_jackknife,0.725085148616164,0.7182128013976321,0.7319233899480387,0.3215129362273749,0.31209662702609337,0.3310109767072379,0
cnn_dailymail,fixed,2,2048,2048,multinomial,0.8790656171118316,0.8710015340458254,0.8872540745001429,0.1289403260343585,0.1196506614145367,0.13813251368751,0
cnn_dailymail,fixed,2,2048,2048,source_same_lag,0.7322256459094041,0.7269307551521582,0.737570630085858,0.3116847208106562,0.30440768439797994,0.3189382678964606,0
cnn_dailymail,fixed,2,2048,2048,source_full,0.7356648781769508,0.7301500410583064,0.7412078995944441,0.30700140137812254,0.29949215530882317,0.3145241227902015,0
cnn_dailymail,fixed,2,2048,2048,multinomial_jackknife,0.9934690247655292,0.981566781967594,1.0065702235159446,0.013053183177826826,0.005626099658485489,0.02086238848851232,0
cnn_dailymail,fixed,2,2048,2048,source_jackknife,0.9592276203565648,0.9511649144694884,0.967905253449864,0.041663289521412135,0.03266043793284613,0.05008242903055456,0
cnn_dailymail,fixed,2,4096,2048,multinomial,0.9495963069431999,0.9419997993412548,0.9570779639618966,0.05174496815569187,0.04388334290821434,0.05975584094781364,0
cnn_dailymail,fixed,2,4096,2048,source_same_lag,0.9054834527754192,0.8990632348857648,0.9121421267574025,0.09930448235600009,0.09198088285419868,0.10641217283577034,0
cnn_dailymail,fixed,2,4096,2048,source_full,0.9099936034813687,0.9032479793382949,0.9170912460766679,0.09434055812558585,0.0865729364071186,0.1017709975924973,0
cnn_dailymail,fixed,2,4096,2048,multinomial_jackknife,1.0157024588881698,1.005340955835412,1.0252088972502127,0.01681672957628599,0.010027631703837888,0.024879641025201883,0
cnn_dailymail,fixed,2,4096,2048,source_jackknife,1.0827096640906164,1.072767566420408,1.093731604792394,0.07941501564088042,0.0702216954138784,0.08955506598438608,0
cnn_dailymail,fixed,2,8192,2048,multinomial,0.99429301550333,0.9863733429032369,1.0019442138337071,0.007249629183264018,0.003288857309502282,0.013791927977844011,0
cnn_dailymail,fixed,2,8192,2048,source_same_lag,1.017742670140776,1.0106661022809171,1.025011293832529,0.0175708764965078,0.01060417181096304,0.024683247941723132,0
cnn_dailymail,fixed,2,8192,2048,source_full,1.0232082838849883,1.0160090621262587,1.0305616279484247,0.022925898547089926,0.01587260002259024,0.03008595318367226,0
cnn_dailymail,fixed,2,8192,2048,multinomial_jackknife,1.035250039651476,1.026011328008212,1.0445878197666074,0.03460419918783337,0.025663315003121703,0.043603258410611044,0
cnn_dailymail,fixed,2,8192,2048,source_jackknife,1.1350399625786864,1.1261352360481844,1.1447281552457702,0.12663798179591498,0.11878213735107501,0.1351289113057133,0
cnn_dailymail,fixed,2,1024,4096,multinomial,0.631483474210735,0.6188783916345081,0.6452830907335395,0.46000063665420393,0.4381452996438235,0.48002593304756114,0
cnn_dailymail,fixed,2,1024,4096,source_same_lag,0.34531514893907644,0.34179167424685175,0.34844165531308996,1.0633475705262214,1.0542880238523133,1.0736247144689548,0
cnn_dailymail,fixed,2,1024,4096,source_full,0.34665069941654447,0.34313434016722216,0.3497884346231648,1.059486615507789,1.0504296820113053,1.0696869363671577,0
cnn_dailymail,fixed,2,1024,4096,multinomial_jackknife,0.80903208305547,0.7889149152749392,0.8309551251449202,0.21242930807394386,0.18526531927153386,0.23734623579956654,0
cnn_dailymail,fixed,2,1024,4096,source_jackknife,0.5049736884414818,0.49886294542455895,0.5105705876967015,0.6833310400448003,0.6722318499341169,0.6954915735295221,0
cnn_dailymail,fixed,2,2048,4096,multinomial,0.7840951641021102,0.7740260267881799,0.7952493731587553,0.2433463183690375,0.2291891584666274,0.2561856946555535,0
cnn_dailymail,fixed,2,2048,4096,source_same_lag,0.5528595601891008,0.548606259286218,0.5572388891021643,0.5926744155806317,0.5847747285216633,0.6003795017078365,0
cnn_dailymail,fixed,2,2048,4096,source_full,0.555291810686548,0.5509148617695359,0.5598356525575934,0.5882877188886854,0.5801212979998565,0.5961975520238938,0
cnn_dailymail,fixed,2,2048,4096,multinomial_jackknife,0.9331910045237829,0.9171170435959232,0.9519803834500515,0.06939395380677676,0.049366998533088055,0.0866086349293335,0
cnn_dailymail,fixed,2,2048,4096,source_jackknife,0.7639981230948,0.7566828498561315,0.7720657460531448,0.26924687434866973,0.25874912289867286,0.2788366005558709,0
cnn_dailymail,fixed,2,4096,4096,multinomial,0.8816608426694177,0.8687810864610103,0.894569297350553,0.1260920811556813,0.11155695557146238,0.14084165972761548,0
cnn_dailymail,fixed,2,4096,4096,source_same_lag,0.7555198679051175,0.7476967687344951,0.7633366741409694,0.28040806910229593,0.2701148329183594,0.2907834149456721,0
cnn_dailymail,fixed,2,4096,4096,source_full,0.7590695635361078,0.7508554039634858,0.767425822996858,0.27573043825394533,0.264760689643997,0.2865690023137133,0
cnn_dailymail,fixed,2,4096,4096,multinomial_jackknife,0.9732891645318885,0.95395990645987,0.9914189925483424,0.02907363653721327,0.013835524317397398,0.047894281664847035,0
cnn_dailymail,fixed,2,4096,4096,source_jackknife,0.962116317652292,0.9476786894397716,0.9768566899659409,0.038777017190183886,0.02350573624746151,0.053774236018874745,0
cnn_dailymail,fixed,2,8192,4096,multinomial,0.9442526656409833,0.9332485960347316,0.9546612385958082,0.0574441332559616,0.046424232863460806,0.06915987456337375,0
cnn_dailymail,fixed,2,8192,4096,source_same_lag,0.9101942453042554,0.9014450824262187,0.9193321684261168,0.09414994628811847,0.08414968878734697,0.10378581278672329,0
cnn_dailymail,fixed,2,8192,4096,source_full,0.9150787998613621,0.9060050110805493,0.9244958548987942,0.08880112306839143,0.07856354317270355,0.09873156329467035,0
cnn_dailymail,fixed,2,8192,4096,multinomial_jackknife,0.9998923272496356,0.9866893797286707,1.0130106669955665,0.012973210492286747,0.006075331228697726,0.01967810666653539,0
cnn_dailymail,fixed,2,8192,4096,source_jackknife,1.068130121478756,1.055339561576353,1.081336836766859,0.06581521547630707,0.05378410269095732,0.0780920266142797,0
cnn_dailymail,fixed,5,1024,512,multinomial,0.9730513274456736,0.9652944864245843,0.9811389689075577,0.027346703257730778,0.019070481958881485,0.03533380992846979,0
cnn_dailymail,fixed,5,1024,512,source_same_lag,0.9483147820596735,0.939540623261099,0.957530901848019,0.053115406569727554,0.043437776303984446,0.06240621081011411,0
cnn_dailymail,fixed,5,1024,512,source_full,0.9549626787857786,0.9460982363939785,0.9643116404548348,0.04613035160995929,0.03638926364357359,0.05542937172485338,0
cnn_dailymail,fixed,5,1024,512,multinomial_jackknife,1.0156914548298306,1.005890280062755,1.0254412997400393,0.01602643800183804,0.008828711006934036,0.025090445148862096,0
cnn_dailymail,fixed,5,1024,512,source_jackknife,1.0846279854293666,1.0720365204973914,1.0967764329044298,0.08116061889709682,0.06949995117467679,0.09232880355770379,0
cnn_dailymail,fixed,5,1024,512,bootstrap,0.893245439857871,0.8836016399433091,0.9032257726043963,0.11296514771527895,0.10187086979787671,0.12377546634360005,0
cnn_dailymail,fixed,5,1024,512,bootstrap_jackknife,0.9901249717590814,0.9733069592504339,1.005532100790325,0.017873933352983883,0.008744605331671606,0.02944462641467087,0
cnn_dailymail,fixed,5,2048,512,multinomial,0.9961282370049411,0.9882549046905239,1.003528448220879,0.006058163688276551,0.0024835025170616867,0.012002859234823828,0
cnn_dailymail,fixed,5,2048,512,source_same_lag,1.028818044809434,1.0205950146022364,1.0364924648781826,0.028385749826661946,0.02035287856223357,0.03582238284822957,0
cnn_dailymail,fixed,5,2048,512,source_full,1.03621591233997,1.0280464845584056,1.0438923303179855,0.03555192796094784,0.02764407852319015,0.0429440176784598,0
cnn_dailymail,fixed,5,2048,512,multinomial_jackknife,1.0178446325076052,1.0092860110791473,1.0254906578099763,0.01765899298188897,0.009795771752022025,0.025165758553885177,0
cnn_dailymail,fixed,5,2048,512,source_jackknife,1.1147923728662625,1.105661578652078,1.1231191031859062,0.10864086904955168,0.10040755421154372,0.11609622371062919,0
cnn_dailymail,fixed,5,2048,512,bootstrap,0.9423012231226954,0.93365646997883,0.9503870819784571,0.0594701970072378,0.050921126392781055,0.06866937825115192,0
cnn_dailymail,fixed,5,2048,512,bootstrap_jackknife,0.9895873159877181,0.9779273491613828,1.0013472415975806,0.01377470497004035,0.006180117995120772,0.022767914920878356,0
cnn_dailymail,fixed,5,4096,512,multinomial,1.0072306817489207,1.0002919921196687,1.013927852660061,0.0073582402866817125,0.0030060332779538713,0.01382256513500384,0
cnn_dailymail,fixed,5,4096,512,source_same_lag,1.0707742854466156,1.0622062421062173,1.0790495180766995,0.06835533822849858,0.060339649612217626,0.07605569075575558,0
cnn_dailymail,fixed,5,4096,512,source_full,1.0785391268219058,1.0698839258448847,1.0869808091183792,0.07558006017150598,0.06753118138844369,0.0833933553903767,0
cnn_dailymail,fixed,5,4096,512,multinomial_jackknife,1.0189113725757397,1.01198529805362,1.0256829774888871,0.01872062252694733,0.011907158535775496,0.025349422264229884,0
cnn_dailymail,fixed,5,4096,512,source_jackknife,1.1222049725549483,1.1128639008907315,1.1311230465599373,0.11526604935135674,0.10690838462546817,0.12319643443735119,0
cnn_dailymail,fixed,5,4096,512,bootstrap,0.9705034409530426,0.9623805841077241,0.9785960155461507,0.02997297599451641,0.021658331259738,0.03836950010543165,0
cnn_dailymail,fixed,5,4096,512,bootstrap_jackknife,0.9963782574272196,0.9855892001379623,1.007738185488567,0.011615161808443455,0.006793742750119292,0.016727336720433507,0
cnn_dailymail,fixed,5,8192,512,multinomial,1.0138730457160823,1.0079978308254545,1.019454009157874,0.013774913411249444,0.00796601083743759,0.01926230474231922,0
cnn_dailymail,fixed,5,8192,512,source_same_lag,1.0921870829479006,1.0855381300558016,1.098617204836855,0.08817627792257199,0.0820730363989725,0.09404591596750544,0
cnn_dailymail,fixed,5,8192,512,source_full,1.1000807265751125,1.0933907378330778,1.1065237227936306,0.09537790163896397,0.08927890822247168,0.10121528819573808,0
cnn_dailymail,fixed,5,8192,512,multinomial_jackknife,1.0205876703397234,1.0147351524221087,1.0261163833392843,0.020375541250257142,0.014624884340057324,0.025776974151399464,0
cnn_dailymail,fixed,5,8192,512,source_jackknife,1.1231015824301105,1.1162754642315529,1.1296496561300957,0.11608874424683042,0.10999740897282384,0.12189874293679641,0
cnn_dailymail,fixed,5,8192,512,bootstrap,0.9810843122149173,0.9740723777995807,0.987385882912797,0.019111381529556264,0.012696100490834793,0.026281544195155465,0
cnn_dailymail,fixed,5,8192,512,bootstrap_jackknife,0.9934756821197408,0.9827626811413613,1.0031619377102556,0.009672916370403318,0.003416821579535266,0.017752191676046275,0
cnn_dailymail,fixed,5,1024,1024,multinomial,0.9249973381904956,0.9188220347109725,0.9313039262761961,0.0779809241302283,0.07118439104733754,0.08466952770549169,0
cnn_dailymail,fixed,5,1024,1024,source_same_lag,0.8303501669125531,0.8237037633119074,0.8373166027507297,0.18594153840767383,0.17762089155359478,0.19396171223464723,0
cnn_dailymail,fixed,5,1024,1024,source_full,0.8351629430357843,0.8284419447062034,0.8422090222184103,0.18016244278147744,0.17176839700738392,0.18821775766892881,0
cnn_dailymail,fixed,5,1024,1024,multinomial_jackknife,0.993953826452908,0.9844891261439772,1.0029315709207043,0.008721290218349928,0.003550073785438481,0.01609783256371722,0
cnn_dailymail,fixed,5,1024,1024,source_jackknife,1.013146430766996,1.0023287436572408,1.023214018248468,0.01574244862417617,0.009783346996985146,0.023090664994387458,0
cnn_dailymail,fixed,5,1024,1024,bootstrap,0.8105816740377974,0.80354454204528,0.818019042976575,0.21004695047615216,0.2009040386541564,0.21875845161892726,0
cnn_dailymail,fixed,5,1024,1024,bootstrap_jackknife,0.9579845186064013,0.9464703621543261,0.9693475429784318,0.04301998426612674,0.03117845874990567,0.05508359166975183,0
cnn_dailymail,fixed,5,2048,1024,multinomial,0.963204933878612,0.9561718149127877,0.9700844197554853,0.037511647853685215,0.030393468188912087,0.044829912894499856,0
cnn_dailymail,fixed,5,2048,1024,source_same_lag,0.9499126655886786,0.9428940954305395,0.9568606399639665,0.05140938355169964,0.04410710895283659,0.058822552366104786,0
cnn_dailymail,fixed,5,2048,1024,source_full,0.9556418694245791,0.9487092244920314,0.9625675844983882,0.045394902024516216,0.038175112868900705,0.052665210841176285,0
cnn_dailymail,fixed,5,2048,1024,multinomial_jackknife,0.9992417476831998,0.9912615450692084,1.0065783703506184,0.005896645766686239,0.0025979632349972964,0.010293589616906726,0
cnn_dailymail,fixed,5,2048,1024,source_jackknife,1.0744720234503156,1.0660984390133528,1.082314010664721,0.07180281797160454,0.0639768905880348,0.07909231299646573,0
cnn_dailymail,fixed,5,2048,1024,bootstrap,0.9000879412342708,0.8925779498392084,0.9079525311313685,0.10530188052558115,0.09660299759309765,0.11367611031856735,0
cnn_dailymail,fixed,5,2048,1024,bootstrap_jackknife,0.9890761176720937,0.9779391827293111,0.9997819141884996,0.013369329285545324,0.0062981139041072,0.02262441692284622,0
cnn_dailymail,fixed,5,4096,1024,multinomial,0.9823704431485393,0.9762169727459103,0.9887390233849946,0.017799083202132897,0.01133944748931749,0.024073546450218364,0
cnn_dailymail,fixed,5,4096,1024,source_same_lag,1.0190104941593814,1.0111103733408793,1.0271588335648887,0.018803446159289017,0.011033580930940413,0.026776718604637973,0
cnn_dailymail,fixed,5,4096,1024,source_full,1.0252842732186385,1.0171527455478286,1.033402020362614,0.02494061436920733,0.016985434356831534,0.03284008922207233,0
cnn_dailymail,fixed,5,4096,1024,multinomial_jackknife,1.0007725546631998,0.9943797764890138,1.0070576913277365,0.0042706252245425765,0.0023177295852101184,0.0076960552361299,0
cnn_dailymail,fixed,5,4096,1024,source_jackknife,1.0948154521131939,1.08579609818848,1.103942645491018,0.09055156439473762,0.08229891211792002,0.09884786210128021,0
cnn_dailymail,fixed,5,4096,1024,bootstrap,0.949001437142272,0.9402891069961655,0.9580953936975595,0.052396816225114724,0.0428233622716758,0.0615742744327331,0
cnn_dailymail,fixed,5,4096,1024,bootstrap_jackknife,0.9966329976966525,0.9861305387664152,1.0068702732197043,0.010340753707911826,0.00591958328063689,0.01617146336042619,0
cnn_dailymail,fixed,5,8192,1024,multinomial,0.9921377257007307,0.9868109339719936,0.9975638849624716,0.007897336631798054,0.003104305523072875,0.01328051724909041,0
cnn_dailymail,fixed,5,8192,1024,source_same_lag,1.0551217834100768,1.0488387039268876,1.0616356638990354,0.05364653024890148,0.04768097887903192,0.05980118857896193,0
cnn_dailymail,fixed,5,8192,1024,source_full,1.0616240736228113,1.0553179747333963,1.0681316191664205,0.05979065222123873,0.05383636285639057,0.06590129123930402,0
cnn_dailymail,fixed,5,8192,1024,multinomial_jackknife,1.0020607256474987,0.9966084597295207,1.007552793827006,0.002741459294132546,0.0014018304528394057,0.007536860107838515,0
cnn_dailymail,fixed,5,8192,1024,source_jackknife,1.0996445632386775,1.0930867700684703,1.106316681716184,0.09497799764611979,0.0889962052270533,0.10102684185169458,0
cnn_dailymail,fixed,5,8192,1024,bootstrap,0.9730624481419404,0.967578958784839,0.9786324212437415,0.02731251397543685,0.021601757754946063,0.03296132627065874,0
cnn_dailymail,fixed,5,8192,1024,bootstrap_jackknife,1.0002362800673223,0.9932872469538522,1.0072379711009092,0.005998745045495186,0.003666551511112508,0.008732223446488153,0
cnn_dailymail,fixed,5,1024,2048,multinomial,0.8673778038572697,0.8617376111800797,0.8734739761217781,0.14230245176410716,0.13530919644849196,0.14881622123687685,0
cnn_dailymail,fixed,5,1024,2048,source_same_lag,0.6863839452779182,0.6817085161060067,0.6912431993714491,0.3763411957033412,0.36928506792558247,0.38317345349620385,0
cnn_dailymail,fixed,5,1024,2048,source_full,0.6898017187630848,0.6850970393692419,0.6947078790471335,0.371374204281949,0.36427907723735664,0.37820537426427625,0
cnn_dailymail,fixed,5,1024,2048,multinomial_jackknife,0.9726954396380671,0.9640556375412149,0.9825819933188382,0.02774328778705816,0.017629493923991532,0.03661626601981627,0
cnn_dailymail,fixed,5,1024,2048,source_jackknife,0.9018354791599359,0.8939938307404848,0.9092616297949825,0.10336653096186882,0.0951278952796842,0.11209659386904922,0
cnn_dailymail,fixed,5,1024,2048,bootstrap,0.7014465605272522,0.6951262242229623,0.7075117518836568,0.3546577404472174,0.3460039336337439,0.3636886087423359,0
cnn_dailymail,fixed,5,1024,2048,bootstrap_jackknife,0.9056649379110583,0.894862144326157,0.9158233363753925,0.0991768800117258,0.08796381483878542,0.11119696521701936,0
cnn_dailymail,fixed,5,2048,2048,multinomial,0.9285913546134192,0.9226328621957001,0.9347016306431927,0.07410466223368348,0.06754373973879896,0.08054070238945951,0
cnn_dailymail,fixed,5,2048,2048,source_same_lag,0.850314037198061,0.8449709891278251,0.8559355462431026,0.162167911546764,0.15557353964517695,0.16847495472800086,0
cnn_dailymail,fixed,5,2048,2048,source_full,0.8548100902910056,0.8494589458754903,0.8604174255668653,0.1568941277040529,0.1503603180072933,0.16316793377038324,0
cnn_dailymail,fixed,5,2048,2048,multinomial_jackknife,0.9866693500449468,0.9791926242427019,0.9940608676288518,0.013451357197242617,0.006246840640288881,0.02105857051382957,0
cnn_dailymail,fixed,5,2048,2048,source_jackknife,1.0190541148303065,1.0122617653193327,1.025755241861812,0.01885389318288847,0.012169517297588417,0.025427814017126158,0
cnn_dailymail,fixed,5,2048,2048,bootstrap,0.8354206323719796,0.8300294824394386,0.8409764022815448,0.17983869504295405,0.17320307112565406,0.18631930695657328,0
cnn_dailymail,fixed,5,2048,2048,bootstrap_jackknife,0.9724076398258393,0.9658636306771474,0.9792476482179711,0.02800233000949114,0.020985154845896473,0.03474979792299452,0
cnn_dailymail,fixed,5,4096,2048,multinomial,0.9594529421588233,0.954689315384297,0.9643211704931663,0.04139700017954301,0.03633180280797646,0.04637286235210379,0
cnn_dailymail,fixed,5,4096,2048,source_same_lag,0.9550648321259522,0.9487541079798767,0.9612594209339053,0.04599544634621503,0.039520877178850014,0.05261629596912621,0
cnn_dailymail,fixed,5,4096,2048,source_full,0.9603073538040675,0.9537763277905993,0.9665700758448776,0.04052246310452832,0.03401342050704149,0.04733636616463938,0
cnn_dailymail,fixed,5,4096,2048,multinomial_jackknife,0.9879969454413696,0.9831399823630902,0.9930656379342232,0.01208150552291395,0.006963811942907403,0.017007474542134516,0
cnn_dailymail,fixed,5,4096,2048,source_jackknife,1.0645020251333557,1.0567153265577258,1.0721344457960063,0.06247939414014068,0.05514790209994348,0.06963737335550141,0
cnn_dailymail,fixed,5,4096,2048,bootstrap,0.9176910218102998,0.9096768840762729,0.9249116070644557,0.08593717577578641,0.07807472445576066,0.0946999237295984,0
cnn_dailymail,fixed,5,4096,2048,bootstrap_jackknife,1.00094267838,0.9864346253167473,1.012020182892395,0.011895580151264276,0.00405805628612625,0.021007154345859917,0
cnn_dailymail,fixed,5,8192,2048,multinomial,0.9746880477865655,0.9698581478120665,0.9797252292017512,0.025643074864412873,0.020487671352714554,0.030609490060988717,0
cnn_dailymail,fixed,5,8192,2048,source_same_lag,1.0137758955906127,1.0081408044933933,1.019509095845745,0.013671909813549774,0.008100935000590321,0.019320515809118977,0
cnn_dailymail,fixed,5,8192,2048,source_full,1.0194544958550311,1.0138189439159142,1.0252243015117228,0.019258062112129506,0.013718867628538238,0.024907475386182192,0
cnn_dailymail,fixed,5,8192,2048,multinomial_jackknife,0.9891757553488749,0.984232256005651,0.9943712691669325,0.010890100811627746,0.005667862416059545,0.015902867212230377,0
cnn_dailymail,fixed,5,8192,2048,source_jackknife,1.0795992733029764,1.0736393379417632,1.0856217491217068,0.07657964438547799,0.07104417906109389,0.08214373419742045,0
cnn_dailymail,fixed,5,8192,2048,bootstrap,0.9548846326691826,0.9495586590040217,0.9610863243859027,0.04617853552545568,0.03971193748063017,0.05175811121574038,0
cnn_dailymail,fixed,5,8192,2048,bootstrap_jackknife,0.9958391223248838,0.989190455723774,1.003514754932376,0.00756428948924383,0.003308775405679316,0.01152259057132361,0
cnn_dailymail,fixed,5,1024,4096,multinomial,0.7850750880850493,0.7759153291837667,0.7949467609032027,0.24207423396616054,0.2294939880000387,0.2537783300927236,0
cnn_dailymail,fixed,5,1024,4096,source_same_lag,0.5201896743011292,0.5163326104138098,0.5239287009848199,0.6535858140447651,0.6464059065957554,0.661013951067693,0
cnn_dailymail,fixed,5,1024,4096,source_full,0.5224891162517117,0.5186170753407979,0.5262692548595022,0.6491752387307538,0.6419677017358233,0.6566031967796696,0
cnn_dailymail,fixed,5,1024,4096,multinomial_jackknife,0.9311234468594032,0.9172247299697465,0.946229171920407,0.0715380934499888,0.055396594645808754,0.08648895417706189,0
cnn_dailymail,fixed,5,1024,4096,source_jackknife,0.7287403716862522,0.7224587492933146,0.7351971762778687,0.3164800519273449,0.3076607038507652,0.3251322181203154,0
cnn_dailymail,fixed,5,1024,4096,bootstrap,0.5425256189859071,0.5351920493247807,0.5506058392422736,0.6116598177809758,0.5968693603296328,0.6251362289765482,0
cnn_dailymail,fixed,5,1024,4096,bootstrap_jackknife,0.7535466588487408,0.7402362128134335,0.7681982907037638,0.283214190570294,0.2639695604977431,0.3007955398827379,0
cnn_dailymail,fixed,5,2048,4096,multinomial,0.8797118911845334,0.8725189822532623,0.8869468712022999,0.12819749494441793,0.11999399399740253,0.13640228997158232,0
cnn_dailymail,fixed,5,2048,4096,source_same_lag,0.7187509549825907,0.714013428931282,0.7234679848489726,0.33025724773098003,0.3237062071090537,0.33686811995514193,0
cnn_dailymail,fixed,5,2048,4096,source_full,0.7222106936455469,0.7173269279713029,0.7270963346226066,0.3254572425203854,0.31870514062284605,0.3322374402446324,0
cnn_dailymail,fixed,5,2048,4096,multinomial_jackknife,0.9706158724145219,0.9600413979106006,0.9821755407943371,0.029909430978115326,0.018099261514493793,0.04081941449789559,0
cnn_dailymail,fixed,5,2048,4096,source_jackknife,0.921727961931079,0.9148136017882601,0.929004037667252,0.08153476935083688,0.07366728823082015,0.089048845625818,0
cnn_dailymail,fixed,5,2048,4096,bootstrap,0.7296755778128415,0.725096495696065,0.7343981362097431,0.3151703419195835,0.30871082045787973,0.3214625375592485,0
cnn_dailymail,fixed,5,2048,4096,bootstrap_jackknife,0.9135174122877466,0.9062227301448814,0.921536943345537,0.09049065595788126,0.08172946594597202,0.09849937255775491,0
cnn_dailymail,fixed,5,4096,4096,multinomial,0.9284858511909695,0.9227041348289768,0.9342388156249286,0.07421503364125322,0.06803938158970887,0.08045985464686319,0
cnn_dailymail,fixed,5,4096,4096,source_same_lag,0.8644875358621599,0.8592260625950999,0.869782123445621,0.14563201382919627,0.13952327542705237,0.15173266599880345,0
cnn_dailymail,fixed,5,4096,4096,source_full,0.8688814252646493,0.8633254503756413,0.87457800681832,0.14056561145577653,0.13402337726227967,0.14697359400733875,0
cnn_dailymail,fixed,5,4096,4096,multinomial_jackknife,0.9732492888801575,0.9653726826047254,0.9805764101098612,0.027147211786213415,0.01963063100527847,0.035278504795448036,0
cnn_dailymail,fixed,5,4096,4096,source_jackknife,1.013954711691043,1.0061402261829386,1.0226108887452257,0.013822719080339066,0.006139522287030189,0.02230760606043212,0
cnn_dailymail,fixed,5,4096,4096,bootstrap,0.8537612574906938,0.8481408173409117,0.8601712425869174,0.15812566363226818,0.1506435702613143,0.16471423724530154,0
cnn_dailymail,fixed,5,4096,4096,bootstrap_jackknife,0.9750704777990767,0.9656978396519789,0.9865489503293963,0.025319442760438526,0.01465651661176603,0.03494068967302371,0
cnn_dailymail,fixed,5,8192,4096,multinomial,0.9535341647419799,0.9474409912994313,0.9597190934513207,0.047596068238925836,0.04112482654600657,0.05399292900233323,0
cnn_dailymail,fixed,5,8192,4096,source_same_lag,0.9551183717027504,0.9494822710537991,0.9609670293738372,0.04593180700007903,0.039825562248290536,0.051840487853904424,0
cnn_dailymail,fixed,5,8192,4096,source_full,0.9602680453155122,0.9545624585083816,0.9661912111896848,0.04055507535757918,0.03440650034632721,0.04650746865458523,0
cnn_dailymail,fixed,5,8192,4096,multinomial_jackknife,0.9755174100851419,0.9684579808016568,0.982719291811706,0.024812805745400752,0.017458864983787174,0.03206721922395872,0
cnn_dailymail,fixed,5,8192,4096,source_jackknife,1.0509935249118338,1.0441879992658514,1.0586039401682386,0.0497157937060878,0.043228633048146704,0.056911980374066036,0
cnn_dailymail,fixed,5,8192,4096,bootstrap,0.9237251718123696,0.916857555400781,0.9300540712865267,0.07936391214548505,0.07251797623391062,0.08683117158893987,0
cnn_dailymail,fixed,5,8192,4096,bootstrap_jackknife,0.9902152595520541,0.9812844073400091,0.9987026562684215,0.00987657065297458,0.002919446783890297,0.018955732587384554,0
cnn_dailymail,fixed,10,1024,512,multinomial,0.9661221894155448,0.9584444234915208,0.9743756009737554,0.03449760584796177,0.025989796145423138,0.04245261562164976,0
cnn_dailymail,fixed,10,1024,512,source_same_lag,0.966467836928313,0.957434945440575,0.9758068238090276,0.03415703855868767,0.02452605682149264,0.043526628699683864,0
cnn_dailymail,fixed,10,1024,512,source_full,0.9748952828317372,0.9657537341555921,0.9844188932331178,0.025475771092947134,0.01576274647405757,0.03487421135583328,0
cnn_dailymail,fixed,10,1024,512,multinomial_jackknife,0.9860089828066999,0.9773656256305979,0.995181277737884,0.015073819188198284,0.00897565930753297,0.02289796507309559,0
cnn_dailymail,fixed,10,1024,512,source_jackknife,1.0533823646401423,1.0419973575175279,1.0646897118642855,0.05193808047791129,0.041087420616965555,0.06261558082122964,0
cnn_dailymail,fixed,10,2048,512,multinomial,0.9733021239402124,0.965955545442245,0.9801612738062653,0.02708210340468166,0.020050764436543925,0.034669282901673946,0
cnn_dailymail,fixed,10,2048,512,source_same_lag,1.0134466321841422,1.0058847200671965,1.020419150019724,0.013337440685526293,0.006277076077862945,0.02019865419331053,0
cnn_dailymail,fixed,10,2048,512,source_full,1.0224200149062592,1.0149242150653872,1.0294024327902158,0.022153646458581967,0.01480047251440771,0.028968894924833684,0
cnn_dailymail,fixed,10,2048,512,multinomial_jackknife,0.9795480631468991,0.9717622922235578,0.9865681283687926,0.020688522902250817,0.013524023351420491,0.028671188008656645,0
cnn_dailymail,fixed,10,2048,512,source_jackknife,1.0666404338134385,1.0584245046654253,1.0740099880523093,0.06449260195478389,0.05676126966785238,0.07138576894939587,0
cnn_dailymail,fixed,10,4096,512,multinomial,0.9730530095084813,0.9666731097729863,0.9790766548359353,0.027328471928341147,0.021148327542677498,0.03390598030797437,0
cnn_dailymail,fixed,10,4096,512,source_same_lag,1.0349047609095283,1.0274332631794216,1.0420554252213818,0.034290220346711066,0.027047425267782057,0.041178046406573736,0
cnn_dailymail,fixed,10,4096,512,source_full,1.0440829817463937,1.036479479298821,1.051328307053204,0.04311902509654709,0.03582718137768921,0.050038426425405756,0
cnn_dailymail,fixed,10,4096,512,multinomial_jackknife,0.9740648630185856,0.9676295595932066,0.9801254603510665,0.02628924782611136,0.020085887644573457,0.03291689233627586,0
cnn_dailymail,fixed,10,4096,512,source_jackknife,1.067859338150622,1.0599991599146166,1.0751883064158434,0.0656361540794175,0.0582545080167204,0.07249371362063564,0
cnn_dailymail,fixed,10,8192,512,multinomial,0.9726867940571214,0.9670984570620096,0.9777461056192729,0.027695274882078357,0.022509039573295923,0.03345551165395916,0
cnn_dailymail,fixed,10,8192,512,source_same_lag,1.0461804201808562,1.04007945745596,1.051757900092543,0.045142440992576076,0.03929074226707407,0.0504611096387557,0
cnn_dailymail,fixed,10,8192,512,source_full,1.0554524341821492,1.0492843460876724,1.0610975145091406,0.05396620027691392,0.04810518967333031,0.05929921772251745,0
cnn_dailymail,fixed,10,8192,512,multinomial_jackknife,0.9720377785082762,0.9665240476093026,0.9770780292396258,0.028362633098207673,0.023191808035667144,0.034049717771646566,0
cnn_dailymail,fixed,10,8192,512,source_jackknife,1.0677105214391722,1.0614974279248282,1.07335747926889,0.06551370477729541,0.059679153049728845,0.07078856789359704,0
cnn_dailymail,fixed,10,1024,1024,multinomial,0.9436322344341324,0.9365127302501539,0.9513272231440493,0.05804713918296317,0.049947135243054,0.06560344777173865,0
cnn_dailymail,fixed,10,1024,1024,source_same_lag,0.8937802695077265,0.8857857775592175,0.9023808057861171,0.11234194087958817,0.10277117018277047,0.12131539601099008,0
cnn_dailymail,fixed,10,1024,1024,source_full,0.9000458672184494,0.8920327078880018,0.9087919450446645,0.10535688591981994,0.09568571793150367,0.11431703299680579,0
cnn_dailymail,fixed,10,1024,1024,multinomial_jackknife,0.9830921729879605,0.9739148236871704,0.9922322305126228,0.017100351387699057,0.009410066124116165,0.026460202579531588,0
cnn_dailymail,fixed,10,1024,1024,source_jackknife,1.0222545419224311,1.0106419374695037,1.033410167300189,0.022026178234942212,0.011744019042153022,0.03280661443557985,0
cnn_dailymail,fixed,10,2048,1024,multinomial,0.9613066032547632,0.9538167813673952,0.9684844915371001,0.03948676340138931,0.03204482976027457,0.047308661583704434,0
cnn_dailymail,fixed,10,2048,1024,source_same_lag,0.96965405027961,0.9621200746965547,0.9768899678224172,0.03084078448319869,0.023389075285716807,0.03863525186217459,0
cnn_dailymail,fixed,10,2048,1024,source_full,0.976626490402144,0.9692221431632164,0.9838231982359785,0.023674606348912827,0.01632709302088521,0.0312796964995866,0
cnn_dailymail,fixed,10,2048,1024,multinomial_jackknife,0.9777131958455079,0.969416471798066,0.9851257461917353,0.022568302886361902,0.014994938699966256,0.031096154793799315,0
cnn_dailymail,fixed,10,2048,1024,source_jackknife,1.0506842731076063,1.042133473922154,1.058518175823051,0.04941433473969103,0.04123981284087621,0.05685085545928491,0
cnn_dailymail,fixed,10,4096,1024,multinomial,0.9662034079208786,0.9598741958859488,0.9726895105442797,0.034394938323091824,0.027697384903583745,0.040962399190813854,0
cnn_dailymail,fixed,10,4096,1024,source_same_lag,1.0091975233685613,1.0013332081528672,1.0170160060201032,0.009889378717538568,0.0046360136857460064,0.01685122447793944,0
cnn_dailymail,fixed,10,4096,1024,source_full,1.0165158338582683,1.0084930661716758,1.0243767844374276,0.01635352586164537,0.008609839837834934,0.0240688682687265,0
cnn_dailymail,fixed,10,4096,1024,multinomial_jackknife,0.9717060754066577,0.9653135789845284,0.9782549467224689,0.02871588875949276,0.0220019926082573,0.03530857650930369,0
cnn_dailymail,fixed,10,4096,1024,source_jackknife,1.0576705981895762,1.0490199470690145,1.0660165186591908,0.05603951504149609,0.04782932778319637,0.06391174971618656,0
cnn_dailymail,fixed,10,8192,1024,multinomial,0.9671156924958013,0.9619286750657876,0.9723615974195423,0.033439724386707316,0.028031875233200696,0.03881578935495052,0
cnn_dailymail,fixed,10,8192,1024,source_same_lag,1.0293789402184026,1.0233832309303528,1.0353826283440917,0.028949743612711423,0.02311287744057632,0.034765062858756766,0
cnn_dailymail,fixed,10,8192,1024,source_full,1.0368186459595745,1.0308177969487695,1.0428639846141,0.03615136732910332,0.030351494780012395,0.041962233698871365,0
cnn_dailymail,fixed,10,8192,1024,multinomial_jackknife,0.9681492359771805,0.9628996630251339,0.9734495123685047,0.03237174224100497,0.026913204138496592,0.037808560770142545,0
cnn_dailymail,fixed,10,8192,1024,source_jackknife,1.0585156469339658,1.0524231195342348,1.0646405623680266,0.0568622099369698,0.05109444749930724,0.06262872871803754,0
cnn_dailymail,fixed,10,1024,2048,multinomial,0.9122583190773419,0.9071584121591748,0.9178136189762183,0.09184892606831059,0.08577195663333911,0.09745257467781225,0
cnn_dailymail,fixed,10,1024,2048,source_same_lag,0.7944364944270841,0.788827288913399,0.8006307360717038,0.23015598678820784,0.22238707186300946,0.23723163993816543,0
cnn_dailymail,fixed,10,1024,2048,source_full,0.7990411120259685,0.7933718769754623,0.8053099675548749,0.2243768911620114,0.2165741601442244,0.23147705309572497,0
cnn_dailymail,fixed,10,1024,2048,multinomial_jackknife,0.9798982503002375,0.9712556336264682,0.9879893309303163,0.020354970352346933,0.012094359116578999,0.0292119133092947,0
cnn_dailymail,fixed,10,1024,2048,source_jackknife,0.9693265936136187,0.9596215067671949,0.9783031358815895,0.031218377071965023,0.021961010626433398,0.04129908792939518,0
cnn_dailymail,fixed,10,2048,2048,multinomial,0.9466792606571028,0.9406665162828837,0.9529101471465523,0.054818469342616805,0.048247700084673474,0.06118590405094048,0
cnn_dailymail,fixed,10,2048,2048,source_same_lag,0.9088277670469006,0.9029694031936298,0.9148763071782473,0.0956238319322336,0.0889894338475421,0.10208343826030546,0
cnn_dailymail,fixed,10,2048,2048,source_full,0.9143091757255724,0.9085311898702818,0.9202887622040798,0.08960935040505015,0.08308111657280419,0.09593863599363994,0
cnn_dailymail,fixed,10,2048,2048,multinomial_jackknife,0.9789829285664328,0.9719883348466726,0.9855842627599414,0.021270139624606874,0.01453091606439547,0.028447798964823454,0
cnn_dailymail,fixed,10,2048,2048,source_jackknife,1.0279997785075894,1.0208747144933745,1.034720255711688,0.02758836959107062,0.020644998702069834,0.03412548152151502,0
cnn_dailymail,fixed,10,4096,2048,multinomial,0.9603292452486422,0.9555120567288038,0.9656233490621107,0.04049120263377193,0.03498780037280094,0.04551132815492862,0
cnn_dailymail,fixed,10,4096,2048,source_same_lag,0.9749370290060348,0.9682775592012846,0.9817988666773162,0.025411002221244927,0.01840268230360501,0.03224944131223011,0
cnn_dailymail,fixed,10,4096,2048,source_full,0.9809394593556046,0.9741822587336039,0.9877932413570206,0.019273834011326627,0.012300359770055292,0.02617681739345079,0
cnn_dailymail,fixed,10,4096,2048,multinomial_jackknife,0.9732828977899654,0.9684332020945837,0.9784863791146087,0.027091834951829232,0.021757612974072495,0.03209275181845994,0
cnn_dailymail,fixed,10,4096,2048,source_jackknife,1.047463328700705,1.0396915628205559,1.0550766603771948,0.04633711601420365,0.03890028990012431,0.053577739924575096,0
cnn_dailymail,fixed,10,8192,2048,multinomial,0.96419688538452,0.960397731877417,0.968300977218505,0.03646337476455051,0.03221593634293633,0.040409336895915964,0
cnn_dailymail,fixed,10,8192,2048,source_same_lag,1.009486460299864,1.0047422115567295,1.0146651747298518,0.009432081868367527,0.0047864757343581725,0.0145485708429135,0
cnn_dailymail,fixed,10,8192,2048,source_full,1.0157075184126834,1.0109949518149999,1.0208391690120602,0.015576203840704775,0.010931017933716468,0.02061554120614455,0
cnn_dailymail,fixed,10,8192,2048,multinomial_jackknife,0.9682579306542162,0.9644276133924299,0.9723420678996554,0.032260521966438215,0.028050555941818617,0.03622340452965778,0
cnn_dailymail,fixed,10,8192,2048,source_jackknife,1.052083574792776,1.0471403410708282,1.057372081624274,0.05076354926558586,0.04606041817043851,0.05578226237204761,0
cnn_dailymail,fixed,10,1024,4096,multinomial,0.8596750149187028,0.8543840721894935,0.8654081362410171,0.15122261241590942,0.14457149263716465,0.1573856176188241,0
cnn_dailymail,fixed,10,1024,4096,source_same_lag,0.6597316804575595,0.6553097831659243,0.664118138239116,0.41594514625945517,0.4093054410281932,0.42266676116875596,0
cnn_dailymail,fixed,10,1024,4096,source_full,0.6630167419166809,0.6585626890492718,0.6674223019215676,0.41097815483806294,0.4043387170683836,0.4177115621914659,0
cnn_dailymail,fixed,10,1024,4096,multinomial_jackknife,0.9646549616958535,0.9560800802208719,0.974422541237892,0.03604455742049878,0.02597722373360954,0.044927648707392166,0
cnn_dailymail,fixed,10,1024,4096,source_jackknife,0.8668172387416907,0.8594078886741261,0.8737860237115975,0.1429704815179827,0.13492727911570346,0.1515556338934052,0
cnn_dailymail,fixed,10,2048,4096,multinomial,0.9187615786143075,0.9131654025483925,0.9244098243119719,0.08474775999342982,0.07860803044595298,0.0908532332839123,0
cnn_dailymail,fixed,10,2048,4096,source_same_lag,0.8172963725866095,0.812364209454535,0.8223083935417331,0.20177186210287787,0.19566191976614514,0.20781504054330985,0
cnn_dailymail,fixed,10,2048,4096,source_full,0.8216178440936882,0.8166804289445042,0.8266676337923229,0.19649807826016677,0.19036589040487667,0.20251791134036995,0
cnn_dailymail,fixed,10,2048,4096,multinomial_jackknife,0.9747530676274142,0.9674573571220695,0.9819469488302512,0.025603456825644674,0.01823519926707001,0.03311173595721146,0
cnn_dailymail,fixed,10,2048,4096,source_jackknife,0.9794842788491683,0.9731393232736719,0.9855413518690256,0.020750057373225425,0.014573616910554225,0.02724677682651373,0
cnn_dailymail,fixed,10,4096,4096,multinomial,0.9455180303675224,0.9413032897412669,0.9497506623087587,0.05602728951228192,0.05156166284177498,0.06049335966233785,0
cnn_dailymail,fixed,10,4096,4096,source_same_lag,0.9179796977757806,0.9123430050605592,0.9236509115265595,0.08559939690232897,0.07942546222390848,0.09176347771648287,0
cnn_dailymail,fixed,10,4096,4096,source_full,0.9230186525187237,0.9172304442255075,0.9287394933475359,0.08012641366064223,0.07394852177877066,0.08641308570561368,0
cnn_dailymail,fixed,10,4096,4096,multinomial_jackknife,0.9700343138110874,0.9656759702234453,0.974515919391103,0.030429604105284804,0.02581878300875012,0.03493026910303769,0
cnn_dailymail,fixed,10,4096,4096,source_jackknife,1.0231674483693627,1.016046052329814,1.0303039801920406,0.022875443584026777,0.015902709430530453,0.02984666310686651,0
cnn_dailymail,fixed,10,8192,4096,multinomial,0.9553789072085457,0.9510779973995583,0.9597188586813091,0.04565218718465471,0.041117524328299244,0.05016313892700088,0
cnn_dailymail,fixed,10,8192,4096,source_same_lag,0.9744110126797264,0.969323153316318,0.9794075497847438,0.025932040742564177,0.020811828186244732,0.031169194977989267,0
cnn_dailymail,fixed,10,8192,4096,source_full,0.9798691130925714,0.974757937907896,0.9848418584991984,0.020345888443984446,0.015285385633224954,0.025578004079653358,0
cnn_dailymail,fixed,10,8192,4096,multinomial_jackknife,0.9645206596371229,0.9600496188013237,0.9691207670129351,0.0361304293303893,0.03137220657094341,0.04077554167034344,0
cnn_dailymail,fixed,10,8192,4096,source_jackknife,1.0376784709154914,1.0322032475210343,1.0430786233790479,0.03697569382936405,0.03168986525799421,0.04217228332145091,0
cnn_dailymail,fixed,20,1024,512,multinomial,0.9560720345531085,0.9484375496789965,0.9639241659708662,0.04494502630687743,0.03676237192289685,0.052940924390742584,0
cnn_dailymail,fixed,20,1024,512,source_same_lag,0.9730549943226536,0.9643456268269721,0.9819520945983186,0.02735217628346578,0.018241704677481537,0.036341694103619024,0
cnn_dailymail,fixed,20,1024,512,source_full,0.9836794350181065,0.9748714920042312,0.9927782084408608,0.016493099966335762,0.008271490088830692,0.02546205888568508,0
cnn_dailymail,fixed,20,1024,512,multinomial_jackknife,0.9629790975324324,0.9551384809422989,0.9711869945389566,0.037749334928853344,0.029265871766584434,0.04590974726401214,0
cnn_dailymail,fixed,20,1024,512,source_jackknife,1.0273789614620614,1.0172117832379968,1.037639467947212,0.026962709141398426,0.017022087690297564,0.03692236335419354,0
cnn_dailymail,fixed,20,1024,512,bootstrap,0.9591575297637899,0.9477492877797961,0.9699343609667702,0.04177761162407712,0.03055152208672612,0.05371588844272768,0
cnn_dailymail,fixed,20,1024,512,bootstrap_jackknife,1.0010427189696751,0.9791507204679062,1.0195839246188647,0.019412153766700503,0.00790212963355085,0.0322870474538756,0
cnn_dailymail,fixed,20,2048,512,multinomial,0.9553820840420667,0.948208368692475,0.9622228323856914,0.04565669819452541,0.038525302357837035,0.053192109637352054,0
cnn_dailymail,fixed,20,2048,512,source_same_lag,0.9995372631929368,0.9922833754907997,1.0063160116000054,0.00380556397077585,0.0018797897806057055,0.008086589801046998,0
cnn_dailymail,fixed,20,2048,512,source_full,1.0105251488698765,1.0033263188954544,1.0173560234487544,0.010460815789562703,0.004181271750227501,0.017202402554564036,0
cnn_dailymail,fixed,20,2048,512,multinomial_jackknife,0.953787311702403,0.94637902045768,0.9607316768674549,0.04732925465024887,0.040067618145034914,0.05512412092374816,0
cnn_dailymail,fixed,20,2048,512,source_jackknife,1.033835082796951,1.0261477674640707,1.0409551316783128,0.033264298300064846,0.025804869048109587,0.04012642772346856,0
cnn_dailymail,fixed,20,2048,512,bootstrap,0.9738077825405503,0.9653929668396793,0.9823857788308185,0.026573293847120354,0.017803102669250635,0.03522456785160546,0
cnn_dailymail,fixed,20,2048,512,bootstrap_jackknife,0.9872106752759411,0.9731203227448268,1.0011112307013965,0.01697754852018379,0.009087074373568956,0.028154182709900125,0
cnn_dailymail,fixed,20,4096,512,multinomial,0.9498322416331988,0.9433102266840749,0.9561184801731911,0.0514773253991875,0.04488093159767295,0.058367447476982484,0
cnn_dailymail,fixed,20,4096,512,source_same_lag,1.0097300788787085,1.0025925869737486,1.0167809198606215,0.009672146245406932,0.003957278601236249,0.01664120712639625,0
cnn_dailymail,fixed,20,4096,512,source_full,1.020826921294207,1.0136060239497453,1.0280263826141485,0.020601487720829505,0.013503756549796252,0.027637037571478895,0
cnn_dailymail,fixed,20,4096,512,multinomial_jackknife,0.9454004283097627,0.9388671453920021,0.9517045202075793,0.056154281550430264,0.0495066621821389,0.06308689073192096,0
cnn_dailymail,fixed,20,4096,512,source_jackknife,1.0331137679220341,1.0258825038029216,1.0402844887639153,0.03256645102951781,0.025546866414936618,0.03948681235294294,0
cnn_dailymail,fixed,20,4096,512,bootstrap,0.9855059024010276,0.9771670948416149,0.9943300201280738,0.014630375378649843,0.007853050590874521,0.023111886563685655,0
cnn_dailymail,fixed,20,4096,512,bootstrap_jackknife,0.9933284304731665,0.9809646204136965,1.0060258164567233,0.012034075487397463,0.005456397201364717,0.020703648538860704,0
cnn_dailymail,fixed,20,8192,512,multinomial,0.9458278955116359,0.9398050805290141,0.9515614621637318,0.05569638011071353,0.04965257364478294,0.062083661334129535,0
cnn_dailymail,fixed,20,8192,512,source_same_lag,1.0154911577277135,1.0089012819646792,1.021705139793302,0.015370177194135415,0.00885797542300473,0.021472279454715814,0
cnn_dailymail,fixed,20,8192,512,source_full,1.0266801272444726,1.020051444167964,1.032964822790366,0.026328256168813152,0.019850113961579662,0.03242965542952074,0
cnn_dailymail,fixed,20,8192,512,multinomial_jackknife,0.9412358781098222,0.9352802605631263,0.9469393191711343,0.0605630402646268,0.05452231357533841,0.06691053525074996,0
cnn_dailymail,fixed,20,8192,512,source_jackknife,1.032945413977741,1.0263553607879081,1.039235263678743,0.032412415847562506,0.02601243366316599,0.03848390117858331,0
cnn_dailymail,fixed,20,8192,512,bootstrap,0.9879852957985616,0.9802811408655836,0.9951672525223577,0.012103287233891926,0.004918745231122401,0.01993515096308308,0
cnn_dailymail,fixed,20,8192,512,bootstrap_jackknife,0.9916509682934411,0.9799882196906338,1.0021799166051513,0.010330129813562279,0.0029425647439709404,0.020357495760832837,0
cnn_dailymail,fixed,20,1024,1024,multinomial,0.950911097300788,0.9424194232361648,0.9599241790685439,0.05036792167905215,0.04092366004538917,0.05931289782687215,0
cnn_dailymail,fixed,20,1024,1024,source_same_lag,0.9326663095172036,0.9233367896748309,0.942468373251919,0.06975757514908175,0.05932123045870991,0.079778005332928,0
cnn_dailymail,fixed,20,1024,1024,source_full,0.9407990114748639,0.9313394461495285,0.9508196511458926,0.061076307683341165,0.05047640252493987,0.07114230933791328,0
cnn_dailymail,fixed,20,1024,1024,multinomial_jackknife,0.9711285427621126,0.9620633062879684,0.9806892442297804,0.029336087917250165,0.019570862353402694,0.038685146684262504,0
cnn_dailymail,fixed,20,1024,1024,source_jackknife,1.0165410632410932,1.0050161250300724,1.0281440560628223,0.017218761196709672,0.008844536672890486,0.027704633841929054,0
cnn_dailymail,fixed,20,1024,1024,bootstrap,0.9177784790917477,0.9083011163247893,0.9272618859433589,0.08584917564097044,0.07556026486596154,0.09621348559955167,0
cnn_dailymail,fixed,20,1024,1024,bootstrap_jackknife,0.9867166942535334,0.9722817548326683,1.000118640831535,0.01551509013256748,0.005978231293843709,0.0283715947869512,0
cnn_dailymail,fixed,20,2048,1024,multinomial,0.9564079160502152,0.9483984617392652,0.9640248958781207,0.044592150244519735,0.03664584791389339,0.053001326442165625,0
cnn_dailymail,fixed,20,2048,1024,source_same_lag,0.97800205471497,0.9699596827395737,0.9856585358355201,0.022263095904867802,0.014462022246134508,0.030513786435822567,0
cnn_dailymail,fixed,20,2048,1024,source_full,0.9866615997381358,0.9785568284770025,0.9943381079039104,0.013446890131812035,0.0057615431439565655,0.021693308139225882,0
cnn_dailymail,fixed,20,2048,1024,multinomial_jackknife,0.961106876397524,0.9526622057165808,0.9689602655051255,0.03969448470830366,0.03153718597796765,0.04852119854607725,0
cnn_dailymail,fixed,20,2048,1024,source_jackknife,1.0293354408444726,1.0206102646346724,1.0374876241681557,0.02889206536438989,0.020383096346718584,0.03679835447098382,0
cnn_dailymail,fixed,20,2048,1024,bootstrap,0.9585063127539509,0.9506503886521122,0.966223750460748,0.042398415081833535,0.034374164489694825,0.05062383476924665,0
cnn_dailymail,fixed,20,2048,1024,bootstrap_jackknife,0.9976181408052063,0.9868482026234435,1.0076832063164787,0.008947351081097276,0.00419919976954466,0.014941244685871243,0
cnn_dailymail,fixed,20,4096,1024,multinomial,0.953048730030526,0.9461191212703834,0.96004711459336,0.0481007329070681,0.04078146692944183,0.05540163862270177,0
cnn_dailymail,fixed,20,4096,1024,source_same_lag,0.9987097006011056,0.9908646981200091,1.0067185843738644,0.005724301676334168,0.0030224301226002316,0.009615283138556413,0
cnn_dailymail,fixed,20,4096,1024,source_full,1.007566919671178,0.999560070352644,1.0157460392748228,0.00835738779621665,0.00395653398734812,0.01561323190144351,0
cnn_dailymail,fixed,20,4096,1024,multinomial_jackknife,0.9509940154578823,0.9440164677043944,0.9580350984116437,0.0502592843779695,0.042873640352213804,0.05762891830310461,0
cnn_dailymail,fixed,20,4096,1024,source_jackknife,1.0305117148666156,1.0221870064873315,1.038824414858752,0.030035617489023475,0.021915810700391655,0.03807869219298523,0
cnn_dailymail,fixed,20,4096,1024,bootstrap,0.9760331318054705,0.9671043108640441,0.985042862334145,0.02429428841670611,0.01509278079323072,0.033468216776642794,0
cnn_dailymail,fixed,20,4096,1024,bootstrap_jackknife,0.9954051098662262,0.98485135159391,1.0057100017952163,0.009691838256602076,0.004827155317252651,0.016276809557689786,0
cnn_dailymail,fixed,20,8192,1024,multinomial,0.9489883577083464,0.9426136442216517,0.9552047234541756,0.052360838882020255,0.0458316318446892,0.05909923986775912,0
cnn_dailymail,fixed,20,8192,1024,source_same_lag,1.009591001683392,1.002772105618882,1.0162934856001349,0.009541904402182002,0.0030235187496348054,0.016154721297732766,0
cnn_dailymail,fixed,20,8192,1024,source_full,1.0185387335684615,1.0116538998519549,1.025277024689922,0.018365663686519873,0.011584885745332018,0.024958649700308446,0
cnn_dailymail,fixed,20,8192,1024,multinomial_jackknife,0.944705029851053,0.938347076351814,0.9508705202372352,0.0568844122494211,0.05037970066532838,0.06363608984037827,0
cnn_dailymail,fixed,20,8192,1024,source_jackknife,1.0303681029141438,1.0234774165907745,1.0372025631397235,0.02991316818690136,0.023202285384234633,0.03652437512782166,0
cnn_dailymail,fixed,20,8192,1024,bootstrap,0.9864494210958245,0.9792089189887553,0.9935067013898764,0.013651363441395323,0.006523547722795524,0.02101968076875485,0
cnn_dailymail,fixed,20,8192,1024,bootstrap_jackknife,0.9995720483746128,0.9904875494910891,1.0083160912223834,0.005983193093373334,0.0027564011575844905,0.01112551711836925,0
cnn_dailymail,fixed,20,1024,2048,multinomial,0.9389996674463389,0.9332281643323859,0.9457596175432366,0.06296869378814034,0.05582107232990907,0.06911115773708432,0
cnn_dailymail,fixed,20,1024,2048,source_same_lag,0.871812010256302,0.8650202636187971,0.8793802436227016,0.13722808619614635,0.12858570559060717,0.14500993302063378,0
cnn_dailymail,fixed,20,1024,2048,source_full,0.877923605602495,0.871132353307184,0.8856128681342645,0.13024303123637812,0.12152981240578267,0.13798891190257026,0
cnn_dailymail,fixed,20,1024,2048,multinomial_jackknife,0.9799017039213945,0.9719218407808784,0.9881368718191427,0.020349490121876194,0.011979898502761046,0.02850540983390652,0
cnn_dailymail,fixed,20,1024,2048,source_jackknife,0.9971285086410443,0.986573343609546,1.007268701829171,0.008819409250600955,0.0016167857175889088,0.01686028087775179,0
cnn_dailymail,fixed,20,1024,2048,bootstrap,0.8688401236424644,0.8591917636362089,0.8797395823239063,0.1406957646231956,0.12825529753832,0.1517756012911964,0
cnn_dailymail,fixed,20,1024,2048,bootstrap_jackknife,0.988774532233475,0.9745055283297012,1.0027644106512135,0.016765402541033012,0.007360368138867092,0.02736833914456176,0
cnn_dailymail,fixed,20,2048,2048,multinomial,0.9562511916426236,0.9499591762486604,0.9622239731754207,0.04475976882872756,0.03851942445017462,0.05134685704918131,0
cnn_dailymail,fixed,20,2048,2048,source_same_lag,0.9458208864836933,0.939645832508445,0.9517495373166398,0.055726929799756846,0.049459922448065026,0.062276869232053264,0
cnn_dailymail,fixed,20,2048,2048,source_full,0.9526219507351631,0.9465337646783291,0.9584364884418116,0.048560751665470976,0.04245748800993001,0.05497182068544015,0
cnn_dailymail,fixed,20,2048,2048,multinomial_jackknife,0.9723349514802715,0.965111897443076,0.9787022333437589,0.02808503641585947,0.02153279513102086,0.035556929506984095,0
cnn_dailymail,fixed,20,2048,2048,source_jackknife,1.0248594643817042,1.01768413112413,1.0313711229461235,0.024528189423132913,0.017499143093443394,0.03088398514431241,0
cnn_dailymail,fixed,20,2048,2048,bootstrap,0.9321522558921027,0.9248273467737322,0.9389665012420267,0.07029585381321568,0.06298593161953582,0.07818988709874984,0
cnn_dailymail,fixed,20,2048,2048,bootstrap_jackknife,0.998193501266847,0.9891283853272248,1.0069329784788121,0.009735022659070969,0.006597602729670912,0.013318076993417777,0
cnn_dailymail,fixed,20,4096,2048,multinomial,0.9588228612428852,0.9541208380208401,0.9639220193108379,0.042062691555952415,0.03675227870987257,0.04696787780557467,0
cnn_dailymail,fixed,20,4096,2048,source_same_lag,0.9843924190430127,0.9781055192842019,0.9908312821326234,0.015757341397920236,0.009223222409682943,0.022158983419088778,0
cnn_dailymail,fixed,20,4096,2048,source_full,0.9915308525007408,0.9851100683986215,0.9980360817762006,0.008986073602649107,0.0035885235800293086,0.015024982973745403,0
cnn_dailymail,fixed,20,4096,2048,multinomial_jackknife,0.9620636015980247,0.9573225338290858,0.9671521603978985,0.038688448897347016,0.03340728152650812,0.04362112883572911,0
cnn_dailymail,fixed,20,4096,2048,source_jackknife,1.0316740723136635,1.0247494393820231,1.0386320146381536,0.031153369724937943,0.02442798214643088,0.037881059598217144,0
cnn_dailymail,fixed,20,4096,2048,bootstrap,0.9678627258987322,0.9593458133347735,0.9746769340482366,0.03271215021716877,0.0256578374689721,0.04156832683410498,0
cnn_dailymail,fixed,20,4096,2048,bootstrap_jackknife,1.0082180550543556,0.9926060806210208,1.0189521414731189,0.018181597547086547,0.012237505044462868,0.02385166397387262,0
cnn_dailymail,fixed,20,8192,2048,multinomial,0.9562177571567297,0.9531001084429465,0.9596881055732303,0.04477202136081115,0.04115079126637785,0.048035344177193635,0
cnn_dailymail,fixed,20,8192,2048,source_same_lag,1.004077796080225,1.000257743282411,1.008374800459112,0.004063598296153226,0.0012947172541470642,0.008331867290419697,0
cnn_dailymail,fixed,20,8192,2048,source_full,1.0113346410109132,1.007532581468563,1.0156201097251143,0.011265222012545227,0.007498319545017239,0.015490847302441938,0
cnn_dailymail,fixed,20,8192,2048,multinomial_jackknife,0.9537959615519022,0.9506856750914526,0.9572944122136517,0.04730786988636001,0.04364776942279812,0.05057187929598858,0
cnn_dailymail,fixed,20,8192,2048,source_jackknife,1.0324983505728118,1.0286302227576856,1.0368105980013607,0.03197606462041166,0.028227824785709864,0.03614095909988856,0
cnn_dailymail,fixed,20,8192,2048,bootstrap,0.9802420215622284,0.9756486898434071,0.9855537942791529,0.01996904141166887,0.014570729416196708,0.0246545002533226,0
cnn_dailymail,fixed,20,8192,2048,bootstrap_jackknife,0.9966370635677216,0.990417158986391,1.0037377900316138,0.0074146567148821105,0.00427300020982249,0.0108654105068935,0
cnn_dailymail,fixed,20,1024,4096,multinomial,0.9065909253752958,0.9014040411595937,0.9118963588349989,0.09808077340173964,0.09223900847016718,0.10381223454332618,0
cnn_dailymail,fixed,20,1024,4096,source_same_lag,0.7746872942506661,0.7690102576123938,0.7805272724644036,0.2553295814357421,0.2478315630133099,0.26266536496343534,0
cnn_dailymail,fixed,20,1024,4096,source_full,0.7791774439023524,0.7734544831855317,0.7850878867611126,0.2495504858095456,0.2419927588059112,0.25690839117909076,0
cnn_dailymail,fixed,20,1024,4096,multinomial_jackknife,0.9759020762744083,0.9673625588423472,0.9838832905509554,0.024440121684171538,0.016258252423305367,0.033202951741309134,0
cnn_dailymail,fixed,20,1024,4096,source_jackknife,0.9452297336784438,0.9357103109666919,0.9538665889162712,0.056391971719499244,0.047251558187116786,0.06650752080943242,0
cnn_dailymail,fixed,20,1024,4096,bootstrap,0.7718246085379965,0.7608959181302335,0.7841786355566702,0.2591661328493741,0.24330936421375482,0.2732851801045025,0
cnn_dailymail,fixed,20,1024,4096,bootstrap_jackknife,0.9277362941706307,0.9074313776181623,0.948556793847757,0.07537893795793969,0.053023369458354494,0.09722457923845552,0
cnn_dailymail,fixed,20,2048,4096,multinomial,0.9416308959489922,0.9352990227527637,0.9478963683249773,0.06016599470865113,0.05352066514125766,0.06690273198552833,0
cnn_dailymail,fixed,20,2048,4096,source_same_lag,0.8862348705432724,0.8802225358413825,0.891998184091262,0.12079742657976784,0.11431721351945447,0.12759489227094156,0
cnn_dailymail,fixed,20,2048,4096,source_full,0.8915800147904847,0.885719321407712,0.8973663049383951,0.11478294505258439,0.1083008208433183,0.12137144731433165,0
cnn_dailymail,fixed,20,2048,4096,multinomial_jackknife,0.9746335478167525,0.9673234588764111,0.9812431846739975,0.02572378102277889,0.018953465129952697,0.033251148446696764,0
cnn_dailymail,fixed,20,2048,4096,source_jackknife,1.0024443394643454,0.9952284215170656,1.0089659655293415,0.006424882165140533,0.0030847990591489198,0.010265803172094539,0
cnn_dailymail,fixed,20,2048,4096,bootstrap,0.8776754360290081,0.8711831271278168,0.883881267208457,0.13050988859785542,0.12344224466274144,0.137939603263897,0
cnn_dailymail,fixed,20,2048,4096,bootstrap_jackknife,0.9764846646581605,0.9663618915618676,0.9864989063545239,0.023869564468338596,0.013632085123505559,0.03425383108453841,0
cnn_dailymail,fixed,20,4096,4096,multinomial,0.9541260922151478,0.9491238017247633,0.959315173091318,0.04697135987068921,0.0415484639852743,0.05222342499548812,0
cnn_dailymail,fixed,20,4096,4096,source_same_lag,0.9507006971150536,0.9442154787907691,0.9574122149898145,0.05058459686877914,0.04355287311586345,0.05741126975244238,0
cnn_dailymail,fixed,20,4096,4096,source_full,0.956553910756491,0.9498681618086356,0.9632970289723679,0.044447428658860845,0.03741536145727342,0.051445289012765835,0
cnn_dailymail,fixed,20,4096,4096,multinomial_jackknife,0.9659999164899223,0.9610008961656705,0.9709945185347623,0.03460250339699367,0.0294441988271135,0.03978756973815764,0
cnn_dailymail,fixed,20,4096,4096,source_jackknife,1.0214240378309096,1.0138511978083884,1.0290030880004286,0.02116352136666945,0.013735300549651962,0.028563987514657652,0
cnn_dailymail,fixed,20,4096,4096,bootstrap,0.9374098524325024,0.9318030222643884,0.9435293580112741,0.06465566254919408,0.05816232683944517,0.07064684243161416,0
cnn_dailymail,fixed,20,4096,4096,bootstrap_jackknife,0.9958962812098437,0.98851169448583,1.0040708052598417,0.009135759714129442,0.006461088848127404,0.012497138225405522,0
cnn_dailymail,fixed,20,8192,4096,multinomial,0.9552446691901806,0.9513269638863215,0.9592538263431577,0.04579109468752759,0.04160182623409593,0.04990013673922528,0
cnn_dailymail,fixed,20,8192,4096,source_same_lag,0.9843912509033935,0.9795995206608551,0.9895253620403452,0.015741512779166692,0.01053803511861044,0.020615266132742883,0
cnn_dailymail,fixed,20,8192,4096,source_full,0.9904576573570292,0.9856717602080773,0.9956210508607961,0.009597390806829479,0.005080990060501493,0.014441920838286373,0
cnn_dailymail,fixed,20,8192,4096,multinomial_jackknife,0.9566208161649694,0.9526731481108337,0.9606007454103015,0.04435147284279284,0.04019894769116354,0.048486163611247565,0
cnn_dailymail,fixed,20,8192,4096,source_jackknife,1.0259294274611026,1.0208981770092507,1.0311555154802041,0.02558995461805162,0.020677893601262633,0.030671293105562922,0
cnn_dailymail,fixed,20,8192,4096,bootstrap,0.9670153163261611,0.961050345407024,0.972854021064815,0.03356014825616193,0.02752766297596106,0.03974423740364786,0
cnn_dailymail,fixed,20,8192,4096,bootstrap_jackknife,0.9943333383689573,0.9865972772095006,1.0015549747211172,0.007562143512408876,0.002983629305249846,0.013747932942896045,0
cnn_dailymail,fixed,50,1024,512,multinomial,0.9407421455905337,0.9317308643308851,0.9496082327525119,0.06109049883241904,0.051710078273555775,0.07071225028546531,0
cnn_dailymail,fixed,50,1024,512,source_same_lag,0.973207752765518,0.9633669341541938,0.9828239422852707,0.02716862947038871,0.017327627450634035,0.03733009253723502,0
cnn_dailymail,fixed,50,1024,512,source_full,0.9868895479471074,0.9769845061195015,0.9966395825547327,0.013207981938927577,0.00464690673231529,0.02329339470029303,0
cnn_dailymail,fixed,50,1024,512,multinomial_jackknife,0.9404002220839973,0.9313355779734456,0.9493277254226775,0.06145481385809107,0.05200926856573896,0.07113722482017298,0
cnn_dailymail,fixed,50,1024,512,source_jackknife,1.0051306416694727,0.9947439932243464,1.0152674240305992,0.005889355262086723,0.0026598590433370567,0.015134037132731386,0
cnn_dailymail,fixed,50,2048,512,multinomial,0.9370855023658137,0.9280907099670749,0.9458069419807011,0.06498282356072178,0.055717254419919586,0.07462782668720787,0
cnn_dailymail,fixed,50,2048,512,source_same_lag,0.9854902039149404,0.97620820588024,0.9944662866122261,0.014617249397007225,0.005550626307938056,0.02407956333942386,0
cnn_dailymail,fixed,50,2048,512,source_full,0.9993468706402501,0.9899415242366867,1.0084420026745853,0.0014353811765400873,0.0008135322645624812,0.01053158685770799,0
cnn_dailymail,fixed,50,2048,512,multinomial_jackknife,0.9324197061114164,0.923480305829388,0.9411193502372243,0.06997450641978549,0.06068738138562389,0.07960829156822256,0
cnn_dailymail,fixed,50,2048,512,source_jackknife,1.008710351074455,0.9991608557763738,1.017912186683136,0.008671588213874868,0.001250179202042042,0.017752578309078376,0
cnn_dailymail,fixed,50,4096,512,multinomial,0.9304077124572935,0.9216767522513754,0.9391936709215447,0.0721345565576319,0.06273649944970655,0.08156288158991606,0
cnn_dailymail,fixed,50,4096,512,source_same_lag,0.9891755174769642,0.9796751141475504,0.9986653515043691,0.010886923089743157,0.0027716872683407425,0.020537635961997598,0
cnn_dailymail,fixed,50,4096,512,source_full,1.0031161893842597,0.9934674570514019,1.0127435214884504,0.0031076433560591698,0.0011857468848525939,0.012672363695399093,0
cnn_dailymail,fixed,50,4096,512,multinomial_jackknife,0.9240670833060581,0.9153669681728235,0.9327841199646757,0.07897273556441747,0.06958333138015968,0.08843235913297205,0
cnn_dailymail,fixed,50,4096,512,source_jackknife,1.008004822874226,0.9983176325456519,1.0176005749519588,0.007969507490956871,0.0014403760015862966,0.017443354857652534,0
cnn_dailymail,fixed,50,8192,512,multinomial,0.9250838130021598,0.9164725875509844,0.9335649837894286,0.0778716869207567,0.06874480491731651,0.08722380359042976,0
cnn_dailymail,fixed,50,8192,512,source_same_lag,0.9914778252707303,0.9822052289628599,1.000510918836466,0.008559750637073574,0.001347345367487705,0.01795598207822528,0
cnn_dailymail,fixed,50,8192,512,source_full,1.0055049595735508,0.9961272149742878,1.0146808906952025,0.005488915261579443,0.0010323461556978346,0.014573291570945359,0
cnn_dailymail,fixed,50,8192,512,multinomial_jackknife,0.9189050137765564,0.91033968706556,0.9273387231922188,0.08457320840517081,0.07543650344446003,0.09393759109716934,0
cnn_dailymail,fixed,50,8192,512,source_jackknife,1.0079648358592084,0.9985541217428093,1.0171347259891423,0.007932400697609235,0.00112390591113989,0.016989167754984026,0
cnn_dailymail,fixed,50,1024,1024,multinomial,0.9468883570696962,0.9358651918375562,0.957098393353077,0.054592498720424855,0.04387462433780443,0.06628436587860748,0
cnn_dailymail,fixed,50,1024,1024,source_same_lag,0.9558387238773401,0.9440780194700702,0.9671306498410561,0.045196890832388,0.03345916337071967,0.05755687700005183,0
cnn_dailymail,fixed,50,1024,1024,source_full,0.9670178698461522,0.9551194811666707,0.9783924280044457,0.03356936360767062,0.021868119307826766,0.04594237959480991,0
cnn_dailymail,fixed,50,1024,1024,multinomial_jackknife,0.9529812136680587,0.9418310775490044,0.9634689472430175,0.04818074702473523,0.03723365659405015,0.05993117625052823,0
cnn_dailymail,fixed,50,1024,1024,source_jackknife,1.0019927440733087,0.9891300731170044,1.0143202404888727,0.007635434576014201,0.003788525541142101,0.014965875214844968,0
cnn_dailymail,fixed,50,2048,1024,multinomial,0.9454119624465543,0.935090456523931,0.9551874817590954,0.056144125698314035,0.04585598677669032,0.0671236462779561,0
cnn_dailymail,fixed,50,2048,1024,source_same_lag,0.9773976076397243,0.9667883029985918,0.9873833285897721,0.02286838767597628,0.012703428922690418,0.03378140235359889,0
cnn_dailymail,fixed,50,2048,1024,source_full,0.9888813184304519,0.9781411938404342,0.998947337447129,0.01118720207444824,0.002771546444134148,0.022105010761613492,0
cnn_dailymail,fixed,50,2048,1024,multinomial_jackknife,0.9430889516817575,0.9326421810902111,0.9529141489242804,0.05860563628646138,0.048232797205357315,0.06974876247785784,0
cnn_dailymail,fixed,50,2048,1024,source_jackknife,1.0072997960621708,0.9963281473243563,1.0176039814937912,0.00726578005935164,0.002603197287543882,0.017446874143177395,0
cnn_dailymail,fixed,50,4096,1024,multinomial,0.9381851649811649,0.928376139896005,0.9477277971410715,0.06381363505276448,0.053690018068632175,0.07432322429030028,0
cnn_dailymail,fixed,50,4096,1024,source_same_lag,0.985201013658999,0.9746144591981378,0.9952743284654042,0.014918106555932292,0.004865842643408227,0.025721145965415027,0
cnn_dailymail,fixed,50,4096,1024,source_full,0.9967764878246692,0.9860429947554393,1.0070062472534584,0.0042536618114355626,0.002207424758900111,0.014065815615010068,0
cnn_dailymail,fixed,50,4096,1024,multinomial_jackknife,0.9319744467022835,0.9222201498150099,0.941465297101802,0.07045563922215586,0.06032471988664376,0.08097765847900341,0
cnn_dailymail,fixed,50,4096,1024,source_jackknife,1.0064431258535027,0.9956170221526764,1.016730838358537,0.0064140133055214064,0.002512638130443741,0.0165867135277422,0
cnn_dailymail,fixed,50,8192,1024,multinomial,0.93151293398739,0.9218411077934117,0.9406759218606057,0.07094671347271718,0.0611578180991657,0.08138301459726612,0
cnn_dailymail,fixed,50,8192,1024,source_same_lag,0.9897356734108934,0.9795621218737101,0.9994483778007361,0.01031922355012981,0.0016468475611551407,0.020651613688387957,0
cnn_dailymail,fixed,50,8192,1024,source_full,1.0014018465934598,0.9910872857784793,1.0112089328398968,0.0021083963092008713,0.0010519579335543196,0.011788662296356531,0
cnn_dailymail,fixed,50,8192,1024,multinomial_jackknife,0.9242129406791433,0.9145741712267818,0.933290892021314,0.07881410352197123,0.06903949673270751,0.08929743634296597,0
cnn_dailymail,fixed,50,8192,1024,source_jackknife,1.0063200859350334,0.9959510270150759,1.016144575135587,0.006298583623339003,0.0012007804949724877,0.016013308172305032,0
cnn_dailymail,fixed,50,1024,2048,multinomial,0.9555371194372498,0.9489046394398934,0.9629265218088305,0.04551430694036332,0.037814449809012385,0.05244884069191594,0
cnn_dailymail,fixed,50,1024,2048,source_same_lag,0.9334217145123531,0.9253853834413022,0.9416383827890608,0.0689457661849137,0.06018129925227125,0.07756818438084595,0
cnn_dailymail,fixed,50,1024,2048,source_full,0.9421773482520879,0.93401433374109,0.9505296267005093,0.05961001837257565,0.05077974845522597,0.06828355578825912,0
cnn_dailymail,fixed,50,1024,2048,multinomial_jackknife,0.9738066934260118,0.9666021466007988,0.9817394577791245,0.026579081680560543,0.018461250619858236,0.03398983415428365,0
cnn_dailymail,fixed,50,1024,2048,source_jackknife,1.005302428354159,0.9953970736602041,1.0150308061083055,0.009299463428585982,0.0035897300800819937,0.016391375469846352,0
cnn_dailymail,fixed,50,2048,2048,multinomial,0.9600011531249295,0.9538912806639707,0.9657641106901078,0.04083989959544135,0.03485080814894055,0.047217182442631844,0
cnn_dailymail,fixed,50,2048,2048,source_same_lag,0.9711217559070116,0.9651961649289031,0.9767531101974676,0.02932019590822585,0.023523601280498505,0.035432371748419685,0
cnn_dailymail,fixed,50,2048,2048,source_full,0.9803445008161703,0.974484913177361,0.9859408991703691,0.019867278417169506,0.014163061573191372,0.02586717621733775,0
cnn_dailymail,fixed,50,2048,2048,multinomial_jackknife,0.9637978779323068,0.9571714310493178,0.9698051657534398,0.03689567040222751,0.030662646359805125,0.043797255851416216,0
cnn_dailymail,fixed,50,2048,2048,source_jackknife,1.0152118569704123,1.0088060393768519,1.0212271325785047,0.015078968775732315,0.00875605223664162,0.021003479406909217,0
cnn_dailymail,fixed,50,4096,2048,multinomial,0.9549533258624421,0.9501849626284471,0.9597634435167335,0.04610260828882751,0.04107343514148853,0.051111424298380136,0
cnn_dailymail,fixed,50,4096,2048,source_same_lag,0.9874863714419494,0.9818703506850895,0.9931525880424472,0.012609053216889097,0.006879571166375024,0.018309657505038445,0
cnn_dailymail,fixed,50,4096,2048,source_full,0.9968691705711913,0.9911040700635306,1.0026158286219407,0.005425901768366259,0.0023865241126218516,0.009150263189975421,0
cnn_dailymail,fixed,50,4096,2048,multinomial_jackknife,0.9513263373868093,0.9465452919443139,0.956164196120109,0.049908193748663066,0.044828344927067186,0.054942386942456616,0
cnn_dailymail,fixed,50,4096,2048,source_jackknife,1.0154753550672517,1.0095639595219865,1.0212860639419714,0.015340034691170838,0.00955256110590349,0.02105903106118798,0
cnn_dailymail,fixed,50,8192,2048,multinomial,0.9482381263617462,0.9444757986094227,0.9519197310931932,0.053151685894533666,0.049276068922696155,0.05712781144346527,0
cnn_dailymail,fixed,50,8192,2048,source_same_lag,0.9962570790250022,0.9922126544636753,1.0003108325507781,0.0038130620286899535,0.001421038682198338,0.007821875036552088,0
cnn_dailymail,fixed,50,8192,2048,source_full,1.005728154669751,1.001621570502399,1.0097934286971189,0.005708890083969261,0.002349877218810828,0.009741443095916385,0
cnn_dailymail,fixed,50,8192,2048,multinomial_jackknife,0.9412204818265868,0.937517617126397,0.9448453150054221,0.06057959252935346,0.056736265731296795,0.06452143669046902,0
cnn_dailymail,fixed,50,8192,2048,source_jackknife,1.0152768335330227,1.011213987421893,1.0193190960560061,0.015158743206335527,0.011149137693095636,0.01913290923689563,0
cnn_dailymail,fixed,50,1024,4096,multinomial,0.942443591625219,0.9354493178300006,0.950073041812267,0.05931109603407111,0.051262743916269914,0.06673448902768121,0
cnn_dailymail,fixed,50,1024,4096,source_same_lag,0.8786681981078716,0.8706806145699947,0.8867745506159822,0.12939700315315497,0.12020581098591447,0.1384939017959914,0
cnn_dailymail,fixed,50,1024,4096,source_full,0.8852614496526756,0.8772763810422683,0.8935566109819658,0.1219221230023153,0.11258001109801065,0.13096398680579643,0
cnn_dailymail,fixed,50,1024,4096,multinomial_jackknife,0.9791303373891866,0.9707906923555957,0.9877822489460241,0.021134452965015125,0.012513370345170836,0.029669151906316575,0
cnn_dailymail,fixed,50,1024,4096,source_jackknife,0.9876461334699247,0.9764427544877375,0.998017510324406,0.015295781582156597,0.009359032561094155,0.02429741066604577,0
cnn_dailymail,fixed,50,2048,4096,multinomial,0.9577818928508937,0.9506018515188456,0.9644158310996067,0.04315940694752165,0.036244289612499335,0.05067728451663033,0
cnn_dailymail,fixed,50,2048,4096,source_same_lag,0.9412117616463771,0.9342649041325541,0.9477654162775474,0.06061088964320387,0.05367100740610289,0.06800738837963713,0
cnn_dailymail,fixed,50,2048,4096,source_full,0.9484306550132787,0.9414948232957429,0.9549666955362652,0.05296923035305708,0.04609363575015073,0.06030714810947194,0
cnn_dailymail,fixed,50,2048,4096,multinomial_jackknife,0.9722506623073423,0.9644461255610757,0.9792549017817453,0.028170386457738294,0.020965745884074714,0.03624428877697687,0
cnn_dailymail,fixed,50,2048,4096,source_jackknife,1.0089209001928592,1.001137426991083,1.0160212642973707,0.010228817778192645,0.005517695915916432,0.01589426304324654,0
cnn_dailymail,fixed,50,4096,4096,multinomial,0.9587462368681721,0.952887756958122,0.9645460332031925,0.04214156157416687,0.03610677377583475,0.04826898118991371,0
cnn_dailymail,fixed,50,4096,4096,source_same_lag,0.9725777452220372,0.9655754188300131,0.9794284578266187,0.027829812887342445,0.02080000765117546,0.035048381646984386,0
cnn_dailymail,fixed,50,4096,4096,source_full,0.9800797296954733,0.9729247723551098,0.9869479950335235,0.020146654606296565,0.013146552211623856,0.027476202991590974,0
cnn_dailymail,fixed,50,4096,4096,multinomial_jackknife,0.960756715754531,0.9548787223938989,0.9665639674131496,0.0400469165998586,0.03402121924503403,0.04617461601350809,0
cnn_dailymail,fixed,50,4096,4096,source_jackknife,1.013281174969284,1.0057559728840555,1.0205208741202592,0.013167268721695763,0.006925202059922956,0.020300784306165318,0
cnn_dailymail,fixed,50,8192,4096,multinomial,0.9540092290451485,0.9494574725517886,0.9587524220728448,0.047084093922906266,0.04212518336874664,0.05186634686083866,0
cnn_dailymail,fixed,50,8192,4096,source_same_lag,0.9886447570246032,0.9836945428796399,0.9938894996910707,0.011425048430465164,0.006166702364286299,0.016440478710750685,0
cnn_dailymail,fixed,50,8192,4096,source_full,0.9962487856547945,0.9912337398425485,1.0015106512432372,0.004582106795386576,0.001680362529419475,0.008805741461870402,0
cnn_dailymail,fixed,50,8192,4096,multinomial_jackknife,0.9493922627015183,0.9448180439719999,0.9540292245235388,0.0519350950287529,0.04706290882178907,0.05676292515292768,0
cnn_dailymail,fixed,50,8192,4096,source_jackknife,1.0136027073735332,1.0085454861892804,1.0188778214479397,0.013506679172273101,0.008506967684003898,0.0186981099919374,0
cnn_dailymail,refit,0.5,1024,512,multinomial,0.9133676121395234,0.9022005562880726,0.9246845234541824,0.09066887938731559,0.07833673509833235,0.1029372225793691,0
cnn_dailymail,refit,0.5,1024,512,source_same_lag,0.7552072912327754,0.7472210589515507,0.7631126434604845,0.28078866950522824,0.2703761043224676,0.2914145944983332,0
cnn_dailymail,refit,0.5,1024,512,source_full,0.7579109601747284,0.7498575898105841,0.7658111656205943,0.27721501525080555,0.26683370986536586,0.28789140082411513,0
cnn_dailymail,refit,0.5,1024,512,multinomial_jackknife,1.149358725461733,1.133620330832841,1.1657934715919178,0.13911685993112172,0.12538142244541145,0.1533109471597577,0
cnn_dailymail,refit,0.5,1024,512,source_jackknife,1.0745029412965026,1.062182217690602,1.0870693369983109,0.07181610327100772,0.06028922461179307,0.08346115413220666,0
cnn_dailymail,refit,0.5,2048,512,multinomial,1.1221125919654567,1.1100599865095704,1.1337517710895426,0.115190441547249,0.10438893516475073,0.12552280590121853,0
cnn_dailymail,refit,0.5,2048,512,source_same_lag,1.085962239121791,1.074513273613737,1.0968716120374746,0.0824455110817722,0.07185434569017636,0.09244739831951045,0
cnn_dailymail,refit,0.5,2048,512,source_full,1.0902302445963832,1.0786519532794903,1.1013164397846205,0.08636523644774297,0.07569329538138929,0.09648779637252013,0
cnn_dailymail,refit,0.5,2048,512,multinomial_jackknife,1.3272746126359751,1.3118903280600476,1.3430517490719707,0.2830833148230287,0.2714406596923956,0.29489566187792704,0
cnn_dailymail,refit,0.5,2048,512,source_jackknife,1.422574201256853,1.4064289101475995,1.4390057998079944,0.3524272936255029,0.34100343872363337,0.3638969261897841,0
cnn_dailymail,refit,0.5,4096,512,multinomial,1.2794647008840567,1.2667907702596486,1.291978181606109,0.2464285338553668,0.23647827002652988,0.25615823673409316,0
cnn_dailymail,refit,0.5,4096,512,source_same_lag,1.3437456139252772,1.3297813581146176,1.357278029675973,0.2954395929071811,0.2850042400812063,0.30546293344585557,0
cnn_dailymail,refit,0.5,4096,512,source_full,1.3493674741258774,1.3350722775122135,1.363290337205653,0.29961035769232486,0.28897462129431545,0.30988306325251,0
cnn_dailymail,refit,0.5,4096,512,multinomial_jackknife,1.4331891263088365,1.4174434319278746,1.448813973978705,0.3598678921130391,0.3488225822210451,0.3707167991496971,0
cnn_dailymail,refit,0.5,4096,512,source_jackknife,1.605727089804063,1.5866345266807753,1.6256395849224434,0.47352042977297487,0.46158799109317555,0.48586559788687417,0
cnn_dailymail,refit,0.5,8192,512,multinomial,1.3928689590493328,1.3785209774428293,1.4072212055072117,0.33134266256562545,0.32099938123906246,0.34159829510019574,0
cnn_dailymail,refit,0.5,8192,512,source_same_lag,1.5109374983960402,1.4954795895006519,1.52588345318712,0.4127131464268646,0.4024419683628734,0.42254618644426556,0
cnn_dailymail,refit,0.5,8192,512,source_full,1.5176806608592528,1.5021066172687407,1.5328347008337044,0.4171652270031451,0.4068583699982904,0.4270900035853558,0
cnn_dailymail,refit,0.5,8192,512,multinomial_jackknife,1.5033851517486079,1.4866541918196101,1.520018926604874,0.40768223730169906,0.39651642084247535,0.41869674410537505,0
cnn_dailymail,refit,0.5,8192,512,source_jackknife,1.6839173770595686,1.6654165721000207,1.7023638456072587,0.5210909155078286,0.5100729167994711,0.5319673665249933,0
cnn_dailymail,refit,0.5,1024,1024,multinomial,0.6880487112088515,0.677355008161956,0.6992851752746869,0.3740550431838661,0.3577505936520452,0.38961888996803784,0
cnn_dailymail,refit,0.5,1024,1024,source_same_lag,0.4797356891426806,0.4745948882446825,0.48454415318701244,0.7345677577192222,0.7245610023605479,0.7453627476845569,0
cnn_dailymail,refit,0.5,1024,1024,source_full,0.48128894783340886,0.476149982190983,0.4860950395591172,0.7313346962307322,0.7213578070664555,0.7420912485506417,0
cnn_dailymail,refit,0.5,1024,1024,multinomial_jackknife,0.9038804784219948,0.8872937321491037,0.9213794333246074,0.10130104216107017,0.08200319040571293,0.11972303044802696,0
cnn_dailymail,refit,0.5,1024,1024,source_jackknife,0.7019339310809405,0.6929805964249333,0.7098569571847134,0.35399241059778874,0.3427131100452322,0.3668641268774504,0
cnn_dailymail,refit,0.5,2048,1024,multinomial,0.9020853737619319,0.8922357243589004,0.9123815135040276,0.10310671215272665,0.09175402466185041,0.11408120258103417,0
cnn_dailymail,refit,0.5,2048,1024,source_same_lag,0.7690509875701915,0.7620726321272306,0.7759018706307096,0.26262338251125344,0.2537458565765876,0.2717395743172255,0
cnn_dailymail,refit,0.5,2048,1024,source_full,0.7718711541145924,0.7647944908721325,0.7789341409853829,0.2589660917587959,0.24983831540803636,0.26816495219281,0
cnn_dailymail,refit,0.5,2048,1024,multinomial_jackknife,1.1129685169526982,1.0983337071399473,1.1300702558630205,0.10691266098339393,0.09372976849416448,0.12216326876037235,0
cnn_dailymail,refit,0.5,2048,1024,source_jackknife,1.0626915796767962,1.0512322516075223,1.075020331728898,0.06074365837703877,0.04992077738442907,0.07226752017348104,0
cnn_dailymail,refit,0.5,4096,1024,multinomial,1.0736260312462949,1.0605735636039915,1.0864269267929458,0.07096395690448591,0.05872320906604709,0.08286632930291402,0
cnn_dailymail,refit,0.5,4096,1024,source_same_lag,1.051061027387107,1.0393810234157395,1.0632020259759059,0.049737642622071365,0.038607079983189484,0.06125001282557692,0
cnn_dailymail,refit,0.5,4096,1024,source_full,1.0552052687117812,1.0430817985538976,1.0679036660954944,0.053664054929571374,0.04211723347742012,0.06565565606747716,0
cnn_dailymail,refit,0.5,4096,1024,multinomial_jackknife,1.2403982753125875,1.2206351962670352,1.2585199211123217,0.2152841154604622,0.19919921972860252,0.22988423334900798,0
cnn_dailymail,refit,0.5,4096,1024,source_jackknife,1.3372793720999085,1.3166694352312729,1.3590622602080271,0.2904756497109128,0.2750283578430796,0.30669418436634377,0
cnn_dailymail,refit,0.5,8192,1024,multinomial,1.2061023933937483,1.1918003119067289,1.2195026975125782,0.1873259861431306,0.17541667627890667,0.19840665899728002,0
cnn_dailymail,refit,0.5,8192,1024,source_same_lag,1.2665583521385642,1.2532083580240718,1.2802429036989005,0.23624999881054343,0.22567818501031406,0.24698533467169256,0
cnn_dailymail,refit,0.5,8192,1024,source_full,1.272201746475377,1.258680251907379,1.2861026499171209,0.2406929641025717,0.2300096785256905,0.25158257975395715,0
cnn_dailymail,refit,0.5,8192,1024,multinomial_jackknife,1.332472437157465,1.3143966179437345,1.3497618481222284,0.28693203547125457,0.27328141474969153,0.29989269249005496,0
cnn_dailymail,refit,0.5,8192,1024,source_jackknife,1.4850407036018742,1.466092282703495,1.5046881674234618,0.39534534833815105,0.3825442031566556,0.4085104269917742,0
cnn_dailymail,refit,0.5,1024,2048,multinomial,0.5011225573426845,0.490949195995567,0.5120657946643713,0.6911945851895003,0.6695695592059264,0.7115832978760155,0
cnn_dailymail,refit,0.5,1024,2048,source_same_lag,0.30321616397719503,0.2986578317756174,0.30716384764253846,1.193403239487875,1.1803754242042428,1.2086015428887265,0
cnn_dailymail,refit,0.5,1024,2048,source_full,0.3041143326232804,0.29956881880870334,0.30804459235150794,1.1904442810959204,1.1775109119664495,1.2055370788930093,0
cnn_dailymail,refit,0.5,1024,2048,multinomial_jackknife,0.6801294272978345,0.6635435304725544,0.6979494757062822,0.3859101417264647,0.35980889953803474,0.4103552053481647,0
cnn_dailymail,refit,0.5,1024,2048,source_jackknife,0.44764297890260696,0.43975590429795863,0.4541993306287028,0.8039077854209234,0.789233019779589,0.8217818888869541,0
cnn_dailymail,refit,0.5,2048,2048,multinomial,0.7046878307093417,0.694349822509201,0.7161670415051642,0.3501263638057637,0.3339618579772364,0.3648576702271331,0
cnn_dailymail,refit,0.5,2048,2048,source_same_lag,0.5177633670402843,0.5122619350078124,0.5232792775894797,0.6582672047846737,0.6476468514694129,0.6689543406045514,0
cnn_dailymail,refit,0.5,2048,2048,source_full,0.5195435327175267,0.5139750390191345,0.5251937115264808,0.65483569359435,0.6440265521342804,0.6656284242774392,0
cnn_dailymail,refit,0.5,2048,2048,multinomial_jackknife,0.905776268892626,0.8894269695046129,0.9246244210970317,0.0991942891000163,0.07855105156864473,0.11727721565003209,0
cnn_dailymail,refit,0.5,2048,2048,source_jackknife,0.7351881930625921,0.7257378246674182,0.7451524151328145,0.30770463886622446,0.29420527634529975,0.32064359036584983,0
cnn_dailymail,refit,0.5,4096,2048,multinomial,0.8863821671320105,0.8690804338583911,0.9031761735589742,0.1208431234127433,0.10201591990314106,0.14050515289608284,0
cnn_dailymail,refit,0.5,4096,2048,source_same_lag,0.7775873847045457,0.765976831350719,0.7890553284955426,0.2516711615541974,0.23700385623023976,0.2666809067636785,0
cnn_dailymail,refit,0.5,4096,2048,source_full,0.7804581999373523,0.7684073141559259,0.7923649885779942,0.24799825083231916,0.23286394355311835,0.2635117829425294,0
cnn_dailymail,refit,0.5,4096,2048,multinomial_jackknife,1.0627846295444094,1.035837834165723,1.088083396939325,0.060468935965156144,0.03473393967367965,0.08429733961891492,0
cnn_dailymail,refit,0.5,4096,2048,source_jackknife,1.0415116042901815,1.0201390582374372,1.0630235696381185,0.040395907429817725,0.020709533729275253,0.060940144776457664,0
cnn_dailymail,refit,0.5,8192,2048,multinomial,1.038086108925581,1.0204806040570495,1.0549695783375217,0.03722207328279172,0.02043323089717689,0.05344480518516166,0
cnn_dailymail,refit,0.5,8192,2048,source_same_lag,1.0247247001879527,1.009082376213891,1.040456173957216,0.024646489445409394,0.012686470905401712,0.03957976443570648,0
cnn_dailymail,refit,0.5,8192,2048,source_full,1.0292615095836948,1.0132560109108772,1.0452526136167752,0.02871101813262784,0.014824315800955968,0.044177064496229,0
cnn_dailymail,refit,0.5,8192,2048,multinomial_jackknife,1.181404775361315,1.159044792187977,1.2032013964644048,0.16648558158286372,0.14746920513694434,0.18485772031824968,0
cnn_dailymail,refit,0.5,8192,2048,source_jackknife,1.2736068373040748,1.249481701606408,1.2973930851856477,0.24162958057885917,0.22247201917239062,0.2602321729399541,0
cnn_dailymail,refit,0.5,1024,4096,multinomial,0.36120106260598145,0.35300321714636423,0.37004392112133205,1.018715158543648,0.9943894812706207,1.0413992655102684,0
cnn_dailymail,refit,0.5,1024,4096,source_same_lag,0.20016394436670418,0.19697015876062407,0.20275707489769992,1.6087521850519435,1.5957473382864482,1.6249470136282604,0
cnn_dailymail,refit,0.5,1024,4096,source_full,0.200717973052608,0.19751187901563053,0.20330589018290438,1.6059868012751057,1.5930499882287563,1.622184134621401,0
cnn_dailymail,refit,0.5,1024,4096,multinomial_jackknife,0.500451560945727,0.4868546276478022,0.5148816495910277,0.6928367978919056,0.6641071984880246,0.7201363842755512,0
cnn_dailymail,refit,0.5,1024,4096,source_jackknife,0.29641367719035244,0.2905682945311815,0.30087094591585883,1.2162120244213988,1.201086667434142,1.2362861897024586,0
cnn_dailymail,refit,0.5,2048,4096,multinomial,0.5391571715826335,0.5303867624234245,0.5490724584795958,0.617939531730128,0.5996938341063902,0.6341814085136875,0
cnn_dailymail,refit,0.5,2048,4096,source_same_lag,0.34986747493549347,0.34623293951420486,0.3534189683922767,1.050243553502087,1.0401104234860732,1.0607180659238653,0
cnn_dailymail,refit,0.5,2048,4096,source_full,0.3509969817764435,0.34739442782626684,0.35449449198311295,1.0470184211258722,1.037068505253985,1.0573511258807475,0
cnn_dailymail,refit,0.5,2048,4096,multinomial_jackknife,0.7152644247865946,0.7004543571191176,0.7323195889600788,0.33544148480995006,0.31182713187678557,0.356089825504931,0
cnn_dailymail,refit,0.5,2048,4096,source_jackknife,0.5014269785733061,0.4948658735981987,0.5079102929042372,0.6903979570377867,0.6774890229973496,0.7035809573449878,0
cnn_dailymail,refit,0.5,4096,4096,multinomial,0.7206759330467037,0.7028187903996969,0.7396311200309467,0.32803133066221407,0.3020766595578491,0.35303052142529334,0
cnn_dailymail,refit,0.5,4096,4096,source_same_lag,0.5556614259774034,0.5469427592650341,0.563654987139345,0.5877337978232386,0.573366727805399,0.6034824825567274,0
cnn_dailymail,refit,0.5,4096,4096,source_full,0.5575527831787358,0.5485425970728853,0.5658654762949151,0.5843481479387732,0.569452650350652,0.6006011762443602,0
cnn_dailymail,refit,0.5,4096,4096,multinomial_jackknife,0.8971739909314216,0.867717489498318,0.9273724200272363,0.10932426783008013,0.07597637046366897,0.14253719641366464,0
cnn_dailymail,refit,0.5,4096,4096,source_jackknife,0.7648401164502812,0.7480172993943457,0.7808889533603435,0.2684157239874998,0.2473557608766609,0.29041497606439826,0
cnn_dailymail,refit,0.5,8192,4096,multinomial,0.8903462669923866,0.872044073334484,0.9073340481545842,0.11642197860601884,0.09730944387145843,0.13714202153105334,0
cnn_dailymail,refit,0.5,8192,4096,source_same_lag,0.7965785752882577,0.7822261297667447,0.8103366053226169,0.22763597962552362,0.21043135048526546,0.24575907874306824,0
cnn_dailymail,refit,0.5,8192,4096,source_full,0.7999746389366741,0.7853278110264925,0.8140234246119724,0.22339036030093995,0.20584999738018517,0.2417752152258627,0
cnn_dailymail,refit,0.5,8192,4096,multinomial_jackknife,1.051000140843469,1.0271205736566986,1.0741087179361812,0.04937972012386969,0.02647133610734031,0.07128122692966297,0
cnn_dailymail,refit,0.5,8192,4096,source_jackknife,1.0386171678639582,1.0142253122299687,1.0616146178832848,0.040555424456248844,0.022845745687382533,0.05976261436190691,0
cnn_dailymail,refit,1,1024,512,multinomial,0.9568188252439721,0.9476601711626643,0.9662370312809045,0.04416295175202831,0.03437105589770817,0.0537629776887938,0
cnn_dailymail,refit,1,1024,512,source_same_lag,0.8352817363211021,0.8272153937763334,0.8431127595802066,0.1800086800172159,0.1706815705453561,0.18970706600807327,0
cnn_dailymail,refit,1,1024,512,source_full,0.8387592638100592,0.8306404508520017,0.8466429529862213,0.175854029175918,0.1664934618258814,0.1855629458226244,0
cnn_dailymail,refit,1,1024,512,multinomial_jackknife,1.1181717652985395,1.105847191321896,1.1312897068936543,0.11164468935591935,0.1006088758426864,0.1233059370559433,0
cnn_dailymail,refit,1,1024,512,source_jackknife,1.1229998215154093,1.1110994758886938,1.1347496284445897,0.1159648975403832,0.10530761647800768,0.12639429637797278,0
cnn_dailymail,refit,1,1024,512,bootstrap,0.7910487845470799,0.7826190124076741,0.8001641078643369,0.2344448623424584,0.22301605727116833,0.24512062535393314,0
cnn_dailymail,refit,1,1024,512,bootstrap_jackknife,0.9589909316478317,0.9470701489858863,0.9733952796901695,0.04198023213316002,0.027140330563097934,0.05445237313103096,0
cnn_dailymail,refit,1,2048,512,multinomial,1.0774192601841088,1.0671951182400203,1.08737212068133,0.07455019180513689,0.06501665024119166,0.08374818000629855,0
cnn_dailymail,refit,1,2048,512,source_same_lag,1.0697196856169124,1.059659979943961,1.0794726915263084,0.06737756184123189,0.05792761192705111,0.0764671806687206,0
cnn_dailymail,refit,1,2048,512,source_full,1.0744794634199433,1.0643393206386131,1.084365045355344,0.071816556752094,0.062337668520185616,0.08097893359723406,0
cnn_dailymail,refit,1,2048,512,multinomial_jackknife,1.1948300337388686,1.182641085144825,1.206781608696829,0.177973122463554,0.16773450035552429,0.18793345397300054,0
cnn_dailymail,refit,1,2048,512,source_jackknife,1.3095931228545867,1.2966202582152357,1.3221165458745767,0.2696925759589652,0.25973627302294056,0.2792221331313623,0
cnn_dailymail,refit,1,2048,512,bootstrap,0.8887701448014663,0.8792307388996619,0.8978326896966506,0.11795117663261728,0.10780605515877711,0.1287484957984279,0
cnn_dailymail,refit,1,2048,512,bootstrap_jackknife,0.9850473690026659,0.9744247987012964,0.994958135616145,0.015101552997960573,0.00571304446737232,0.02595125904169635,0
cnn_dailymail,refit,1,4096,512,multinomial,1.1597100911340514,1.1498642909213028,1.1693988784821923,0.14816443179973363,0.13963834957803442,0.1564848345229796,0
cnn_dailymail,refit,1,4096,512,source_same_lag,1.225595089290648,1.2139164233668793,1.2370926894995407,0.2034083403831739,0.1938374756821513,0.21274447376954642,0
cnn_dailymail,refit,1,4096,512,source_full,1.2313001423819492,1.2194960075341026,1.242947162737535,0.2080508253063564,0.19842328270715412,0.21748491751495233,0
cnn_dailymail,refit,1,4096,512,multinomial_jackknife,1.239205684657521,1.2284309559050282,1.2497920327233463,0.21446195952400138,0.20573449077564013,0.22296776677321162,0
cnn_dailymail,refit,1,4096,512,source_jackknife,1.385891286897557,1.3717618899582718,1.3998760899084333,0.3263135705039337,0.31607447929751725,0.336360332383199,0
cnn_dailymail,refit,1,4096,512,bootstrap,0.943182664143988,0.9325996605276107,0.9537867561281923,0.05854072622232114,0.047350410598147645,0.06980338121397091,0
cnn_dailymail,refit,1,4096,512,bootstrap_jackknife,0.995513152069514,0.9820862889711537,1.0090064823078175,0.010794833228506634,0.004509365279771756,0.019551975930756676,0
cnn_dailymail,refit,1,8192,512,multinomial,1.2147385157114796,1.2040353471993646,1.2250005643561954,0.19451969154542514,0.18567191890636714,0.20293633464956215,0
cnn_dailymail,refit,1,8192,512,source_same_lag,1.31563623340923,1.303942139932142,1.3271928100628079,0.2743097087773059,0.26537690626248545,0.283059253368121,0
cnn_dailymail,refit,1,8192,512,source_full,1.3219012355736728,1.3100834045921592,1.333462453552455,0.2790603846726199,0.2700833233190956,0.28777647875833645,0
cnn_dailymail,refit,1,8192,512,multinomial_jackknife,1.2689017023808857,1.2575451838471003,1.2799486177882846,0.23813925414405093,0.22916024618587982,0.24681405330798584,0
cnn_dailymail,refit,1,8192,512,source_jackknife,1.413242736515224,1.4004871822526064,1.4259207711616413,0.34587389087227355,0.33680612214678546,0.354808611945458,0
cnn_dailymail,refit,1,8192,512,bootstrap,0.968054829135586,0.9592508965792297,0.9765351336775115,0.03247747155859387,0.023751941107402544,0.04160621799187925,0
cnn_dailymail,refit,1,8192,512,bootstrap_jackknife,0.9948211476515936,0.9833948566935362,1.0053788363873244,0.007862704189438215,0.003143938357482684,0.016931660644495767,0
cnn_dailymail,refit,1,1024,1024,multinomial,0.7966477385780646,0.7864439491366676,0.8074170492620537,0.22744934191558605,0.21399865947850424,0.24031861568399845,0
cnn_dailymail,refit,1,1024,1024,source_same_lag,0.5857471759673801,0.5808570129470507,0.59070742426383,0.5348928231739875,0.5264627946617291,0.5432736127547633,0
cnn_dailymail,refit,1,1024,1024,source_full,0.5879233553840872,0.5830074918241641,0.5928859979777793,0.5311844804557777,0.5227772186971851,0.5395698281261343,0
cnn_dailymail,refit,1,1024,1024,multinomial_jackknife,0.9796003515911,0.9646925949204991,0.995727391832639,0.022841164814848252,0.009904783761504356,0.03618255118061921,0
cnn_dailymail,refit,1,1024,1024,source_jackknife,0.8333246093166314,0.8254430805051783,0.8413596700049727,0.1823748793069154,0.17276040039086207,0.19186025563368558,0
cnn_dailymail,refit,1,1024,1024,bootstrap,0.655057107450865,0.648594906124632,0.6616070825936694,0.4230809815050123,0.4131372341303848,0.43297903879340477,0
cnn_dailymail,refit,1,1024,1024,bootstrap_jackknife,0.8801519437627596,0.8699059818980004,0.8920421228326009,0.12775630204943808,0.11432796412250303,0.13937594475736514,0
cnn_dailymail,refit,1,2048,1024,multinomial,0.9416694151813556,0.9330384156703719,0.9502742318528261,0.060136882791614714,0.05102253567619382,0.06933154597714533,0
cnn_dailymail,refit,1,2048,1024,source_same_lag,0.8420935695182281,0.8353820443549231,0.848763914703597,0.17188453766294412,0.16399388002232648,0.17987985921060629,0
cnn_dailymail,refit,1,2048,1024,source_full,0.8455291025032812,0.8386037731463873,0.8524171151238807,0.1678158076645798,0.1596914781832002,0.17603098623855454,0
cnn_dailymail,refit,1,2048,1024,multinomial_jackknife,1.0832479986031804,1.0713329359457997,1.0964312037636064,0.07988869044849696,0.06887352082632497,0.09199373867173889,0
cnn_dailymail,refit,1,2048,1024,source_jackknife,1.1031208657392346,1.092988592149632,1.113590780006976,0.09810346376575259,0.08889760490751765,0.10756188111747965,0
cnn_dailymail,refit,1,2048,1024,bootstrap,0.8105970143856394,0.802359144826476,0.8187157956468897,0.2100346007759554,0.20004412366871227,0.22022524046604783,0
cnn_dailymail,refit,1,2048,1024,bootstrap_jackknife,0.9656718007853831,0.953152001296341,0.9775757372320848,0.035029273726822886,0.022759447059376135,0.04812863910862759,0
cnn_dailymail,refit,1,4096,1024,multinomial,1.0402472733373649,1.0320503584255043,1.0484188937345762,0.03943806008931604,0.031530259850696636,0.04727432453706228,0
cnn_dailymail,refit,1,4096,1024,source_same_lag,1.0418650957119948,1.033770796893838,1.0501547151455917,0.040991731634454937,0.03319856049584183,0.04892180799501345,0
cnn_dailymail,refit,1,4096,1024,source_full,1.0463860478072848,1.037979618471089,1.0550759404315715,0.045317311133199006,0.03726263656453552,0.05358249193022898,0
cnn_dailymail,refit,1,4096,1024,multinomial_jackknife,1.134481219814153,1.1235561214839371,1.1449289295842735,0.12613408567526932,0.11646363047564448,0.13532506456433707,0
cnn_dailymail,refit,1,4096,1024,source_jackknife,1.245150468216315,1.2329366051325237,1.2587077842620615,0.2192009815351855,0.20937322195062757,0.23003162383472156,0
cnn_dailymail,refit,1,4096,1024,bootstrap,0.9028537902619551,0.8941479495318017,0.9117581267218176,0.10224136968238969,0.09241949484256587,0.11192992486783984,0
cnn_dailymail,refit,1,4096,1024,bootstrap_jackknife,0.990948319587057,0.9798881769568021,1.0022445002793672,0.0122520170609306,0.005575574143598231,0.020883924367540038,0
cnn_dailymail,refit,1,8192,1024,multinomial,1.1088773766414282,1.0998416511237281,1.117894772399265,0.10332407740684584,0.09515148438096535,0.11142594595045759,0
cnn_dailymail,refit,1,8192,1024,source_same_lag,1.1714315253837229,1.1627263914223949,1.1804120254960855,0.15820955199769823,0.15076724395208935,0.16584050668617553,0
cnn_dailymail,refit,1,8192,1024,source_full,1.1768663455818709,1.1680150798048243,1.1859839437541837,0.1628373934874476,0.1552987575844972,0.17055729160809638,0
cnn_dailymail,refit,1,8192,1024,multinomial_jackknife,1.1740097287242943,1.1631317394160312,1.1848152690928089,0.160386405161036,0.1510920281857369,0.16954800988745347,0
cnn_dailymail,refit,1,8192,1024,source_jackknife,1.3057344388160146,1.2948254070804297,1.3174892971157688,0.2667341515390773,0.25836965325270705,0.2756902390617282,0
cnn_dailymail,refit,1,8192,1024,bootstrap,0.9503573020135342,0.9437127267435121,0.9568629186788268,0.05092650081018807,0.04409929879948419,0.05794726966824325,0
cnn_dailymail,refit,1,8192,1024,bootstrap_jackknife,0.9990815952792945,0.9905972353493114,1.0072991530414703,0.0064240129829167625,0.0034919730459470203,0.010530944276111752,0
cnn_dailymail,refit,1,1024,2048,multinomial,0.6379213289574877,0.6258210301013274,0.6512189380979049,0.4498151980078091,0.42899264571121115,0.46881788736270136,0
cnn_dailymail,refit,1,1024,2048,source_same_lag,0.3869961554639614,0.3826844775647083,0.3909700743292207,0.9493885764464826,0.9391369595018215,0.960593590915394,0
cnn_dailymail,refit,1,1024,2048,source_full,0.3882967571583393,0.38396517858004375,0.39227082992710505,0.9460328602089282,0.9358289553950673,0.9572629491286966,0
cnn_dailymail,refit,1,1024,2048,multinomial_jackknife,0.824211898451823,0.8049718874259572,0.8453264115267918,0.19375454831948927,0.16814598807602793,0.2171391851679504,0
cnn_dailymail,refit,1,1024,2048,source_jackknife,0.566171831352382,0.5589586457012751,0.5727714541675134,0.5689350251950867,0.5572850201277388,0.5817705098550626,0
cnn_dailymail,refit,1,1024,2048,bootstrap,0.4761741757348569,0.4699554929922537,0.4822789699367161,0.7420666859973403,0.729294184114351,0.7551661596104511,0
cnn_dailymail,refit,1,1024,2048,bootstrap_jackknife,0.7051502663124518,0.69320743274589,0.7168800509408667,0.349533016024937,0.33298196709303923,0.3665170458921252,0
cnn_dailymail,refit,1,2048,2048,multinomial,0.8071133994379343,0.7967948016787815,0.8184507901909943,0.21439227595604401,0.20043319817204835,0.22722492480561235,0
cnn_dailymail,refit,1,2048,2048,source_same_lag,0.6202282213278194,0.6146695063072091,0.6258811735849772,0.47769276069668076,0.4686066071726421,0.4866861249666559,0
cnn_dailymail,refit,1,2048,2048,source_full,0.6225911965512219,0.616871245549156,0.6284333470182388,0.4738932339375231,0.46453405053936264,0.48310734638171626,0
cnn_dailymail,refit,1,2048,2048,multinomial_jackknife,0.9731497646531141,0.9574552396017686,0.9910990739651898,0.03003360992264334,0.016877166212343028,0.043584394995592066,0
cnn_dailymail,refit,1,2048,2048,source_jackknife,0.8570512055647518,0.8478436112055795,0.8670523078790915,0.15431802152883828,0.1427354253220323,0.1650790970399931,0
cnn_dailymail,refit,1,2048,2048,bootstrap,0.6889272252929791,0.6830130865815788,0.6945394037287165,0.37263510661528776,0.3645071685879917,0.3812610915005414,0
cnn_dailymail,refit,1,2048,2048,bootstrap_jackknife,0.9038677589463372,0.896249302950348,0.9114737096709542,0.10108842888562397,0.09270068538050948,0.10956060477136303,0
cnn_dailymail,refit,1,4096,2048,multinomial,0.9275578665314966,0.914341910371729,0.9403351097437005,0.07531747630099943,0.061579585858515105,0.08966486384066816,0
cnn_dailymail,refit,1,4096,2048,source_same_lag,0.8476524700200763,0.8381318055563457,0.8573131605968354,0.16534644422978492,0.15400740700145263,0.1766484004395571,0
cnn_dailymail,refit,1,4096,2048,source_full,0.8511196884759482,0.8412482494774232,0.8612813937679383,0.16127336262526706,0.149371662532721,0.17293010843255255,0
cnn_dailymail,refit,1,4096,2048,multinomial_jackknife,1.0422152113756176,1.0229643771486525,1.0600255106295673,0.04113445498598204,0.023254012718202297,0.05820916600899228,0
cnn_dailymail,refit,1,4096,2048,source_jackknife,1.0786741267017248,1.0621180372016048,1.0961241216280735,0.07557167213141036,0.06017554799559238,0.09162276068868228,0
cnn_dailymail,refit,1,4096,2048,bootstrap,0.8326750315950168,0.823692306946736,0.8418311246566026,0.18316963699863412,0.1722092941687386,0.19396269024551335,0
cnn_dailymail,refit,1,4096,2048,bootstrap_jackknife,0.9754764261457439,0.9613308774476759,0.9894951146866076,0.024958478245578442,0.0111843194072318,0.03952625721229313,0
cnn_dailymail,refit,1,8192,2048,multinomial,1.0139833205453266,1.0013747246520566,1.0259849218159895,0.015864357833869813,0.00842745240168317,0.025742413012807015,0
cnn_dailymail,refit,1,8192,2048,source_same_lag,1.0214246399651759,1.0105596061644553,1.0328208801607128,0.021145132372802623,0.010631916210309634,0.03225946672231284,0
cnn_dailymail,refit,1,8192,2048,source_full,1.0261569493468266,1.0150607155843276,1.0378669639537816,0.025764554531415587,0.014933225482081407,0.03712047740105098,0
cnn_dailymail,refit,1,8192,2048,multinomial_jackknife,1.0937089942588434,1.0782097322481967,1.1089483573639594,0.08946355223807807,0.0752354971523503,0.10332625735191067,0
cnn_dailymail,refit,1,8192,2048,source_jackknife,1.1978432423869172,1.1824358604909657,1.21382074909628,0.18042616755579657,0.16748943480339812,0.1936954759226115,0
cnn_dailymail,refit,1,8192,2048,bootstrap,0.9115523749127776,0.9046200245836223,0.9185234267206632,0.09261308661285306,0.08499240246607173,0.10024292922107252,0
cnn_dailymail,refit,1,8192,2048,bootstrap_jackknife,0.990516865999943,0.9829664307499756,0.9982194590119531,0.009535690113593839,0.0032937179789895212,0.017190185715771827,0
cnn_dailymail,refit,1,1024,4096,multinomial,0.49041453165644394,0.4788905775470276,0.5031575369156451,0.7129586543736312,0.687108486972282,0.7364762732386533,0
cnn_dailymail,refit,1,1024,4096,source_same_lag,0.25430563736474987,0.25083453430323194,0.2571285543355384,1.369312455694972,1.3581802229641569,1.38310397524717,0
cnn_dailymail,refit,1,1024,4096,source_full,0.25508757675737703,0.25161635777845054,0.2578924059354683,1.3662411064513373,1.3552248904559585,1.3800125916081225,0
cnn_dailymail,refit,1,1024,4096,multinomial_jackknife,0.6577033172025035,0.6387148963780183,0.6786700781222682,0.4197007428805795,0.3879731635144447,0.4486036503946792,0
cnn_dailymail,refit,1,1024,4096,source_jackknife,0.3753810355710714,0.36928111412523995,0.3802520958259852,0.9799629477851348,0.9669366651574385,0.9964306599609645,0
cnn_dailymail,refit,1,1024,4096,bootstrap,0.29395790812091843,0.28910522816764195,0.29902799798310187,1.2245086371051614,1.2073937157140848,1.2409816047809732,0
cnn_dailymail,refit,1,1024,4096,bootstrap_jackknife,0.44542896636715373,0.4368850604533461,0.45493726744557184,0.8090027431838451,0.7878542598396623,0.8281933947152041,0
cnn_dailymail,refit,1,2048,4096,multinomial,0.6697504602777339,0.6590643247729107,0.6818839244146992,0.4010448338552197,0.38306085876960955,0.4169816452162175,0
cnn_dailymail,refit,1,2048,4096,source_same_lag,0.4341141721206008,0.43024393153761303,0.43797045548124974,0.8344778523857715,0.8256114730931653,0.843430197518454,0
cnn_dailymail,refit,1,2048,4096,source_full,0.435666757321738,0.4318045886482461,0.43956379960362524,0.8309085232246654,0.8219785797416758,0.8398115672208959,0
cnn_dailymail,refit,1,2048,4096,multinomial_jackknife,0.8465036687965074,0.8290470651420668,0.8669503388741694,0.16700104134761148,0.14315050024774142,0.18755645778426236,0
cnn_dailymail,refit,1,2048,4096,source_jackknife,0.6164069923588545,0.6094445383145556,0.6236871902592195,0.48392308327769856,0.47218018707683274,0.4952278330089198,0
cnn_dailymail,refit,1,2048,4096,bootstrap,0.5188472247028856,0.5140539408276474,0.524188308564223,0.6561892885257944,0.6459645489472654,0.6654530238225252,0
cnn_dailymail,refit,1,2048,4096,bootstrap_jackknife,0.7436222711242307,0.7343523344918217,0.7541279274447459,0.2963279018080405,0.2822615390262859,0.3088165990342692,0
cnn_dailymail,refit,1,4096,4096,multinomial,0.8150924025075141,0.7976418004073508,0.8332208400991148,0.20479277531146609,0.18270337942661743,0.22634853487906945,0
cnn_dailymail,refit,1,4096,4096,source_same_lag,0.6520347525513419,0.6431495498124298,0.6607714104154785,0.4277686554593048,0.41440946561311154,0.44147622426782057,0
cnn_dailymail,refit,1,4096,4096,source_full,0.6545333965244947,0.6452404770192044,0.6635824202626106,0.4239564028882281,0.4101328195026644,0.4382324559877385,0
cnn_dailymail,refit,1,4096,4096,multinomial_jackknife,0.9539203944337065,0.9265234479234427,0.981209768696373,0.050201159866780816,0.027139405051795497,0.07707082784597465,0
cnn_dailymail,refit,1,4096,4096,source_jackknife,0.8735319434751218,0.8562663644286653,0.8907795714219157,0.13548707893313452,0.11583338759147441,0.15533429702884502,0
cnn_dailymail,refit,1,4096,4096,bootstrap,0.7195251893030551,0.7087557330180659,0.7311980137883184,0.32932327482057144,0.313248882404754,0.3443302150650941,0
cnn_dailymail,refit,1,4096,4096,bootstrap_jackknife,0.9183105011274926,0.8990315853159524,0.9393589740928338,0.08556737509380691,0.06285257577242279,0.10651237840929567,0
cnn_dailymail,refit,1,8192,4096,multinomial,0.9258817109202168,0.9105588819637697,0.9402447794391179,0.07718894650845373,0.06164417547224866,0.09378948136680389,0
cnn_dailymail,refit,1,8192,4096,source_same_lag,0.859324960161402,0.8473260896072301,0.8713094274492177,0.15173319615569922,0.13783876681613405,0.1657864019390198,0
cnn_dailymail,refit,1,8192,4096,source_full,0.8632818849024522,0.8508867180856726,0.8755852245833814,0.14714494818658228,0.13296878106316623,0.1615370644261322,0
cnn_dailymail,refit,1,8192,4096,multinomial_jackknife,1.027528432895875,1.0085468143045193,1.0460165075522603,0.0284648986553676,0.013288198576085394,0.04498578468957497,0
cnn_dailymail,refit,1,8192,4096,source_jackknife,1.0682858308401941,1.0491794552800826,1.0865977320106603,0.06583215849979772,0.04784727951660517,0.08296810839267423,0
cnn_dailymail,refit,1,8192,4096,bootstrap,0.8530326622673642,0.8431110057536277,0.863234344862068,0.15903347921412844,0.14713978582274242,0.1706894515611834,0
cnn_dailymail,refit,1,8192,4096,bootstrap_jackknife,0.9804945989045953,0.9656209578154065,0.9955110448093418,0.021601478248036977,0.0100362977333685,0.03521417678825459,0
cnn_dailymail,refit,2,1024,512,multinomial,0.9727599383142689,0.9650036039321518,0.9803658321219306,0.02763173395985279,0.019845521132491474,0.03563527608585636,0
cnn_dailymail,refit,2,1024,512,source_same_lag,0.897883765329605,0.8898066129367744,0.9060106671866335,0.1077452483418574,0.09873194039279168,0.11676795099263979,0
cnn_dailymail,refit,2,1024,512,source_full,0.9024211009972625,0.8942944355080404,0.9106038986967732,0.10270469113486029,0.09367521724006485,0.11175742250633099,0
cnn_dailymail,refit,2,1024,512,multinomial_jackknife,1.0687237310231401,1.0576423151856151,1.0793122938965631,0.06641894776842237,0.05597708564176233,0.07628618466218905,0
cnn_dailymail,refit,2,1024,512,source_jackknife,1.121542832569517,1.1088579790937867,1.1332792010009933,0.11464681848752727,0.10327275868925584,0.1250886404242219,0
cnn_dailymail,refit,2,2048,512,multinomial,1.0363293659079265,1.0275118619341337,1.0449711010017837,0.0356628670803225,0.027132709601422427,0.043966735551678515,0
cnn_dailymail,refit,2,2048,512,source_same_lag,1.0509479708398035,1.0418446586812944,1.0598733861401795,0.049668710313541774,0.040970226162881006,0.0581245382718411,0
cnn_dailymail,refit,2,2048,512,source_full,1.0565004165390341,1.047437725357537,1.0653996765652862,0.0549389712151288,0.04633254973509203,0.06332699138164113,0
cnn_dailymail,refit,2,2048,512,multinomial_jackknife,1.0974837915342481,1.0873614650043588,1.1069255757300873,0.0929913325059299,0.08371406989058164,0.10158457118602765,0
cnn_dailymail,refit,2,2048,512,source_jackknife,1.2090960364489276,1.1983301983084658,1.219312531822617,0.18984696180456243,0.18089414058320152,0.19827450240911926,0
cnn_dailymail,refit,2,4096,512,multinomial,1.0764076388546349,1.0680129143872095,1.0848158342242258,0.07361752630545516,0.06578922124272875,0.0814089232225855,0
cnn_dailymail,refit,2,4096,512,source_same_lag,1.1423059261002582,1.1319572491194874,1.1527753319687744,0.13302055552176667,0.12393073239824733,0.14216316474561036,0
cnn_dailymail,refit,2,4096,512,source_full,1.1485032819514767,1.1380226605884205,1.1590234718500725,0.13843042403103292,0.1292572056650971,0.14756910311358512,0
cnn_dailymail,refit,2,4096,512,multinomial_jackknife,1.1151623462175075,1.106412080858131,1.1238086813299137,0.10898842141646076,0.1011168034099659,0.11671794326994528,0
cnn_dailymail,refit,2,4096,512,source_jackknife,1.2397711780715082,1.2277658869946146,1.2517115698788448,0.2148911180350087,0.20515641559493,0.22450639794606875,0
cnn_dailymail,refit,2,8192,512,multinomial,1.1016339463602347,1.093507783837122,1.1095871994813185,0.09678873378539182,0.0893866882059003,0.1039864412419914,0
cnn_dailymail,refit,2,8192,512,source_same_lag,1.1908890239144463,1.1817312421890305,1.200031625558172,0.17468916306908677,0.16697430104131875,0.18233384501763159,0
cnn_dailymail,refit,2,8192,512,source_full,1.1973570681382062,1.188177199590906,1.2065333675643126,0.18010607975530815,0.1724068772001938,0.18773925806736244,0
cnn_dailymail,refit,2,8192,512,multinomial_jackknife,1.1269214573018798,1.1184598484244395,1.1350914664654905,0.11948306310178808,0.11194696141478985,0.12670664926152847,0
cnn_dailymail,refit,2,8192,512,source_jackknife,1.2480520525036873,1.238369054484906,1.2576098573730163,0.22157341409032452,0.21378390052930013,0.22921106164400112,0
cnn_dailymail,refit,2,1024,1024,multinomial,0.8722470351808573,0.8649426898495945,0.8799534988117663,0.13671475821442627,0.12792945718623192,0.14509374038886663,0
cnn_dailymail,refit,2,1024,1024,source_same_lag,0.7033680175393761,0.698072503448162,0.7088444957458195,0.35189732735076795,0.3441195731013282,0.3594413215013835,0
cnn_dailymail,refit,2,1024,1024,source_full,0.706452377532498,0.7011421845334519,0.7119252872461606,0.34752181274150873,0.339799370915464,0.3550618510538783,0
cnn_dailymail,refit,2,1024,1024,multinomial_jackknife,1.0016854265355646,0.9916515691241296,1.0132191877906542,0.009816436361079182,0.004298353516368269,0.015529602359386073,0
cnn_dailymail,refit,2,1024,1024,source_jackknife,0.9455970921844571,0.9369684567025613,0.9539764973086748,0.05597788997510899,0.04713872428715347,0.06513261394920383,0
cnn_dailymail,refit,2,2048,1024,multinomial,0.9581718488721482,0.9511351548378033,0.965031471608624,0.04274691801941973,0.035601739167672015,0.05011973665981827,0
cnn_dailymail,refit,2,2048,1024,source_same_lag,0.9004839647361734,0.8940650182249937,0.9070095735564172,0.10484118080401313,0.0976291537580005,0.11198929397780275,0
cnn_dailymail,refit,2,2048,1024,source_full,0.9047058464221818,0.8981825334085596,0.9112998624242542,0.10016428349470781,0.09289695531944633,0.10739208351612545,0
cnn_dailymail,refit,2,2048,1024,multinomial_jackknife,1.0408751996181804,1.0317473260515015,1.0498718628977897,0.04002631298674889,0.031214237554390675,0.048613526298153194,0
cnn_dailymail,refit,2,2048,1024,source_jackknife,1.102410560493923,1.093985082449484,1.1106734734130546,0.0974763129803083,0.08980564475105562,0.10494881647762071,0
cnn_dailymail,refit,2,4096,1024,multinomial,1.010476542322435,1.0043885290665724,1.016491288796444,0.010417491925464045,0.004426296179442657,0.016353856359880764,0
cnn_dailymail,refit,2,4096,1024,source_same_lag,1.0314677698794397,1.0239282630975415,1.0389063624613957,0.03096558529446895,0.023629712649092176,0.03815825316164332,0
cnn_dailymail,refit,2,4096,1024,source_full,1.036523174250885,1.028736070320742,1.044170087487005,0.0358531477850419,0.028314046564043873,0.04320154516889609,0
cnn_dailymail,refit,2,4096,1024,multinomial_jackknife,1.0598362449773586,1.0533907333462869,1.066557101609206,0.05810732441364672,0.052010927608566015,0.06442588970223904,0
cnn_dailymail,refit,2,4096,1024,source_jackknife,1.166536996185387,1.1570883797400267,1.175950940292811,0.15401113209968736,0.1458786374411926,0.16204754876127514,0
cnn_dailymail,refit,2,8192,1024,multinomial,1.0434091508601755,1.0369359001229335,1.0499733834528717,0.04248542436326894,0.03626332052667774,0.04875802950021132,0
cnn_dailymail,refit,2,8192,1024,source_same_lag,1.1071439513145862,1.0999324193095998,1.1143050154967085,0.10177344215826349,0.0952379026705673,0.10822646435744963,0
cnn_dailymail,refit,2,8192,1024,source_full,1.1127116408902393,1.1054266792670844,1.1199202700843842,0.1067898007696197,0.10022067279170269,0.11324455297350476,0
cnn_dailymail,refit,2,8192,1024,multinomial_jackknife,1.0750905032347804,1.068127225729333,1.08224410612992,0.07239342504818494,0.06589172583367585,0.07901927730081212,0
cnn_dailymail,refit,2,8192,1024,source_jackknife,1.1895103470592712,1.1815301934233382,1.197557983805777,0.17352941911802935,0.16680177181483313,0.18028205832362246,0
cnn_dailymail,refit,2,1024,2048,multinomial,0.761097064624856,0.7504473741051956,0.7725195519053697,0.27313543373624466,0.25815174339214875,0.2871481999445305,0
cnn_dailymail,refit,2,1024,2048,source_same_lag,0.5093128127796264,0.5052081917966003,0.5135026873724905,0.6747189682378075,0.666502899619601,0.6828047004942561,0
cnn_dailymail,refit,2,1024,2048,source_full,0.5113073414882476,0.5071816313470158,0.5155177041702733,0.6708104946471131,0.6625934434599152,0.6789023286945566,0
cnn_dailymail,refit,2,1024,2048,multinomial_jackknife,0.9240590262851898,0.90790804528501,0.941363098189011,0.07921070755690887,0.060526372296462426,0.09673267092064225,0
cnn_dailymail,refit,2,1024,2048,source_jackknife,0.7244995293939973,0.7177263067288637,0.7312895306786252,0.32231828160444503,0.3129716770964747,0.3316990646404198,0
cnn_dailymail,refit,2,2048,2048,multinomial,0.8787024943463313,0.8703422138735308,0.8871338247709006,0.1293575639613164,0.11979572328779405,0.1389137481706024,0
cnn_dailymail,refit,2,2048,2048,source_same_lag,0.7319592193052868,0.7264409995739524,0.737511254773552,0.3120500692416081,0.3044863581430935,0.3196009217826305,0
cnn_dailymail,refit,2,2048,2048,source_full,0.7351082434845813,0.7294602140904942,0.7408201057112453,0.30775981344803055,0.30001862668653934,0.31547638987665644,0
cnn_dailymail,refit,2,2048,2048,multinomial_jackknife,0.9927370969131492,0.9804493848182386,1.006223483942656,0.013703655145907245,0.006191728740350384,0.021786577020208135,0
cnn_dailymail,refit,2,2048,2048,source_jackknife,0.9588585694405595,0.9505839281903443,0.9677157566535641,0.042050251112499604,0.03284538545907359,0.0507198526961685,0
cnn_dailymail,refit,2,4096,2048,multinomial,0.948880025211704,0.9410902612594717,0.956512335728664,0.0525005358779167,0.04447880917210315,0.06072167245441827,0
cnn_dailymail,refit,2,4096,2048,source_same_lag,0.9054437016100498,0.8988242267611858,0.9122874786856474,0.0993500040813385,0.09182333039069314,0.10668378951890992,0
cnn_dailymail,refit,2,4096,2048,source_full,0.9095820863871603,0.902626170585277,0.9168851165806913,0.09479430297213363,0.08679669769868043,0.10244894875229464,0
cnn_dailymail,refit,2,4096,2048,multinomial_jackknife,1.0143710868559705,1.0039384079513962,1.0240719252133803,0.015952174223087128,0.009641893384406328,0.02377221688967038,0
cnn_dailymail,refit,2,4096,2048,source_jackknife,1.0823138929633476,1.0721724492681426,1.093623035837463,0.07904710262303842,0.06966725682067892,0.08942678186434719,0
cnn_dailymail,refit,2,8192,2048,multinomial,0.993341506117963,0.9853491088482315,1.0010882806413883,0.00792679834441728,0.003531780363967121,0.014808280696903686,0
cnn_dailymail,refit,2,8192,2048,source_same_lag,1.0179431953953366,1.0107330184427488,1.025366249038721,0.017767420029030864,0.010664732416850018,0.02501888589875699,0
cnn_dailymail,refit,2,8192,2048,source_full,1.0229335382601514,1.015637215380898,1.030453947157887,0.022656908646420656,0.01551345769896402,0.029978020763074188,0
cnn_dailymail,refit,2,8192,2048,multinomial_jackknife,1.0338562087114491,1.0245458623202597,1.043351554557159,0.0332562502153839,0.02421010190016936,0.04240919562096509,0
cnn_dailymail,refit,2,8192,2048,source_jackknife,1.1348847357851446,1.1258428281184178,1.1448567864610593,0.1265001729948835,0.11852707793890743,0.13523185853827194,0
cnn_dailymail,refit,2,1024,4096,multinomial,0.6320361044234377,0.619086075080748,0.6462533381217221,0.45914233150741834,0.43667097052951753,0.4796369117268704,0
cnn_dailymail,refit,2,1024,4096,source_same_lag,0.34506003272098545,0.34153157452631033,0.34823086303572437,1.0640854175804335,1.0549081574068164,1.0743654663297715,0
cnn_dailymail,refit,2,1024,4096,source_full,0.3462827741726057,0.3427624195133864,0.34945717043533453,1.0605474686696914,1.0513840869000182,1.070761748810409,0
cnn_dailymail,refit,2,1024,4096,multinomial_jackknife,0.809644263995091,0.7890698586790166,0.8323048201764847,0.21169424247837543,0.18384248970987271,0.23713720370242902,0
cnn_dailymail,refit,2,1024,4096,source_jackknife,0.5047355846482023,0.4986577475614368,0.5103054814708119,0.6837994736421353,0.672764986997755,0.6959182245745081,0
cnn_dailymail,refit,2,2048,4096,multinomial,0.7840603459105916,0.7735735980620472,0.7955893954684766,0.24339937569115203,0.22874624544888567,0.2567822892523985,0
cnn_dailymail,refit,2,2048,4096,source_same_lag,0.5528145509554538,0.5484149528648122,0.5573106954046135,0.5927570617795629,0.5846529993178586,0.6007526707650482,0
cnn_dailymail,refit,2,2048,4096,source_full,0.5550380926097491,0.5505184631100258,0.5597072401204988,0.58874599233188,0.5803641735840976,0.5969078823911084,0
cnn_dailymail,refit,2,2048,4096,multinomial_jackknife,0.93273474912602,0.9161702004808135,0.952142724833077,0.06989554645807305,0.04924740732665948,0.087661716467565,0
cnn_dailymail,refit,2,2048,4096,source_jackknife,0.7639086484882077,0.7564104680597712,0.7722163924259965,0.26936622240267744,0.2585276613967742,0.2792260743807205,0
cnn_dailymail,refit,2,4096,4096,multinomial,0.8813204380265283,0.8682476232114308,0.8944261077786213,0.12648052801203954,0.11168324425347609,0.14135132552027058,0
cnn_dailymail,refit,2,4096,4096,source_same_lag,0.7555002158652777,0.747548232001619,0.7635161172332322,0.28043611074380276,0.2698511036168727,0.29099337638449857,0
cnn_dailymail,refit,2,4096,4096,source_full,0.7587560968898636,0.7503341552776772,0.7672964628796914,0.2761450454910713,0.26492840725415095,0.28725595972782425,0
cnn_dailymail,refit,2,4096,4096,multinomial_jackknife,0.9722476333710207,0.9527067624991513,0.9905152990570636,0.029926156457835352,0.014456586847397701,0.04895336238560949,0
cnn_dailymail,refit,2,4096,4096,source_jackknife,0.9616587209964681,0.947140927345949,0.9767019836681616,0.039255466548481895,0.023679531347588847,0.05438809323876249,0
cnn_dailymail,refit,2,8192,4096,multinomial,0.9437966088263376,0.9326447891115267,0.954349762172131,0.05792775353188942,0.046749978974271175,0.06979436310347718,0
cnn_dailymail,refit,2,8192,4096,source_same_lag,0.9103321566848485,0.9014413575948954,0.9195948808730865,0.0939988507985658,0.0838652701400801,0.10377943562694722,0
cnn_dailymail,refit,2,8192,4096,source_full,0.9147900752170282,0.9055428692529317,0.9242938454494936,0.0891168485728636,0.07875132267439615,0.0992414741629605,0
cnn_dailymail,refit,2,8192,4096,multinomial_jackknife,0.998997515491021,0.9856545720142835,1.0122354709049664,0.012771500250512028,0.005443213722766348,0.019920060696426274,0
cnn_dailymail,refit,2,8192,4096,source_jackknife,1.0678430192106279,1.054862963529675,1.0813173032066485,0.0655449003730219,0.05332302306976823,0.07810075100823917,0
cnn_dailymail,refit,5,1024,512,multinomial,0.9730513274456736,0.9652944864245843,0.9811389689075577,0.027346703257730778,0.019070481958881485,0.03533380992846979,0
cnn_dailymail,refit,5,1024,512,source_same_lag,0.9483147820596735,0.939540623261099,0.957530901848019,0.053115406569727554,0.043437776303984446,0.06240621081011411,0
cnn_dailymail,refit,5,1024,512,source_full,0.9549626787857786,0.9460982363939785,0.9643116404548348,0.04613035160995929,0.03638926364357359,0.05542937172485338,0
cnn_dailymail,refit,5,1024,512,multinomial_jackknife,1.0156914548298306,1.005890280062755,1.0254412997400393,0.01602643800183804,0.008828711006934036,0.025090445148862096,0
cnn_dailymail,refit,5,1024,512,source_jackknife,1.0846279854293666,1.0720365204973914,1.0967764329044298,0.08116061889709682,0.06949995117467679,0.09232880355770379,0
cnn_dailymail,refit,5,1024,512,bootstrap,0.893245439857871,0.8836016399433091,0.9032257726043963,0.11296514771527895,0.10187086979787671,0.12377546634360005,0
cnn_dailymail,refit,5,1024,512,bootstrap_jackknife,0.9901249717590814,0.9733069592504339,1.005532100790325,0.017873933352983883,0.008744605331671606,0.02944462641467087,0
cnn_dailymail,refit,5,2048,512,multinomial,0.9961282370049411,0.9882549046905239,1.003528448220879,0.006058163688276551,0.0024835025170616867,0.012002859234823828,0
cnn_dailymail,refit,5,2048,512,source_same_lag,1.028818044809434,1.0205950146022364,1.0364924648781826,0.028385749826661946,0.02035287856223357,0.03582238284822957,0
cnn_dailymail,refit,5,2048,512,source_full,1.03621591233997,1.0280464845584056,1.0438923303179855,0.03555192796094784,0.02764407852319015,0.0429440176784598,0
cnn_dailymail,refit,5,2048,512,multinomial_jackknife,1.0178446325076052,1.0092860110791473,1.0254906578099763,0.01765899298188897,0.009795771752022025,0.025165758553885177,0
cnn_dailymail,refit,5,2048,512,source_jackknife,1.1147923728662625,1.105661578652078,1.1231191031859062,0.10864086904955168,0.10040755421154372,0.11609622371062919,0
cnn_dailymail,refit,5,2048,512,bootstrap,0.9423012231226954,0.93365646997883,0.9503870819784571,0.0594701970072378,0.050921126392781055,0.06866937825115192,0
cnn_dailymail,refit,5,2048,512,bootstrap_jackknife,0.9895873159877181,0.9779273491613828,1.0013472415975806,0.01377470497004035,0.006180117995120772,0.022767914920878356,0
cnn_dailymail,refit,5,4096,512,multinomial,1.0072306817489207,1.0002919921196687,1.013927852660061,0.0073582402866817125,0.0030060332779538713,0.01382256513500384,0
cnn_dailymail,refit,5,4096,512,source_same_lag,1.0707742854466156,1.0622062421062173,1.0790495180766995,0.06835533822849858,0.060339649612217626,0.07605569075575558,0
cnn_dailymail,refit,5,4096,512,source_full,1.0785391268219058,1.0698839258448847,1.0869808091183792,0.07558006017150598,0.06753118138844369,0.0833933553903767,0
cnn_dailymail,refit,5,4096,512,multinomial_jackknife,1.0189113725757397,1.01198529805362,1.0256829774888871,0.01872062252694733,0.011907158535775496,0.025349422264229884,0
cnn_dailymail,refit,5,4096,512,source_jackknife,1.1222049725549483,1.1128639008907315,1.1311230465599373,0.11526604935135674,0.10690838462546817,0.12319643443735119,0
cnn_dailymail,refit,5,4096,512,bootstrap,0.9705034409530426,0.9623805841077241,0.9785960155461507,0.02997297599451641,0.021658331259738,0.03836950010543165,0
cnn_dailymail,refit,5,4096,512,bootstrap_jackknife,0.9963782574272196,0.9855892001379623,1.007738185488567,0.011615161808443455,0.006793742750119292,0.016727336720433507,0
cnn_dailymail,refit,5,8192,512,multinomial,1.0138730457160823,1.0079978308254545,1.019454009157874,0.013774913411249444,0.00796601083743759,0.01926230474231922,0
cnn_dailymail,refit,5,8192,512,source_same_lag,1.0921870829479006,1.0855381300558016,1.098617204836855,0.08817627792257199,0.0820730363989725,0.09404591596750544,0
cnn_dailymail,refit,5,8192,512,source_full,1.1000807265751125,1.0933907378330778,1.1065237227936306,0.09537790163896397,0.08927890822247168,0.10121528819573808,0
cnn_dailymail,refit,5,8192,512,multinomial_jackknife,1.0205876703397234,1.0147351524221087,1.0261163833392843,0.020375541250257142,0.014624884340057324,0.025776974151399464,0
cnn_dailymail,refit,5,8192,512,source_jackknife,1.1231015824301105,1.1162754642315529,1.1296496561300957,0.11608874424683042,0.10999740897282384,0.12189874293679641,0
cnn_dailymail,refit,5,8192,512,bootstrap,0.9810843122149173,0.9740723777995807,0.987385882912797,0.019111381529556264,0.012696100490834793,0.026281544195155465,0
cnn_dailymail,refit,5,8192,512,bootstrap_jackknife,0.9934756821197408,0.9827626811413613,1.0031619377102556,0.009672916370403318,0.003416821579535266,0.017752191676046275,0
cnn_dailymail,refit,5,1024,1024,multinomial,0.9249973381904956,0.9188220347109725,0.9313039262761961,0.0779809241302283,0.07118439104733754,0.08466952770549169,0
cnn_dailymail,refit,5,1024,1024,source_same_lag,0.8303501669125531,0.8237037633119074,0.8373166027507297,0.18594153840767383,0.17762089155359478,0.19396171223464723,0
cnn_dailymail,refit,5,1024,1024,source_full,0.8351629430357843,0.8284419447062034,0.8422090222184103,0.18016244278147744,0.17176839700738392,0.18821775766892881,0
cnn_dailymail,refit,5,1024,1024,multinomial_jackknife,0.993953826452908,0.9844891261439772,1.0029315709207043,0.008721290218349928,0.003550073785438481,0.01609783256371722,0
cnn_dailymail,refit,5,1024,1024,source_jackknife,1.013146430766996,1.0023287436572408,1.023214018248468,0.01574244862417617,0.009783346996985146,0.023090664994387458,0
cnn_dailymail,refit,5,1024,1024,bootstrap,0.8105816740377974,0.80354454204528,0.818019042976575,0.21004695047615216,0.2009040386541564,0.21875845161892726,0
cnn_dailymail,refit,5,1024,1024,bootstrap_jackknife,0.9579845186064013,0.9464703621543261,0.9693475429784318,0.04301998426612674,0.03117845874990567,0.05508359166975183,0
cnn_dailymail,refit,5,2048,1024,multinomial,0.963204933878612,0.9561718149127877,0.9700844197554853,0.037511647853685215,0.030393468188912087,0.044829912894499856,0
cnn_dailymail,refit,5,2048,1024,source_same_lag,0.9499126655886786,0.9428940954305395,0.9568606399639665,0.05140938355169964,0.04410710895283659,0.058822552366104786,0
cnn_dailymail,refit,5,2048,1024,source_full,0.9556418694245791,0.9487092244920314,0.9625675844983882,0.045394902024516216,0.038175112868900705,0.052665210841176285,0
cnn_dailymail,refit,5,2048,1024,multinomial_jackknife,0.9992417476831998,0.9912615450692084,1.0065783703506184,0.005896645766686239,0.0025979632349972964,0.010293589616906726,0
cnn_dailymail,refit,5,2048,1024,source_jackknife,1.0744720234503156,1.0660984390133528,1.082314010664721,0.07180281797160454,0.0639768905880348,0.07909231299646573,0
cnn_dailymail,refit,5,2048,1024,bootstrap,0.9000879412342708,0.8925779498392084,0.9079525311313685,0.10530188052558115,0.09660299759309765,0.11367611031856735,0
cnn_dailymail,refit,5,2048,1024,bootstrap_jackknife,0.9890761176720937,0.9779391827293111,0.9997819141884996,0.013369329285545324,0.0062981139041072,0.02262441692284622,0
cnn_dailymail,refit,5,4096,1024,multinomial,0.9823704431485393,0.9762169727459103,0.9887390233849946,0.017799083202132897,0.01133944748931749,0.024073546450218364,0
cnn_dailymail,refit,5,4096,1024,source_same_lag,1.0190104941593814,1.0111103733408793,1.0271588335648887,0.018803446159289017,0.011033580930940413,0.026776718604637973,0
cnn_dailymail,refit,5,4096,1024,source_full,1.0252842732186385,1.0171527455478286,1.033402020362614,0.02494061436920733,0.016985434356831534,0.03284008922207233,0
cnn_dailymail,refit,5,4096,1024,multinomial_jackknife,1.0007725546631998,0.9943797764890138,1.0070576913277365,0.0042706252245425765,0.0023177295852101184,0.0076960552361299,0
cnn_dailymail,refit,5,4096,1024,source_jackknife,1.0948154521131939,1.08579609818848,1.103942645491018,0.09055156439473762,0.08229891211792002,0.09884786210128021,0
cnn_dailymail,refit,5,4096,1024,bootstrap,0.949001437142272,0.9402891069961655,0.9580953936975595,0.052396816225114724,0.0428233622716758,0.0615742744327331,0
cnn_dailymail,refit,5,4096,1024,bootstrap_jackknife,0.9966329976966525,0.9861305387664152,1.0068702732197043,0.010340753707911826,0.00591958328063689,0.01617146336042619,0
cnn_dailymail,refit,5,8192,1024,multinomial,0.9921377257007307,0.9868109339719936,0.9975638849624716,0.007897336631798054,0.003104305523072875,0.01328051724909041,0
cnn_dailymail,refit,5,8192,1024,source_same_lag,1.0551217834100768,1.0488387039268876,1.0616356638990354,0.05364653024890148,0.04768097887903192,0.05980118857896193,0
cnn_dailymail,refit,5,8192,1024,source_full,1.0616240736228113,1.0553179747333963,1.0681316191664205,0.05979065222123873,0.05383636285639057,0.06590129123930402,0
cnn_dailymail,refit,5,8192,1024,multinomial_jackknife,1.0020607256474987,0.9966084597295207,1.007552793827006,0.002741459294132546,0.0014018304528394057,0.007536860107838515,0
cnn_dailymail,refit,5,8192,1024,source_jackknife,1.0996445632386775,1.0930867700684703,1.106316681716184,0.09497799764611979,0.0889962052270533,0.10102684185169458,0
cnn_dailymail,refit,5,8192,1024,bootstrap,0.9730624481419404,0.967578958784839,0.9786324212437415,0.02731251397543685,0.021601757754946063,0.03296132627065874,0
cnn_dailymail,refit,5,8192,1024,bootstrap_jackknife,1.0002362800673223,0.9932872469538522,1.0072379711009092,0.005998745045495186,0.003666551511112508,0.008732223446488153,0
cnn_dailymail,refit,5,1024,2048,multinomial,0.8673778038572697,0.8617376111800797,0.8734739761217781,0.14230245176410716,0.13530919644849196,0.14881622123687685,0
cnn_dailymail,refit,5,1024,2048,source_same_lag,0.6863839452779182,0.6817085161060067,0.6912431993714491,0.3763411957033412,0.36928506792558247,0.38317345349620385,0
cnn_dailymail,refit,5,1024,2048,source_full,0.6898017187630848,0.6850970393692419,0.6947078790471335,0.371374204281949,0.36427907723735664,0.37820537426427625,0
cnn_dailymail,refit,5,1024,2048,multinomial_jackknife,0.9726954396380671,0.9640556375412149,0.9825819933188382,0.02774328778705816,0.017629493923991532,0.03661626601981627,0
cnn_dailymail,refit,5,1024,2048,source_jackknife,0.9018354791599359,0.8939938307404848,0.9092616297949825,0.10336653096186882,0.0951278952796842,0.11209659386904922,0
cnn_dailymail,refit,5,1024,2048,bootstrap,0.7014465605272522,0.6951262242229623,0.7075117518836568,0.3546577404472174,0.3460039336337439,0.3636886087423359,0
cnn_dailymail,refit,5,1024,2048,bootstrap_jackknife,0.9056649379110583,0.894862144326157,0.9158233363753925,0.0991768800117258,0.08796381483878542,0.11119696521701936,0
cnn_dailymail,refit,5,2048,2048,multinomial,0.9285913546134192,0.9226328621957001,0.9347016306431927,0.07410466223368348,0.06754373973879896,0.08054070238945951,0
cnn_dailymail,refit,5,2048,2048,source_same_lag,0.850314037198061,0.8449709891278251,0.8559355462431026,0.162167911546764,0.15557353964517695,0.16847495472800086,0
cnn_dailymail,refit,5,2048,2048,source_full,0.8548100902910056,0.8494589458754903,0.8604174255668653,0.1568941277040529,0.1503603180072933,0.16316793377038324,0
cnn_dailymail,refit,5,2048,2048,multinomial_jackknife,0.9866693500449468,0.9791926242427019,0.9940608676288518,0.013451357197242617,0.006246840640288881,0.02105857051382957,0
cnn_dailymail,refit,5,2048,2048,source_jackknife,1.0190541148303065,1.0122617653193327,1.025755241861812,0.01885389318288847,0.012169517297588417,0.025427814017126158,0
cnn_dailymail,refit,5,2048,2048,bootstrap,0.8354206323719796,0.8300294824394386,0.8409764022815448,0.17983869504295405,0.17320307112565406,0.18631930695657328,0
cnn_dailymail,refit,5,2048,2048,bootstrap_jackknife,0.9724076398258393,0.9658636306771474,0.9792476482179711,0.02800233000949114,0.020985154845896473,0.03474979792299452,0
cnn_dailymail,refit,5,4096,2048,multinomial,0.9594529421588233,0.954689315384297,0.9643211704931663,0.04139700017954301,0.03633180280797646,0.04637286235210379,0
cnn_dailymail,refit,5,4096,2048,source_same_lag,0.9550648321259522,0.9487541079798767,0.9612594209339053,0.04599544634621503,0.039520877178850014,0.05261629596912621,0
cnn_dailymail,refit,5,4096,2048,source_full,0.9603073538040675,0.9537763277905993,0.9665700758448776,0.04052246310452832,0.03401342050704149,0.04733636616463938,0
cnn_dailymail,refit,5,4096,2048,multinomial_jackknife,0.9879969454413696,0.9831399823630902,0.9930656379342232,0.01208150552291395,0.006963811942907403,0.017007474542134516,0
cnn_dailymail,refit,5,4096,2048,source_jackknife,1.0645020251333557,1.0567153265577258,1.0721344457960063,0.06247939414014068,0.05514790209994348,0.06963737335550141,0
cnn_dailymail,refit,5,4096,2048,bootstrap,0.9176910218102998,0.9096768840762729,0.9249116070644557,0.08593717577578641,0.07807472445576066,0.0946999237295984,0
cnn_dailymail,refit,5,4096,2048,bootstrap_jackknife,1.00094267838,0.9864346253167473,1.012020182892395,0.011895580151264276,0.00405805628612625,0.021007154345859917,0
cnn_dailymail,refit,5,8192,2048,multinomial,0.9746880477865655,0.9698581478120665,0.9797252292017512,0.025643074864412873,0.020487671352714554,0.030609490060988717,0
cnn_dailymail,refit,5,8192,2048,source_same_lag,1.0137758955906127,1.0081408044933933,1.019509095845745,0.013671909813549774,0.008100935000590321,0.019320515809118977,0
cnn_dailymail,refit,5,8192,2048,source_full,1.0194544958550311,1.0138189439159142,1.0252243015117228,0.019258062112129506,0.013718867628538238,0.024907475386182192,0
cnn_dailymail,refit,5,8192,2048,multinomial_jackknife,0.9891757553488749,0.984232256005651,0.9943712691669325,0.010890100811627746,0.005667862416059545,0.015902867212230377,0
cnn_dailymail,refit,5,8192,2048,source_jackknife,1.0795992733029764,1.0736393379417632,1.0856217491217068,0.07657964438547799,0.07104417906109389,0.08214373419742045,0
cnn_dailymail,refit,5,8192,2048,bootstrap,0.9548846326691826,0.9495586590040217,0.9610863243859027,0.04617853552545568,0.03971193748063017,0.05175811121574038,0
cnn_dailymail,refit,5,8192,2048,bootstrap_jackknife,0.9958391223248838,0.989190455723774,1.003514754932376,0.00756428948924383,0.003308775405679316,0.01152259057132361,0
cnn_dailymail,refit,5,1024,4096,multinomial,0.7850750880850493,0.7759153291837667,0.7949467609032027,0.24207423396616054,0.2294939880000387,0.2537783300927236,0
cnn_dailymail,refit,5,1024,4096,source_same_lag,0.5201896743011292,0.5163326104138098,0.5239287009848199,0.6535858140447651,0.6464059065957554,0.661013951067693,0
cnn_dailymail,refit,5,1024,4096,source_full,0.5224891162517117,0.5186170753407979,0.5262692548595022,0.6491752387307538,0.6419677017358233,0.6566031967796696,0
cnn_dailymail,refit,5,1024,4096,multinomial_jackknife,0.9311234468594032,0.9172247299697465,0.946229171920407,0.0715380934499888,0.055396594645808754,0.08648895417706189,0
cnn_dailymail,refit,5,1024,4096,source_jackknife,0.7287403716862522,0.7224587492933146,0.7351971762778687,0.3164800519273449,0.3076607038507652,0.3251322181203154,0
cnn_dailymail,refit,5,1024,4096,bootstrap,0.5425256189859071,0.5351920493247807,0.5506058392422736,0.6116598177809758,0.5968693603296328,0.6251362289765482,0
cnn_dailymail,refit,5,1024,4096,bootstrap_jackknife,0.7535466588487408,0.7402362128134335,0.7681982907037638,0.283214190570294,0.2639695604977431,0.3007955398827379,0
cnn_dailymail,refit,5,2048,4096,multinomial,0.8797118911845334,0.8725189822532623,0.8869468712022999,0.12819749494441793,0.11999399399740253,0.13640228997158232,0
cnn_dailymail,refit,5,2048,4096,source_same_lag,0.7187509549825907,0.714013428931282,0.7234679848489726,0.33025724773098003,0.3237062071090537,0.33686811995514193,0
cnn_dailymail,refit,5,2048,4096,source_full,0.7222106936455469,0.7173269279713029,0.7270963346226066,0.3254572425203854,0.31870514062284605,0.3322374402446324,0
cnn_dailymail,refit,5,2048,4096,multinomial_jackknife,0.9706158724145219,0.9600413979106006,0.9821755407943371,0.029909430978115326,0.018099261514493793,0.04081941449789559,0
cnn_dailymail,refit,5,2048,4096,source_jackknife,0.921727961931079,0.9148136017882601,0.929004037667252,0.08153476935083688,0.07366728823082015,0.089048845625818,0
cnn_dailymail,refit,5,2048,4096,bootstrap,0.7296755778128415,0.725096495696065,0.7343981362097431,0.3151703419195835,0.30871082045787973,0.3214625375592485,0
cnn_dailymail,refit,5,2048,4096,bootstrap_jackknife,0.9135174122877466,0.9062227301448814,0.921536943345537,0.09049065595788126,0.08172946594597202,0.09849937255775491,0
cnn_dailymail,refit,5,4096,4096,multinomial,0.9284858511909695,0.9227041348289768,0.9342388156249286,0.07421503364125322,0.06803938158970887,0.08045985464686319,0
cnn_dailymail,refit,5,4096,4096,source_same_lag,0.8644875358621599,0.8592260625950999,0.869782123445621,0.14563201382919627,0.13952327542705237,0.15173266599880345,0
cnn_dailymail,refit,5,4096,4096,source_full,0.8688814252646493,0.8633254503756413,0.87457800681832,0.14056561145577653,0.13402337726227967,0.14697359400733875,0
cnn_dailymail,refit,5,4096,4096,multinomial_jackknife,0.9732492888801575,0.9653726826047254,0.9805764101098612,0.027147211786213415,0.01963063100527847,0.035278504795448036,0
cnn_dailymail,refit,5,4096,4096,source_jackknife,1.013954711691043,1.0061402261829386,1.0226108887452257,0.013822719080339066,0.006139522287030189,0.02230760606043212,0
cnn_dailymail,refit,5,4096,4096,bootstrap,0.8537612574906938,0.8481408173409117,0.8601712425869174,0.15812566363226818,0.1506435702613143,0.16471423724530154,0
cnn_dailymail,refit,5,4096,4096,bootstrap_jackknife,0.9750704777990767,0.9656978396519789,0.9865489503293963,0.025319442760438526,0.01465651661176603,0.03494068967302371,0
cnn_dailymail,refit,5,8192,4096,multinomial,0.9535341647419799,0.9474409912994313,0.9597190934513207,0.047596068238925836,0.04112482654600657,0.05399292900233323,0
cnn_dailymail,refit,5,8192,4096,source_same_lag,0.9551183717027504,0.9494822710537991,0.9609670293738372,0.04593180700007903,0.039825562248290536,0.051840487853904424,0
cnn_dailymail,refit,5,8192,4096,source_full,0.9602680453155122,0.9545624585083816,0.9661912111896848,0.04055507535757918,0.03440650034632721,0.04650746865458523,0
cnn_dailymail,refit,5,8192,4096,multinomial_jackknife,0.9755174100851419,0.9684579808016568,0.982719291811706,0.024812805745400752,0.017458864983787174,0.03206721922395872,0
cnn_dailymail,refit,5,8192,4096,source_jackknife,1.0509935249118338,1.0441879992658514,1.0586039401682386,0.0497157937060878,0.043228633048146704,0.056911980374066036,0
cnn_dailymail,refit,5,8192,4096,bootstrap,0.9237251718123696,0.916857555400781,0.9300540712865267,0.07936391214548505,0.07251797623391062,0.08683117158893987,0
cnn_dailymail,refit,5,8192,4096,bootstrap_jackknife,0.9902152595520541,0.9812844073400091,0.9987026562684215,0.00987657065297458,0.002919446783890297,0.018955732587384554,0
cnn_dailymail,refit,10,1024,512,multinomial,0.9663555166829381,0.9588679796207347,0.9744825272870608,0.03425485336738564,0.02589384908497692,0.04200964985260307,0
cnn_dailymail,refit,10,1024,512,source_same_lag,0.9663577894180443,0.9574053309001274,0.9754914385281778,0.03426911540862813,0.024865540913176668,0.043553344996293576,0
cnn_dailymail,refit,10,1024,512,source_full,0.9753093186294864,0.9662982552842049,0.9846224592399946,0.025049457474852887,0.015556088403131054,0.03430294083250765,0
cnn_dailymail,refit,10,1024,512,multinomial_jackknife,0.9866457110246826,0.9782134049258583,0.9956302618000092,0.014535857244951036,0.008782684964918432,0.02204118727516641,0
cnn_dailymail,refit,10,1024,512,source_jackknife,1.0536931679394113,1.0425535803592425,1.0647771608430503,0.05223576682400522,0.041625117161902,0.06271399116859121,0
cnn_dailymail,refit,10,2048,512,multinomial,0.9740315894181394,0.966776938204402,0.9807263652220998,0.026332338144265197,0.01947225136450696,0.03380671414901988,0
cnn_dailymail,refit,10,2048,512,source_same_lag,1.0131382692728632,1.0057476592712482,1.019952982826066,0.013033435993188937,0.006099593367031542,0.019748742572764256,0
cnn_dailymail,refit,10,2048,512,source_full,1.0226824230010172,1.015320142044326,1.0295662649669728,0.022410657580032734,0.015186594744215895,0.029120534872828948,0
cnn_dailymail,refit,10,2048,512,multinomial_jackknife,0.9807427632979719,0.973129046528219,0.9876648955575621,0.019468991129695384,0.012435471762272407,0.027262265135724904,0
cnn_dailymail,refit,10,2048,512,source_jackknife,1.0667943559533313,1.0588162655172209,1.0740659099095247,0.06463745040389483,0.057130642550341226,0.07144216022683232,0
cnn_dailymail,refit,10,4096,512,multinomial,0.9742325244800569,0.9680081857524685,0.980212594181478,0.026117113082944645,0.019995849927414613,0.03253043021654558,0
cnn_dailymail,refit,10,4096,512,source_same_lag,1.0344965603801222,1.0271130613054333,1.041579756341384,0.03389579181098118,0.02674148817277277,0.04073740775989686,0
cnn_dailymail,refit,10,4096,512,source_full,1.044253930307662,1.036707976018946,1.0514429033473525,0.04328275242686976,0.0360392568630258,0.05015808351403047,0
cnn_dailymail,refit,10,4096,512,multinomial_jackknife,0.9756838976835455,0.9693607254438517,0.9816795631365007,0.02462855751967719,0.01849946667896247,0.031127453662131696,0
cnn_dailymail,refit,10,4096,512,source_jackknife,1.067955845337313,1.0602016558246625,1.0752865534988247,0.06572660763991901,0.05844232224579443,0.07258649095509553,0
cnn_dailymail,refit,10,8192,512,multinomial,0.9741803779805998,0.9687177512787268,0.9791236075916475,0.026161023481914198,0.021100226371899015,0.031782488608628603,0
cnn_dailymail,refit,10,8192,512,source_same_lag,1.0457742459679809,1.0397147973503005,1.0512898361588943,0.044753909021611936,0.03894506930026271,0.05001428425160392,0
cnn_dailymail,refit,10,8192,512,source_full,1.0556430106823622,1.0495313421887487,1.0611616360643845,0.05414655238894627,0.048340928355382555,0.059362208501308446,0
cnn_dailymail,refit,10,8192,512,multinomial_jackknife,0.9738904060294634,0.9685104537950943,0.9788157935261108,0.026458592765774933,0.021413690151970272,0.03199847155340442,0
cnn_dailymail,refit,10,8192,512,source_jackknife,1.0678737532235765,1.0618109510658893,1.073406946321074,0.06566639118366792,0.05997352094183731,0.07083573756298837,0
cnn_dailymail,refit,10,1024,1024,multinomial,0.9435646700417497,0.9366345641840472,0.9510940774857783,0.05811731748971032,0.050175470120191044,0.06547987199502113,0
cnn_dailymail,refit,10,1024,1024,source_same_lag,0.8939181353926207,0.8860668424935199,0.9022922729128428,0.11218574622290288,0.10286149935755043,0.12100285933083445,0
cnn_dailymail,refit,10,1024,1024,source_full,0.9005923558215304,0.8926591065608867,0.9091605950202294,0.10474803670241963,0.09529104835975323,0.11356970487523316,0
cnn_dailymail,refit,10,1024,1024,multinomial_jackknife,0.9833072605383059,0.9743312891103701,0.9922680017957727,0.01687909716030975,0.009229251501634015,0.026031702587873972,0
cnn_dailymail,refit,10,1024,1024,source_jackknife,1.0226460060341054,1.0112717324841614,1.0336289764946631,0.0223201453245358,0.011963779174970464,0.03302491678263429,0
cnn_dailymail,refit,10,2048,1024,multinomial,0.9616891712784131,0.9543651582883572,0.9686849272187977,0.03908774816851011,0.03182161243057437,0.04673126420591309,0
cnn_dailymail,refit,10,2048,1024,source_same_lag,0.9695149814246335,0.9621549488587279,0.97661781755988,0.030983386225499048,0.02366574689426472,0.038597117628730776,0
cnn_dailymail,refit,10,2048,1024,source_full,0.9769509357456078,0.9697134750783383,0.9839872610234659,0.023341518616296558,0.01615705926966108,0.030776120501006053,0
cnn_dailymail,refit,10,2048,1024,multinomial_jackknife,0.978495935907725,0.9704491183235318,0.9857454572765059,0.021766851989487232,0.014364074507729467,0.030031645719441048,0
cnn_dailymail,refit,10,2048,1024,source_jackknife,1.0507925530896995,1.0424001801440606,1.058485681498568,0.04951845679738167,0.041511075704180056,0.05683551643385215,0
cnn_dailymail,refit,10,4096,1024,multinomial,0.967056942168044,0.9608202334314,0.9734347690305529,0.03351174131901202,0.0269307325217829,0.039978455886115656,0
cnn_dailymail,refit,10,4096,1024,source_same_lag,1.008873433323577,1.0011378344392976,1.0165470532450351,0.009625594442152056,0.0044364391542708135,0.01640756826148952,0
cnn_dailymail,refit,10,4096,1024,source_full,1.0166726571771907,1.0087655474578272,1.0244458220429893,0.01650832381592497,0.008807445342644327,0.024134271123351047,0
cnn_dailymail,refit,10,4096,1024,multinomial_jackknife,0.9730239185732594,0.9667550035158005,0.9794475220548439,0.027360328237160295,0.020786766082508047,0.033816609911707665,0
cnn_dailymail,refit,10,4096,1024,source_jackknife,1.0576951743851193,1.049261566769517,1.0659713237936712,0.05606357674199447,0.04805183205465774,0.06386488760942156,0
cnn_dailymail,refit,10,8192,1024,multinomial,0.9683256322436131,0.963228800865396,0.9735021232596354,0.032189343376214014,0.02685538559819377,0.03746682746069416,0
cnn_dailymail,refit,10,8192,1024,source_same_lag,1.029003161469917,1.0231651154842685,1.0349478091600408,0.028584604679466025,0.022900149811883454,0.03434206181741684,0
cnn_dailymail,refit,10,8192,1024,source_full,1.036947482447733,1.0311027081188682,1.0428643794875663,0.03627564067581106,0.030627956421429972,0.04196275075551648,0
cnn_dailymail,refit,10,8192,1024,multinomial_jackknife,0.969769086495148,0.9646459359453899,0.9749484245835348,0.030699862364066424,0.025373645811308,0.03599417649510366,0
cnn_dailymail,refit,10,8192,1024,source_jackknife,1.0585796169707924,1.0526094986888663,1.0645901640725737,0.056922695882996005,0.05126939861432258,0.06258507337770633,0
cnn_dailymail,refit,10,1024,2048,multinomial,0.9118558646534579,0.9068188178897068,0.9172031846048746,0.09228964396286332,0.08643611532049618,0.09782296158637262,0
cnn_dailymail,refit,10,1024,2048,source_same_lag,0.7947437313704874,0.7892644241018718,0.800790486740777,0.2297679613202536,0.2221730617433294,0.2366859567197046,0
cnn_dailymail,refit,10,1024,2048,source_full,0.7996596568755235,0.794121966269185,0.8057933487773452,0.22360177632367528,0.21598751912357092,0.23053217146491617,0
cnn_dailymail,refit,10,1024,2048,multinomial_jackknife,0.979621729150745,0.9711422204889447,0.9875880826723147,0.02063600865966497,0.012499564692474109,0.029323087821446787,0
cnn_dailymail,refit,10,1024,2048,source_jackknife,0.9697744667328884,0.96018360180973,0.9786189589286807,0.03075450449795895,0.021632627741143395,0.040710050989351994,0
cnn_dailymail,refit,10,2048,2048,multinomial,0.9466292179448642,0.9407585290190705,0.9527013844069092,0.05487001131135142,0.04846655102163185,0.06108766085707718,0
cnn_dailymail,refit,10,2048,2048,source_same_lag,0.9087769936363963,0.9030298569385434,0.914625039466833,0.0956786186626612,0.08927444055446265,0.10200950714686872,0
cnn_dailymail,refit,10,2048,2048,source_full,0.9146331266033463,0.9090316058826626,0.9204406014343677,0.08925387505018055,0.08291811532667345,0.09538207261641156,0
cnn_dailymail,refit,10,2048,2048,multinomial_jackknife,0.9792108376043764,0.9723371986062094,0.9856258345137693,0.021036133352591507,0.014485628864043814,0.028089624718355057,0
cnn_dailymail,refit,10,2048,2048,source_jackknife,1.02800850285052,1.0209578091982066,1.0345698351437744,0.027598014499923884,0.020717869278263325,0.033981319460738756,0
cnn_dailymail,refit,10,4096,2048,multinomial,0.9607236670686804,0.9560175469140347,0.9658942298872468,0.04008004166058463,0.034709141527032264,0.04498191285527687,0
cnn_dailymail,refit,10,4096,2048,source_same_lag,0.974610658091397,0.9681541037825525,0.9813266482553363,0.025744564227534166,0.018872908510778896,0.032378877126946835,0
cnn_dailymail,refit,10,4096,2048,source_full,0.9810176515538104,0.9744208624683981,0.9877451826867725,0.01919287595399458,0.012353461244513243,0.02595123943199858,0
cnn_dailymail,refit,10,4096,2048,multinomial_jackknife,0.9741384047006162,0.9693934989014826,0.979165166676325,0.02621260161472499,0.021066545308615552,0.031098375999993298,0
cnn_dailymail,refit,10,4096,2048,source_jackknife,1.0473528171954032,1.0398314882466608,1.054774308521589,0.046233470493439434,0.039042358839300254,0.05331530823373159,0
cnn_dailymail,refit,10,8192,2048,multinomial,0.9649515342379686,0.9612908698258965,0.9689129540465934,0.03568062713944555,0.031583738475524044,0.03948051014964973,0
cnn_dailymail,refit,10,8192,2048,source_same_lag,1.0090264207215787,1.004445005590649,1.0141447529805565,0.008976677293306604,0.004500704580421085,0.01403385026818811,0
cnn_dailymail,refit,10,8192,2048,source_full,1.0156855310062662,1.0111017512590437,1.0207224436944928,0.015555053600807708,0.011038110662992671,0.02050407225603601,0
cnn_dailymail,refit,10,8192,2048,multinomial_jackknife,0.9694458174124081,0.9657644285550059,0.9733741324595464,0.03103399877955948,0.026988006077190794,0.0348374954314412,0
cnn_dailymail,refit,10,8192,2048,source_jackknife,1.0519412337588534,1.047173238606581,1.057091773424194,0.050628816174458524,0.04609093702190715,0.055512265237077515,0
cnn_dailymail,refit,10,1024,4096,multinomial,0.8591658173474406,0.8539303369019846,0.8648681319595568,0.15181536516868718,0.14519770981436733,0.1579116594709657,0
cnn_dailymail,refit,10,1024,4096,source_same_lag,0.6602559859511216,0.655923086847608,0.6645436192045918,0.41515041400016695,0.4086609517958924,0.4217259583889432,0
cnn_dailymail,refit,10,1024,4096,source_full,0.6637701637876737,0.6593904762549261,0.6681279381113111,0.4098421497490532,0.403287671442089,0.41644638441375204,0
cnn_dailymail,refit,10,1024,4096,multinomial_jackknife,0.9641518868028409,0.9556514599839784,0.973932018170411,0.03656728423466088,0.026474680944159047,0.045372315405194145,0
cnn_dailymail,refit,10,1024,4096,source_jackknife,0.8674773990153258,0.860092999892966,0.8743822244247871,0.14220968605197246,0.13423933654373396,0.15074838610783506,0
cnn_dailymail,refit,10,2048,4096,multinomial,0.9185349900913472,0.9131862857911326,0.9239352664501767,0.08499304232413939,0.07912007595911018,0.09082913583055374,0
cnn_dailymail,refit,10,2048,4096,source_same_lag,0.8174948163992152,0.8127110596574454,0.8222976289445313,0.20152807137366102,0.195664792286226,0.20739094254813362,0
cnn_dailymail,refit,10,2048,4096,source_full,0.8221181999963488,0.8173698860593873,0.8269624607986551,0.19588810996804243,0.1900116558863527,0.20167030054104665,0
cnn_dailymail,refit,10,2048,4096,multinomial_jackknife,0.97470902632949,0.9676873592572918,0.9817000696049899,0.025647072169969903,0.018491087367842014,0.032864484157295155,0
cnn_dailymail,refit,10,2048,4096,source_jackknife,0.9797008067999441,0.9735533123664424,0.985572438760035,0.020528027637970132,0.014540852534237404,0.02682119648152443,0
cnn_dailymail,refit,10,4096,4096,multinomial,0.945659282511518,0.9416407993049641,0.9497241717395025,0.05587737527880582,0.05158438866439795,0.06013371178013991,0
cnn_dailymail,refit,10,4096,4096,source_same_lag,0.917880289180373,0.9124564932882498,0.9233567037395947,0.08570625743329939,0.07974953001794538,0.09162545458389168,0
cnn_dailymail,refit,10,4096,4096,source_full,0.9232654731979163,0.9176977523624806,0.9287593739723914,0.07985757069236414,0.073922058795884,0.08590309364975608,0
cnn_dailymail,refit,10,4096,4096,multinomial_jackknife,0.9706306671938951,0.966478099213679,0.9748898273105969,0.029814348273223452,0.02543558066235868,0.03409826146975239,0
cnn_dailymail,refit,10,4096,4096,source_jackknife,1.0232428360861345,1.016431488270951,1.0300616388785744,0.022951395457578766,0.01628785596617563,0.02961131960216641,0
cnn_dailymail,refit,10,8192,4096,multinomial,0.9558383956236659,0.951748163481429,0.9599707776729931,0.04517094326039046,0.04085697818278498,0.04945568667241205,0
cnn_dailymail,refit,10,8192,4096,source_same_lag,0.9741008845020538,0.9692336256760244,0.9789064222671833,0.026249759174079304,0.02132688804016226,0.0312598413821189,0
cnn_dailymail,refit,10,8192,4096,source_full,0.9799542000589603,0.9750735591151863,0.984735279117491,0.020258351487080706,0.01538536218361569,0.025251284238759244,0
cnn_dailymail,refit,10,8192,4096,multinomial_jackknife,0.9654106487082298,0.961151880734194,0.9698191130845099,0.03520765052311737,0.03065101214046677,0.03962437433885172,0
cnn_dailymail,refit,10,8192,4096,source_jackknife,1.0376053241650234,1.032415081597715,1.0427638963971877,0.03690603957194771,0.03189089151503655,0.04186824964141992,0
cnn_dailymail,refit,20,1024,512,multinomial,0.9565949077024313,0.949383320271606,0.9641159615570655,0.04439685777009344,0.036571611855737665,0.05194865285144862,0
cnn_dailymail,refit,20,1024,512,source_same_lag,0.9726932087172664,0.964391187828329,0.9812070930867581,0.02772134537625365,0.01900699350211954,0.03626200448812109,0
cnn_dailymail,refit,20,1024,512,source_full,0.9845085655337089,0.9760801417702105,0.993216211273279,0.01564796137092103,0.00796461919511289,0.024223217372894366,0
cnn_dailymail,refit,20,1024,512,multinomial_jackknife,0.9643079573935952,0.9568467925726943,0.9720737931390072,0.036368561233571135,0.028352263181927954,0.04412112526731626,0
cnn_dailymail,refit,20,1024,512,source_jackknife,1.028117876000258,1.0185085818028317,1.0377383674748248,0.027685261838726657,0.01832013034446032,0.03700607083723577,0
cnn_dailymail,refit,20,1024,512,bootstrap,0.9599078292975927,0.9487788134520991,0.9703982434293547,0.040992864571845124,0.030087155961509224,0.05262363963225234,0
cnn_dailymail,refit,20,1024,512,bootstrap_jackknife,1.0017812393177108,0.9800936578966292,1.0202310595419313,0.01944987626214766,0.007781760979168598,0.03219224044210563,0
cnn_dailymail,refit,20,2048,512,multinomial,0.9568660365433684,0.9500971201393712,0.9633369490394053,0.044104176677373104,0.03736184916807501,0.05120292567346148,0
cnn_dailymail,refit,20,2048,512,source_same_lag,0.9988956049863336,0.9920813034287536,1.0053449915283157,0.0036200113204121853,0.001723406240131958,0.008103014238949146,0
cnn_dailymail,refit,20,2048,512,source_full,1.0111443311756634,1.0043040506308736,1.017674888356121,0.011073510655464795,0.004608856691749321,0.017515808454366833,0
cnn_dailymail,refit,20,2048,512,multinomial_jackknife,0.9561886128156291,0.949237425165708,0.9627924289116114,0.04481424662079814,0.03793637933607015,0.05211044938017254,0
cnn_dailymail,refit,20,2048,512,source_jackknife,1.0343779312762686,1.0271734132386015,1.0412087909552634,0.03378960703537174,0.026804137281496186,0.04037322627219101,0
cnn_dailymail,refit,20,2048,512,bootstrap,0.9745665606327124,0.9664536283267546,0.9829672400669703,0.025794802014464283,0.017227141466207033,0.03412654741011953,0
cnn_dailymail,refit,20,2048,512,bootstrap_jackknife,0.9879020022807593,0.9736487408691751,1.0020161291675318,0.01680551635115934,0.008880444744861013,0.027741392279043556,0
cnn_dailymail,refit,20,4096,512,multinomial,0.9522145063696307,0.9461173593084721,0.9582061220429307,0.048972563577744786,0.042697943660173925,0.05539475422810305,0
cnn_dailymail,refit,20,4096,512,source_same_lag,1.0090149796457757,1.0022734167899074,1.015671048442079,0.008963508689095212,0.003736571796996865,0.015541018625902214,0
cnn_dailymail,refit,20,4096,512,source_full,1.0213791942025665,1.0145386546809114,1.0282126777990424,0.021142076518678176,0.014423553646474511,0.027818258754491128,0
cnn_dailymail,refit,20,4096,512,multinomial_jackknife,0.9486580156422683,0.9425709175737562,0.9546688833732164,0.05271465741128457,0.04639483818706617,0.05914913934260308,0
cnn_dailymail,refit,20,4096,512,source_jackknife,1.0335976137763188,1.026699657448564,1.0404496043313283,0.03303438661541323,0.02633929203272919,0.03965208075225577,0
cnn_dailymail,refit,20,4096,512,bootstrap,0.9860138473487001,0.9780444440649825,0.994584429001435,0.014130236582506882,0.007653681845953355,0.022225274994646684,0
cnn_dailymail,refit,20,4096,512,bootstrap_jackknife,0.9936055532210006,0.9814851898674379,1.0061496821719955,0.01210380402638289,0.0055260588893090426,0.020141228664118185,0
cnn_dailymail,refit,20,8192,512,multinomial,0.9488755109580567,0.9432051292228554,0.9543081355681141,0.052479542031243276,0.04677070266489343,0.05847370711721843,0
cnn_dailymail,refit,20,8192,512,source_same_lag,1.0148222521187693,1.0086788692298776,1.0206343276848115,0.014710967470634799,0.008638996773826601,0.020423970478942698,0
cnn_dailymail,refit,20,8192,512,source_full,1.0273031759420044,1.0210393198077543,1.0332167909330718,0.026934666173016184,0.020820547008853264,0.03267445691756097,0
cnn_dailymail,refit,20,8192,512,multinomial_jackknife,0.9450294414138172,0.9393960508930107,0.9504452221970228,0.05654087894921369,0.050827242298322355,0.06251933293139811,0
cnn_dailymail,refit,20,8192,512,source_jackknife,1.0335527661831363,1.0273157793530565,1.0395120245320377,0.032999967820091625,0.02694596897477427,0.0387503201634861,0
cnn_dailymail,refit,20,8192,512,bootstrap,0.9887499066809038,0.9814067709834221,0.9955715093791682,0.01132948802706154,0.0045142828379664945,0.01878604034563255,0
cnn_dailymail,refit,20,8192,512,bootstrap_jackknife,0.992527275372182,0.981112194936143,1.002895410545202,0.009991536020594747,0.002874470369915454,0.01933615732087106,0
cnn_dailymail,refit,20,1024,1024,multinomial,0.9507858658525353,0.9428326097577154,0.9592757494319826,0.050497063843956885,0.0416220746973452,0.05886899260263519,0
cnn_dailymail,refit,20,1024,1024,source_same_lag,0.9326993163824917,0.9238109492400969,0.941920741465036,0.06971853249432645,0.05988247512176191,0.07927291766559472,0
cnn_dailymail,refit,20,1024,1024,source_full,0.9418003245664239,0.9328527458119183,0.951292283588084,0.06000910650926025,0.04998581326792509,0.06954347371632076,0
cnn_dailymail,refit,20,1024,1024,multinomial_jackknife,0.9716569391104044,0.9630787875956393,0.980624036620826,0.02878856677351746,0.01960736705927623,0.03764805221035143,0
cnn_dailymail,refit,20,1024,1024,source_jackknife,1.0173573980248398,1.0064616457429743,1.0283549998765082,0.017408691501480753,0.008877712425400638,0.02791971163130991,0
cnn_dailymail,refit,20,1024,1024,bootstrap,0.9188110127200712,0.9098574004418835,0.9277992803114546,0.08472269257065117,0.07495945854871673,0.0945265554197977,0
cnn_dailymail,refit,20,1024,1024,bootstrap_jackknife,0.9876347682908659,0.9735970621738042,1.0008671112243073,0.014967764872882016,0.006079912594611456,0.027112057997738453,0
cnn_dailymail,refit,20,2048,1024,multinomial,0.9572311518170771,0.9496417036459861,0.9644803999971703,0.04373055319217848,0.036175078782857036,0.051696909570692076,0
cnn_dailymail,refit,20,2048,1024,source_same_lag,0.977666269550411,0.9700435209360267,0.9849304197201276,0.022605799245214327,0.01519392226135816,0.03043112190188125,0
cnn_dailymail,refit,20,2048,1024,source_full,0.9873811867757919,0.9797823271236008,0.9946712920381239,0.0127170274489736,0.0054048612887836,0.020449380256349754,0
cnn_dailymail,refit,20,2048,1024,multinomial_jackknife,0.9628091190071713,0.9547417619651686,0.9702867817833539,0.03792355202428003,0.030166237281037015,0.046339565586030966,0
cnn_dailymail,refit,20,2048,1024,source_jackknife,1.0298503318093704,1.0216099333357627,1.0375499919138904,0.02939332567572954,0.02136006091685027,0.036846187571914546,0
cnn_dailymail,refit,20,2048,1024,bootstrap,0.9592137284599453,0.9520228887238444,0.9664108460622566,0.041658282635455506,0.034178998718734234,0.049176386598565776,0
cnn_dailymail,refit,20,2048,1024,bootstrap_jackknife,0.9979723874141161,0.9877711204428515,1.0075265251512617,0.008220865488976069,0.00400242531453817,0.014076214671030306,0
cnn_dailymail,refit,20,4096,1024,multinomial,0.9548543577696343,0.9481891062010274,0.9614954770438222,0.046208123036610815,0.03926864400641955,0.05321733664467242,0
cnn_dailymail,refit,20,4096,1024,source_same_lag,0.9981903544125745,0.9907347277863582,1.0058898190684233,0.005684586762816239,0.0028599307642097897,0.009631052002113113,0
cnn_dailymail,refit,20,4096,1024,source_full,1.0081181756796123,1.000462324363472,1.0159565143775746,0.008710945012911125,0.00408676696639797,0.01582245689844427,0
cnn_dailymail,refit,20,4096,1024,multinomial_jackknife,0.9537555377516679,0.9471662840125382,0.9604021417969614,0.04735978839350535,0.040410584165335335,0.05429224045942816,0
cnn_dailymail,refit,20,4096,1024,source_jackknife,1.0309226213864853,1.0230501797393254,1.0388250963639738,0.030434412743659225,0.0227778626550203,0.03808260040964588,0
cnn_dailymail,refit,20,4096,1024,bootstrap,0.9767277716944717,0.9680820482601774,0.9853679433969555,0.023581776482830635,0.014749660805821269,0.03243889273086888,0
cnn_dailymail,refit,20,4096,1024,bootstrap_jackknife,0.9958760882571234,0.985731824759293,1.0057902055267216,0.00940629089524314,0.004816830162831659,0.015549181452891388,0
cnn_dailymail,refit,20,8192,1024,multinomial,0.9515931699839199,0.9456100917214237,0.9575206449429278,0.049619969712457475,0.043409910099146104,0.0559302444879233,0
cnn_dailymail,refit,20,8192,1024,source_same_lag,1.0090641903135764,1.002647085384443,1.0154565613700697,0.009019548680939892,0.002995283172463605,0.015333068718441699,0
cnn_dailymail,refit,20,8192,1024,source_full,1.0191160577594327,1.012637589698285,1.0255371759641638,0.018931936430875602,0.012556561115156495,0.025214916995869526,0
cnn_dailymail,refit,20,8192,1024,multinomial_jackknife,0.9481973350882175,0.9422461434293455,0.9540514570943965,0.05319467243765603,0.0470386461213609,0.05948976712649882,0
cnn_dailymail,refit,20,8192,1024,source_jackknife,1.0308917574642265,1.0244088901206645,1.037344444901988,0.030420903541144868,0.02411378582239975,0.03666385945018243,0
cnn_dailymail,refit,20,8192,1024,bootstrap,0.9872467744967752,0.9802892673317287,0.9940140022471705,0.012843949219763041,0.006005789745968685,0.019917116657024152,0
cnn_dailymail,refit,20,8192,1024,bootstrap_jackknife,1.0003895831074652,0.9917430021735536,1.0087844270119735,0.006124248453181512,0.003002536457919385,0.010856720772802092,0
cnn_dailymail,refit,20,1024,2048,multinomial,0.9378789475584169,0.932422150583438,0.9443390688890697,0.06416010339342951,0.05730770168317718,0.06997611165328756,0
cnn_dailymail,refit,20,1024,2048,source_same_lag,0.8718758918257808,0.8653567870489501,0.8791086593076153,0.13715087537189496,0.12888790965943128,0.1446355352792003,0
cnn_dailymail,refit,20,1024,2048,source_full,0.8787481977017023,0.8721659863507738,0.8861188998446793,0.12930050403498397,0.12094372052643945,0.1367921271811741,0
cnn_dailymail,refit,20,1024,2048,multinomial_jackknife,0.9791423767221069,0.9715868396802723,0.9869163888287271,0.021120082063271945,0.01321543415668679,0.028848024325640383,0
cnn_dailymail,refit,20,1024,2048,source_jackknife,0.9976188245199129,0.9876166312445782,1.007269384051127,0.008191322565432606,0.001198897987545041,0.01589426845159683,0
cnn_dailymail,refit,20,1024,2048,bootstrap,0.8697768193769945,0.8602663622968711,0.8805601451213548,0.1396153025164448,0.1273002846870672,0.1505237648511557,0
cnn_dailymail,refit,20,1024,2048,bootstrap_jackknife,0.9894932426572052,0.9755314150584319,1.0032182775246163,0.016346704417345776,0.007384860248496505,0.02634742594426318,0
cnn_dailymail,refit,20,2048,2048,multinomial,0.9559028461302996,0.9498525541953183,0.9616178641515272,0.04512179119812285,0.03914865263260987,0.05146280373737401,0
cnn_dailymail,refit,20,2048,2048,source_same_lag,0.9453255045688372,0.9393184236634404,0.9510331833440077,0.05624913260138059,0.05021155799816534,0.06261739971310692,0
cnn_dailymail,refit,20,2048,2048,source_full,0.9529898397224433,0.9471193260424381,0.9586494792918699,0.04817278619461587,0.04223597124751092,0.05434124951423935,0
cnn_dailymail,refit,20,2048,2048,multinomial_jackknife,0.9726595984735197,0.9657448578132272,0.9787152872345085,0.027748669260090286,0.021519806975663438,0.03489997337870231,0
cnn_dailymail,refit,20,2048,2048,source_jackknife,1.024779540814156,1.0180013207750291,1.0310736926472015,0.024452385156039962,0.017806111687469473,0.030598664058814458,0
cnn_dailymail,refit,20,2048,2048,bootstrap,0.9326578028016108,0.925340563845436,0.9394317611567213,0.06975453984392486,0.062496042787175875,0.07763426162157681,0
cnn_dailymail,refit,20,2048,2048,bootstrap_jackknife,0.9983409150775664,0.9891768708073404,1.0070972361522799,0.009817467274570843,0.006600566502118606,0.01349468738819888,0
cnn_dailymail,refit,20,4096,2048,multinomial,0.9594306447001467,0.9548315375954539,0.964395402819613,0.041428628190481716,0.036260805630486566,0.046231900420045186,0
cnn_dailymail,refit,20,4096,2048,source_same_lag,0.9835279625371077,0.9774599245059689,0.9898196028688422,0.016634719311511365,0.010250023292040026,0.022814875766110618,0
cnn_dailymail,refit,20,4096,2048,source_full,0.9915617500319837,0.9853446938717284,0.9980201339388112,0.00894784913613726,0.003639290254048615,0.014805253276944163,0
cnn_dailymail,refit,20,4096,2048,multinomial_jackknife,0.9636073024014802,0.9589440708717385,0.9685273920227988,0.037084648238723976,0.03198673319932681,0.04192948927249125,0
cnn_dailymail,refit,20,4096,2048,source_jackknife,1.031432356492667,1.0247505343004404,1.038152501949923,0.03092064580087435,0.024434829923248927,0.03742436141124278,0
cnn_dailymail,refit,20,4096,2048,bootstrap,0.9679527816557996,0.959672555026347,0.9746929718440434,0.032617556244103306,0.02564312057578539,0.04123141764429632,0
cnn_dailymail,refit,20,4096,2048,bootstrap_jackknife,1.007952097935254,0.9925371071725966,1.0186468959185673,0.017853448456219837,0.011880915857058697,0.023623416842842054,0
cnn_dailymail,refit,20,8192,2048,multinomial,0.957669317998018,0.9546597892466725,0.9610260539530148,0.04325502928926759,0.03975746032361567,0.04640034556796233,0
cnn_dailymail,refit,20,8192,2048,source_same_lag,1.0030898728532862,0.9993637166917326,1.0072675703900564,0.0031545068436987845,0.0011413017559681459,0.007234315730133314,0
cnn_dailymail,refit,20,8192,2048,source_full,1.0112874743177214,1.0075870323839615,1.0154254851163584,0.011218607470239776,0.007557364418345718,0.015304996888432171,0
cnn_dailymail,refit,20,8192,2048,multinomial_jackknife,0.9561970847526645,0.953199975439012,0.9595180009990008,0.0447933898028245,0.041326142741317094,0.047930571951747304,0
cnn_dailymail,refit,20,8192,2048,source_jackknife,1.0323119389056095,1.0285849148518353,1.0364860256575952,0.031795589274228465,0.02818328585898852,0.03582953122476464,0
cnn_dailymail,refit,20,8192,2048,bootstrap,0.9805185422732753,0.9759889562285329,0.9856926382074087,0.019686732595351447,0.014425827997486701,0.024305395579641745,0
cnn_dailymail,refit,20,8192,2048,bootstrap_jackknife,0.9969622425201182,0.990886135037762,1.003830555120173,0.007461607004559368,0.004657871937459479,0.01042471649084102,0
cnn_dailymail,refit,20,1024,4096,multinomial,0.9053640431185495,0.9003876463843575,0.9102965677656688,0.09943394142742341,0.09399202382514726,0.10493272619881136,0
cnn_dailymail,refit,20,1024,4096,source_same_lag,0.7754633741361394,0.770042619507466,0.7809259620628201,0.2543256113795019,0.24729809021493535,0.2613265622631222,0
cnn_dailymail,refit,20,1024,4096,source_full,0.7805359607281449,0.7750819355357655,0.7860973008273715,0.24780592715087124,0.24069850350706057,0.2548068690603255,0
cnn_dailymail,refit,20,1024,4096,multinomial_jackknife,0.974750910781153,0.9664192816722476,0.9822968434890916,0.0256182864871112,0.01787292741742911,0.03419692653845864,0
cnn_dailymail,refit,20,1024,4096,source_jackknife,0.9462964628245472,0.9371352332069471,0.9545692133848708,0.05526024000758543,0.046515155478020376,0.06501315820769914,0
cnn_dailymail,refit,20,1024,4096,bootstrap,0.7730962531438398,0.7623270081534776,0.78531230591903,0.2575164167750412,0.24187786081548193,0.2714098647783928,0
cnn_dailymail,refit,20,1024,4096,bootstrap_jackknife,0.9287669067930682,0.9085009525181995,0.9494817273735928,0.07426798835392097,0.05204358312507671,0.09605264085782507,0
cnn_dailymail,refit,20,2048,4096,multinomial,0.9409311939718992,0.9350032441234671,0.9466888680052573,0.06090667643238957,0.054803780985492115,0.06722157758966668,0
cnn_dailymail,refit,20,2048,4096,source_same_lag,0.886330699993506,0.8806477650272512,0.8917090384645825,0.12068718724512066,0.11462739878731093,0.12712427573531723,0
cnn_dailymail,refit,20,2048,4096,source_full,0.8923767794047172,0.8868691057484593,0.8977229784672227,0.11388732825703006,0.10791361744509394,0.12006308713729932,0
cnn_dailymail,refit,20,2048,4096,multinomial_jackknife,0.9743261556342707,0.9673965881479873,0.980538175122563,0.026036672351644457,0.01966230682280517,0.03318258244273225,0
cnn_dailymail,refit,20,2048,4096,source_jackknife,1.0026411750934845,0.9958527972594196,1.0087925786414946,0.006060010580766031,0.002872326028726026,0.009915135918802175,0
cnn_dailymail,refit,20,2048,4096,bootstrap,0.878401087094714,0.8721258145700393,0.8844295552366344,0.1296829302308727,0.12282437423153555,0.1368547798479853,0
cnn_dailymail,refit,20,2048,4096,bootstrap_jackknife,0.9764813219658659,0.966600812125778,0.9864874365684322,0.02387358117821377,0.01367793717048736,0.03402481363047215,0
cnn_dailymail,refit,20,4096,4096,multinomial,0.9542563256246935,0.9496067386141482,0.9590887111305759,0.04683384924569511,0.04178555191658748,0.05170929864365032,0
cnn_dailymail,refit,20,4096,4096,source_same_lag,0.950274680948277,0.9441841990498573,0.9566300995287691,0.0510303386922063,0.044371416228830306,0.05744352874143254,0
cnn_dailymail,refit,20,4096,4096,source_full,0.9568844682218619,0.9505922946770711,0.9632699420803094,0.04409946496945949,0.037438705485631184,0.05069983150187504,0
cnn_dailymail,refit,20,4096,4096,multinomial_jackknife,0.9669846903577682,0.9623556708028254,0.9716175795333968,0.03358241097148192,0.028798592175316533,0.038379789008628096,0
cnn_dailymail,refit,20,4096,4096,source_jackknife,1.0213941327551892,1.0143275419227338,1.0285287550213116,0.02113789248620658,0.0142109226002936,0.028108077260060496,0
cnn_dailymail,refit,20,4096,4096,bootstrap,0.9378870735606972,0.9325788878650013,0.9436615514634351,0.06414506826339836,0.058000557125720345,0.06981305628076077,0
cnn_dailymail,refit,20,4096,4096,bootstrap_jackknife,0.9960860697477256,0.9889728995424466,1.003978948859546,0.008852448684169721,0.006069385388208691,0.012021823614425945,0
cnn_dailymail,refit,20,8192,4096,multinomial,0.9561430699371686,0.9525946887749439,0.9597624646266781,0.0448503746650184,0.04107099990683677,0.0485662270768693,0
cnn_dailymail,refit,20,8192,4096,source_same_lag,0.9836861624091245,0.9792292660949594,0.9884705832666941,0.01645723562799628,0.011609335608083839,0.020993847451394283,0
cnn_dailymail,refit,20,8192,4096,source_full,0.9905729937208576,0.9861759904772311,0.9953131437944989,0.009479995509877668,0.005194103444427744,0.013927372869906123,0
cnn_dailymail,refit,20,8192,4096,multinomial_jackknife,0.9584354130207178,0.9548865299429294,0.962017033085435,0.04245563024315013,0.03872640562255753,0.04616523144682681,0
cnn_dailymail,refit,20,8192,4096,source_jackknife,1.0258037304658365,1.0212336929949968,1.0306219034114916,0.02546850191434537,0.02100918591067038,0.03015248856567273,0
cnn_dailymail,refit,20,8192,4096,bootstrap,0.9672418452005688,0.9617152379420523,0.9726538845792624,0.03332382585016379,0.027735568034288817,0.0390486430966152,0
cnn_dailymail,refit,20,8192,4096,bootstrap_jackknife,0.9943573091209833,0.9870325991765715,1.001301144266918,0.007482292131670208,0.0029168131182968093,0.013298874849083424,0
cnn_dailymail,refit,50,1024,512,multinomial,0.9418685367848824,0.9340358742785283,0.9495659660501675,0.05989366905400947,0.05175623806003628,0.06824470798198816,0
cnn_dailymail,refit,50,1024,512,source_same_lag,0.9723610819426232,0.9637829573678272,0.9806786651977756,0.02803715220287148,0.01951473099505818,0.036893383578962734,0
cnn_dailymail,refit,50,1024,512,source_full,0.9881638459121506,0.9794538633979337,0.9966360455525569,0.011915867120589249,0.004442164289021916,0.020765743795726196,0
cnn_dailymail,refit,50,1024,512,multinomial_jackknife,0.9425231077533162,0.9345644349099471,0.9502623276561283,0.0591996400890768,0.05101823441136716,0.0676776405622424,0
cnn_dailymail,refit,50,1024,512,source_jackknife,1.0063735226341544,0.9972720139248344,1.0151694631043062,0.0063976009274824405,0.0025031876401871126,0.015045611086685833,0
cnn_dailymail,refit,50,2048,512,multinomial,0.9394360162100395,0.9317623434019724,0.9470281567642015,0.06247740459952486,0.05442796105104259,0.07067839278041743,0
cnn_dailymail,refit,50,2048,512,source_same_lag,0.9843338644210816,0.9763682843863388,0.9921746402097555,0.015791211609765973,0.007856570562929596,0.02391637457871498,0
cnn_dailymail,refit,50,2048,512,source_full,1.0003824106558172,0.9922858871671941,1.0083751924541988,0.0011131751981666637,0.0007597986687466095,0.009098589065497924,0
cnn_dailymail,refit,50,2048,512,multinomial_jackknife,0.93594330076675,0.9282548147746231,0.9434890028750204,0.06620242154292279,0.05817063097889598,0.07444978681977835,0
cnn_dailymail,refit,50,2048,512,source_jackknife,1.0097189472741699,1.0014810585569813,1.0178495988204173,0.00967112077006326,0.0017076296480178826,0.01769145303859165,0
cnn_dailymail,refit,50,4096,512,multinomial,0.9339625875024239,0.926378885378245,0.9415809210522986,0.06832104500178775,0.060196647843522244,0.0764741331363874,0
cnn_dailymail,refit,50,4096,512,source_same_lag,0.9880108040728766,0.979701769102181,0.9962424255810675,0.012065203267550164,0.00405235024963561,0.020508327222907956,0
cnn_dailymail,refit,50,4096,512,source_full,1.0041508287608132,0.9957108981606976,1.012539589323519,0.004138330250586092,0.001364104623084895,0.012460666386216951,0
cnn_dailymail,refit,50,4096,512,multinomial_jackknife,0.9287957701687067,0.9212308669341052,0.9363988293954105,0.07386849150552559,0.06571557118244796,0.08204617779888414,0
cnn_dailymail,refit,50,4096,512,source_jackknife,1.0089975112342673,1.0005717456544045,1.0173931908490812,0.008953600841896208,0.0019074018438907236,0.01723824248503122,0
cnn_dailymail,refit,50,8192,512,multinomial,0.9295790732140501,0.9220645411802278,0.9370192920982886,0.07302411156200551,0.06505142775085296,0.08114054928763845,0
cnn_dailymail,refit,50,8192,512,source_same_lag,0.9904068431886485,0.982319210680135,0.9983520712735987,0.009640569950022486,0.001858743035047534,0.017839982159392552,0
cnn_dailymail,refit,50,8192,512,source_full,1.0066551307656866,0.9984435967222847,1.0147139706607136,0.0066321158781188225,0.0011130743128074366,0.014606240989834198,0
cnn_dailymail,refit,50,8192,512,multinomial_jackknife,0.9244557046907284,0.9169791570510509,0.9318687391068794,0.07855079657976778,0.0705633312221658,0.08667109758306099,0
cnn_dailymail,refit,50,8192,512,source_jackknife,1.0091143542710876,1.0008944423096766,1.0171815832715654,0.00907216958277263,0.0015116983480901185,0.017035132131419127,0
cnn_dailymail,refit,50,1024,1024,multinomial,0.9471015902419465,0.9375227602009388,0.9562115593673711,0.05436574222816625,0.04479323304268284,0.064518374637812,0
cnn_dailymail,refit,50,1024,1024,source_same_lag,0.955709027807105,0.9451964442351385,0.9656911927395301,0.045329014105998204,0.03492745836799101,0.0563790660868613,0
cnn_dailymail,refit,50,1024,1024,source_full,0.9686972081385564,0.9580561904413974,0.9789290039978633,0.031830847662567656,0.02132011584893609,0.042864283160401355,0
cnn_dailymail,refit,50,1024,1024,multinomial_jackknife,0.9541352993737698,0.9442572851445699,0.9634642390114753,0.046968589593609694,0.037238368757589624,0.05737257642119781,0
cnn_dailymail,refit,50,1024,1024,source_jackknife,1.0035819711739122,0.9922474674495848,1.0145916578206853,0.007076389573791395,0.003161974769205177,0.014669132298351302,0
cnn_dailymail,refit,50,2048,1024,multinomial,0.9469472930594237,0.9378442073586578,0.9555387554565093,0.054520862363540944,0.04548111992080822,0.06417587037728491,0
cnn_dailymail,refit,50,2048,1024,source_same_lag,0.9768942312501153,0.9676982231496443,0.9855757312034685,0.0233834793014097,0.014529786479973904,0.032843178733794505,0
cnn_dailymail,refit,50,2048,1024,source_full,0.9902807660640829,0.9809189224004775,0.9990493959359895,0.009772860109300384,0.0024940141818370577,0.019271562604892645,0
cnn_dailymail,refit,50,2048,1024,multinomial_jackknife,0.945861007344694,0.9366420224526185,0.9545200175276617,0.05566998632171163,0.04655243291475797,0.06545990817501063,0
cnn_dailymail,refit,50,2048,1024,source_jackknife,1.008622424104004,0.9990724691585622,1.0176289681272177,0.008578377707126243,0.0028356555624538763,0.01746988587048328,0
cnn_dailymail,refit,50,4096,1024,multinomial,0.9411203183361061,0.9324899639073482,0.9494996709194284,0.06069020511885609,0.051824776974477,0.06990182963816909,0
cnn_dailymail,refit,50,4096,1024,source_same_lag,0.9846391579725554,0.9753628549051391,0.9935682285034962,0.015488890272647748,0.0064593612266604615,0.02495311701306114,0
cnn_dailymail,refit,50,4096,1024,source_full,0.9981250314577543,0.9886700688357597,1.0072033709583639,0.003915649632286119,0.002138190526030197,0.011498731849994143,0
cnn_dailymail,refit,50,4096,1024,multinomial_jackknife,0.9362643000218721,0.9276743535827249,0.9446182790049086,0.06586343517430898,0.0569803526182934,0.07507506158281246,0
cnn_dailymail,refit,50,4096,1024,source_jackknife,1.0077143367772448,0.9982020787141902,1.0168605168274192,0.007675789385768155,0.002873050598126715,0.016713195396598275,0
cnn_dailymail,refit,50,8192,1024,multinomial,0.935656559733428,0.9271050428399145,0.9436516974142245,0.06650844308699594,0.05799946032431483,0.07568988857965092,0
cnn_dailymail,refit,50,8192,1024,source_same_lag,0.9892353005342749,0.9801675916476609,0.9977189269021542,0.010825217307580725,0.0024290441892079167,0.020032303768302506,0
cnn_dailymail,refit,50,8192,1024,source_full,1.0028444149675437,0.9936613573654883,1.0114331500495375,0.0031632413584400335,0.0010894958329482978,0.011422096729754095,0
cnn_dailymail,refit,50,8192,1024,multinomial_jackknife,0.9296894245335738,0.9212101329746177,0.9376453184323122,0.07290617663163741,0.06438370842609993,0.08206939910856403,0
cnn_dailymail,refit,50,8192,1024,source_jackknife,1.007748235209712,0.9985563745971214,1.0163642928678192,0.0077165006406128,0.0014489608568504534,0.01623102442455795,0
cnn_dailymail,refit,50,1024,2048,multinomial,0.9533690605664543,0.9472326360420523,0.9603491232043311,0.047782331397220636,0.04050332109928096,0.05422500748346034,0
cnn_dailymail,refit,50,1024,2048,source_same_lag,0.9324541863448754,0.9250651532613089,0.9401876196302331,0.06997754270927796,0.06171876969596844,0.07791106274549059,0
cnn_dailymail,refit,50,1024,2048,source_full,0.9427036744505778,0.9351822243788915,0.9505899561776379,0.05904658482841519,0.050720579101021485,0.06701984783927747,0
cnn_dailymail,refit,50,1024,2048,multinomial_jackknife,0.9723291549069049,0.9657907766165934,0.9798856694077109,0.02809316675956042,0.020354505433961615,0.034812152705592306,0
cnn_dailymail,refit,50,1024,2048,source_jackknife,1.0055369910273178,0.9964150283021749,1.0148037632580098,0.008908155840353269,0.003355155208674624,0.015772141894337514,0
cnn_dailymail,refit,50,2048,2048,multinomial,0.9590652915843616,0.9531929549362652,0.9645434948219224,0.04181368912510803,0.036110608749540855,0.04795884557872801,0
cnn_dailymail,refit,50,2048,2048,source_same_lag,0.9696263768878343,0.9639640783720178,0.9750061381871812,0.030860403000104245,0.0253131403596566,0.03671440974852098,0
cnn_dailymail,refit,50,2048,2048,source_full,0.9804617793078223,0.9748902315213692,0.9858314494899759,0.019746708741153658,0.014281730666393383,0.025443854123105836,0
cnn_dailymail,refit,50,2048,2048,multinomial_jackknife,0.9639691766905528,0.9577013183591607,0.9696794068098153,0.03671621382475664,0.030792647624861013,0.04324156841525957,0
cnn_dailymail,refit,50,2048,2048,source_jackknife,1.01505849460883,1.008890482569511,1.020781903400853,0.01492938616294963,0.008841933093535037,0.020559001936743006,0
cnn_dailymail,refit,50,4096,2048,multinomial,0.9554552870662033,0.9508971231430222,0.9600529845490096,0.0455774917790245,0.04077226010233026,0.05035756159261662,0
cnn_dailymail,refit,50,4096,2048,source_same_lag,0.9857750855626278,0.9803025274047367,0.9912700157219239,0.01434359222652414,0.008781812628067208,0.019902563671974214,0
cnn_dailymail,refit,50,4096,2048,source_full,0.9967866735188302,0.9911902583855676,1.0024364771922851,0.005440206227492848,0.002315180378611371,0.009062535455543815,0
cnn_dailymail,refit,50,4096,2048,multinomial_jackknife,0.9532141208743764,0.9486866625224044,0.9578472033187105,0.047926111831588986,0.04307343802521977,0.052683724359880994,0
cnn_dailymail,refit,50,4096,2048,source_jackknife,1.0152044120678358,1.0095885466835317,1.0209001610118722,0.015072990142642578,0.009529868823295533,0.02068321384791609,0
cnn_dailymail,refit,50,8192,2048,multinomial,0.950118104665786,0.9466081570978188,0.9537012531924618,0.05117136479899473,0.04740625596796653,0.05487214047695319,0
cnn_dailymail,refit,50,8192,2048,source_same_lag,0.9945309726883961,0.9906526426263693,0.9984120657411016,0.005487590752624664,0.002269489355729346,0.00939487383804723,0
cnn_dailymail,refit,50,8192,2048,source_full,1.0056762437840758,1.0017991125201542,1.0095702246636606,0.005656729899345218,0.002503305229708657,0.009523267166892915,0
cnn_dailymail,refit,50,8192,2048,multinomial_jackknife,0.9446125548052327,0.9411802605497657,0.9481062716176075,0.056982462214677926,0.05329231188403561,0.06062134476792876,0
cnn_dailymail,refit,50,8192,2048,source_jackknife,1.0151532709109703,1.0112923171679848,1.0190816241775449,0.015036518706913832,0.011225726474082976,0.018899461666307762,0
cnn_dailymail,refit,50,1024,4096,multinomial,0.9399142262450605,0.9337003224735011,0.94678358860329,0.06199404207152607,0.05472909056770763,0.06860502526823753,0
cnn_dailymail,refit,50,1024,4096,source_same_lag,0.8786884255220883,0.8714980638696873,0.8860756127025857,0.12936777363679644,0.12101630739405214,0.13755541500205407,0
cnn_dailymail,refit,50,1024,4096,source_full,0.8864729359081187,0.8792062561553935,0.8940429714596224,0.12054875791932894,0.11205060895228146,0.12875350127699153,0
cnn_dailymail,refit,50,1024,4096,multinomial_jackknife,0.9769110994608773,0.9693533377050123,0.9847771504813642,0.023397085647056504,0.015385419397297949,0.031142105112569703,0
cnn_dailymail,refit,50,1024,4096,source_jackknife,0.9884140289097388,0.9783068397572696,0.9980128268841226,0.014391572651008502,0.009082540376193585,0.022438555241885882,0
cnn_dailymail,refit,50,2048,4096,multinomial,0.956177928657435,0.9497658375855024,0.9621653017996847,0.04483226388338905,0.03857771090016884,0.05155351196520456,0
cnn_dailymail,refit,50,2048,4096,source_same_lag,0.9404962257355178,0.9341171303236905,0.9464183504111752,0.06136910780343105,0.05507421576836476,0.06816303830848468,0
cnn_dailymail,refit,50,2048,4096,source_full,0.9490476936367077,0.942763152749713,0.9549058899739882,0.05231641555321762,0.04615341119942218,0.05895277698431343,0
cnn_dailymail,refit,50,2048,4096,multinomial_jackknife,0.9714126193920681,0.9643588709802223,0.9777067227265384,0.029029064713381732,0.02254841756645158,0.03631278371624772,0
cnn_dailymail,refit,50,2048,4096,source_jackknife,1.0089779600451403,1.0020073184417913,1.0154193201365889,0.009753866283766103,0.0050609499760200915,0.015300368168344992,0
cnn_dailymail,refit,50,4096,4096,multinomial,0.9584184722521452,0.9530531986356151,0.9637166311893948,0.04248331347318468,0.03697432717707423,0.04809584697658791,0
cnn_dailymail,refit,50,4096,4096,source_same_lag,0.9714087152384153,0.9649466712655865,0.97775199635947,0.02903139876893314,0.022514897959616715,0.03570320813910675,0
cnn_dailymail,refit,50,4096,4096,source_full,0.9802801915667019,0.9735692197115638,0.9867129986796831,0.01994123777109896,0.013401551411192642,0.026799489358639652,0
cnn_dailymail,refit,50,4096,4096,multinomial_jackknife,0.9616602929439276,0.9562846598881954,0.9669484622316107,0.039106552962078996,0.033617452656557884,0.04470293121796726,0
cnn_dailymail,refit,50,4096,4096,source_jackknife,1.013133591882488,1.0061541849593765,1.0197873609709982,0.013023059361141493,0.0070323306178352385,0.019579623751930605,0
cnn_dailymail,refit,50,8192,4096,multinomial,0.9550158615438807,0.9509909350864119,0.9591139196280147,0.04602957193321231,0.04174764246737314,0.050251277798883644,0
cnn_dailymail,refit,50,8192,4096,source_same_lag,0.9873225950494152,0.9828856902837326,0.9919759726059795,0.012763638216295272,0.008061143669577196,0.017263509943225976,0
cnn_dailymail,refit,50,8192,4096,source_full,0.9963570589704691,0.9918905552129741,1.0010100868789775,0.004535176203510968,0.0019545559661138796,0.008143331858886235,0
cnn_dailymail,refit,50,8192,4096,multinomial_jackknife,0.9518846634641626,0.9479179646273569,0.9559371054709003,0.049313293157466374,0.045063337191783986,0.053489030913718164,0
cnn_dailymail,refit,50,8192,4096,source_jackknife,1.0135385752241906,1.0090302486656546,1.0182190315038906,0.01344319102330621,0.008988973929289965,0.018050656453158172,0
