corpus,arm,alpha,method,regime,mean_bank_abs_log_error,low,high,cells,nonpositive_bank_cells
tinystories,fixed,0.5,multinomial,full,0.22704035493149555,0.21605141990534468,0.23768953064240492,16,0
tinystories,fixed,0.5,multinomial,m>n,0.09936599760771757,0.09341843067974188,0.10478520892622327,10,0
tinystories,fixed,0.5,source_same_lag,full,0.39303027952532466,0.38329271706124085,0.40189891391157995,16,0
tinystories,fixed,0.5,source_same_lag,m>n,0.17696618333761424,0.17134379694510618,0.18175557072291457,10,0
tinystories,fixed,0.5,source_full,full,0.3849288050687829,0.3754699011121857,0.3935252861405754,16,0
tinystories,fixed,0.5,source_full,m>n,0.17191928599244197,0.16653055475141051,0.17652140935628893,10,0
tinystories,fixed,0.5,multinomial_jackknife,full,0.14308258332292548,0.1332069724012619,0.15370497688147558,16,0
tinystories,fixed,0.5,multinomial_jackknife,m>n,0.0842448798361737,0.07833979331201282,0.09089691920757836,10,0
tinystories,fixed,0.5,source_jackknife,full,0.27228004775735803,0.2641210559258272,0.2803328768320407,16,0
tinystories,fixed,0.5,source_jackknife,m>n,0.15046274351561534,0.14575030482404303,0.15536952833109696,10,0
tinystories,fixed,0.5,multinomial,m=n,0.3064045249508802,0.28999014891609853,0.322098506418424,3,0
tinystories,fixed,0.5,source_same_lag,m=n,0.550376025564905,0.5364040713668027,0.5630200612736258,3,0
tinystories,fixed,0.5,source_full,m=n,0.5376960134863746,0.5240588011086266,0.5502279493302439,3,0
tinystories,fixed,0.5,multinomial_jackknife,m=n,0.13255092295034895,0.11064210573913058,0.15398784539572008,3,0
tinystories,fixed,0.5,source_jackknife,m=n,0.2831797488379975,0.2666975453201038,0.2978882999637876,3,0
tinystories,fixed,0.5,multinomial,m<n,0.5732573759913707,0.5486790316215808,0.6001952119408799,3,0
tinystories,fixed,0.5,source_same_lag,m<n,0.9558981874447788,0.9345779487928529,0.9773015407816231,3,0
tinystories,fixed,0.5,source_full,m<n,0.9421933269056609,0.9210871703844388,0.963206528633721,3,0
tinystories,fixed,0.5,multinomial_jackknife,m<n,0.3497399219846746,0.32189430518479034,0.3803563410613696,3,0
tinystories,fixed,0.5,source_jackknife,m<n,0.6674380274825276,0.6433531944624409,0.6926102379602856,3,0
tinystories,fixed,1,multinomial,full,0.1632844113526558,0.15343622582013897,0.17310153097331835,16,0
tinystories,fixed,1,multinomial,m>n,0.07385559347813136,0.068389948278274,0.07931277329479461,10,0
tinystories,fixed,1,source_same_lag,full,0.31284434879955286,0.30457170693088853,0.32060733389882623,16,0
tinystories,fixed,1,source_same_lag,m>n,0.12937817876770338,0.12441365825160451,0.13373591374459756,10,0
tinystories,fixed,1,source_full,full,0.30451587988867024,0.2967383956518059,0.31169341557144503,16,0
tinystories,fixed,1,source_full,m>n,0.12436183653591852,0.12011399896275826,0.12826457216228104,10,0
tinystories,fixed,1,multinomial_jackknife,full,0.08717337379539494,0.0767516200613989,0.09790406943918152,16,0
tinystories,fixed,1,multinomial_jackknife,m>n,0.0452207861491845,0.040222152686809065,0.050437646048910274,10,0
tinystories,fixed,1,source_jackknife,full,0.20637649260209434,0.20105823509375917,0.2120953537641045,16,0
tinystories,fixed,1,source_jackknife,m>n,0.11869976055486757,0.11147054036977355,0.12697973831086737,10,0
tinystories,fixed,1,bootstrap,full,0.2163155323733135,0.20754856862594603,0.22564512732628128,16,0
tinystories,fixed,1,bootstrap,m>n,0.07964693893033273,0.07298358786827179,0.08691385806149617,10,0
tinystories,fixed,1,bootstrap_jackknife,full,0.07742669972490378,0.07113933026797893,0.08674941351752821,16,0
tinystories,fixed,1,bootstrap_jackknife,m>n,0.012091570147915193,0.009538152020102627,0.01607384049011944,10,0
tinystories,fixed,1,multinomial,m=n,0.218770664072231,0.20470644978165323,0.23222145164021174,3,0
tinystories,fixed,1,source_same_lag,m=n,0.4289690334228112,0.4168815994440283,0.43996184161251817,3,0
tinystories,fixed,1,source_full,m=n,0.41543411485046194,0.40379022034011675,0.4258147488298658,3,0
tinystories,fixed,1,multinomial_jackknife,m=n,0.09456844287149983,0.07552651089144914,0.113043901583601,3,0
tinystories,fixed,1,source_jackknife,m=n,0.1798386639793179,0.16567652098944524,0.19251039940280434,3,0
tinystories,fixed,1,bootstrap,m=n,0.2584789210320671,0.24696716526120568,0.26947322132919344,3,0
tinystories,fixed,1,bootstrap_jackknife,m=n,0.04755862424688432,0.03459953926182463,0.061066724884271076,3,0
tinystories,fixed,1,multinomial,m<n,0.40589421821482863,0.38296905387885305,0.43222342860378987,3,0
tinystories,fixed,1,source_same_lag,m<n,0.8082735642824593,0.7904182910666093,0.826891103212337,3,0
tinystories,fixed,1,source_full,m<n,0.7941111227693843,0.7764085679844177,0.8121960502375598,3,0
tinystories,fixed,1,multinomial_jackknife,m<n,0.2196202635399915,0.19263811541908682,0.24961799392027806,3,0
tinystories,fixed,1,source_jackknife,m<n,0.5251700947156268,0.504999315276565,0.5472868638311712,3,0
tinystories,fixed,1,bootstrap,m<n,0.6297141218578294,0.6102931990321949,0.651368164377008,3,0
tinystories,fixed,1,bootstrap_jackknife,m<n,0.3250785404595518,0.3019998018371663,0.35419246801128984,3,0
tinystories,fixed,2,multinomial,full,0.13407440361180606,0.1254654982499509,0.14291201060490802,16,0
tinystories,fixed,2,multinomial,m>n,0.08054228408221699,0.07336094838570364,0.0877686068861349,10,0
tinystories,fixed,2,source_same_lag,full,0.23365204705132558,0.22695612682812255,0.24054538676442927,16,0
tinystories,fixed,2,source_same_lag,m>n,0.08925332556172608,0.08575446897424346,0.09283515723438834,10,0
tinystories,fixed,2,source_full,full,0.22685782171897176,0.22126173732811508,0.2326275904292556,16,0
tinystories,fixed,2,source_full,m>n,0.08736787888360675,0.08467111035894978,0.09018589093014998,10,0
tinystories,fixed,2,multinomial_jackknife,full,0.06974816577793153,0.06086929449848227,0.07895119087140104,16,0
tinystories,fixed,2,multinomial_jackknife,m>n,0.04337719196557756,0.03710978766371132,0.050236424170525235,10,0
tinystories,fixed,2,source_jackknife,full,0.15193258917135263,0.14803193770784337,0.1559750323684578,16,0
tinystories,fixed,2,source_jackknife,m>n,0.10392427348587494,0.094346005958563,0.11360753873671223,10,0
tinystories,fixed,2,multinomial,m=n,0.16580675456036542,0.15481321723880279,0.17604705526300307,3,0
tinystories,fixed,2,source_same_lag,m=n,0.3122282722618821,0.3017419996768584,0.3223508235564666,3,0
tinystories,fixed,2,source_full,m=n,0.29724185142363274,0.2871292673692515,0.30693343147993957,3,0
tinystories,fixed,2,multinomial_jackknife,m=n,0.08731915269160077,0.07348634808592368,0.09949144195742052,3,0
tinystories,fixed,2,source_jackknife,m=n,0.09593742067988044,0.0840411946983289,0.10745993856082334,3,0
tinystories,fixed,2,multinomial,m<n,0.28078245109521033,0.26067029662365865,0.3038149340025705,3,0
tinystories,fixed,2,source_same_lag,m<n,0.6364048934727675,0.6214277599435583,0.6528849259366554,3,0
tinystories,fixed,2,source_full,m<n,0.6214402681321941,0.6066041940506767,0.6375371838253833,3,0
tinystories,fixed,2,multinomial_jackknife,m<n,0.14008042490544212,0.11633179792709632,0.16575049333358294,3,0
tinystories,fixed,2,source_jackknife,m<n,0.3679554766144171,0.35088862587849534,0.38787807358062926,3,0
tinystories,fixed,5,multinomial,full,0.13166145471041915,0.12392795718997998,0.1393187235851467,16,0
tinystories,fixed,5,multinomial,m>n,0.11357207301534367,0.10598931054636035,0.12100531547731272,10,0
tinystories,fixed,5,source_same_lag,full,0.14780430486668472,0.1425159469282544,0.15364866914933425,16,0
tinystories,fixed,5,source_same_lag,m>n,0.05182685275213165,0.04940164448140574,0.054705708420437774,10,0
tinystories,fixed,5,source_full,full,0.14295363387966262,0.1386905944914744,0.14719030054614785,16,0
tinystories,fixed,5,source_full,m>n,0.054696765963455476,0.05172856693933218,0.05774617227850317,10,0
tinystories,fixed,5,multinomial_jackknife,full,0.10221390625037202,0.09467497749954062,0.10971780070584593,16,0
tinystories,fixed,5,multinomial_jackknife,m>n,0.1023656497231042,0.09478191290882415,0.1098537292285137,10,0
tinystories,fixed,5,source_jackknife,full,0.09428561108754244,0.08993488160510546,0.09894516788889061,16,0
tinystories,fixed,5,source_jackknife,m>n,0.08437519469982552,0.07346068428496477,0.0943451699802237,10,0
tinystories,fixed,5,bootstrap,full,0.12257853459766195,0.11460205191570219,0.13136381643489997,16,0
tinystories,fixed,5,bootstrap,m>n,0.043828619200045243,0.03670852770025194,0.05145397619049884,10,0
tinystories,fixed,5,bootstrap_jackknife,full,0.04012926442278834,0.03532821116295347,0.046606655074370854,16,0
tinystories,fixed,5,bootstrap_jackknife,m>n,0.01279631560344557,0.009378722429741103,0.017345794599935793,10,0
tinystories,fixed,5,multinomial,m=n,0.13673331729060814,0.12845022348088247,0.14557958665521342,3,0
tinystories,fixed,5,source_same_lag,m=n,0.19187935285739235,0.1827122840103047,0.2010198412404158,3,0
tinystories,fixed,5,source_full,m=n,0.17360291263028693,0.16458739199839875,0.18256569274929754,3,0
tinystories,fixed,5,multinomial_jackknife,m=n,0.10001247020824072,0.09169111484927711,0.10825139384603559,3,0
tinystories,fixed,5,source_jackknife,m=n,0.02553953179794749,0.016135138096303257,0.03575249421087446,3,0
tinystories,fixed,5,bootstrap,m=n,0.150191871516397,0.14205972992572072,0.15877980659487612,3,0
tinystories,fixed,5,bootstrap_jackknife,m=n,0.026348123522396655,0.018806489712527664,0.035506682908914365,3,0
tinystories,fixed,5,multinomial,m<n,0.1868875311138151,0.17244141925638803,0.20226943577282847,3,0
tinystories,fixed,5,source_same_lag,m<n,0.42365409725782066,0.4106462258993803,0.4380276189504543,3,0
tinystories,fixed,5,source_full,m<n,0.4064939148497288,0.3935744709015002,0.4204332568288374,3,0
tinystories,fixed,5,multinomial_jackknife,m<n,0.10390953071672944,0.08821064712322155,0.11944250236833107,3,0
tinystories,fixed,5,source_jackknife,m<n,0.1960664116695272,0.18125409815428145,0.21271504893060905,3,0
tinystories,fixed,5,bootstrap,m<n,0.3574649156709826,0.3426453164110626,0.37321203707526523,3,0
tinystories,fixed,5,bootstrap_jackknife,m<n,0.1450202347209892,0.1269471409873005,0.16524899047616276,3,0
tinystories,fixed,10,multinomial,full,0.14241473785015588,0.1347445974618182,0.14998444891942755,16,0
tinystories,fixed,10,multinomial,m>n,0.1423863156467241,0.13430349356562707,0.15054994466855454,10,0
tinystories,fixed,10,source_same_lag,full,0.10089474679884294,0.09602229367887952,0.10682237347099029,16,0
tinystories,fixed,10,source_same_lag,m>n,0.03350262436185249,0.030967382518484698,0.03690524852259863,10,0
tinystories,fixed,10,source_full,full,0.09496349648942387,0.09124071912299257,0.09881592883929166,16,0
tinystories,fixed,10,source_full,m>n,0.036732412506218656,0.033447852070974664,0.040150922182639597,10,0
tinystories,fixed,10,multinomial_jackknife,full,0.13104147109463118,0.12328325258577161,0.13857637769561246,16,0
tinystories,fixed,10,multinomial_jackknife,m>n,0.14405014800557453,0.13602704155857412,0.15225520997463443,10,0
tinystories,fixed,10,source_jackknife,full,0.0631196443535501,0.05701243860732758,0.06988798770695924,16,0
tinystories,fixed,10,source_jackknife,m>n,0.06544710360847318,0.05344361363104313,0.07682432941700357,10,0
tinystories,fixed,10,multinomial,m=n,0.13335393323417255,0.12527227672119418,0.14133817548221045,3,0
tinystories,fixed,10,source_same_lag,m=n,0.1293310764063563,0.12054021257681646,0.1385059898464629,3,0
tinystories,fixed,10,source_full,m=n,0.10705151244493773,0.09844930559259879,0.11594534990293666,3,0
tinystories,fixed,10,multinomial_jackknife,m=n,0.11742491815043382,0.10922585814263269,0.12536211607033682,3,0
tinystories,fixed,10,source_jackknife,m=n,0.010007664074149885,0.007213751415976939,0.014528059440145732,3,0
tinystories,fixed,10,multinomial,m<n,0.15157028314424514,0.14089725559218758,0.16305236313975813,3,0
tinystories,fixed,10,source_same_lag,m<n,0.2970988253146311,0.28597089648026974,0.3091075349026836,3,0
tinystories,fixed,10,source_full,m<n,0.27697909381126073,0.26580792103885764,0.28883815789884837,3,0
tinystories,fixed,10,multinomial_jackknife,m<n,0.10129576766901739,0.09068554900310424,0.11236209277855932,3,0
tinystories,fixed,10,source_jackknife,m<n,0.10847342711654008,0.09576220535301984,0.12197459221161035,3,0
tinystories,fixed,20,multinomial,full,0.16034273269546584,0.1521502958545764,0.1682877241057882,16,0
tinystories,fixed,20,multinomial,m>n,0.1734815285171472,0.16397899106012598,0.18278392196540516,10,0
tinystories,fixed,20,source_same_lag,full,0.07105634205712481,0.06443776749848884,0.07986550469798404,16,0
tinystories,fixed,20,source_same_lag,m>n,0.025362519485159128,0.020172143884787948,0.03392876878321781,10,0
tinystories,fixed,20,source_full,full,0.06117335837269341,0.05782625485527942,0.06514503262365522,16,0
tinystories,fixed,20,source_full,m>n,0.025395093363890876,0.021408280695901036,0.03169619063491184,10,0
tinystories,fixed,20,multinomial_jackknife,full,0.16112049326248357,0.15289020494928676,0.16928826803301292,16,0
tinystories,fixed,20,multinomial_jackknife,m>n,0.1835237567922103,0.17396927613707325,0.1929207264900935,10,0
tinystories,fixed,20,source_jackknife,full,0.042652970823308184,0.03461104312105523,0.051644090758180355,16,0
tinystories,fixed,20,source_jackknife,m>n,0.04766092925580889,0.03467708572454999,0.060616711988517126,10,0
tinystories,fixed,20,bootstrap,full,0.05949553227527711,0.05214567622612135,0.0684930709703586,16,0
tinystories,fixed,20,bootstrap,m>n,0.019885563098182853,0.014333773479061675,0.027742107550566993,10,0
tinystories,fixed,20,bootstrap_jackknife,full,0.025690418748876672,0.02141026666808244,0.0315155499804435,16,0
tinystories,fixed,20,bootstrap_jackknife,m>n,0.016872859678207227,0.012481085977573393,0.023764111021061678,10,0
tinystories,fixed,20,multinomial,m=n,0.14093646630687218,0.13287559648638347,0.14888130435913535,3,0
tinystories,fixed,20,source_same_lag,m=n,0.0901857194367412,0.07988259124968887,0.10076830644200904,3,0
tinystories,fixed,20,source_full,m=n,0.061962520620197296,0.05230085409328245,0.07215568674690565,3,0
tinystories,fixed,20,multinomial_jackknife,m=n,0.13923575137871583,0.13096505829740168,0.14774356949793455,3,0
tinystories,fixed,20,source_jackknife,m=n,0.016523470152838296,0.009215007479067032,0.02669262008330366,3,0
tinystories,fixed,20,bootstrap,m=n,0.07327107678862148,0.062095914923556615,0.08455951339838651,3,0
tinystories,fixed,20,bootstrap_jackknife,m=n,0.022935518946103666,0.017349482683616902,0.02979157873738264,3,0
tinystories,fixed,20,multinomial,m<n,0.1359530130117883,0.1270318121641394,0.14483618962676786,3,0
tinystories,fixed,20,source_same_lag,m<n,0.20423970658406074,0.19460794951216814,0.21445492881910905,3,0
tinystories,fixed,20,source_full,m<n,0.17964507948786457,0.17014818093169232,0.18958770586506818,3,0
tinystories,fixed,20,multinomial_jackknife,m<n,0.10832769004716218,0.0994023110422904,0.11699398674201171,3,0
tinystories,fixed,20,source_jackknife,m<n,0.052089276718775744,0.04177712510933046,0.06324140528437315,3,0
tinystories,fixed,20,bootstrap,m<n,0.17775321835224697,0.16490580198976793,0.19101885764909618,3,0
tinystories,fixed,20,bootstrap_jackknife,m<n,0.057837182120547836,0.04325465675316812,0.07416375462564773,3,0
tinystories,fixed,50,multinomial,full,0.19308337046372867,0.18299923146342728,0.2024579832364439,16,0
tinystories,fixed,50,multinomial,m>n,0.21673538949409177,0.20495593776195375,0.22789550730703015,10,0
tinystories,fixed,50,source_same_lag,full,0.05823667008215029,0.04600786023151386,0.0705327151972605,16,0
tinystories,fixed,50,source_same_lag,m>n,0.03381296364791532,0.020817641035233148,0.047044254617832904,10,0
tinystories,fixed,50,source_full,full,0.036128177692721544,0.03183226228756988,0.04185656590847755,16,0
tinystories,fixed,50,source_full,m>n,0.02036429739385173,0.013842320924460073,0.031186711678355895,10,0
tinystories,fixed,50,multinomial_jackknife,full,0.2033467758376782,0.19322774092751932,0.21286603139113136,16,0
tinystories,fixed,50,multinomial_jackknife,m>n,0.23285917344756432,0.2210394995878738,0.24403048128576316,10,0
tinystories,fixed,50,source_jackknife,full,0.027150561425973163,0.019332667281431487,0.03747284240837806,16,0
tinystories,fixed,50,source_jackknife,m>n,0.03188863838886228,0.019414943685489842,0.046213627153497805,10,0
tinystories,fixed,50,multinomial,m=n,0.16577913511999146,0.15570123979207984,0.17575379160854523,3,0
tinystories,fixed,50,source_same_lag,m=n,0.06794404737338793,0.05438725727273261,0.08148961476771371,3,0
tinystories,fixed,50,source_full,m=n,0.028614028550506085,0.016816702576823255,0.04165447013732099,3,0
tinystories,fixed,50,multinomial_jackknife,m=n,0.1751695474831565,0.16489781096686792,0.18531811571661133,3,0
tinystories,fixed,50,source_jackknife,m=n,0.01693424063257409,0.009733212150334864,0.02867367912062309,3,0
tinystories,fixed,50,multinomial,m<n,0.14154754237292214,0.13228332176818736,0.15039457445183319,3,0
tinystories,fixed,50,source_same_lag,m<n,0.1299416475716959,0.11804036411319059,0.14178638314568323,3,0
tinystories,fixed,50,source_full,m<n,0.09618859449783641,0.08478643180521589,0.1076354622324456,3,0
tinystories,fixed,50,multinomial_jackknife,m<n,0.1331493454925798,0.12374575110804668,0.14225778706849723,3,0
tinystories,fixed,50,source_jackknife,m<n,0.021573292343075187,0.016317792569869424,0.030126976620667364,3,0
tinystories,refit,0.5,multinomial,full,0.22906464999786363,0.21819216772141417,0.2396335497929215,16,0
tinystories,refit,0.5,multinomial,m>n,0.10032254989059834,0.09447302961835853,0.10584854671739152,10,0
tinystories,refit,0.5,source_same_lag,full,0.3955337425985796,0.3857445743161642,0.404470739044047,16,0
tinystories,refit,0.5,source_same_lag,m>n,0.17827882330212652,0.17257341559624992,0.18322464163988572,10,0
tinystories,refit,0.5,source_full,full,0.3874532766419263,0.3779856321759163,0.3961302574137529,16,0
tinystories,refit,0.5,source_full,m>n,0.17324246068938287,0.16772546742583144,0.17795991374896095,10,0
tinystories,refit,0.5,multinomial_jackknife,full,0.14353071335106524,0.13337791835564508,0.15409980181605873,16,0
tinystories,refit,0.5,multinomial_jackknife,m>n,0.08256670311250473,0.07670961070715955,0.08908015951507171,10,0
tinystories,refit,0.5,source_jackknife,full,0.2746311797298535,0.26656020311595896,0.2826183245002439,16,0
tinystories,refit,0.5,source_jackknife,m>n,0.15164988344278707,0.14695654717317458,0.15659126039397847,10,0
tinystories,refit,0.5,multinomial,m=n,0.31009065898470567,0.293851341380146,0.3253819155867302,3,0
tinystories,refit,0.5,source_same_lag,m=n,0.5539767156949292,0.5399280179888808,0.5666390446469828,3,0
tinystories,refit,0.5,source_full,m=n,0.5413289162606012,0.5276406436386832,0.5537903522360724,3,0
tinystories,refit,0.5,multinomial_jackknife,m=n,0.13659395024582732,0.11534680395207732,0.15736919057100104,3,0
tinystories,refit,0.5,source_jackknife,m=n,0.286427051692401,0.270040144839225,0.3008669466120546,3,0
tinystories,refit,0.5,multinomial,m<n,0.5771789747019059,0.5526383718997991,0.6042117774504904,3,0
tinystories,refit,0.5,source_same_lag,m<n,0.96127383382374,0.9398482717768759,0.9829079890406875,3,0
tinystories,refit,0.5,source_full,m<n,0.9476136901983958,0.9263988656775974,0.9687812647208528,3,0
tinystories,refit,0.5,multinomial_jackknife,m<n,0.35368084391817156,0.3263090835972342,0.3841177268055777,3,0
tinystories,refit,0.5,source_jackknife,m<n,0.6727729620575277,0.648650285915612,0.6977428368152211,3,0
tinystories,refit,1,multinomial,full,0.16496307136567354,0.15513084000076577,0.1748957318372611,16,0
tinystories,refit,1,multinomial,m>n,0.07528805660918354,0.06970566810514879,0.08101243271992546,10,0
tinystories,refit,1,source_same_lag,full,0.31436585016684643,0.3060330306816265,0.3222727282681738,16,0
tinystories,refit,1,source_same_lag,m>n,0.1301267529469924,0.1250410095382132,0.1346216008723286,10,0
tinystories,refit,1,source_full,full,0.3060831593330414,0.2982801523939123,0.3134221051252575,16,0
tinystories,refit,1,source_full,m>n,0.12517324218190992,0.12081652172720905,0.1291382692710625,10,0
tinystories,refit,1,multinomial_jackknife,full,0.08767581159623906,0.07727131323680292,0.09847440283323708,16,0
tinystories,refit,1,multinomial_jackknife,m>n,0.04462012401242542,0.03960124890317941,0.049781221190472305,10,0
tinystories,refit,1,source_jackknife,full,0.20782439583127277,0.20242392094754033,0.21352975671245963,16,0
tinystories,refit,1,source_jackknife,m>n,0.11947720879705603,0.11206603614824702,0.12798915581729553,10,0
tinystories,refit,1,bootstrap,full,0.21693923417154093,0.2079487921912773,0.22650251028161753,16,0
tinystories,refit,1,bootstrap,m>n,0.07966296574089982,0.07285756049398436,0.08718051351536145,10,0
tinystories,refit,1,bootstrap_jackknife,full,0.07797975419248293,0.07156434652168873,0.08763765404721707,16,0
tinystories,refit,1,bootstrap_jackknife,m>n,0.01226860142180791,0.00962656457641472,0.01628636183458941,10,0
tinystories,refit,1,multinomial,m=n,0.22098004088090106,0.2069644073283503,0.23425595680386666,3,0
tinystories,refit,1,source_same_lag,m=n,0.4311100549787708,0.41887704582165486,0.4422963130743604,3,0
tinystories,refit,1,source_full,m=n,0.4175885789243792,0.4057968073246941,0.4281792744363433,3,0
tinystories,refit,1,multinomial_jackknife,m=n,0.09720543686653493,0.07863643310686959,0.11526010117663746,3,0
tinystories,refit,1,source_jackknife,m=n,0.1816082934580184,0.16735627214059262,0.1944397443984699,3,0
tinystories,refit,1,bootstrap,m=n,0.25924744414375084,0.24759261263296262,0.2705411451181233,3,0
tinystories,refit,1,bootstrap_jackknife,m=n,0.047845472415926016,0.0349869380857282,0.061387074187275945,3,0
tinystories,refit,1,multinomial,m<n,0.4078628177054127,0.38506113708848794,0.4341111154131594,3,0
tinystories,refit,1,source_same_lag,m<n,0.8117519694211022,0.7934922129080385,0.830671055382228,3,0
tinystories,refit,1,source_full,m<n,0.7976107969121418,0.7797550318453401,0.8159107117642627,3,0
tinystories,refit,1,multinomial_jackknife,m<n,0.22166514493865538,0.19501784609081702,0.251430677425308,3,0
tinystories,refit,1,source_jackknife,m<n,0.5285311216519163,0.5083755716965414,0.550852645993206,3,0
tinystories,refit,1,bootstrap,m<n,0.6322185856348014,0.6125443277255158,0.6544106566263991,3,0
tinystories,refit,1,bootstrap_jackknife,m<n,0.32715121187129,0.3035560021891059,0.35673084811648237,3,0
tinystories,refit,2,multinomial,full,0.13551881345872782,0.12688667946779092,0.14452090226125944,16,0
tinystories,refit,2,multinomial,m>n,0.08226700877880454,0.07497764756955362,0.08956882599116656,10,0
tinystories,refit,2,source_same_lag,full,0.23436734056160552,0.2276200029806464,0.24134947986053557,16,0
tinystories,refit,2,source_same_lag,m>n,0.08960737505762925,0.08607531869649616,0.09326226966200855,10,0
tinystories,refit,2,source_full,full,0.2275852750712806,0.22191764633052533,0.23339741299910216,16,0
tinystories,refit,2,source_full,m>n,0.08773949048928678,0.08504997663388707,0.09055738712370293,10,0
tinystories,refit,2,multinomial_jackknife,full,0.07140626919988709,0.06262839018692126,0.08074651747857949,16,0
tinystories,refit,2,multinomial_jackknife,m>n,0.0453095051573608,0.038830829912727,0.05243656808569411,10,0
tinystories,refit,2,source_jackknife,full,0.15261165776284663,0.14867751216613334,0.15669887134677138,16,0
tinystories,refit,2,source_jackknife,m>n,0.1043390634697868,0.09457352229200953,0.11425084779906333,10,0
tinystories,refit,2,multinomial,m=n,0.16695530112675727,0.15595674069858015,0.1772070830552309,3,0
tinystories,refit,2,source_same_lag,m=n,0.3131765232049535,0.3025471909999543,0.3234437072830258,3,0
tinystories,refit,2,source_full,m=n,0.2981911196582219,0.2879490231376379,0.3080128078576156,3,0
tinystories,refit,2,multinomial_jackknife,m=n,0.08880730574748551,0.07512414493866278,0.1009019214876089,3,0
tinystories,refit,2,source_jackknife,m=n,0.09661750279982646,0.08455600714381412,0.10838952393048727,3,0
tinystories,refit,2,multinomial,m<n,0.2815883413904428,0.2615218533365086,0.3046048778922571,3,0
tinystories,refit,2,source_same_lag,m<n,0.6380913762648451,0.6228455074916678,0.6547699087202701,3,0
tinystories,refit,2,source_full,m<n,0.623132045757652,0.6081186559348464,0.6393396658621388,3,0
tinystories,refit,2,multinomial_jackknife,m<n,0.14099444612737624,0.11739568752796793,0.1667423199132491,3,0
tinystories,refit,2,source_jackknife,m<n,0.3695144603693996,0.3523961784088156,0.3896678712028606,3,0
tinystories,refit,5,multinomial,full,0.13166145471041918,0.12392795718997998,0.1393187235851467,16,0
tinystories,refit,5,multinomial,m>n,0.1135720730153437,0.1059893105463604,0.12100531547731264,10,0
tinystories,refit,5,source_same_lag,full,0.14780430486668475,0.1425159469282544,0.1536486691493342,16,0
tinystories,refit,5,source_same_lag,m>n,0.05182685275213168,0.04940164448140579,0.05470570842043778,10,0
tinystories,refit,5,source_full,full,0.1429536338796627,0.13869059449147444,0.14719030054614787,16,0
tinystories,refit,5,source_full,m>n,0.05469676596345552,0.05172856693933216,0.05774617227850321,10,0
tinystories,refit,5,multinomial_jackknife,full,0.10221390625037208,0.0946749774995406,0.10971780070584579,16,0
tinystories,refit,5,multinomial_jackknife,m>n,0.1023656497231042,0.0947819129088241,0.1098537292285137,10,0
tinystories,refit,5,source_jackknife,full,0.09428561108754252,0.08993488160510547,0.09894516788889068,16,0
tinystories,refit,5,source_jackknife,m>n,0.08437519469982557,0.07346068428496486,0.09434516998022381,10,0
tinystories,refit,5,bootstrap,full,0.12257853459766221,0.11460205191570229,0.13136381643490022,16,0
tinystories,refit,5,bootstrap,m>n,0.04382861920004519,0.036708527700252146,0.05145397619049866,10,0
tinystories,refit,5,bootstrap_jackknife,full,0.040129264422788725,0.03532821116295338,0.04660665507437211,16,0
tinystories,refit,5,bootstrap_jackknife,m>n,0.012796315603445269,0.009378722429740692,0.017345794599935817,10,0
tinystories,refit,5,multinomial,m=n,0.13673331729060814,0.12845022348088236,0.14557958665521328,3,0
tinystories,refit,5,source_same_lag,m=n,0.19187935285739244,0.18271228401030473,0.20101984124041575,3,0
tinystories,refit,5,source_full,m=n,0.17360291263028702,0.16458739199839878,0.18256569274929757,3,0
tinystories,refit,5,multinomial_jackknife,m=n,0.10001247020824074,0.09169111484927697,0.10825139384603545,3,0
tinystories,refit,5,source_jackknife,m=n,0.02553953179794759,0.01613513809630329,0.035752494210874536,3,0
tinystories,refit,5,bootstrap,m=n,0.15019187151639746,0.14205972992572125,0.1587798065948766,3,0
tinystories,refit,5,bootstrap_jackknife,m=n,0.026348123522397047,0.018806489712528008,0.03550668290891477,3,0
tinystories,refit,5,multinomial,m<n,0.1868875311138152,0.17244141925638815,0.2022694357728284,3,0
tinystories,refit,5,source_same_lag,m<n,0.4236540972578206,0.4106462258993803,0.4380276189504544,3,0
tinystories,refit,5,source_full,m<n,0.40649391484972885,0.3935744709015003,0.4204332568288375,3,0
tinystories,refit,5,multinomial_jackknife,m<n,0.10390953071672958,0.08821064712322153,0.11944250236833114,3,0
tinystories,refit,5,source_jackknife,m<n,0.19606641166952724,0.18125409815428137,0.2127150489306091,3,0
tinystories,refit,5,bootstrap,m<n,0.3574649156709839,0.3426453164110639,0.37321203707526673,3,0
tinystories,refit,5,bootstrap_jackknife,m<n,0.14502023472099188,0.12694714098730114,0.16524899047616734,3,0
tinystories,refit,10,multinomial,full,0.14134343215512168,0.13370055644812545,0.14886669152580667,16,0
tinystories,refit,10,multinomial,m>n,0.14104396584760603,0.13304328225663778,0.1491731503928813,10,0
tinystories,refit,10,source_same_lag,full,0.10066683959786753,0.09585301497019803,0.10654516656974342,16,0
tinystories,refit,10,source_same_lag,m>n,0.03341630904169658,0.030902450168198762,0.03679019735128108,10,0
tinystories,refit,10,source_full,full,0.09469950195180428,0.09101301026758638,0.09852107071073994,16,0
tinystories,refit,10,source_full,m>n,0.03659472184749094,0.033305903149639084,0.04000141494188834,10,0
tinystories,refit,10,multinomial_jackknife,full,0.1297029462689671,0.1219812272430783,0.13720670912653682,16,0
tinystories,refit,10,multinomial_jackknife,m>n,0.1424179125666009,0.1344414275574738,0.15052973556504046,10,0
tinystories,refit,10,source_jackknife,full,0.06283392632246115,0.056754707636821305,0.06959983699603915,16,0
tinystories,refit,10,source_jackknife,m>n,0.06519511369104738,0.053273093033170044,0.07648260828612675,10,0
tinystories,refit,10,multinomial,m=n,0.13254766789016684,0.12447429114469949,0.140548182893353,3,0
tinystories,refit,10,source_same_lag,m=n,0.12907965405333874,0.1203419241082678,0.13817699152383955,3,0
tinystories,refit,10,source_full,m=n,0.10678746707001086,0.09831998974776247,0.11554068486715885,3,0
tinystories,refit,10,multinomial_jackknife,m=n,0.11632975451145094,0.10814363190412957,0.12419936332968849,3,0
tinystories,refit,10,source_jackknife,m=n,0.009827934432171406,0.007096753801550951,0.01433313201266156,3,0
tinystories,refit,10,multinomial,m<n,0.1511374174451288,0.14043328134831112,0.16256158857445038,3,0
tinystories,refit,10,source_same_lag,m<n,0.29642246032963276,0.28533909694688825,0.3083302496780584,3,0
tinystories,refit,10,source_full,m<n,0.27629413718130885,0.2651696845308752,0.288114546814664,3,0
tinystories,refit,10,multinomial_jackknife,m<n,0.10069291703437054,0.09017831290699643,0.11174435090242388,3,0
tinystories,refit,10,source_jackknife,m<n,0.10796929365079676,0.09540459784507203,0.12121834694906174,3,0
tinystories,refit,20,multinomial,full,0.15829377483076992,0.15015813786229842,0.16616950907821645,16,0
tinystories,refit,20,multinomial,m>n,0.170927679727369,0.16159990843446334,0.18006332252888038,10,0
tinystories,refit,20,source_same_lag,full,0.07092138460233292,0.06434061576970587,0.07961978512823274,16,0
tinystories,refit,20,source_same_lag,m>n,0.02545978155378794,0.02020934813916602,0.03401067172000549,10,0
tinystories,refit,20,source_full,full,0.06080116371272052,0.05753334328865755,0.0646963096351189,16,0
tinystories,refit,20,source_full,m>n,0.025159712799439415,0.021239199412735527,0.03135621377673262,10,0
tinystories,refit,20,multinomial_jackknife,full,0.15856843411225788,0.1504260477486492,0.16665861840880328,16,0
tinystories,refit,20,multinomial_jackknife,m>n,0.1804272844215468,0.17103065753815777,0.18973713825798516,10,0
tinystories,refit,20,source_jackknife,full,0.04226323340138881,0.03427483179828698,0.051149309968194306,16,0
tinystories,refit,20,source_jackknife,m>n,0.04727359576062975,0.03446991894138344,0.06015625785308974,10,0
tinystories,refit,20,bootstrap,full,0.05925239875352104,0.05201234522829946,0.0680686375264679,16,0
tinystories,refit,20,bootstrap,m>n,0.01980923981585395,0.014279353791016284,0.027568676006468815,10,0
tinystories,refit,20,bootstrap_jackknife,full,0.025427320954112306,0.021200251249819894,0.03112391734061911,16,0
tinystories,refit,20,bootstrap_jackknife,m>n,0.016666654094104057,0.012359157733332448,0.023349377427939775,10,0
tinystories,refit,20,multinomial,m=n,0.1393726283110767,0.13134019929705076,0.1472375879294254,3,0
tinystories,refit,20,source_same_lag,m=n,0.08999243076038486,0.0799650105013803,0.10038945919801978,3,0
tinystories,refit,20,source_full,m=n,0.061681588433460825,0.05219722941289651,0.07168381674909105,3,0
tinystories,refit,20,multinomial_jackknife,m=n,0.13713752417114675,0.12891405584563212,0.14558356212303583,3,0
tinystories,refit,20,source_jackknife,m=n,0.016271201625022408,0.009060077598722174,0.026299197322701775,3,0
tinystories,refit,20,bootstrap,m=n,0.07303945042120764,0.06199482979331829,0.08419036301227173,3,0
tinystories,refit,20,bootstrap_jackknife,m=n,0.022842151274978725,0.017330010320440025,0.029477165280364905,3,0
tinystories,refit,20,multinomial,m<n,0.1351019050284662,0.12619959687067134,0.14392086074666494,3,0
tinystories,refit,20,source_same_lag,m<n,0.20338901527276432,0.19397893475443015,0.21332727867206733,3,0
tinystories,refit,20,source_full,m<n,0.17872557536958392,0.16938716912699817,0.18842333024490218,3,0
tinystories,refit,20,multinomial_jackknife,m<n,0.10713650968907262,0.09826592780383123,0.115794484904159,3,0
tinystories,refit,20,source_jackknife,m<n,0.05155405731361871,0.041429109087592376,0.062410792056067414,3,0
tinystories,refit,20,bootstrap,m<n,0.17694254354472475,0.16442130145883202,0.18992345629687568,3,0
tinystories,refit,20,bootstrap_jackknife,m<n,0.05721471349994006,0.043005881689342655,0.07324813902662743,3,0
tinystories,refit,50,multinomial,full,0.1900068303250591,0.18007280892299815,0.1993703571105618,16,0
tinystories,refit,50,multinomial,m>n,0.2129758069848183,0.20140004059070685,0.22388329554897785,10,0
tinystories,refit,50,source_same_lag,full,0.05871666056484093,0.04653140918098506,0.07075984988404942,16,0
tinystories,refit,50,source_same_lag,m>n,0.034674872799223114,0.02163725179272053,0.04770454749019088,10,0
tinystories,refit,50,source_full,full,0.03569478222066039,0.031550406696217836,0.041236105517018076,16,0
tinystories,refit,50,source_full,m>n,0.019993369225014438,0.013634216529229306,0.030631793742528078,10,0
tinystories,refit,50,multinomial_jackknife,full,0.19953137113935937,0.189602526109508,0.20906239053450248,16,0
tinystories,refit,50,multinomial_jackknife,m>n,0.22830253999489675,0.21659934366091207,0.23927867664415417,10,0
tinystories,refit,50,source_jackknife,full,0.026678688627963965,0.018926661773600976,0.03692219637185361,16,0
tinystories,refit,50,source_jackknife,m>n,0.03140136091191437,0.019123708317534467,0.045664600535057165,10,0
tinystories,refit,50,multinomial,m=n,0.1633611530652046,0.15341346790608246,0.1732537052964995,3,0
tinystories,refit,50,source_same_lag,m=n,0.06814753054295435,0.05480725055274562,0.08144478943241376,3,0
tinystories,refit,50,source_full,m=n,0.02841545371737147,0.016902868233604595,0.04124014007618145,3,0
tinystories,refit,50,multinomial_jackknife,m=n,0.17198813572666963,0.161759640812205,0.18201789834513074,3,0
tinystories,refit,50,source_jackknife,m=n,0.01661585046547137,0.009452838478673868,0.028258655275410247,3,0
tinystories,refit,50,multinomial,m<n,0.14008925205238273,0.1309483562875515,0.14877583748558118,3,0
tinystories,refit,50,source_same_lag,m<n,0.12942508313878695,0.11783560021971602,0.14103020651354875,3,0
tinystories,refit,50,source_full,m<n,0.09531215404276916,0.08415742696549655,0.1063804544738999,3,0
tinystories,refit,50,multinomial_jackknife,m<n,0.1311707103669244,0.12189126279031287,0.14026711170967632,3,0
tinystories,refit,50,source_jackknife,m<n,0.0209992858439552,0.016016250913409177,0.029285382579841795,3,0
wikitext,fixed,0.5,multinomial,full,0.33111813213318125,0.3259314365131565,0.33617987573251207,16,0
wikitext,fixed,0.5,multinomial,m>n,0.159613896164687,0.15703848832670972,0.16190258778665945,10,0
wikitext,fixed,0.5,source_same_lag,full,0.5630092912185418,0.5587269316204192,0.5675278816464355,16,0
wikitext,fixed,0.5,source_same_lag,m>n,0.24758471196810836,0.2447747684149308,0.25015551059665214,10,0
wikitext,fixed,0.5,source_full,full,0.5619327957678941,0.5577036134445236,0.5664930790103374,16,0
wikitext,fixed,0.5,source_full,m>n,0.2492658539907223,0.2465004571263644,0.2518289088325681,10,0
wikitext,fixed,0.5,multinomial_jackknife,full,0.2638372135123682,0.2588945094545169,0.2693027738905428,16,0
wikitext,fixed,0.5,multinomial_jackknife,m>n,0.23196475776325237,0.22288784644399146,0.24028886830124058,10,0
wikitext,fixed,0.5,source_jackknife,full,0.4432878175825703,0.437788333346722,0.44890212239273913,16,0
wikitext,fixed,0.5,source_jackknife,m>n,0.2862663114924714,0.2778061455862532,0.29460489516017935,10,0
wikitext,fixed,0.5,multinomial,m=n,0.3809947943528598,0.3696352152196817,0.39225714189994465,3,0
wikitext,fixed,0.5,source_same_lag,m=n,0.7393539225989572,0.7307588017347983,0.7478176034143372,3,0
wikitext,fixed,0.5,source_full,m=n,0.7335644013191381,0.7248369749096935,0.7423907792299103,3,0
wikitext,fixed,0.5,multinomial_jackknife,m=n,0.10919235152205024,0.0944235667163104,0.12356078916542353,3,0
wikitext,fixed,0.5,source_jackknife,m=n,0.3679055173996977,0.3584259463725751,0.3771341728566715,3,0
wikitext,fixed,0.5,multinomial,m<n,0.8529222564751503,0.8355037965195056,0.8690333632485175,3,0
wikitext,fixed,0.5,source_same_lag,m<n,1.4380799240062387,1.425982395158007,1.4509287570735898,3,0
wikitext,fixed,0.5,source_full,m<n,1.4325243294738892,1.4205522644849748,1.4455157789863353,3,0
wikitext,fixed,0.5,multinomial_jackknife,m<n,0.5247235946664056,0.5026300799447739,0.5450204541853043,3,0
wikitext,fixed,0.5,source_jackknife,m<n,1.0420751380657725,1.0294100823351349,1.0561349170273584,3,0
wikitext,fixed,1,multinomial,full,0.21682859593976414,0.2121650746774865,0.2212860007615822,16,0
wikitext,fixed,1,multinomial,m>n,0.09354018359092856,0.09125459653502559,0.0958248003559746,10,0
wikitext,fixed,1,source_same_lag,full,0.4351881524333559,0.4317362186916147,0.43881416869018086,16,0
wikitext,fixed,1,source_same_lag,m>n,0.17372815099712863,0.17076290182198786,0.17649240113427098,10,0
wikitext,fixed,1,source_full,full,0.4340749758545484,0.4306159122972052,0.4377925909234503,16,0
wikitext,fixed,1,source_full,m>n,0.1755611914038268,0.1726426088571605,0.17825238104485144,10,0
wikitext,fixed,1,multinomial_jackknife,full,0.15014140693424763,0.14613128939406902,0.1545717089639326,16,0
wikitext,fixed,1,multinomial_jackknife,m>n,0.13524795638717063,0.12770100904339216,0.14299504162122895,10,0
wikitext,fixed,1,source_jackknife,full,0.33436177925561367,0.32983314183462864,0.3388549381776419,16,0
wikitext,fixed,1,source_jackknife,m>n,0.23366754182567467,0.2247341447194946,0.24250887297778018,10,0
wikitext,fixed,1,bootstrap,full,0.34232282876415343,0.3349421544386052,0.34981641921792156,16,0
wikitext,fixed,1,bootstrap,m>n,0.13162497120973168,0.12517026095473954,0.13857491585815426,10,0
wikitext,fixed,1,bootstrap_jackknife,full,0.13921426218215716,0.1323066877467673,0.14674177031493219,16,0
wikitext,fixed,1,bootstrap_jackknife,m>n,0.01659561617940258,0.013444421961367144,0.021656989193880455,10,0
wikitext,fixed,1,multinomial,m=n,0.24998263620533698,0.24015594357596431,0.25953565356716723,3,0
wikitext,fixed,1,source_same_lag,m=n,0.5480427451039503,0.5403865499446417,0.5558046426570711,3,0
wikitext,fixed,1,source_full,m=n,0.5418472269352695,0.5336503170372651,0.5499459322227039,3,0
wikitext,fixed,1,multinomial_jackknife,m=n,0.0425901396297975,0.030862489668777318,0.054770154034358615,3,0
wikitext,fixed,1,source_jackknife,m=n,0.20146983819311845,0.19197540190638807,0.21062862473672125,3,0
wikitext,fixed,1,bootstrap,m=n,0.41098453436063936,0.40000225252172494,0.4215186319660082,3,0
wikitext,fixed,1,bootstrap_jackknife,m=n,0.12011193932230813,0.10576029722624448,0.1338675083679807,3,0
wikitext,fixed,1,multinomial,m<n,0.59463593017031,0.5779898433379751,0.6100019528842043,3,0
wikitext,fixed,1,source_same_lag,m<n,1.1938668978835187,1.183614695638286,1.2052802650344907,3,0
wikitext,fixed,1,source_full,m<n,1.1880153396095665,1.1776335938375577,1.199746449155729,3,0
wikitext,fixed,1,multinomial_jackknife,m<n,0.30733750939562104,0.2851784221358764,0.32746517357304905,3,0
wikitext,fixed,1,source_jackknife,m<n,0.802901178417906,0.791874640039368,0.8157295062040946,3,0
wikitext,fixed,1,bootstrap,m<n,0.9759873150157393,0.9651670122388113,0.9884670932652666,3,0
wikitext,fixed,1,bootstrap_jackknife,m<n,0.5670454050511881,0.5527474095271147,0.5833887256940384,3,0
wikitext,fixed,2,multinomial,full,0.14316279113345873,0.1380979582560584,0.147948585297803,16,0
wikitext,fixed,2,multinomial,m>n,0.05538258751066114,0.05287670929330594,0.05789219701451574,10,0
wikitext,fixed,2,source_same_lag,full,0.31252764474568256,0.3096558378128694,0.3154783665247747,16,0
wikitext,fixed,2,source_same_lag,m>n,0.11671325548104239,0.11358564237633123,0.11954446976322876,10,0
wikitext,fixed,2,source_full,full,0.311344809664516,0.30837352808838003,0.3144808377003721,16,0
wikitext,fixed,2,source_full,m>n,0.11873389533675764,0.11564332531334048,0.12149884431961457,10,0
wikitext,fixed,2,multinomial_jackknife,full,0.07261873593092305,0.06912970951380595,0.07621944799876466,16,0
wikitext,fixed,2,multinomial_jackknife,m>n,0.0541015301701648,0.048078787309334466,0.06065399013664404,10,0
wikitext,fixed,2,source_jackknife,full,0.22566431583351648,0.22120405979574082,0.22976796602188035,16,0
wikitext,fixed,2,source_jackknife,m>n,0.17797483170416517,0.16741192376087408,0.18804952855666354,10,0
wikitext,fixed,2,multinomial,m=n,0.17732188471211177,0.16920739901093482,0.18499975941070235,3,0
wikitext,fixed,2,source_same_lag,m=n,0.37350995567445877,0.36599000349686295,0.38094744769013067,3,0
wikitext,fixed,2,source_full,m=n,0.36670039882536437,0.3585537904068961,0.37464356556390216,3,0
wikitext,fixed,2,multinomial_jackknife,m=n,0.03694725314489133,0.02755506889671115,0.04667157072653781,3,0
wikitext,fixed,2,source_jackknife,m=n,0.0782502751017563,0.06775470212218118,0.08800385668548391,3,0
wikitext,fixed,2,multinomial,m<n,0.4016043762974644,0.3870660529283968,0.4148056918216642,3,0
wikitext,fixed,2,source_same_lag,m<n,0.9042599646990399,0.8951429076980687,0.9146507379947867,3,0
wikitext,fixed,2,source_full,m<n,0.8980256015961953,0.8885507703101803,0.9087591292521836,3,0
wikitext,fixed,2,multinomial_jackknife,m<n,0.17001423791948223,0.15007692886898638,0.1881378460201314,3,0
wikitext,fixed,2,source_jackknife,m<n,0.5320433036631145,0.5211845488586268,0.5441808392199465,3,0
wikitext,fixed,5,multinomial,full,0.1190477100091625,0.11237489515760059,0.12531722462588382,16,0
wikitext,fixed,5,multinomial,m>n,0.07048795767008677,0.06423499488119948,0.0765485264079541,10,0
wikitext,fixed,5,source_same_lag,full,0.1855803322458376,0.18308449779160596,0.18821755216140526,16,0
wikitext,fixed,5,source_same_lag,m>n,0.0657716606008357,0.06303660414220835,0.06817128871281726,10,0
wikitext,fixed,5,source_full,full,0.18431222155746105,0.18158952452909832,0.18709867185028564,16,0
wikitext,fixed,5,source_full,m>n,0.06829117078802079,0.06552668053229296,0.07066877432968229,10,0
wikitext,fixed,5,multinomial_jackknife,full,0.058689823647055994,0.05053149397627881,0.06639403926412633,16,0
wikitext,fixed,5,multinomial_jackknife,m>n,0.04158336751169849,0.034742274127504164,0.048057444119277135,10,0
wikitext,fixed,5,source_jackknife,full,0.12131911475017992,0.11653409173064057,0.1257786382611142,16,0
wikitext,fixed,5,source_jackknife,m>n,0.11573108518066792,0.1041129520316987,0.1260366277061929,10,0
wikitext,fixed,5,bootstrap,full,0.1847276535245662,0.17759963532038095,0.19249033017111586,16,0
wikitext,fixed,5,bootstrap,m>n,0.0737364531689508,0.06652215394824235,0.08184621759699486,10,0
wikitext,fixed,5,bootstrap_jackknife,full,0.05838528996299833,0.05197334121075405,0.0664141533276284,16,0
wikitext,fixed,5,bootstrap_jackknife,m>n,0.010627800846785523,0.007532492259252345,0.016734808833588938,10,0
wikitext,fixed,5,multinomial,m=n,0.14236973065069833,0.13550861472109835,0.14919852182102225,3,0
wikitext,fixed,5,source_same_lag,m=n,0.2130083924863169,0.2050845994998331,0.22176448378634608,3,0
wikitext,fixed,5,source_full,m=n,0.20494202338575082,0.19640955405946922,0.21405183074313677,3,0
wikitext,fixed,5,multinomial_jackknife,m=n,0.06722873462571466,0.058025690019934274,0.07618179409188064,3,0
wikitext,fixed,5,source_jackknife,m=n,0.014073229907630441,0.00915555464066509,0.020312996619871453,3,0
wikitext,fixed,5,bootstrap,m=n,0.2237119937916583,0.21476672822834258,0.23287279010769624,3,0
wikitext,fixed,5,bootstrap_jackknife,m=n,0.052379459905227216,0.040098144449688795,0.06499543760153502,3,0
wikitext,fixed,5,multinomial,m<n,0.25759153049787925,0.24670726909414512,0.26766470792517294,3,0
wikitext,fixed,5,source_same_lag,m<n,0.5575145108220313,0.5487238832327845,0.5669436468802446,3,0
wikitext,fixed,5,source_full,m<n,0.5504192556273056,0.541075717637016,0.5602513237549368,3,0
wikitext,fixed,5,multinomial_jackknife,m<n,0.10717243311958902,0.09213152019502427,0.12107478639204623,3,0
wikitext,fixed,5,source_jackknife,m<n,0.24719176482443594,0.23536921340117864,0.25922755373872475,3,0
wikitext,fixed,5,bootstrap,m<n,0.5157139811095256,0.5067012740113535,0.5251000598111029,3,0
wikitext,fixed,5,bootstrap_jackknife,m<n,0.22358275040814546,0.20928989162804504,0.23815162452285712,3,0
wikitext,fixed,10,multinomial,full,0.12726762553407486,0.12107071023980155,0.13352682755916764,16,0
wikitext,fixed,10,multinomial,m>n,0.10115747182452557,0.09516591784374186,0.10687192084294658,10,0
wikitext,fixed,10,source_same_lag,full,0.12001714434102186,0.11720191938881694,0.12339744122630296,16,0
wikitext,fixed,10,source_same_lag,m>n,0.040442708246192956,0.03890388363721257,0.042268838307270906,10,0
wikitext,fixed,10,source_full,full,0.11857925933891664,0.11556199510492364,0.12185246797748564,16,0
wikitext,fixed,10,source_full,m>n,0.04344682916355226,0.041350038915128895,0.04550656739329211,10,0
wikitext,fixed,10,multinomial_jackknife,full,0.09181102853948378,0.08470236831298016,0.09887451802734622,16,0
wikitext,fixed,10,multinomial_jackknife,m>n,0.08757510157076301,0.08134498947725376,0.09368465147738697,10,0
wikitext,fixed,10,source_jackknife,full,0.07661661832282889,0.07110621046148734,0.08186521009017507,16,0
wikitext,fixed,10,source_jackknife,m>n,0.07965960237379402,0.06867161945412936,0.08902717842351805,10,0
wikitext,fixed,10,multinomial,m=n,0.1367351673742467,0.13028479820220776,0.14334727303346587,3,0
wikitext,fixed,10,source_same_lag,m=n,0.1369380569027855,0.12849318207035237,0.14662685590953936,3,0
wikitext,fixed,10,source_full,m=n,0.12744104256073055,0.1185747717447343,0.13737416103509154,3,0
wikitext,fixed,10,multinomial_jackknife,m=n,0.09218645368481361,0.08433232754902485,0.10029036601735641,3,0
wikitext,fixed,10,source_jackknife,m=n,0.019330127404100075,0.013206278795551621,0.026332507029521297,3,0
wikitext,fixed,10,multinomial,m<n,0.20483392939240064,0.19538280682163198,0.2143217053416594,3,0
wikitext,fixed,10,source_same_lag,m<n,0.3683443520953545,0.3596156837923767,0.3777311119621267,3,0
wikitext,fixed,10,source_full,m<n,0.36015891003498385,0.3508195711817342,0.369954318919717,3,0
wikitext,fixed,10,multinomial_jackknife,m<n,0.10555535995655647,0.09296680753423024,0.11806585004574235,3,0
wikitext,fixed,10,source_jackknife,m<n,0.12375982907167377,0.11162553918577826,0.1367670510723394,3,0
wikitext,fixed,20,multinomial,full,0.13716519317728035,0.13113316435865754,0.14320794049835778,16,0
wikitext,fixed,20,multinomial,m>n,0.12539395142949278,0.11949260801683954,0.13118097272089696,10,0
wikitext,fixed,20,source_same_lag,full,0.0753770431471428,0.07172114735436529,0.08026251172621576,16,0
wikitext,fixed,20,source_same_lag,m>n,0.022987006815921675,0.020874143986609438,0.0251051674170484,10,0
wikitext,fixed,20,source_full,full,0.07374789576446904,0.07040988395166772,0.07776326449202871,16,0
wikitext,fixed,20,source_full,m>n,0.02684171851610926,0.02476991592377856,0.029175008253871128,10,0
wikitext,fixed,20,multinomial_jackknife,full,0.11821148531600231,0.11185064384130405,0.12480753877225703,16,0
wikitext,fixed,20,multinomial_jackknife,m>n,0.12133858471011158,0.11532345810823771,0.1271491735715705,10,0
wikitext,fixed,20,source_jackknife,full,0.0475461854794144,0.04256536845489685,0.052458318368446076,16,0
wikitext,fixed,20,source_jackknife,m>n,0.05233250643228321,0.04318968347008619,0.06045351294052257,10,0
wikitext,fixed,20,bootstrap,full,0.08265243888100911,0.07612559465556039,0.09014558072858063,16,0
wikitext,fixed,20,bootstrap,m>n,0.02984857504814158,0.022775710763215693,0.03793269730196903,10,0
wikitext,fixed,20,bootstrap_jackknife,full,0.0255617487909214,0.021984010047658067,0.030024805947536932,16,0
wikitext,fixed,20,bootstrap_jackknife,m>n,0.011702084130749519,0.009532172214125039,0.015129199966280218,10,0
wikitext,fixed,20,multinomial,m=n,0.13735047320444024,0.13099850477062885,0.14390946753756093,3,0
wikitext,fixed,20,source_same_lag,m=n,0.0872182162146326,0.07874315789137136,0.09714231438331229,3,0
wikitext,fixed,20,source_full,m=n,0.07550957376193472,0.06663576723912017,0.08559435772327986,3,0
wikitext,fixed,20,multinomial_jackknife,m=n,0.11238851111530727,0.10571215703145448,0.11959706573233425,3,0
wikitext,fixed,20,source_jackknife,m=n,0.022272512407328166,0.015153130514522613,0.030715188951163402,3,0
wikitext,fixed,20,bootstrap,m=n,0.10263547756303328,0.09517861076868696,0.11064284453527277,3,0
wikitext,fixed,20,bootstrap_jackknife,m=n,0.02274464423051405,0.01718254073563376,0.029554930730406385,3,0
wikitext,fixed,20,multinomial,m<n,0.17621738564274558,0.16739349512622712,0.18572136626290567,3,0
wikitext,fixed,20,source_same_lag,m<n,0.23816932451705675,0.22951967504584175,0.24828634300614535,3,0
wikitext,fixed,20,source_full,m<n,0.22834014192820262,0.2193061223400925,0.23869591490525954,3,0
wikitext,fixed,20,multinomial_jackknife,m<n,0.1136107948696665,0.10287153558863478,0.12501563918959424,3,0
wikitext,fixed,20,source_jackknife,m<n,0.05686545537527126,0.04503523924128649,0.07059947800202102,3,0
wikitext,fixed,20,bootstrap,m<n,0.23868227964187672,0.23121804343912458,0.2467968658085465,3,0
wikitext,fixed,20,bootstrap_jackknife,m<n,0.07457773555190167,0.062489251639685245,0.08780644398210845,3,0
wikitext,fixed,50,multinomial,full,0.15101520885736844,0.14416564747321434,0.158142274706185,16,0
wikitext,fixed,50,multinomial,m>n,0.1514964305734699,0.14424237367258907,0.1592351282673718,10,0
wikitext,fixed,50,source_same_lag,full,0.04234267733834619,0.03662528005029255,0.05028077348777505,16,0
wikitext,fixed,50,source_same_lag,m>n,0.01335423241960756,0.008997535466077738,0.02126023310518943,10,0
wikitext,fixed,50,source_full,full,0.03774599439366194,0.03431572548037867,0.04223429630467544,16,0
wikitext,fixed,50,source_full,m>n,0.015083058011138554,0.011263234156831498,0.020349541671199532,10,0
wikitext,fixed,50,multinomial_jackknife,full,0.1452023333924066,0.13835973423081513,0.15242816542200774,16,0
wikitext,fixed,50,multinomial_jackknife,m>n,0.15445325266098678,0.1472255232478928,0.1621995625058887,10,0
wikitext,fixed,50,source_jackknife,full,0.025120994930789314,0.01985575889684457,0.031080008951821527,16,0
wikitext,fixed,50,source_jackknife,m>n,0.028524290531363246,0.020366674373749342,0.03624568128935634,10,0
wikitext,fixed,50,multinomial,m=n,0.1432412684312295,0.13620448145172565,0.15053345991545203,3,0
wikitext,fixed,50,source_same_lag,m=n,0.0506700605774382,0.04201938959653207,0.06034700613718931,3,0
wikitext,fixed,50,source_full,m=n,0.033860426578117,0.025065307399096307,0.04362513669758114,3,0
wikitext,fixed,50,multinomial_jackknife,m=n,0.13423994211220386,0.12713238882749844,0.14167868899275513,3,0
wikitext,fixed,50,source_jackknife,m=n,0.018058686699245954,0.010967211201188782,0.02664909246124857,3,0
wikitext,fixed,50,multinomial,m<n,0.1571850768965027,0.14840826625268652,0.1664588105937115,3,0
wikitext,fixed,50,source_same_lag,m<n,0.13064344382838292,0.1218413421870385,0.14108250062038447,3,0
wikitext,fixed,50,source_full,m<n,0.11717468348428485,0.10812740295317058,0.12780692037635266,3,0
wikitext,fixed,50,multinomial_jackknife,m<n,0.1253283271106754,0.11596939149769296,0.13539935659582822,3,0
wikitext,fixed,50,source_jackknife,m<n,0.020838984493752922,0.015620497526379309,0.02971766626933689,3,0
wikitext,refit,0.5,multinomial,full,0.3303843212338128,0.3250761466361061,0.3355573899609179,16,0
wikitext,refit,0.5,multinomial,m>n,0.15732514617506485,0.15476461036798408,0.15961631576042304,10,0
wikitext,refit,0.5,source_same_lag,full,0.562420333111942,0.5580048928073855,0.5669967439619826,16,0
wikitext,refit,0.5,source_same_lag,m>n,0.24728935385108794,0.24438249191172354,0.2499624267104469,10,0
wikitext,refit,0.5,source_full,full,0.5613844995678012,0.5569778091712787,0.5659942819299769,16,0
wikitext,refit,0.5,source_full,m>n,0.2488973520813334,0.24603183798195438,0.25155353939479147,10,0
wikitext,refit,0.5,multinomial_jackknife,full,0.260562363530024,0.2555927920761877,0.2661628336685979,16,0
wikitext,refit,0.5,multinomial_jackknife,m>n,0.22504514036311157,0.21592185277627604,0.23354412071253675,10,0
wikitext,refit,0.5,source_jackknife,full,0.4423579561546132,0.4368293924923679,0.4480409177055402,16,0
wikitext,refit,0.5,source_jackknife,m>n,0.28505919359272724,0.2767027754090211,0.2934666699027287,10,0
wikitext,refit,0.5,multinomial,m=n,0.3840815215940447,0.3723884505648114,0.3956135146030519,3,0
wikitext,refit,0.5,source_same_lag,m=n,0.7391126617114295,0.7301758722283525,0.7477774544763512,3,0
wikitext,refit,0.5,source_full,m=n,0.7335531260288412,0.7245414368629427,0.7425245592597703,3,0
wikitext,refit,0.5,multinomial_jackknife,m=n,0.11329110321041845,0.09800119628247993,0.1282459609569512,3,0
wikitext,refit,0.5,source_jackknife,m=n,0.36825572283449787,0.3584635933756797,0.37770695030609897,3,0
wikitext,refit,0.5,multinomial,m<n,0.8535510377360741,0.8356822815086176,0.8698807171592121,3,0
wikitext,refit,0.5,source_same_lag,m<n,1.4361646020486347,1.4235767302030198,1.449159208761736,3,0
wikitext,refit,0.5,source_full,m<n,1.4308396980616536,1.4183581987823664,1.44413330201788,3,0
wikitext,refit,0.5,multinomial_jackknife,m<n,0.5262243677393379,0.5036678146734226,0.5469277291819457,3,0
wikitext,refit,0.5,source_jackknife,m<n,1.0407893980143483,1.0275557967412425,1.0552322894482078,3,0
wikitext,refit,1,multinomial,full,0.21662739999219482,0.21171714002027192,0.22139845556008184,16,0
wikitext,refit,1,multinomial,m>n,0.09218294061388545,0.08981348117782062,0.09471450344804597,10,0
wikitext,refit,1,source_same_lag,full,0.4351103750294145,0.43161136583445736,0.43878853696679443,16,0
wikitext,refit,1,source_same_lag,m>n,0.17383970766525203,0.17075307290552502,0.17668968111956798,10,0
wikitext,refit,1,source_full,full,0.43402350340004864,0.4304677791490131,0.43781968018372625,16,0
wikitext,refit,1,source_full,m>n,0.17561419878222434,0.1725858560819691,0.1783805745206876,10,0
wikitext,refit,1,multinomial_jackknife,full,0.14794693231829098,0.14390015331151046,0.15235143498995085,16,0
wikitext,refit,1,multinomial_jackknife,m>n,0.13022691834412609,0.12259096267032676,0.13818228874881366,10,0
wikitext,refit,1,source_jackknife,full,0.3341102662905041,0.3294107631345503,0.33867581151368514,16,0
wikitext,refit,1,source_jackknife,m>n,0.23326250085755945,0.22396538628042706,0.24241527163585708,10,0
wikitext,refit,1,bootstrap,full,0.34224714460211725,0.33455817285697326,0.350102847254594,16,0
wikitext,refit,1,bootstrap,m>n,0.13191607921100926,0.12523461614612702,0.13925736279643994,10,0
wikitext,refit,1,bootstrap_jackknife,full,0.13906295476589384,0.13187406715007113,0.14708956954600322,16,0
wikitext,refit,1,bootstrap_jackknife,m>n,0.016663774599762156,0.013197142946543698,0.02229704205316248,10,0
wikitext,refit,1,multinomial,m=n,0.25269000510316214,0.2426795638653336,0.2623992299041617,3,0
wikitext,refit,1,source_same_lag,m=n,0.5481890298427259,0.5403585536632828,0.5561484551857427,3,0
wikitext,refit,1,source_full,m=n,0.5421642081628741,0.5337310795103672,0.5504944092213011,3,0
wikitext,refit,1,multinomial_jackknife,m=n,0.046098122740579596,0.03391972423473051,0.05872627283618085,3,0
wikitext,refit,1,source_jackknife,m=n,0.20198071260353267,0.19218566887768077,0.211383828656612,3,0
wikitext,refit,1,bootstrap,m=n,0.41067112780287546,0.3996277114619674,0.4215528787638362,3,0
wikitext,refit,1,bootstrap_jackknife,m=n,0.1199130077353987,0.10547351586572075,0.13386472345032552,3,0
wikitext,refit,1,multinomial,m<n,0.5953796594755921,0.5782706260550786,0.6108145009555562,3,0
wikitext,refit,1,source_same_lag,m<n,1.1929339447633114,1.182421970350313,1.204540245285257,3,0
wikitext,refit,1,source_full,m<n,1.187247147363304,1.1765696078396117,1.1989754346486574,3,0
wikitext,refit,1,multinomial_jackknife,m<n,0.3088624551432188,0.28617522734661477,0.32937100420468096,3,0
wikitext,refit,1,source_jackknife,m<n,0.8023990380872911,0.7909528006378248,0.8154303194927387,3,0
wikitext,refit,1,bootstrap,m<n,0.9749267127050524,0.963789500040842,0.9879037555956838,3,0
wikitext,refit,1,bootstrap_jackknife,m<n,0.566210169016828,0.5512463961955032,0.5830217344814117,3,0
wikitext,refit,2,multinomial,full,0.14389853600073765,0.1387802317323949,0.14869559405305793,16,0
wikitext,refit,2,multinomial,m>n,0.05569351264736842,0.053166588980504526,0.058234392416928335,10,0
wikitext,refit,2,source_same_lag,full,0.31268887001725604,0.30978589491690744,0.31565123558995317,16,0
wikitext,refit,2,source_same_lag,m>n,0.11690507488374849,0.11370903471994848,0.11978265168978504,10,0
wikitext,refit,2,source_full,full,0.31151901911103386,0.3085360259005978,0.3146598485798323,16,0
wikitext,refit,2,source_full,m>n,0.11889229887196044,0.11572613966310345,0.12171730318819088,10,0
wikitext,refit,2,multinomial_jackknife,full,0.07173850143892496,0.068059362411699,0.07550743071633761,16,0
wikitext,refit,2,multinomial_jackknife,m>n,0.05152714338020763,0.04552202315348626,0.05798725366150929,10,0
wikitext,refit,2,source_jackknife,full,0.22578129174406714,0.22124037685761094,0.22995820580205098,16,0
wikitext,refit,2,source_jackknife,m>n,0.17800411504025143,0.16712134053723676,0.18835715609156337,10,0
wikitext,refit,2,multinomial,m=n,0.17935046821050923,0.17114806410961247,0.18707441213208895,3,0
wikitext,refit,2,source_same_lag,m=n,0.37382844325226205,0.3661409138517389,0.3815451470551874,3,0
wikitext,refit,2,source_full,m=n,0.3671145777777007,0.3587471090717324,0.37525348243026907,3,0
wikitext,refit,2,multinomial_jackknife,m=n,0.03943599228342128,0.029768618363357757,0.04928487195584183,3,0
wikitext,refit,2,source_jackknife,m=n,0.07867713392017972,0.06805862715882388,0.08868731250826417,3,0
wikitext,refit,2,multinomial,m<n,0.4024633483021969,0.38787038849705385,0.4157527883532273,3,0
wikitext,refit,2,source_same_lag,m<n,0.904161947227275,0.8948190120889121,0.9146456395647143,3,0
wikitext,refit,2,source_full,m<n,0.898012527907945,0.8882741519112618,0.9088129157355255,3,0
wikitext,refit,2,multinomial_jackknife,m<n,0.17141220412348637,0.15118509315863723,0.1896243383478614,3,0
wikitext,refit,2,source_jackknife,m<n,0.5321427052473404,0.5209966459447694,0.5444839313464742,3,0
wikitext,refit,5,multinomial,full,0.11904771000916256,0.11237489515760053,0.12531722462588377,16,0
wikitext,refit,5,multinomial,m>n,0.07048795767008681,0.0642349948811995,0.07654852640795419,10,0
wikitext,refit,5,source_same_lag,full,0.1855803322458377,0.18308449779160607,0.18821755216140534,16,0
wikitext,refit,5,source_same_lag,m>n,0.06577166060083575,0.06303660414220837,0.06817128871281729,10,0
wikitext,refit,5,source_full,full,0.1843122215574611,0.18158952452909832,0.18709867185028559,16,0
wikitext,refit,5,source_full,m>n,0.06829117078802079,0.06552668053229294,0.07066877432968231,10,0
wikitext,refit,5,multinomial_jackknife,full,0.05868982364705604,0.05053149397627879,0.06639403926412622,16,0
wikitext,refit,5,multinomial_jackknife,m>n,0.04158336751169852,0.0347422741275041,0.048057444119277044,10,0
wikitext,refit,5,source_jackknife,full,0.1213191147501799,0.1165340917306406,0.12577863826111407,16,0
wikitext,refit,5,source_jackknife,m>n,0.11573108518066791,0.10411295203169876,0.12603662770619278,10,0
wikitext,refit,5,bootstrap,full,0.18472765352456638,0.17759963532038084,0.19249033017111591,16,0
wikitext,refit,5,bootstrap,m>n,0.07373645316895096,0.06652215394824247,0.08184621759699501,10,0
wikitext,refit,5,bootstrap_jackknife,full,0.05838528996299845,0.051973341210753844,0.06641415332762848,16,0
wikitext,refit,5,bootstrap_jackknife,m>n,0.010627800846785624,0.007532492259252187,0.016734808833589177,10,0
wikitext,refit,5,multinomial,m=n,0.14236973065069844,0.13550861472109837,0.14919852182102217,3,0
wikitext,refit,5,source_same_lag,m=n,0.2130083924863171,0.20508459949983304,0.22176448378634622,3,0
wikitext,refit,5,source_full,m=n,0.20494202338575096,0.19640955405946914,0.21405183074313683,3,0
wikitext,refit,5,multinomial_jackknife,m=n,0.06722873462571476,0.05802569001993424,0.07618179409188061,3,0
wikitext,refit,5,source_jackknife,m=n,0.014073229907630422,0.009155554640664991,0.020312996619871456,3,0
wikitext,refit,5,bootstrap,m=n,0.22371199379165838,0.21476672822834236,0.23287279010769632,3,0
wikitext,refit,5,bootstrap_jackknife,m=n,0.05237945990522733,0.04009814444968884,0.06499543760153499,3,0
wikitext,refit,5,multinomial,m<n,0.25759153049787925,0.2467072690941451,0.26766470792517294,3,0
wikitext,refit,5,source_same_lag,m<n,0.5575145108220314,0.5487238832327844,0.5669436468802446,3,0
wikitext,refit,5,source_full,m<n,0.5504192556273056,0.541075717637016,0.5602513237549369,3,0
wikitext,refit,5,multinomial_jackknife,m<n,0.10717243311958903,0.09213152019502414,0.12107478639204629,3,0
wikitext,refit,5,source_jackknife,m<n,0.24719176482443606,0.23536921340117864,0.2592275537387248,3,0
wikitext,refit,5,bootstrap,m<n,0.5157139811095257,0.5067012740113532,0.5251000598111026,3,0
wikitext,refit,5,bootstrap_jackknife,m<n,0.2235827504081457,0.20928989162804457,0.23815162452285804,3,0
wikitext,refit,10,multinomial,full,0.12455178176416531,0.11850209783641474,0.13062075268343715,16,0
wikitext,refit,10,multinomial,m>n,0.09802625857023929,0.09219881636835951,0.10357660885215748,10,0
wikitext,refit,10,source_same_lag,full,0.11974165657069169,0.11702097085284055,0.12294585286176643,16,0
wikitext,refit,10,source_same_lag,m>n,0.04030703549134896,0.038754478458873386,0.042115025684160735,10,0
wikitext,refit,10,source_full,full,0.11830542943382749,0.11537192398277706,0.12142455405523918,16,0
wikitext,refit,10,source_full,m>n,0.04333018485119526,0.041220616198857966,0.04536778754567748,10,0
wikitext,refit,10,multinomial_jackknife,full,0.08873934077769255,0.08175061625430716,0.09563032311195403,16,0
wikitext,refit,10,multinomial_jackknife,m>n,0.08409142006013146,0.07798149372220721,0.09005021723045073,10,0
wikitext,refit,10,source_jackknife,full,0.07637204487868773,0.07085011763683953,0.0815402373583898,16,0
wikitext,refit,10,source_jackknife,m>n,0.07947402154482217,0.06880190682971608,0.08869928293921554,10,0
wikitext,refit,10,multinomial,m=n,0.13438430700702197,0.1281033287710429,0.14081343765702442,3,0
wikitext,refit,10,source_same_lag,m=n,0.13654334406494983,0.12833587995022455,0.1459147459991818,3,0
wikitext,refit,10,source_full,m=n,0.12701371688714314,0.11833392936471285,0.13661608514669696,3,0
wikitext,refit,10,multinomial_jackknife,m=n,0.08947360940153316,0.081719722500935,0.09733590450052917,3,0
wikitext,refit,10,source_jackknife,m=n,0.019109247634696652,0.013080043901610628,0.02614626062105063,3,0
wikitext,refit,10,multinomial,m<n,0.2031376671677287,0.1937983789929667,0.2125041328829249,3,0
wikitext,refit,10,source_same_lag,m<n,0.36772203934090936,0.3592833500798524,0.37680438485120016,3,0
wikitext,refit,10,source_full,m<n,0.3595146239226193,0.3505476082324449,0.3691312710741872,3,0
wikitext,refit,10,multinomial_jackknife,m<n,0.10349814121238889,0.09119871934386048,0.11587908609109472,3,0
wikitext,refit,10,source_jackknife,m<n,0.1232949199022307,0.11145171032961856,0.13591013003961905,3,0
wikitext,refit,20,multinomial,full,0.13175767176642111,0.12606861365785452,0.13753367361904462,16,0
wikitext,refit,20,multinomial,m>n,0.11932187722369228,0.1136576848021357,0.1247268374143481,10,0
wikitext,refit,20,source_same_lag,full,0.07488727164736153,0.07148220381788038,0.07941695447726232,16,0
wikitext,refit,20,source_same_lag,m>n,0.022767655386159456,0.02076739281649421,0.024708929277332464,10,0
wikitext,refit,20,source_full,full,0.07325613354221909,0.07014992158536405,0.0769414575157881,16,0
wikitext,refit,20,source_full,m>n,0.026624402383483854,0.024673985532003395,0.028820353476655576,10,0
wikitext,refit,20,multinomial_jackknife,full,0.11219656772948931,0.1061402965802353,0.11844753896393248,16,0
wikitext,refit,20,multinomial_jackknife,m>n,0.11462447657536219,0.1088805911339891,0.1201321170898074,10,0
wikitext,refit,20,source_jackknife,full,0.04717855593487077,0.04233676772558797,0.05200846571906097,16,0
wikitext,refit,20,source_jackknife,m>n,0.05202291445534091,0.04313389846161357,0.059827933308743426,10,0
wikitext,refit,20,bootstrap,full,0.0819606065038761,0.07582645089968386,0.08903213656133772,16,0
wikitext,refit,20,bootstrap,m>n,0.02934086682688839,0.022662729597403678,0.03710711052352254,10,0
wikitext,refit,20,bootstrap_jackknife,full,0.02537881421411632,0.021924221319573316,0.029474231989141612,16,0
wikitext,refit,20,bootstrap_jackknife,m>n,0.01166072431491385,0.009519414076514703,0.014966917102046494,10,0
wikitext,refit,20,multinomial,m=n,0.1325560136827171,0.12660111006102767,0.13878916990939003,3,0
wikitext,refit,20,source_same_lag,m=n,0.08655065785258557,0.07856162273596096,0.0958856141227783,3,0
wikitext,refit,20,source_full,m=n,0.0748328012435592,0.06643067913508528,0.08436590292479193,3,0
wikitext,refit,20,multinomial_jackknife,m=n,0.107017836188408,0.10062365864250401,0.11390002199428839,3,0
wikitext,refit,20,source_jackknife,m=n,0.0219642351738083,0.014886269427997605,0.030272121988134712,3,0
wikitext,refit,20,bootstrap,m=n,0.1018511750974171,0.09486364059778347,0.10932514205209894,3,0
wikitext,refit,20,bootstrap_jackknife,m=n,0.02262147629733564,0.0173831158452595,0.0288066475697172,3,0
wikitext,refit,20,multinomial,m<n,0.17241197832588787,0.16382314635358122,0.1815059153098054,3,0
wikitext,refit,20,source_same_lag,m<n,0.23695593964614434,0.22873949414522998,0.24636622156637877,3,0
wikitext,refit,20,source_full,m<n,0.22711856970332978,0.21849294364210511,0.23677889320199075,3,0
wikitext,refit,20,multinomial_jackknife,m<n,0.10928226978432772,0.09884779082370183,0.1202097257515308,3,0
wikitext,refit,20,source_jackknife,m<n,0.0562450149610327,0.04499337648383674,0.06930268714366722,3,0
wikitext,refit,20,bootstrap,m<n,0.23746917016696076,0.230500991734637,0.24491389726776963,3,0
wikitext,refit,20,bootstrap_jackknife,m<n,0.07386311846157188,0.06244725062278974,0.08637511160540111,3,0
wikitext,refit,50,multinomial,full,0.14301662617161057,0.13672842978451838,0.14944339614565622,16,0
wikitext,refit,50,multinomial,m>n,0.14268946106192643,0.13613327843759518,0.14954730021096244,10,0
wikitext,refit,50,source_same_lag,full,0.04175520600967863,0.036401975748766406,0.0489965639293585,16,0
wikitext,refit,50,source_same_lag,m>n,0.01307505998334671,0.00897577508772105,0.020165257081111627,10,0
wikitext,refit,50,source_full,full,0.03717561248447611,0.034117183591460654,0.04108458580843692,16,0
wikitext,refit,50,source_full,m>n,0.014795883493920092,0.011385202073797458,0.01947501475748546,10,0
wikitext,refit,50,multinomial_jackknife,full,0.13641187499568863,0.13007308826638017,0.14304661922877204,16,0
wikitext,refit,50,multinomial_jackknife,m>n,0.1447510063258755,0.13820838835906166,0.15165925060246102,10,0
wikitext,refit,50,source_jackknife,full,0.024721408094235016,0.019869740045763633,0.03027465069336476,16,0
wikitext,refit,50,source_jackknife,m>n,0.028088847601158522,0.020636838815623754,0.035237690939040146,10,0
wikitext,refit,50,multinomial,m=n,0.1360231423381123,0.1295700794000989,0.1426586615524047,3,0
wikitext,refit,50,source_same_lag,m=n,0.049838664687373226,0.041932379030221456,0.05870563393117117,3,0
wikitext,refit,50,source_full,m=n,0.0331266928012241,0.02504409729003385,0.04215461664800271,3,0
wikitext,refit,50,multinomial_jackknife,m=n,0.1263032838209817,0.11979427403001398,0.13307677475105784,3,0
wikitext,refit,50,source_jackknife,m=n,0.017843994923108605,0.01083157550287332,0.025969152427820563,3,0
wikitext,refit,50,multinomial,m<n,0.15110066037072262,0.14287452869779865,0.1598322709840576,3,0
wikitext,refit,50,source_same_lag,m<n,0.12927223408642372,0.12116649829932295,0.13877701188465355,3,0
wikitext,refit,50,source_full,m<n,0.1158236288029149,0.10750123326630191,0.12541758629533606,3,0
wikitext,refit,50,multinomial_jackknife,m<n,0.11872336173643927,0.10989219743281482,0.12808203534189103,3,0
wikitext,refit,50,source_jackknife,m<n,0.020374022908949747,0.01539032303059271,0.028449448710570337,3,0
cnn_dailymail,fixed,0.5,multinomial,full,0.3002265581271549,0.29358830109744455,0.3066626285377238,16,0
cnn_dailymail,fixed,0.5,multinomial,m>n,0.14263673717687897,0.13951983258758138,0.1457984481433696,10,0
cnn_dailymail,fixed,0.5,source_same_lag,full,0.49693823048185526,0.4937006241052003,0.500479651433424,16,0
cnn_dailymail,fixed,0.5,source_same_lag,m>n,0.21205617729464293,0.20920645222561532,0.21489010180967108,10,0
cnn_dailymail,fixed,0.5,source_full,full,0.4962677298995713,0.4930665346075617,0.499744255134508,16,0
cnn_dailymail,fixed,0.5,source_full,m>n,0.21326464341169285,0.21035900233248578,0.21612527945218568,10,0
cnn_dailymail,fixed,0.5,multinomial_jackknife,full,0.23869220775796984,0.2326316694054829,0.24430932158126872,16,0
cnn_dailymail,fixed,0.5,multinomial_jackknife,m>n,0.2100607307895263,0.1995329535782773,0.2210177152240231,10,0
cnn_dailymail,fixed,0.5,source_jackknife,full,0.3834933845380885,0.3769015017574629,0.3904778125491258,16,0
cnn_dailymail,fixed,0.5,source_jackknife,m>n,0.24968042286912437,0.2395152300092531,0.26056379028759113,10,0
cnn_dailymail,fixed,0.5,multinomial,m=n,0.34940457672250896,0.335125326040068,0.36190474278882323,3,0
cnn_dailymail,fixed,0.5,source_same_lag,m=n,0.659565843817309,0.6538742451530163,0.6650317791585093,3,0
cnn_dailymail,fixed,0.5,source_full,m=n,0.6555443471824483,0.6496103929207298,0.6612920084566847,3,0
cnn_dailymail,fixed,0.5,multinomial_jackknife,m=n,0.10127935942416146,0.08390090919926124,0.11678519569972953,3,0
cnn_dailymail,fixed,0.5,source_jackknife,m=n,0.30923025394674747,0.30100255549565447,0.3167614081576866,3,0
cnn_dailymail,fixed,0.5,multinomial,m<n,0.7763479426993874,0.7574984440864392,0.79380520381896,3,0
cnn_dailymail,fixed,0.5,source_same_lag,m<n,1.2839174611037762,1.2750432994572771,1.2939193812802023,3,0
cnn_dailymail,fixed,0.5,source_full,m<n,1.280334734242956,1.2715752377286171,1.2902282994965102,3,0
cnn_dailymail,fixed,0.5,multinomial_jackknife,m<n,0.4715433126532565,0.4484802074715817,0.49294120313985323,3,0
cnn_dailymail,fixed,0.5,source_jackknife,m<n,0.9037997206926435,0.8931216370666077,0.9155615020589907,3,0
cnn_dailymail,fixed,1,multinomial,full,0.1904149664814957,0.18388620156460814,0.19645009979299421,16,0
cnn_dailymail,fixed,1,multinomial,m>n,0.0837084215449562,0.08078825095385765,0.08659619840716704,10,0
cnn_dailymail,fixed,1,source_same_lag,full,0.3762434022609121,0.37347077367343756,0.3791135885966554,16,0
cnn_dailymail,fixed,1,source_same_lag,m>n,0.14298932246031978,0.1403588791625261,0.14551391540928657,10,0
cnn_dailymail,fixed,1,source_full,full,0.37546608601148845,0.3726834604282294,0.3783255452284994,16,0
cnn_dailymail,fixed,1,source_full,m>n,0.14420269003199998,0.14158259877852092,0.14671123874620712,10,0
cnn_dailymail,fixed,1,multinomial_jackknife,full,0.13532580986264978,0.13019801932915157,0.1405765798820278,16,0
cnn_dailymail,fixed,1,multinomial_jackknife,m>n,0.12846314237846418,0.12126378493933054,0.1361387891591772,10,0
cnn_dailymail,fixed,1,source_jackknife,full,0.27924571333496595,0.27481243756725904,0.2839173057102648,16,0
cnn_dailymail,fixed,1,source_jackknife,m>n,0.19660974070207585,0.18933949570653727,0.2045620090057465,10,0
cnn_dailymail,fixed,1,bootstrap,full,0.31129311261843,0.3061194862396432,0.3163934837770347,16,0
cnn_dailymail,fixed,1,bootstrap,m>n,0.12364168955928641,0.1177203539790425,0.12957560128070555,10,0
cnn_dailymail,fixed,1,bootstrap_jackknife,full,0.12196907321792214,0.11756160075834542,0.12681500706231325,16,0
cnn_dailymail,fixed,1,bootstrap_jackknife,m>n,0.018272050515789173,0.013886712211993184,0.023386023824471733,10,0
cnn_dailymail,fixed,1,multinomial,m=n,0.21477548216262962,0.20242361692438737,0.22546768791869828,3,0
cnn_dailymail,fixed,1,source_same_lag,m=n,0.4795013594444421,0.4735614847411476,0.48523108624924816,3,0
cnn_dailymail,fixed,1,source_full,m=n,0.47515583049252147,0.468912628065705,0.48115908541167013,3,0
cnn_dailymail,fixed,1,multinomial_jackknife,m=n,0.033251087506190546,0.020481481115289527,0.04479008383394721,3,0
cnn_dailymail,fixed,1,source_jackknife,m=n,0.15657597755536268,0.14787978334087243,0.16435040114850663,3,0
cnn_dailymail,fixed,1,bootstrap,m=n,0.3743725905000829,0.3673791142460784,0.3810008346075753,3,0
cnn_dailymail,fixed,1,bootstrap_jackknife,m=n,0.10445279565599046,0.09568187942280691,0.11277317962395667,3,0
cnn_dailymail,fixed,1,multinomial,m<n,0.5217429339221599,0.5023692846392828,0.5392946995687319,3,0
cnn_dailymail,fixed,1,source_same_lag,m<n,1.05049904441269,1.042945181705901,1.0585052348786586,3,0
cnn_dailymail,fixed,1,source_full,m<n,1.0466543281287504,1.0392369672800101,1.0545157706219572,3,0
cnn_dailymail,fixed,1,multinomial_jackknife,m<n,0.26027609049972766,0.23626200637578412,0.2821496659829432,3,0
cnn_dailymail,fixed,1,source_jackknife,m<n,0.6773686912242028,0.6685372257614441,0.6864027232484831,3,0
cnn_dailymail,fixed,1,bootstrap,m<n,0.873718378267256,0.8660805423331303,0.8816334259981642,3,0
cnn_dailymail,fixed,1,bootstrap_jackknife,m<n,0.485142093120297,0.47555984852786143,0.49401419959473486,3,0
cnn_dailymail,fixed,2,multinomial,full,0.11362615206013107,0.10865297799539801,0.11830134910675998,16,0
cnn_dailymail,fixed,2,multinomial,m>n,0.04496106119057049,0.04219977849087615,0.04802089145231957,10,0
cnn_dailymail,fixed,2,source_same_lag,full,0.26148184136311514,0.2591279760722902,0.26402312379247855,16,0
cnn_dailymail,fixed,2,source_same_lag,m>n,0.09106955679460825,0.08853112109103431,0.09368511028803352,10,0
cnn_dailymail,fixed,2,source_full,full,0.2606176799947065,0.25822672543837855,0.26317773076682277,16,0
cnn_dailymail,fixed,2,source_full,m>n,0.09235078124579298,0.08982677655260075,0.09498827972953858,10,0
cnn_dailymail,fixed,2,multinomial_jackknife,full,0.06520854578398168,0.061107219448136976,0.06939995862484585,16,0
cnn_dailymail,fixed,2,multinomial_jackknife,m>n,0.06301493138959005,0.05800510713945473,0.06790675318130861,10,0
cnn_dailymail,fixed,2,source_jackknife,full,0.17790446230369264,0.174754487530847,0.1810249228936893,16,0
cnn_dailymail,fixed,2,source_jackknife,m>n,0.14366118636759626,0.13809513697394976,0.14922252315288245,10,0
cnn_dailymail,fixed,2,multinomial,m=n,0.13056231440951502,0.12273652650774991,0.13753977736394046,3,0
cnn_dailymail,fixed,2,source_same_lag,m=n,0.31442060716235254,0.3090696456551617,0.3197732670205797,3,0
cnn_dailymail,fixed,2,source_full,m=n,0.3097113049811386,0.3041192325950679,0.3153075490020692,3,0
cnn_dailymail,fixed,2,multinomial_jackknife,m=n,0.017349935342277967,0.010720221223016711,0.024903392291166376,3,0
cnn_dailymail,fixed,2,source_jackknife,m=n,0.04525622752075795,0.038351131556712326,0.0517780011049135,3,0
cnn_dailymail,fixed,2,multinomial,m<n,0.32557362594261574,0.30958135344005866,0.3403230739277387,3,0
cnn_dailymail,fixed,2,source_same_lag,m<n,0.7765840241255672,0.7699975504325652,0.7831361624834529,3,0
cnn_dailymail,fixed,2,source_full,m<n,0.7724137175046529,0.7659028488288901,0.7788943375650668,3,0
cnn_dailymail,fixed,2,multinomial_jackknife,m<n,0.12037920420699073,0.10033060376448932,0.13913315112275684,3,0
cnn_dailymail,fixed,2,source_jackknife,m<n,0.42469695020694836,0.4172026621888732,0.43192501632154134,3,0
cnn_dailymail,fixed,5,multinomial,full,0.060703564518392934,0.057394603263869186,0.06408311749038087,16,0
cnn_dailymail,fixed,5,multinomial,m>n,0.023238223161443635,0.020561718739543714,0.026109071538465076,10,0
cnn_dailymail,fixed,5,source_same_lag,full,0.1450885635581197,0.1429923824511553,0.14718131154268638,16,0
cnn_dailymail,fixed,5,source_same_lag,m>n,0.04674912956671941,0.04469767348347843,0.048939275767040345,10,0
cnn_dailymail,fixed,5,source_full,full,0.1441706798778107,0.1420661799492376,0.14628696430852486,16,0
cnn_dailymail,fixed,5,source_full,m>n,0.04831020105705765,0.046260642667003235,0.05052057418559664,10,0
cnn_dailymail,fixed,5,multinomial_jackknife,full,0.019499088033950222,0.016260886105456476,0.022974460292640626,16,0
cnn_dailymail,fixed,5,multinomial_jackknife,m>n,0.013347473712623532,0.010551785316537181,0.016724195946040174,10,0
cnn_dailymail,fixed,5,source_jackknife,full,0.08856649418227863,0.08527902980586641,0.0918285893831141,16,0
cnn_dailymail,fixed,5,source_jackknife,m>n,0.08672634937890042,0.08174120634758616,0.0918482485124454,10,0
cnn_dailymail,fixed,5,bootstrap,full,0.15296935910741255,0.14810396461836925,0.15757442626590043,16,0
cnn_dailymail,fixed,5,bootstrap,m>n,0.06180105364194492,0.05697777554851029,0.0664859069331144,10,0
cnn_dailymail,fixed,5,bootstrap_jackknife,full,0.04257534177564147,0.04029284963360623,0.04523787303600248,16,0
cnn_dailymail,fixed,5,bootstrap_jackknife,m>n,0.011198198483430604,0.009685953878758686,0.013201031649417574,10,0
cnn_dailymail,fixed,5,multinomial,m=n,0.07543354000172166,0.07098403745613034,0.07962050709699896,3,0
cnn_dailymail,fixed,5,source_same_lag,m=n,0.16458048792787802,0.15952025796790978,0.16936801944501584,3,0
cnn_dailymail,fixed,5,source_full,m=n,0.15920739398043562,0.15415876199517323,0.1639631947105639,3,0
cnn_dailymail,fixed,5,multinomial_jackknife,m=n,0.016439953067268653,0.013256538624300112,0.020268720901823807,3,0
cnn_dailymail,fixed,5,source_jackknife,m=n,0.0161396869624679,0.011351216351859884,0.020688055246918715,3,0
cnn_dailymail,fixed,5,bootstrap,m=n,0.18267043638379146,0.17751432162670838,0.1873774604416929,3,0
cnn_dailymail,fixed,5,bootstrap_jackknife,m=n,0.0321139190120188,0.026764420024518776,0.03699866545829392,3,0
cnn_dailymail,fixed,5,multinomial,m<n,0.17085806022489522,0.16260785083384752,0.1787579865471206,3,0
cnn_dailymail,fixed,5,source_same_lag,m<n,0.4533947524930288,0.4474829756373655,0.45934385602941546,3,0
cnn_dailymail,fixed,5,source_full,m<n,0.4486688951776961,0.4427885461183998,0.4545822987203684,3,0
cnn_dailymail,fixed,5,multinomial_jackknife,m<n,0.04306360407172075,0.03245804550274931,0.05327039596456951,3,0
cnn_dailymail,fixed,5,source_jackknife,m<n,0.1671271174133502,0.16079883860996788,0.1735486550536503,3,0
cnn_dailymail,fixed,5,bootstrap,m<n,0.4271626333825922,0.41992341615867923,0.4338206636382924,3,0
cnn_dailymail,fixed,5,bootstrap_jackknife,m<n,0.15762724217996701,0.1507014927568583,0.16455154993025373,3,0
cnn_dailymail,fixed,10,multinomial,full,0.05270274020454627,0.04834560544037571,0.056860852606355816,16,0
cnn_dailymail,fixed,10,multinomial,m>n,0.03465316467572285,0.030136135943654097,0.03929854312088732,10,0
cnn_dailymail,fixed,10,source_same_lag,full,0.08742627106836363,0.08490921469637248,0.08967443072203754,16,0
cnn_dailymail,fixed,10,source_same_lag,m>n,0.02573821722291264,0.024083328769619942,0.02755192785541701,10,0
cnn_dailymail,fixed,10,source_full,full,0.08643974018790132,0.0839172046492439,0.08867738946319807,16,0
cnn_dailymail,fixed,10,source_full,m>n,0.02760900687606675,0.02577286529703547,0.029512228707890463,10,0
cnn_dailymail,fixed,10,multinomial_jackknife,full,0.02627225142914785,0.022121296334478277,0.03037293748907855,16,0
cnn_dailymail,fixed,10,multinomial_jackknife,m>n,0.026955294315028456,0.022695435932139994,0.03137627053322112,10,0
cnn_dailymail,fixed,10,source_jackknife,full,0.05071261671812072,0.04760439310021345,0.053902303115553295,16,0
cnn_dailymail,fixed,10,source_jackknife,m>n,0.054397296011671856,0.04959948532897456,0.05920394547871301,10,0
cnn_dailymail,fixed,10,multinomial,m=n,0.0562976326792873,0.05104197637311181,0.06095947988108292,3,0
cnn_dailymail,fixed,10,source_same_lag,m=n,0.09785505657138359,0.09209186600098715,0.1029877592267634,3,0
cnn_dailymail,fixed,10,source_full,m=n,0.09169754999517077,0.08601576777184079,0.09671607713133594,3,0
cnn_dailymail,fixed,10,multinomial_jackknife,m=n,0.02293336503919691,0.01836114304316904,0.027532623648849393,3,0
cnn_dailymail,fixed,10,source_jackknife,m=n,0.024163330470013206,0.01943874775173237,0.02962582522434353,3,0
cnn_dailymail,fixed,10,multinomial,m<n,0.10927309949254994,0.10418505732024669,0.11418102950935322,3,0
cnn_dailymail,fixed,10,source_same_lag,m<n,0.282624331716847,0.2765924475647871,0.2881267296751993,3,0
cnn_dailymail,fixed,10,source_full,m<n,0.27728437475341366,0.2712927023141102,0.2827728638522366,3,0
cnn_dailymail,fixed,10,multinomial_jackknife,m<n,0.027334328199496796,0.02086633511933175,0.0335568670773561,3,0
cnn_dailymail,fixed,10,source_jackknife,m<n,0.06497963865439105,0.05844824866201767,0.07154317869699793,3,0
cnn_dailymail,fixed,20,multinomial,full,0.0524230919953877,0.04796989151008401,0.05692636181205042,16,0
cnn_dailymail,fixed,20,multinomial,m>n,0.04754549596492032,0.04285698423336425,0.05246117666685612,10,0
cnn_dailymail,fixed,20,source_same_lag,full,0.05116975088623013,0.04812169521531726,0.054119018469887016,16,0
cnn_dailymail,fixed,20,source_same_lag,m>n,0.01292918181504081,0.01144451106863479,0.014494970984405988,10,0
cnn_dailymail,fixed,20,source_full,full,0.049535202361768414,0.046744401583940456,0.05217449539824346,16,0
cnn_dailymail,fixed,20,source_full,m>n,0.01439022876821135,0.012656764789816618,0.016449628930237298,10,0
cnn_dailymail,fixed,20,multinomial_jackknife,full,0.040094931557205206,0.03559448807824988,0.044678868152838426,16,0
cnn_dailymail,fixed,20,multinomial_jackknife,m>n,0.047898188435635335,0.04322269945775066,0.05284423638759148,10,0
cnn_dailymail,fixed,20,source_jackknife,full,0.027332053090250767,0.02385231932440383,0.03092338842358523,16,0
cnn_dailymail,fixed,20,source_jackknife,m>n,0.03027661143222595,0.025352723708683727,0.03500852846588636,10,0
cnn_dailymail,fixed,20,bootstrap,full,0.06330265331140494,0.05870420867559144,0.06803303317136902,16,0
cnn_dailymail,fixed,20,bootstrap,m>n,0.02616699749086738,0.021900587353298022,0.03085346295156124,10,0
cnn_dailymail,fixed,20,bootstrap_jackknife,full,0.01668340407914834,0.015272707035071786,0.018945086285452523,16,0
cnn_dailymail,fixed,20,bootstrap_jackknife,m>n,0.011653468779329424,0.009922924877750313,0.013980744739644776,10,0
cnn_dailymail,fixed,20,multinomial,m=n,0.04736635012615631,0.04175731393323303,0.05276522832895057,3,0
cnn_dailymail,fixed,20,source_same_lag,m=n,0.05868970060587258,0.052745335708898715,0.06428872066400558,3,0
cnn_dailymail,fixed,20,source_full,m=n,0.05136149600255766,0.04544937285350771,0.05691064302449438,3,0
cnn_dailymail,fixed,20,multinomial_jackknife,m=n,0.030674542576701103,0.025148586281066716,0.03595869443573895,3,0
cnn_dailymail,fixed,20,source_jackknife,m=n,0.020970157328837346,0.01615361855702472,0.026520853834116273,3,0
cnn_dailymail,fixed,20,bootstrap,m=n,0.0736002306677934,0.06756713076940929,0.0798794302857008,3,0
cnn_dailymail,fixed,20,bootstrap_jackknife,m=n,0.01146195750192263,0.007612469914955682,0.01649650626186735,3,0
cnn_dailymail,fixed,20,multinomial,m<n,0.07373848729951037,0.0679521488018299,0.07898415565724115,3,0
cnn_dailymail,fixed,20,source_same_lag,m<n,0.17111836473721875,0.16428154769431624,0.17749056570258098,3,0
cnn_dailymail,fixed,20,source_full,m<n,0.16485882069950272,0.1579791745350776,0.17118499890952563,3,0
cnn_dailymail,fixed,20,multinomial_jackknife,m<n,0.023504464276275543,0.017111921306527406,0.029749807197837905,3,0
cnn_dailymail,fixed,20,source_jackknife,m<n,0.023878754378413577,0.020842869549510562,0.028552646388210878,3,0
cnn_dailymail,fixed,20,bootstrap,m<n,0.17679059535680838,0.16725784341528918,0.1853319371598519,3,0
cnn_dailymail,fixed,20,bootstrap_jackknife,m<n,0.038671301655770436,0.03128601079899166,0.04720098328313708,3,0
cnn_dailymail,fixed,50,multinomial,full,0.056180074875848855,0.050938585976861454,0.061949717565021135,16,0
cnn_dailymail,fixed,50,multinomial,m>n,0.061332242820159255,0.05484021909006035,0.06825975095873364,10,0
cnn_dailymail,fixed,50,source_same_lag,full,0.03115537454134526,0.026035225144345548,0.03700984925086549,16,0
cnn_dailymail,fixed,50,source_same_lag,m>n,0.013718543405229525,0.007763782421418855,0.020509929394871756,10,0
cnn_dailymail,fixed,50,source_full,full,0.022786921808437357,0.02017514071118256,0.027175122838717893,16,0
cnn_dailymail,fixed,50,source_full,m>n,0.005650608057591305,0.004889104466233436,0.010050895154725991,10,0
cnn_dailymail,fixed,50,multinomial_jackknife,full,0.05414254873218488,0.04885720050689376,0.059971921734834906,16,0
cnn_dailymail,fixed,50,multinomial_jackknife,m>n,0.06652735245848226,0.06007210659394467,0.07342826337997796,10,0
cnn_dailymail,fixed,50,source_jackknife,full,0.010322026286556046,0.007894687232867825,0.014791480436040515,16,0
cnn_dailymail,fixed,50,source_jackknife,m>n,0.009444668572251921,0.005972772638176105,0.015824736923801506,10,0
cnn_dailymail,fixed,50,multinomial,m=n,0.045857986630011026,0.04023081326041595,0.051844197812088516,3,0
cnn_dailymail,fixed,50,source_same_lag,m=n,0.03411563320931877,0.028276951984919287,0.04020739865052843,3,0
cnn_dailymail,fixed,50,source_full,m=n,0.02452776554371223,0.018677080312502346,0.03062878028758754,3,0
cnn_dailymail,fixed,50,multinomial_jackknife,m=n,0.04170777800894044,0.03598808052552759,0.047755684823941616,3,0
cnn_dailymail,fixed,50,source_jackknife,m=n,0.011960557357814093,0.008745491548150216,0.016350003072816754,3,0
cnn_dailymail,fixed,50,multinomial,m<n,0.049328269973985366,0.042528198139140105,0.05587706437095247,3,0
cnn_dailymail,fixed,50,source_same_lag,m<n,0.08631788632709085,0.07881936069705767,0.09396897022805718,3,0
cnn_dailymail,fixed,50,source_full,m<n,0.078167123909316,0.07058252227294347,0.08580717463070085,3,0
cnn_dailymail,fixed,50,multinomial_jackknife,m<n,0.02529464036777132,0.0183591790078974,0.032146634083253134,3,0
cnn_dailymail,fixed,50,source_jackknife,m<n,0.011608020929645075,0.00867701652165157,0.014815821992066292,3,0
cnn_dailymail,refit,0.5,multinomial,full,0.2999735225607859,0.2930634307327329,0.3066588720731445,16,0
cnn_dailymail,refit,0.5,multinomial,m>n,0.1419514347857454,0.13879232728864294,0.145160499344268,10,0
cnn_dailymail,refit,0.5,source_same_lag,full,0.49730745705369284,0.4939781544470976,0.5009228858930548,16,0
cnn_dailymail,refit,0.5,source_same_lag,m>n,0.21239515744900447,0.20943250075261716,0.21535113848272422,10,0
cnn_dailymail,refit,0.5,source_full,full,0.496734163606975,0.49345135175646765,0.5003290600038531,16,0
cnn_dailymail,refit,0.5,source_full,m>n,0.21337785764508438,0.21040630774503855,0.216338040131171,10,0
cnn_dailymail,refit,0.5,multinomial_jackknife,full,0.23745133607971097,0.2312852279085276,0.24322317675274524,16,0
cnn_dailymail,refit,0.5,multinomial_jackknife,m>n,0.20752133537558887,0.19682102338840532,0.21869155502145884,10,0
cnn_dailymail,refit,0.5,source_jackknife,full,0.3830394282124978,0.37634293178855444,0.3902572079332869,16,0
cnn_dailymail,refit,0.5,source_jackknife,m>n,0.24880003110683427,0.238526081577744,0.25996303855514824,10,0
cnn_dailymail,refit,0.5,multinomial,m=n,0.35073757921728127,0.3360470166269074,0.36363938598578227,3,0
cnn_dailymail,refit,0.5,source_same_lag,m=n,0.6601895867757115,0.6543912827371878,0.6657447940541212,3,0
cnn_dailymail,refit,0.5,source_full,m=n,0.6568395125879518,0.6508334135706303,0.6626362473400557,3,0
cnn_dailymail,refit,0.5,multinomial_jackknife,m=n,0.10327319969705555,0.08558459446210342,0.11902140221680527,3,0
cnn_dailymail,refit,0.5,source_jackknife,m=n,0.31003759115050433,0.3017469357644615,0.31770465527337566,3,0
cnn_dailymail,refit,0.5,multinomial,m<n,0.7759497584877587,0.7560293741022625,0.7942485375231347,3,0
cnn_dailymail,refit,0.5,source_same_lag,m<n,1.284132992680635,1.2749660544102,1.2943373067877957,3,0
cnn_dailymail,refit,0.5,source_full,m<n,1.281149834498966,1.272115484006753,1.2912305506909416,3,0
cnn_dailymail,refit,0.5,multinomial_jackknife,m<n,0.47139614147610676,0.4473131740667667,0.4937110757741403,3,0
cnn_dailymail,refit,0.5,source_jackknife,m<n,0.9035059222933697,0.892751313079971,0.9153278611935156,3,0
cnn_dailymail,refit,1,multinomial,full,0.19019500920332372,0.1834180184828249,0.19648562343323317,16,0
cnn_dailymail,refit,1,multinomial,m>n,0.08326670678334235,0.08025661877339035,0.08628237379727091,10,0
cnn_dailymail,refit,1,source_same_lag,full,0.3767467505580944,0.37394756773566035,0.3796975986316823,16,0
cnn_dailymail,refit,1,source_same_lag,m>n,0.14344148850723115,0.1407401013802243,0.14605555639469905,10,0
cnn_dailymail,refit,1,source_full,full,0.37607198629387123,0.3732936511552117,0.3789981210592696,16,0
cnn_dailymail,refit,1,source_full,m>n,0.14449351735354796,0.141769630408053,0.1471077532381812,10,0
cnn_dailymail,refit,1,multinomial_jackknife,full,0.13445146123773175,0.129212814726184,0.13978842626867824,16,0
cnn_dailymail,refit,1,multinomial_jackknife,m>n,0.12676911126517557,0.11946239620698486,0.13459901282932163,10,0
cnn_dailymail,refit,1,source_jackknife,full,0.2792946603705865,0.27481367390074657,0.2840843350803826,16,0
cnn_dailymail,refit,1,source_jackknife,m>n,0.19637135299025754,0.18893575975008214,0.20456930416221072,10,0
cnn_dailymail,refit,1,bootstrap,full,0.3118273053387067,0.30651669649113683,0.3170954048432023,16,0
cnn_dailymail,refit,1,bootstrap,m>n,0.12414329108501394,0.11805369103310862,0.13026741817203746,10,0
cnn_dailymail,refit,1,bootstrap_jackknife,full,0.12217600249828978,0.11767705182452,0.12722887309091568,16,0
cnn_dailymail,refit,1,bootstrap_jackknife,m>n,0.018554027292694494,0.013991047763379134,0.023900046400180834,10,0
cnn_dailymail,refit,1,multinomial,m=n,0.21554479772769872,0.20286714552370325,0.22659101673547272,3,0
cnn_dailymail,refit,1,source_same_lag,m=n,0.4801180797766577,0.47404675515997263,0.4860402945449772,3,0
cnn_dailymail,refit,1,source_full,m=n,0.47634470576050963,0.4699662593553301,0.4825132225803187,3,0
cnn_dailymail,refit,1,multinomial_jackknife,m=n,0.03435864486809081,0.020918218409021,0.04641718168028352,3,0
cnn_dailymail,refit,1,source_jackknife,m=n,0.15739332658962937,0.14853993463129048,0.16521249591183956,3,0
cnn_dailymail,refit,1,bootstrap,m=n,0.3750131209802905,0.3677609818448463,0.3818685380393645,3,0
cnn_dailymail,refit,1,bootstrap_jackknife,m=n,0.1048040353429563,0.09572849511943679,0.11335026715801802,3,0
cnn_dailymail,refit,1,multinomial,m<n,0.52127289541222,0.5009757765650786,0.5394205962534608,3,0
cnn_dailymail,refit,1,source_same_lag,m<n,1.051059628175742,1.0433835030395886,1.0592337688471924,3,0
cnn_dailymail,refit,1,source_full,m<n,1.0477274966283103,1.040177425805279,1.0557960565042868,3,0
cnn_dailymail,refit,1,multinomial_jackknife,m<n,0.2601521108492268,0.23528507867298304,0.2826269046305254,3,0
cnn_dailymail,refit,1,source_jackknife,m<n,0.67760701875264,0.6688097922016961,0.6866214235930823,3,0
cnn_dailymail,refit,1,bootstrap,m<n,0.8742548705427654,0.8666498570153851,0.8823105421327516,3,0
cnn_dailymail,refit,1,bootstrap_jackknife,m<n,0.4849545536722742,0.4755780980468075,0.49387805428795745,3,0
cnn_dailymail,refit,2,multinomial,full,0.11349598589474973,0.10831508678103598,0.11831809521380376,16,0
cnn_dailymail,refit,2,multinomial,m>n,0.04477057831933984,0.041912293722506516,0.04790611867460941,10,0
cnn_dailymail,refit,2,source_same_lag,full,0.26186031970911977,0.2594465364354783,0.2644704333553801,16,0
cnn_dailymail,refit,2,source_same_lag,m>n,0.09138201604119334,0.0887988309787469,0.09405990457844013,10,0
cnn_dailymail,refit,2,source_full,full,0.26106788035665074,0.25864499630253707,0.2637134660254312,16,0
cnn_dailymail,refit,2,source_full,m>n,0.09255554583771176,0.08996835840653133,0.09524556812710083,10,0
cnn_dailymail,refit,2,multinomial_jackknife,full,0.06466471852427148,0.06041244504391878,0.06900194312595896,16,0
cnn_dailymail,refit,2,multinomial_jackknife,m>n,0.06203887519301647,0.05690081552212607,0.06703930485898223,10,0
cnn_dailymail,refit,2,source_jackknife,full,0.17811468361823374,0.1749207833984363,0.181291747061821,16,0
cnn_dailymail,refit,2,source_jackknife,m>n,0.1437067352606392,0.1379707151611816,0.14939701351683318,10,0
cnn_dailymail,refit,2,multinomial,m=n,0.13085095006259406,0.12279752527097762,0.13804945444517247,3,0
cnn_dailymail,refit,2,source_same_lag,m=n,0.3147945024453929,0.3092525121798612,0.3202840618392003,3,0
cnn_dailymail,refit,2,source_full,m=n,0.3104755572268702,0.30475065761335735,0.31618655702378584,3,0
cnn_dailymail,refit,2,multinomial_jackknife,m=n,0.017815415988273926,0.011065466741415451,0.025612969314510087,3,0
cnn_dailymail,refit,2,source_jackknife,m=n,0.0457612025453635,0.03878596860114439,0.052423016211793357,3,0
cnn_dailymail,refit,2,multinomial,m<n,0.3252257136449383,0.308704403114452,0.34034804808517405,3,0
cnn_dailymail,refit,2,source_same_lag,m<n,0.777187149199268,0.7705242322624429,0.7838383963226588,3,0
cnn_dailymail,refit,2,source_full,m<n,0.7733679852162282,0.7667478085873417,0.779974262999933,3,0
cnn_dailymail,refit,2,multinomial_jackknife,m<n,0.12026683216445244,0.09967625439748709,0.1393576464430551,3,0
cnn_dailymail,refit,2,source_jackknife,m<n,0.4251613258830859,0.41773084806360605,0.432380756073544,3,0
cnn_dailymail,refit,5,multinomial,full,0.060703564518392934,0.057394603263869186,0.06408311749038087,16,0
cnn_dailymail,refit,5,multinomial,m>n,0.023238223161443635,0.020561718739543714,0.026109071538465076,10,0
cnn_dailymail,refit,5,source_same_lag,full,0.1450885635581197,0.1429923824511553,0.14718131154268638,16,0
cnn_dailymail,refit,5,source_same_lag,m>n,0.04674912956671941,0.04469767348347843,0.048939275767040345,10,0
cnn_dailymail,refit,5,source_full,full,0.1441706798778107,0.1420661799492376,0.14628696430852486,16,0
cnn_dailymail,refit,5,source_full,m>n,0.04831020105705765,0.046260642667003235,0.05052057418559664,10,0
cnn_dailymail,refit,5,multinomial_jackknife,full,0.019499088033950222,0.016260886105456476,0.022974460292640626,16,0
cnn_dailymail,refit,5,multinomial_jackknife,m>n,0.013347473712623532,0.010551785316537181,0.016724195946040174,10,0
cnn_dailymail,refit,5,source_jackknife,full,0.08856649418227863,0.08527902980586641,0.0918285893831141,16,0
cnn_dailymail,refit,5,source_jackknife,m>n,0.08672634937890042,0.08174120634758616,0.0918482485124454,10,0
cnn_dailymail,refit,5,bootstrap,full,0.15296935910741255,0.14810396461836925,0.15757442626590043,16,0
cnn_dailymail,refit,5,bootstrap,m>n,0.06180105364194492,0.05697777554851029,0.0664859069331144,10,0
cnn_dailymail,refit,5,bootstrap_jackknife,full,0.04257534177564147,0.04029284963360623,0.04523787303600248,16,0
cnn_dailymail,refit,5,bootstrap_jackknife,m>n,0.011198198483430604,0.009685953878758686,0.013201031649417574,10,0
cnn_dailymail,refit,5,multinomial,m=n,0.07543354000172166,0.07098403745613034,0.07962050709699896,3,0
cnn_dailymail,refit,5,source_same_lag,m=n,0.16458048792787802,0.15952025796790978,0.16936801944501584,3,0
cnn_dailymail,refit,5,source_full,m=n,0.15920739398043562,0.15415876199517323,0.1639631947105639,3,0
cnn_dailymail,refit,5,multinomial_jackknife,m=n,0.016439953067268653,0.013256538624300112,0.020268720901823807,3,0
cnn_dailymail,refit,5,source_jackknife,m=n,0.0161396869624679,0.011351216351859884,0.020688055246918715,3,0
cnn_dailymail,refit,5,bootstrap,m=n,0.18267043638379146,0.17751432162670838,0.1873774604416929,3,0
cnn_dailymail,refit,5,bootstrap_jackknife,m=n,0.0321139190120188,0.026764420024518776,0.03699866545829392,3,0
cnn_dailymail,refit,5,multinomial,m<n,0.17085806022489522,0.16260785083384752,0.1787579865471206,3,0
cnn_dailymail,refit,5,source_same_lag,m<n,0.4533947524930288,0.4474829756373655,0.45934385602941546,3,0
cnn_dailymail,refit,5,source_full,m<n,0.4486688951776961,0.4427885461183998,0.4545822987203684,3,0
cnn_dailymail,refit,5,multinomial_jackknife,m<n,0.04306360407172075,0.03245804550274931,0.05327039596456951,3,0
cnn_dailymail,refit,5,source_jackknife,m<n,0.1671271174133502,0.16079883860996788,0.1735486550536503,3,0
cnn_dailymail,refit,5,bootstrap,m<n,0.4271626333825922,0.41992341615867923,0.4338206636382924,3,0
cnn_dailymail,refit,5,bootstrap_jackknife,m<n,0.15762724217996701,0.1507014927568583,0.16455154993025373,3,0
cnn_dailymail,refit,10,multinomial,full,0.052284283033514005,0.048061202448468725,0.05634813484147962,16,0
cnn_dailymail,refit,10,multinomial,m>n,0.033858577300066646,0.02944434971718633,0.038370165972194725,10,0
cnn_dailymail,refit,10,source_same_lag,full,0.08725836920558702,0.08481390714075528,0.08945314265534773,16,0
cnn_dailymail,refit,10,source_same_lag,m>n,0.025611683827644734,0.023966706599347423,0.02739369102709115,10,0
cnn_dailymail,refit,10,source_full,full,0.08620079390664703,0.08374707075127925,0.08837369015553587,16,0
cnn_dailymail,refit,10,source_full,m>n,0.02760211840206172,0.02579258267386256,0.029484782266465136,10,0
cnn_dailymail,refit,10,multinomial_jackknife,full,0.025497077251164676,0.021495743471744926,0.029480001957213203,16,0
cnn_dailymail,refit,10,multinomial_jackknife,m>n,0.025737329216821432,0.021606262769887905,0.03005082924259321,10,0
cnn_dailymail,refit,10,source_jackknife,full,0.050681315323977794,0.04765826513566363,0.05379708988511491,16,0
cnn_dailymail,refit,10,source_jackknife,m>n,0.05445392717137047,0.04976483641755313,0.05915652738258549,10,0
cnn_dailymail,refit,10,multinomial,m=n,0.05628823469328919,0.05120438211944836,0.06082119981899609,3,0
cnn_dailymail,refit,10,source_same_lag,m=n,0.09785687410628784,0.09222635136992159,0.10286067163736703,3,0
cnn_dailymail,refit,10,source_full,m=n,0.09128649414832145,0.085731796342611,0.09619866830402783,3,0
cnn_dailymail,refit,10,multinomial_jackknife,m=n,0.02257652626204157,0.018085638305933602,0.027043238197752822,3,0
cnn_dailymail,refit,10,source_jackknife,m=n,0.024289851760679482,0.019594814910108234,0.029671289742724562,3,0
cnn_dailymail,refit,10,multinomial,m<n,0.10969935048522995,0.10475892430466764,0.11444066088954083,3,0
cnn_dailymail,refit,10,source_same_lag,m<n,0.28214881556469384,0.27633818585494013,0.2875376465319163,3,0
cnn_dailymail,refit,10,source_full,m<n,0.2764440120135903,0.27063836339950936,0.28182774683790107,3,0
cnn_dailymail,refit,10,multinomial_jackknife,m<n,0.02761678835476525,0.02128075918409365,0.033737534932356344,3,0
cnn_dailymail,refit,10,source_jackknife,m<n,0.06449740606263384,0.058106302733282954,0.07097370402558519,3,0
cnn_dailymail,refit,20,multinomial,full,0.05162495273021791,0.04740278853276847,0.05588131961406516,16,0
cnn_dailymail,refit,20,multinomial,m>n,0.045904581814246906,0.04148199966610798,0.0505255452765048,10,0
cnn_dailymail,refit,20,source_same_lag,full,0.05110836919456272,0.048143721341793094,0.05403160284186476,16,0
cnn_dailymail,refit,20,source_same_lag,m>n,0.01285722293285727,0.011444320645798306,0.014450304501324188,10,0
cnn_dailymail,refit,20,source_full,full,0.04925498080270725,0.046565788695717196,0.051766545691632776,16,0
cnn_dailymail,refit,20,source_full,m>n,0.01448045757270952,0.012807973883531566,0.016460570355494152,10,0
cnn_dailymail,refit,20,multinomial_jackknife,full,0.0385090445788828,0.03428391084973043,0.04279543637953323,16,0
cnn_dailymail,refit,20,multinomial_jackknife,m>n,0.04532500253550075,0.04096071626402498,0.0499391247755675,10,0
cnn_dailymail,refit,20,source_jackknife,full,0.027403321534818528,0.024144852957795972,0.030863368455152657,16,0
cnn_dailymail,refit,20,source_jackknife,m>n,0.030594260225958507,0.02595060495419324,0.03506779644271805,10,0
cnn_dailymail,refit,20,bootstrap,full,0.06258727902649242,0.058190922998282206,0.06715549502072012,16,0
cnn_dailymail,refit,20,bootstrap,m>n,0.025595951422354556,0.021587114077507723,0.02994256789065547,10,0
cnn_dailymail,refit,20,bootstrap_jackknife,full,0.016439089991952368,0.015077796676486406,0.018554233787785014,16,0
cnn_dailymail,refit,20,bootstrap_jackknife,m>n,0.011489948509013475,0.009813984366147195,0.013753825866147342,10,0
cnn_dailymail,refit,20,multinomial,m=n,0.047484234762591615,0.04212824960096589,0.05265818452348492,3,0
cnn_dailymail,refit,20,source_same_lag,m=n,0.05899933459597112,0.05332991724026085,0.0644885694196684,3,0
cnn_dailymail,refit,20,source_full,m=n,0.050760452557778536,0.045110985665389854,0.05613242804717627,3,0
cnn_dailymail,refit,20,multinomial_jackknife,m=n,0.030039882335029893,0.02479572547983857,0.03507246027679438,3,0
cnn_dailymail,refit,20,source_jackknife,m=n,0.020999656381242432,0.016204006388543083,0.026490969734957275,3,0
cnn_dailymail,refit,20,bootstrap,m=n,0.07287410022599146,0.06700395875157744,0.07898187722494997,3,0
cnn_dailymail,refit,20,bootstrap_jackknife,m=n,0.011212560277207526,0.007588212556597249,0.01602670879228948,3,0
cnn_dailymail,refit,20,multinomial,m<n,0.07483357375108084,0.06942598914029648,0.07973896085985324,3,0
cnn_dailymail,refit,20,source_same_lag,m<n,0.17072122466550585,0.16417667708289446,0.17676110843754383,3,0
cnn_dailymail,refit,20,source_full,m<n,0.16366458648096174,0.15712388338711383,0.16966463238942117,3,0
cnn_dailymail,refit,20,multinomial_jackknife,m<n,0.024258346967342536,0.018308490548087027,0.030110242461104053,3,0
cnn_dailymail,refit,20,source_jackknife,m<n,0.02317052438459469,0.020391693186217683,0.027675416843901873,3,0
cnn_dailymail,refit,20,bootstrap,m<n,0.1756048831741196,0.1662734181771863,0.18390276891676002,3,0
cnn_dailymail,refit,20,bootstrap_jackknife,m<n,0.03816275798316017,0.031082795686236418,0.04633458626603168,3,0
cnn_dailymail,refit,50,multinomial,full,0.05509284696728418,0.0505366803339671,0.0601443571046443,16,0
cnn_dailymail,refit,50,multinomial,m>n,0.058821416929795214,0.05333412296403565,0.06464704465513291,10,0
cnn_dailymail,refit,50,source_same_lag,full,0.032110111570739584,0.02749267177088529,0.03726238244299664,16,0
cnn_dailymail,refit,50,source_same_lag,m>n,0.014782654510729238,0.009357129210104476,0.020574948003781516,10,0
cnn_dailymail,refit,50,source_full,full,0.022482119022101153,0.02003105952765239,0.025963821126230826,16,0
cnn_dailymail,refit,50,source_full,m>n,0.005628335187783639,0.004827072938693077,0.008633118572195505,10,0
cnn_dailymail,refit,50,multinomial_jackknife,full,0.05186209303432052,0.04725329327289513,0.0569294568326431,16,0
cnn_dailymail,refit,50,multinomial_jackknife,m>n,0.06264828150486842,0.05715634769325145,0.06849133278347233,10,0
cnn_dailymail,refit,50,source_jackknife,full,0.01060626810009967,0.007869673311407525,0.014610641083661372,16,0
cnn_dailymail,refit,50,source_jackknife,m>n,0.010161785972858436,0.006211794944660311,0.015694624431965343,10,0
cnn_dailymail,refit,50,multinomial,m=n,0.04622091494215299,0.04099601396121701,0.05164398844213595,3,0
cnn_dailymail,refit,50,source_same_lag,m=n,0.03507360529167853,0.029637349672272124,0.04065023579827527,3,0
cnn_dailymail,refit,50,source_full,m=n,0.023839598058273428,0.01837356343302593,0.029364787921462743,3,0
cnn_dailymail,refit,50,multinomial_jackknife,m=n,0.04093045212681511,0.0356574693127677,0.046421442778562465,3,0
cnn_dailymail,refit,50,source_jackknife,m=n,0.011676278365960841,0.008440317549483817,0.01615374177922839,3,0
cnn_dailymail,refit,50,multinomial,m<n,0.05153621245071192,0.04523459731360961,0.05752086673969931,3,0
cnn_dailymail,refit,50,source_same_lag,m<n,0.08690480804983514,0.07993946462502488,0.09399364256136028,3,0
cnn_dailymail,refit,50,source_full,m<n,0.07730391943365392,0.07024204632952392,0.08436499624042895,3,0
cnn_dailymail,refit,50,multinomial_jackknife,m<n,0.026839772373332887,0.020494237904431126,0.03305095118714246,3,0
cnn_dailymail,refit,50,source_jackknife,m<n,0.011017864925042623,0.00825769685684255,0.013979925075597017,3,0
