corpus,bank,arm,m,n,alpha,method,estimate,mc_se
tinystories,0,fixed,1024,512,1,bootstrap,0.0694407590418157,0.00041919866830107005
tinystories,0,refit,1024,512,1,bootstrap,0.05213478142080135,0.00031694754225841123
tinystories,0,fixed,1024,512,1,bootstrap_jackknife,0.07960983808934835,0.0009095040071358981
tinystories,0,refit,1024,512,1,bootstrap_jackknife,0.0598051479352091,0.0006857877380348437
tinystories,0,fixed,1024,512,5,bootstrap,0.033062867337299316,6.13677880826653e-05
tinystories,0,refit,1024,512,5,bootstrap,0.03306286733729937,6.136778808269692e-05
tinystories,0,fixed,1024,512,5,bootstrap_jackknife,0.03573043978342383,0.0002160948350296689
tinystories,0,refit,1024,512,5,bootstrap_jackknife,0.035730439783423974,0.00021609483502971297
tinystories,0,fixed,1024,512,20,bootstrap,0.013674937334689564,1.5639977480965456e-05
tinystories,0,refit,1024,512,20,bootstrap,0.018213452554445838,2.1239012942800895e-05
tinystories,0,fixed,1024,512,20,bootstrap_jackknife,0.014122281218199369,2.4957149443448795e-05
tinystories,0,refit,1024,512,20,bootstrap_jackknife,0.0188012781064068,3.426855340795512e-05
tinystories,0,fixed,1024,1024,1,bootstrap,0.045409321967545914,0.0005152577837996733
tinystories,0,refit,1024,1024,1,bootstrap,0.03405991821858168,0.00039214526104402856
tinystories,0,fixed,1024,1024,1,bootstrap_jackknife,0.05671154392358938,0.001185448700961348
tinystories,0,refit,1024,1024,1,bootstrap_jackknife,0.04254270859546632,0.0009010922291347018
tinystories,0,fixed,1024,1024,5,bootstrap,0.02430452355296886,0.00038111330065440554
tinystories,0,refit,1024,1024,5,bootstrap,0.02430452355296894,0.0003811133006543881
tinystories,0,fixed,1024,1024,5,bootstrap_jackknife,0.027522751611218685,0.0009032436027526084
tinystories,0,refit,1024,1024,5,bootstrap_jackknife,0.027522751611218893,0.0009032436027525564
tinystories,0,fixed,1024,1024,20,bootstrap,0.011001125107982792,0.00018665869049282066
tinystories,0,refit,1024,1024,20,bootstrap,0.014661393831639696,0.00024793527346980465
tinystories,0,fixed,1024,1024,20,bootstrap_jackknife,0.01161436298488796,0.00047133880657587897
tinystories,0,refit,1024,1024,20,bootstrap_jackknife,0.015475906028853459,0.0006253635489353775
tinystories,0,fixed,1024,2048,1,bootstrap,0.025956621460862552,0.0003118230392112001
tinystories,0,refit,1024,2048,1,bootstrap,0.019450283798395418,0.00023460774596823828
tinystories,0,fixed,1024,2048,1,bootstrap_jackknife,0.035651443324533995,0.00029223328426517404
tinystories,0,refit,1024,2048,1,bootstrap_jackknife,0.0267166514084127,0.0002155287153395707
tinystories,0,fixed,1024,2048,5,bootstrap,0.01664636002480652,0.0002116069327218095
tinystories,0,refit,1024,2048,5,bootstrap,0.016646360024806545,0.00021160693272182342
tinystories,0,fixed,1024,2048,5,bootstrap_jackknife,0.020359208175688367,0.00019158782308702509
tinystories,0,refit,1024,2048,5,bootstrap_jackknife,0.020359208175688374,0.00019158782308706905
tinystories,0,fixed,1024,2048,20,bootstrap,0.008558261050650037,0.00010546277167418638
tinystories,0,refit,1024,2048,20,bootstrap,0.011411398421741105,0.0001406734190165246
tinystories,0,fixed,1024,2048,20,bootstrap_jackknife,0.009507597577619644,8.164035630734014e-05
tinystories,0,refit,1024,2048,20,bootstrap_jackknife,0.01267359916247171,0.00011004438855228227
tinystories,0,fixed,1024,4096,1,bootstrap,0.012161007729306663,0.0002617227485929957
tinystories,0,refit,1024,4096,1,bootstrap,0.009099259945006684,0.00019927557264676758
tinystories,0,fixed,1024,4096,1,bootstrap_jackknife,0.016877525069328807,0.0005040707763899379
tinystories,0,refit,1024,4096,1,bootstrap_jackknife,0.01262247055781921,0.0003840732027299345
tinystories,0,fixed,1024,4096,5,bootstrap,0.009883237659106826,0.00016090224034947701
tinystories,0,refit,1024,4096,5,bootstrap,0.009883237659106788,0.00016090224034945766
tinystories,0,fixed,1024,4096,5,bootstrap_jackknife,0.01283863040506479,0.0003050250004756501
tinystories,0,refit,1024,4096,5,bootstrap_jackknife,0.01283863040506471,0.0003050250004756088
tinystories,0,fixed,1024,4096,20,bootstrap,0.006115327273022982,0.00010032529873763763
tinystories,0,refit,1024,4096,20,bootstrap,0.008158794910190142,0.00013240080099191678
tinystories,0,fixed,1024,4096,20,bootstrap_jackknife,0.007220030090931802,0.00019281609370410392
tinystories,0,refit,1024,4096,20,bootstrap_jackknife,0.009628660220104559,0.0002542054216460345
tinystories,0,fixed,2048,512,1,bootstrap,0.07508453678639408,0.0005402175884857827
tinystories,0,refit,2048,512,1,bootstrap,0.056358674918681316,0.0004144246026258063
tinystories,0,fixed,2048,512,1,bootstrap_jackknife,0.08043702265155502,0.0006088689514028769
tinystories,0,refit,2048,512,1,bootstrap_jackknife,0.06038079834325166,0.0004791334345023281
tinystories,0,fixed,2048,512,5,bootstrap,0.034990927467233666,0.0002254105795336998
tinystories,0,refit,2048,512,5,bootstrap,0.03499092746723368,0.0002254105795337527
tinystories,0,fixed,2048,512,5,bootstrap_jackknife,0.03629757917829756,0.0002318769866730887
tinystories,0,refit,2048,512,5,bootstrap_jackknife,0.036297579178297575,0.000231876986673198
tinystories,0,fixed,2048,512,20,bootstrap,0.014203344724510803,6.605883631253594e-05
tinystories,0,refit,2048,512,20,bootstrap,0.018911030765479845,8.78282905341567e-05
tinystories,0,fixed,2048,512,20,bootstrap_jackknife,0.014360832548830409,0.00011016676705320115
tinystories,0,refit,2048,512,20,bootstrap_jackknife,0.01911808731789148,0.00014322792555560615
tinystories,0,fixed,2048,1024,1,bootstrap,0.05148895070766407,0.0002970668809923088
tinystories,0,refit,2048,1024,1,bootstrap,0.03868391374762176,0.00022716409479616966
tinystories,0,fixed,2048,1024,1,bootstrap_jackknife,0.05799341793728833,0.000991138925542922
tinystories,0,refit,2048,1024,1,bootstrap_jackknife,0.043616559715806746,0.0007468658328455449
tinystories,0,fixed,2048,1024,5,bootstrap,0.02641746997833787,0.00017925088436417734
tinystories,0,refit,2048,1024,5,bootstrap,0.026417469978337892,0.0001792508843642279
tinystories,0,fixed,2048,1024,5,bootstrap_jackknife,0.02832583117014253,0.0006758588067247311
tinystories,0,refit,2048,1024,5,bootstrap_jackknife,0.028325831170142507,0.0006758588067248425
tinystories,0,fixed,2048,1024,20,bootstrap,0.011556704808653251,9.396168070827503e-05
tinystories,0,refit,2048,1024,20,bootstrap,0.015393218453692842,0.00012445871866937063
tinystories,0,fixed,2048,1024,20,bootstrap_jackknife,0.011913363840543756,0.00036694891304412546
tinystories,0,refit,2048,1024,20,bootstrap_jackknife,0.015863376197281526,0.00048666027195093994
tinystories,0,fixed,2048,2048,1,bootstrap,0.03218265211660141,0.00046478534285388916
tinystories,0,refit,2048,2048,1,bootstrap,0.024185594767352287,0.0003531911714212608
tinystories,0,fixed,2048,2048,1,bootstrap_jackknife,0.039202001188838646,0.0011000776443163282
tinystories,0,refit,2048,2048,1,bootstrap_jackknife,0.02949614340415982,0.0008347586530842235
tinystories,0,fixed,2048,2048,5,bootstrap,0.01870962859288784,0.00021755631521177862
tinystories,0,refit,2048,2048,5,bootstrap,0.018709628592887797,0.00021755631521172834
tinystories,0,fixed,2048,2048,5,bootstrap_jackknife,0.021026336167777247,0.0005582552611205646
tinystories,0,refit,2048,2048,5,bootstrap_jackknife,0.02102633616777717,0.0005582552611204775
tinystories,0,fixed,2048,2048,20,bootstrap,0.009078238516639596,9.540313949343204e-05
tinystories,0,refit,2048,2048,20,bootstrap,0.012097735888298662,0.0001261603578159331
tinystories,0,fixed,2048,2048,20,bootstrap_jackknife,0.009600405737891263,0.00025913273481899984
tinystories,0,refit,2048,2048,20,bootstrap_jackknife,0.012790364414312952,0.00034278342890985407
tinystories,0,fixed,2048,4096,1,bootstrap,0.01800177181926244,0.0002039672521778859
tinystories,0,refit,2048,4096,1,bootstrap,0.013521878012269182,0.000157149509849259
tinystories,0,fixed,2048,4096,1,bootstrap_jackknife,0.02398055956727368,0.0006135674676060942
tinystories,0,refit,2048,4096,1,bootstrap_jackknife,0.018039397107946026,0.0004682570024858067
tinystories,0,fixed,2048,4096,5,bootstrap,0.012384070730637712,0.0001045229445897
tinystories,0,refit,2048,4096,5,bootstrap,0.012384070730637691,0.00010452294458971385
tinystories,0,fixed,2048,4096,5,bootstrap_jackknife,0.015002032460920717,0.00032984805653110536
tinystories,0,refit,2048,4096,5,bootstrap_jackknife,0.015002032460920647,0.0003298480565311471
tinystories,0,fixed,2048,4096,20,bootstrap,0.006931764819953814,4.4715348284921426e-05
tinystories,0,refit,2048,4096,20,bootstrap,0.00923841220494486,5.886504843559425e-05
tinystories,0,fixed,2048,4096,20,bootstrap_jackknife,0.007775635896430474,0.00015400593815904521
tinystories,0,refit,2048,4096,20,bootstrap_jackknife,0.01035569028021343,0.00020377633629423434
tinystories,0,fixed,4096,512,1,bootstrap,0.0769396244661323,0.00012718834369471652
tinystories,0,refit,4096,512,1,bootstrap,0.057741895193310355,0.00010272405578226147
tinystories,0,fixed,4096,512,1,bootstrap_jackknife,0.07997390968812874,9.963747145640519e-05
tinystories,0,refit,4096,512,1,bootstrap_jackknife,0.06001592171269754,7.162991760503216e-05
tinystories,0,fixed,4096,512,5,bootstrap,0.03540058571834374,0.00016003528292670547
tinystories,0,refit,4096,512,5,bootstrap,0.03540058571834374,0.00016003528292665928
tinystories,0,fixed,4096,512,5,bootstrap_jackknife,0.03624190882037585,8.553568311450549e-05
tinystories,0,refit,4096,512,5,bootstrap_jackknife,0.036241908820375826,8.553568311441374e-05
tinystories,0,fixed,4096,512,20,bootstrap,0.014314449958389423,9.565439178660765e-05
tinystories,0,refit,4096,512,20,bootstrap,0.01906569634186611,0.0001248821968282869
tinystories,0,fixed,4096,512,20,bootstrap_jackknife,0.014476818995345987,7.71686122096834e-05
tinystories,0,refit,4096,512,20,bootstrap_jackknife,0.019286877226980626,9.910021668435039e-05
tinystories,0,fixed,4096,1024,1,bootstrap,0.05508033580649838,0.00043171137388657886
tinystories,0,refit,4096,1024,1,bootstrap,0.04135794269415985,0.00032440183254984215
tinystories,0,fixed,4096,1024,1,bootstrap_jackknife,0.0587355774481584,0.0008952735418748805
tinystories,0,refit,4096,1024,1,bootstrap_jackknife,0.04411124331328246,0.0006771460459188271
tinystories,0,fixed,4096,1024,5,bootstrap,0.027485452437957806,0.00031615290710594867
tinystories,0,refit,4096,1024,5,bootstrap,0.02748545243795787,0.0003161529071060074
tinystories,0,fixed,4096,1024,5,bootstrap_jackknife,0.028682766196024546,0.0006159747610460408
tinystories,0,refit,4096,1024,5,bootstrap_jackknife,0.028682766196024657,0.0006159747610461929
tinystories,0,fixed,4096,1024,20,bootstrap,0.011762849564788425,0.00015156860032549565
tinystories,0,refit,4096,1024,20,bootstrap,0.015668468335127687,0.00020296077672148335
tinystories,0,fixed,4096,1024,20,bootstrap_jackknife,0.012054310070027574,0.0002918985379699286
tinystories,0,refit,4096,1024,20,bootstrap_jackknife,0.016054647740901738,0.0003904284420469776
tinystories,0,fixed,4096,2048,1,bootstrap,0.03770852429659429,0.0001731855099916985
tinystories,0,refit,4096,2048,1,bootstrap,0.02832875393288062,0.00012716634785294844
tinystories,0,fixed,4096,2048,1,bootstrap_jackknife,0.042605955692194615,0.00027649536228408167
tinystories,0,refit,4096,2048,1,bootstrap_jackknife,0.03202313948144185,0.0002008207260324732
tinystories,0,fixed,4096,2048,5,bootstrap,0.020455925337560524,0.0001092379575318328
tinystories,0,refit,4096,2048,5,bootstrap,0.020455925337560445,0.00010923795753185507
tinystories,0,fixed,4096,2048,5,bootstrap_jackknife,0.022062572619378353,0.00016196996089428713
tinystories,0,refit,4096,2048,5,bootstrap_jackknife,0.02206257261937825,0.00016196996089437387
tinystories,0,fixed,4096,2048,20,bootstrap,0.00954064995752467,4.4000043373596245e-05
tinystories,0,refit,4096,2048,20,bootstrap,0.012709667500472912,5.896015919724092e-05
tinystories,0,fixed,4096,2048,20,bootstrap_jackknife,0.009971237237220326,5.148827510990175e-05
tinystories,0,refit,4096,2048,20,bootstrap_jackknife,0.013280600757556332,7.029394931366049e-05
tinystories,0,fixed,4096,4096,1,bootstrap,0.023433164069696057,0.0002899991834573969
tinystories,0,refit,4096,4096,1,bootstrap,0.01761414369379803,0.0002162157717985341
tinystories,0,fixed,4096,4096,1,bootstrap_jackknife,0.02850794006451964,0.0006673130209917674
tinystories,0,refit,4096,4096,1,bootstrap_jackknife,0.021449942281771134,0.0004941003830533094
tinystories,0,fixed,4096,4096,5,bootstrap,0.014136863139322565,9.848355844794167e-05
tinystories,0,refit,4096,4096,5,bootstrap,0.014136863139322525,9.848355844794132e-05
tinystories,0,fixed,4096,4096,5,bootstrap_jackknife,0.015884504143480943,0.00024601042013757795
tinystories,0,refit,4096,4096,5,bootstrap_jackknife,0.015884504143480856,0.0002460104201375767
tinystories,0,fixed,4096,4096,20,bootstrap,0.007318082551689781,2.146768006381455e-05
tinystories,0,refit,4096,4096,20,bootstrap,0.00974948834432426,2.7875555402486175e-05
tinystories,0,fixed,4096,4096,20,bootstrap_jackknife,0.0077950291923030365,7.2776213715036e-05
tinystories,0,refit,4096,4096,20,bootstrap_jackknife,0.010379538783621169,9.627857790251996e-05
tinystories,0,fixed,8192,512,1,bootstrap,0.07852640798534637,0.0005712533943385785
tinystories,0,refit,8192,512,1,bootstrap,0.05895282247972192,0.00043507251281313153
tinystories,0,fixed,8192,512,1,bootstrap_jackknife,0.07998058739928839,0.0014035951053576834
tinystories,0,refit,8192,512,1,bootstrap_jackknife,0.060065460827930565,0.0010707232442940307
tinystories,0,fixed,8192,512,5,bootstrap,0.035950391367960854,0.00031536224402243276
tinystories,0,refit,8192,512,5,bootstrap,0.035950391367960834,0.00031536224402241433
tinystories,0,fixed,8192,512,5,bootstrap_jackknife,0.0364818634684771,0.0008211645145233347
tinystories,0,refit,8192,512,5,bootstrap_jackknife,0.03648186346847706,0.0008211645145233199
tinystories,0,fixed,8192,512,20,bootstrap,0.0144188254488316,0.00014238892242114057
tinystories,0,refit,8192,512,20,bootstrap,0.01920227113813612,0.00018590920336925836
tinystories,0,fixed,8192,512,20,bootstrap_jackknife,0.014546065300535455,0.0004229359880174158
tinystories,0,refit,8192,512,20,bootstrap_jackknife,0.01936711362899277,0.0005536762011419988
tinystories,0,fixed,8192,1024,1,bootstrap,0.05671521290566774,0.00024119284363885673
tinystories,0,refit,8192,1024,1,bootstrap,0.04258667733648469,0.00018891422606810782
tinystories,0,fixed,8192,1024,1,bootstrap_jackknife,0.058466668053199035,0.0005726150344809106
tinystories,0,refit,8192,1024,1,bootstrap_jackknife,0.043916708875574494,0.00044240444760492684
tinystories,0,fixed,8192,1024,5,bootstrap,0.02793219551993544,6.73748426616443e-05
tinystories,0,refit,8192,1024,5,bootstrap,0.027932195519935418,6.737484266162693e-05
tinystories,0,fixed,8192,1024,5,bootstrap_jackknife,0.028471463695483635,0.0001364295884653718
tinystories,0,refit,8192,1024,5,bootstrap_jackknife,0.02847146369548358,0.00013642958846532845
tinystories,0,fixed,8192,1024,20,bootstrap,0.011969099601883117,2.6554870664680943e-05
tinystories,0,refit,8192,1024,20,bootstrap,0.015944830348318065,3.4538445641682255e-05
tinystories,0,fixed,8192,1024,20,bootstrap_jackknife,0.012147819372685274,5.3193139636256256e-05
tinystories,0,refit,8192,1024,20,bootstrap_jackknife,0.016180822823112794,7.017030540595022e-05
tinystories,0,fixed,8192,2048,1,bootstrap,0.03955015243343021,3.1048017879497855e-05
tinystories,0,refit,8192,2048,1,bootstrap,0.029721098217873592,3.0247876028491535e-05
tinystories,0,fixed,8192,2048,1,bootstrap_jackknife,0.04249796239941672,0.00011509866340072089
tinystories,0,refit,8192,2048,1,bootstrap_jackknife,0.031953592927861714,9.544487613582164e-05
tinystories,0,fixed,8192,2048,5,bootstrap,0.020987690428406758,0.00010426450672667316
tinystories,0,refit,8192,2048,5,bootstrap,0.020987690428406716,0.00010426450672668228
tinystories,0,fixed,8192,2048,5,bootstrap_jackknife,0.021936048177085016,0.00011655071692256983
tinystories,0,refit,8192,2048,5,bootstrap_jackknife,0.02193604817708492,0.00011655071692258716
tinystories,0,fixed,8192,2048,20,bootstrap,0.009652358376905862,6.833207282128937e-05
tinystories,0,refit,8192,2048,20,bootstrap,0.012860513543655076,9.037276897206375e-05
tinystories,0,fixed,8192,2048,20,bootstrap_jackknife,0.009893580675369289,7.760722233572132e-05
tinystories,0,refit,8192,2048,20,bootstrap_jackknife,0.01317859068646715,0.00010271483992515398
tinystories,0,fixed,8192,4096,1,bootstrap,0.02626390644027009,0.00016208696254201008
tinystories,0,refit,8192,4096,1,bootstrap,0.019743433056865222,0.00012675623783702308
tinystories,0,fixed,8192,4096,1,bootstrap_jackknife,0.029748243243826356,0.0002180633244382347
tinystories,0,refit,8192,4096,1,bootstrap_jackknife,0.022383849836513234,0.00017338484497219652
tinystories,0,fixed,8192,4096,5,bootstrap,0.01496787332430978,0.00010893158027663419
tinystories,0,refit,8192,4096,5,bootstrap,0.01496787332430974,0.00010893158027662298
tinystories,0,fixed,8192,4096,5,bootstrap_jackknife,0.01613812561755611,0.0001354650723023861
tinystories,0,refit,8192,4096,5,bootstrap_jackknife,0.016138125617555992,0.00013546507230236953
tinystories,0,fixed,8192,4096,20,bootstrap,0.007471886908759333,4.46330629010003e-05
tinystories,0,refit,8192,4096,20,bootstrap,0.009959186184806729,5.762458235425302e-05
tinystories,0,fixed,8192,4096,20,bootstrap_jackknife,0.007764150078742877,5.700693552066312e-05
tinystories,0,refit,8192,4096,20,bootstrap_jackknife,0.010347027407185828,7.308504298514746e-05
tinystories,1,fixed,1024,512,1,bootstrap,0.07032819332176898,0.0006009373848977574
tinystories,1,refit,1024,512,1,bootstrap,0.052768367144384994,0.00044992464153908676
tinystories,1,fixed,1024,512,1,bootstrap_jackknife,0.08184070189199645,0.0014057935576731286
tinystories,1,refit,1024,512,1,bootstrap_jackknife,0.06142730189855559,0.0010587855894303197
tinystories,1,fixed,1024,512,5,bootstrap,0.033019131439172476,0.0003945994208134075
tinystories,1,refit,1024,512,5,bootstrap,0.033019131439172476,0.0003945994208134035
tinystories,1,fixed,1024,512,5,bootstrap_jackknife,0.03593815925056129,0.0008483777700302137
tinystories,1,refit,1024,512,5,bootstrap_jackknife,0.0359381592505613,0.000848377770030232
tinystories,1,fixed,1024,512,20,bootstrap,0.013545755768889821,0.00023980743417543815
tinystories,1,refit,1024,512,20,bootstrap,0.018046604340417903,0.0003168615426288325
tinystories,1,fixed,1024,512,20,bootstrap_jackknife,0.014027810152070011,0.00047242034369923095
tinystories,1,refit,1024,512,20,bootstrap_jackknife,0.01868743632616437,0.0006223210908271324
tinystories,1,fixed,1024,1024,1,bootstrap,0.044684209156998396,0.00012169164067705215
tinystories,1,refit,1024,1024,1,bootstrap,0.0335544929343168,8.753211210749863e-05
tinystories,1,fixed,1024,1024,1,bootstrap_jackknife,0.0552322335747088,0.0005944564415270652
tinystories,1,refit,1024,1024,1,bootstrap_jackknife,0.041515555933849924,0.0004379976872394481
tinystories,1,fixed,1024,1024,5,bootstrap,0.024107787974963064,3.444780175113632e-05
tinystories,1,refit,1024,1024,5,bootstrap,0.024107787974963102,3.444780175112337e-05
tinystories,1,fixed,1024,1024,5,bootstrap_jackknife,0.027034308873754204,0.00017465803946859574
tinystories,1,refit,1024,1024,5,bootstrap_jackknife,0.02703430887375428,0.00017465803946857723
tinystories,1,fixed,1024,1024,20,bootstrap,0.010780775589774756,2.3540204785884517e-05
tinystories,1,refit,1024,1024,20,bootstrap,0.014373282123072229,3.0343937348720473e-05
tinystories,1,fixed,1024,1024,20,bootstrap_jackknife,0.01117855086281773,7.578166600554195e-05
tinystories,1,refit,1024,1024,20,bootstrap_jackknife,0.014901415399435724,9.945614672332334e-05
tinystories,1,fixed,1024,2048,1,bootstrap,0.025313377685393924,0.0003690030428749256
tinystories,1,refit,1024,2048,1,bootstrap,0.01900448401950155,0.0002782904955817124
tinystories,1,fixed,1024,2048,1,bootstrap_jackknife,0.03407407527262433,0.0009209057581469384
tinystories,1,refit,1024,2048,1,bootstrap_jackknife,0.02561352896403031,0.0006934342325202389
tinystories,1,fixed,1024,2048,5,bootstrap,0.016258416398139117,0.0001241736040253484
tinystories,1,refit,1024,2048,5,bootstrap,0.016258416398139134,0.00012417360402538748
tinystories,1,fixed,1024,2048,5,bootstrap_jackknife,0.019467289672992504,0.0003634298228971129
tinystories,1,refit,1024,2048,5,bootstrap_jackknife,0.019467289672992577,0.00036342982289716037
tinystories,1,fixed,1024,2048,20,bootstrap,0.008284533218555325,1.4790574715330275e-05
tinystories,1,refit,1024,2048,20,bootstrap,0.011048944313497384,1.8660476067066185e-05
tinystories,1,fixed,1024,2048,20,bootstrap_jackknife,0.008957472691972668,8.962372729727543e-05
tinystories,1,refit,1024,2048,20,bootstrap_jackknife,0.011941516152973326,0.00011806966160154639
tinystories,1,fixed,1024,4096,1,bootstrap,0.012169809282191009,0.00026608906266275775
tinystories,1,refit,1024,4096,1,bootstrap,0.00913117847593941,0.00019703293204022826
tinystories,1,fixed,1024,4096,1,bootstrap_jackknife,0.016809796092897865,0.0005513954452324396
tinystories,1,refit,1024,4096,1,bootstrap_jackknife,0.012626745386884191,0.00041000960669198785
tinystories,1,fixed,1024,4096,5,bootstrap,0.00981560750619652,0.0002178546062472369
tinystories,1,refit,1024,4096,5,bootstrap,0.009815607506196538,0.00021785460624724654
tinystories,1,fixed,1024,4096,5,bootstrap_jackknife,0.012724011489238475,0.0004527358645443134
tinystories,1,refit,1024,4096,5,bootstrap_jackknife,0.012724011489238504,0.0004527358645443607
tinystories,1,fixed,1024,4096,20,bootstrap,0.006030165486240454,0.00014370735918392858
tinystories,1,refit,1024,4096,20,bootstrap,0.008044459920497378,0.0001915804872617145
tinystories,1,fixed,1024,4096,20,bootstrap_jackknife,0.007108733236900651,0.00029188506246208924
tinystories,1,refit,1024,4096,20,bootstrap_jackknife,0.009477258358683849,0.00038813798011514946
tinystories,1,fixed,2048,512,1,bootstrap,0.07432812155225887,0.00043672176036073737
tinystories,1,refit,2048,512,1,bootstrap,0.055752874121631456,0.0003352843799228869
tinystories,1,fixed,2048,512,1,bootstrap_jackknife,0.08045377005068381,0.0007184796628623337
tinystories,1,refit,2048,512,1,bootstrap_jackknife,0.06037091375117659,0.0005433955724566626
tinystories,1,fixed,2048,512,5,bootstrap,0.034464814621578355,0.00019237250708025155
tinystories,1,refit,2048,512,5,bootstrap,0.034464814621578334,0.000192372507080233
tinystories,1,fixed,2048,512,5,bootstrap_jackknife,0.03632253739554688,0.00026698392137312833
tinystories,1,refit,2048,512,5,bootstrap_jackknife,0.03632253739554683,0.00026698392137305065
tinystories,1,fixed,2048,512,20,bootstrap,0.013895699036891182,5.95202304727062e-05
tinystories,1,refit,2048,512,20,bootstrap,0.01851534448047587,8.151655022158204e-05
tinystories,1,fixed,2048,512,20,bootstrap_jackknife,0.014285230145724708,6.966283835571044e-05
tinystories,1,refit,2048,512,20,bootstrap_jackknife,0.019034160824075268,9.637523593833812e-05
tinystories,1,fixed,2048,1024,1,bootstrap,0.05197973614061354,0.0002710667335294104
tinystories,1,refit,2048,1024,1,bootstrap,0.03900499979873293,0.00020744938753612655
tinystories,1,fixed,2048,1024,1,bootstrap_jackknife,0.059149618560375365,0.0003326296860431719
tinystories,1,refit,2048,1024,1,bootstrap_jackknife,0.04442438163908922,0.00025958693611532763
tinystories,1,fixed,2048,1024,5,bootstrap,0.026634835922376646,0.00015264657156189763
tinystories,1,refit,2048,1024,5,bootstrap,0.02663483592237667,0.0001526465715618781
tinystories,1,fixed,2048,1024,5,bootstrap_jackknife,0.028883097324117913,0.0002555546677346575
tinystories,1,refit,2048,1024,5,bootstrap_jackknife,0.028883097324118003,0.00025555466773462737
tinystories,1,fixed,2048,1024,20,bootstrap,0.01154402067975426,5.8207196818613016e-05
tinystories,1,refit,2048,1024,20,bootstrap,0.015385357796148231,7.712733124304063e-05
tinystories,1,fixed,2048,1024,20,bootstrap_jackknife,0.011986808107671262,0.00014976914271051643
tinystories,1,refit,2048,1024,20,bootstrap_jackknife,0.015971277573275728,0.00019855013082578117
tinystories,1,fixed,2048,2048,1,bootstrap,0.032800495520358595,6.38416768774795e-05
tinystories,1,refit,2048,2048,1,bootstrap,0.024617678336669946,4.5658869233290295e-05
tinystories,1,fixed,2048,2048,1,bootstrap_jackknife,0.04045715955798724,0.0002487909497539653
tinystories,1,refit,2048,2048,1,bootstrap_jackknife,0.030398765200203754,0.0001869216192791009
tinystories,1,fixed,2048,2048,5,bootstrap,0.01916781121982319,2.8971722512557877e-05
tinystories,1,refit,2048,2048,5,bootstrap,0.019167811219823208,2.8971722512561066e-05
tinystories,1,fixed,2048,2048,5,bootstrap_jackknife,0.021909882267772116,4.770932057139905e-05
tinystories,1,refit,2048,2048,5,bootstrap_jackknife,0.021909882267772126,4.7709320571424895e-05
tinystories,1,fixed,2048,2048,20,bootstrap,0.009230163472309667,3.1484443464439655e-05
tinystories,1,refit,2048,2048,20,bootstrap,0.012308559504384102,4.265266985722471e-05
tinystories,1,fixed,2048,2048,20,bootstrap_jackknife,0.00988441040066649,6.170770621149305e-05
tinystories,1,refit,2048,2048,20,bootstrap_jackknife,0.013176477542663273,8.216591698815786e-05
tinystories,1,fixed,2048,4096,1,bootstrap,0.01776417262071293,4.372506570328903e-05
tinystories,1,refit,2048,4096,1,bootstrap,0.01334044040431317,3.3816720885671974e-05
tinystories,1,fixed,2048,4096,1,bootstrap_jackknife,0.023526682896126878,0.0002496292879175269
tinystories,1,refit,2048,4096,1,bootstrap_jackknife,0.017702121214044537,0.00018748234826567231
tinystories,1,fixed,2048,4096,5,bootstrap,0.012278711377647236,8.903484780279487e-05
tinystories,1,refit,2048,4096,5,bootstrap,0.012278711377647236,8.90348478028225e-05
tinystories,1,fixed,2048,4096,5,bootstrap_jackknife,0.01490443705196047,0.0002405730298471704
tinystories,1,refit,2048,4096,5,bootstrap_jackknife,0.014904437051960468,0.00024057302984723103
tinystories,1,fixed,2048,4096,20,bootstrap,0.006841551328832314,5.690109498914749e-05
tinystories,1,refit,2048,4096,20,bootstrap,0.009125612282576138,7.608832007150365e-05
tinystories,1,fixed,2048,4096,20,bootstrap_jackknife,0.007685910034812528,0.0001281758693734352
tinystories,1,refit,2048,4096,20,bootstrap_jackknife,0.010244998996850383,0.00017174543741629592
tinystories,1,fixed,4096,512,1,bootstrap,0.07744435670590034,0.0001075632021571405
tinystories,1,refit,4096,512,1,bootstrap,0.058096674043746,8.433059016831365e-05
tinystories,1,fixed,4096,512,1,bootstrap_jackknife,0.08040602573630627,0.0005746821681014005
tinystories,1,refit,4096,512,1,bootstrap_jackknife,0.060312056002732796,0.0004474274482378835
tinystories,1,fixed,4096,512,5,bootstrap,0.035360212755274546,7.658085377040241e-05
tinystories,1,refit,4096,512,5,bootstrap,0.03536021275527457,7.658085377040038e-05
tinystories,1,fixed,4096,512,5,bootstrap_jackknife,0.035786757362118025,0.00033008610259974256
tinystories,1,refit,4096,512,5,bootstrap_jackknife,0.03578675736211804,0.0003300861025996791
tinystories,1,fixed,4096,512,20,bootstrap,0.01413264382131122,1.671888275246565e-05
tinystories,1,refit,4096,512,20,bootstrap,0.01882523130694905,2.182619089147468e-05
tinystories,1,fixed,4096,512,20,bootstrap_jackknife,0.014016040288828503,0.0001771898965744608
tinystories,1,refit,4096,512,20,bootstrap_jackknife,0.018672692361675382,0.00023211379091870435
tinystories,1,fixed,4096,1024,1,bootstrap,0.05563319210300488,0.0002164710524358142
tinystories,1,refit,4096,1024,1,bootstrap,0.0417528922036584,0.00016367890597574785
tinystories,1,fixed,4096,1024,1,bootstrap_jackknife,0.05919627189629959,0.0006576453547452008
tinystories,1,refit,4096,1024,1,bootstrap_jackknife,0.04442384538798196,0.0004935113781436374
tinystories,1,fixed,4096,1024,5,bootstrap,0.027845903275662307,0.00015288678673451534
tinystories,1,refit,4096,1024,5,bootstrap,0.027845903275662328,0.00015288678673450559
tinystories,1,fixed,4096,1024,5,bootstrap_jackknife,0.028962069764843303,0.00044803541006299306
tinystories,1,refit,4096,1024,5,bootstrap_jackknife,0.028962069764843362,0.0004480354100629712
tinystories,1,fixed,4096,1024,20,bootstrap,0.012033303575020138,0.00011427631224571429
tinystories,1,refit,4096,1024,20,bootstrap,0.01603398818872935,0.00015138679976239738
tinystories,1,fixed,4096,1024,20,bootstrap_jackknife,0.012342653391478211,0.0003097397799243152
tinystories,1,refit,4096,1024,20,bootstrap_jackknife,0.01644346660686508,0.00041113645246365513
tinystories,1,fixed,4096,2048,1,bootstrap,0.03707933641826102,0.0003961677358216437
tinystories,1,refit,4096,2048,1,bootstrap,0.027855379468530988,0.00030354527106306854
tinystories,1,fixed,4096,2048,1,bootstrap_jackknife,0.0415735156214513,0.0005850649611580963
tinystories,1,refit,4096,2048,1,bootstrap_jackknife,0.031237974054391406,0.00045185170970127325
tinystories,1,fixed,4096,2048,5,bootstrap,0.020396366054051897,0.00010095627020249006
tinystories,1,refit,4096,2048,5,bootstrap,0.020396366054051856,0.0001009562702024673
tinystories,1,fixed,4096,2048,5,bootstrap_jackknife,0.022000429341101208,0.00013519177861276088
tinystories,1,refit,4096,2048,5,bootstrap_jackknife,0.02200042934110112,0.0001351917786127444
tinystories,1,fixed,4096,2048,20,bootstrap,0.009589117951098755,3.957723796976698e-05
tinystories,1,refit,4096,2048,20,bootstrap,0.012784088450505571,5.0721970807785924e-05
tinystories,1,fixed,4096,2048,20,bootstrap_jackknife,0.010028984844829133,9.415865781365903e-05
tinystories,1,refit,4096,2048,20,bootstrap_jackknife,0.013370748414268283,0.0001217989720357107
tinystories,1,fixed,4096,4096,1,bootstrap,0.0221697857413284,7.695394584229112e-05
tinystories,1,refit,4096,4096,1,bootstrap,0.01665972528109343,5.329757655286958e-05
tinystories,1,fixed,4096,4096,1,bootstrap_jackknife,0.026650109016063277,0.00033797289859358986
tinystories,1,refit,4096,4096,1,bootstrap_jackknife,0.02003597815778355,0.00025335606146908654
tinystories,1,fixed,4096,4096,5,bootstrap,0.013697659561739647,2.8771269619973836e-06
tinystories,1,refit,4096,4096,5,bootstrap,0.013697659561739664,2.8771269619626206e-06
tinystories,1,fixed,4096,4096,5,bootstrap_jackknife,0.015335601212106765,0.00015472571724614248
tinystories,1,refit,4096,4096,5,bootstrap_jackknife,0.015335601212106795,0.00015472571724609306
tinystories,1,fixed,4096,4096,20,bootstrap,0.007202251216666491,1.3756746840656469e-05
tinystories,1,refit,4096,4096,20,bootstrap,0.00960446028178647,1.8359039119713164e-05
tinystories,1,fixed,4096,4096,20,bootstrap_jackknife,0.007639305128173059,8.210301289099103e-05
tinystories,1,refit,4096,4096,20,bootstrap_jackknife,0.010186882487550945,0.00010992441638645766
tinystories,1,fixed,8192,512,1,bootstrap,0.078864306695494,0.00045023044159304574
tinystories,1,refit,8192,512,1,bootstrap,0.05918271728632938,0.00035062083437515024
tinystories,1,fixed,8192,512,1,bootstrap_jackknife,0.0798095776306741,0.0007844247803625685
tinystories,1,refit,8192,512,1,bootstrap_jackknife,0.059894657254458195,0.0006094111889277676
tinystories,1,fixed,8192,512,5,bootstrap,0.03588862656946081,0.0001162046099911331
tinystories,1,refit,8192,512,5,bootstrap,0.03588862656946079,0.00011620460999117641
tinystories,1,fixed,8192,512,5,bootstrap_jackknife,0.03594846426895162,0.00019405392811921204
tinystories,1,refit,8192,512,5,bootstrap_jackknife,0.035948464268951597,0.00019405392811930092
tinystories,1,fixed,8192,512,20,bootstrap,0.01442194617981118,8.897850103223099e-05
tinystories,1,refit,8192,512,20,bootstrap,0.01920453084087809,0.00011708866995625512
tinystories,1,fixed,8192,512,20,bootstrap_jackknife,0.014392691187333514,6.331081615594693e-05
tinystories,1,refit,8192,512,20,bootstrap_jackknife,0.01916330286177505,8.429200082181611e-05
tinystories,1,fixed,8192,1024,1,bootstrap,0.05758857389334507,0.0002904198626267155
tinystories,1,refit,8192,1024,1,bootstrap,0.04324575220693914,0.00021152963110697122
tinystories,1,fixed,8192,1024,1,bootstrap_jackknife,0.059460234536855845,0.000708139934878218
tinystories,1,refit,8192,1024,1,bootstrap_jackknife,0.04466355045274697,0.0005134685928086885
tinystories,1,fixed,8192,1024,5,bootstrap,0.028196163131111854,0.0001616725383094147
tinystories,1,refit,8192,1024,5,bootstrap,0.028196163131111854,0.0001616725383094147
tinystories,1,fixed,8192,1024,5,bootstrap_jackknife,0.028648119627172786,0.0003827604972852601
tinystories,1,refit,8192,1024,5,bootstrap_jackknife,0.028648119627172734,0.00038276049728526375
tinystories,1,fixed,8192,1024,20,bootstrap,0.011920410715951174,9.521159460583766e-05
tinystories,1,refit,8192,1024,20,bootstrap,0.015882962693522174,0.00012577690254361634
tinystories,1,fixed,8192,1024,20,bootstrap_jackknife,0.011932192497698191,0.00020405935693063512
tinystories,1,refit,8192,1024,20,bootstrap_jackknife,0.015898294834210843,0.0002681844206829911
tinystories,1,fixed,8192,2048,1,bootstrap,0.0398156599898128,0.00023783399228240467
tinystories,1,refit,8192,2048,1,bootstrap,0.029917590602927212,0.00018196780484878056
tinystories,1,fixed,8192,2048,1,bootstrap_jackknife,0.04224743326848626,0.0005683529887784061
tinystories,1,refit,8192,2048,1,bootstrap_jackknife,0.03174585058347948,0.0004369196263227532
tinystories,1,fixed,8192,2048,5,bootstrap,0.021306260806511112,0.00016027510309052823
tinystories,1,refit,8192,2048,5,bootstrap,0.02130626080651113,0.00016027510309051297
tinystories,1,fixed,8192,2048,5,bootstrap_jackknife,0.022127263705714162,0.00034121599336622924
tinystories,1,refit,8192,2048,5,bootstrap_jackknife,0.022127263705714214,0.0003412159933662046
tinystories,1,fixed,8192,2048,20,bootstrap,0.009740240273388502,8.147440602402325e-05
tinystories,1,refit,8192,2048,20,bootstrap,0.012979803609532778,0.00010731980863990096
tinystories,1,fixed,8192,2048,20,bootstrap_jackknife,0.009894089494073529,0.00014928134658287462
tinystories,1,refit,8192,2048,20,bootstrap_jackknife,0.013184536364616056,0.00019657134907082125
tinystories,1,fixed,8192,4096,1,bootstrap,0.02554830612527527,6.469506092798433e-05
tinystories,1,refit,8192,4096,1,bootstrap,0.019206802090240078,5.2290326809261316e-05
tinystories,1,fixed,8192,4096,1,bootstrap_jackknife,0.028480731597104975,0.0002923795090760308
tinystories,1,refit,8192,4096,1,bootstrap_jackknife,0.02141392878465936,0.000228686485073017
tinystories,1,fixed,8192,4096,5,bootstrap,0.014954395070745481,4.277328619223818e-05
tinystories,1,refit,8192,4096,5,bootstrap,0.014954395070745521,4.277328619221852e-05
tinystories,1,fixed,8192,4096,5,bootstrap_jackknife,0.015949403081855457,0.00014022964803233086
tinystories,1,refit,8192,4096,5,bootstrap_jackknife,0.015949403081855527,0.00014022964803229592
tinystories,1,fixed,8192,4096,20,bootstrap,0.007530092288254349,3.296011738432247e-05
tinystories,1,refit,8192,4096,20,bootstrap,0.010033942838552277,4.4598159611384984e-05
tinystories,1,fixed,8192,4096,20,bootstrap_jackknife,0.007771811615186304,7.864078900262053e-05
tinystories,1,refit,8192,4096,20,bootstrap_jackknife,0.010354509684374832,0.00010429469620223853
tinystories,2,fixed,1024,512,1,bootstrap,0.06897010004639388,0.001075452729289169
tinystories,2,refit,1024,512,1,bootstrap,0.051719567335798855,0.000807906451484173
tinystories,2,fixed,1024,512,1,bootstrap_jackknife,0.07997457201743528,0.0022044329053007485
tinystories,2,refit,1024,512,1,bootstrap_jackknife,0.05996815718391702,0.0016539300754171168
tinystories,2,fixed,1024,512,5,bootstrap,0.03325199321777499,0.0006599096090081256
tinystories,2,refit,1024,512,5,bootstrap,0.033251993217774944,0.0006599096090081427
tinystories,2,fixed,1024,512,5,bootstrap_jackknife,0.036325327891524116,0.001488907198188029
tinystories,2,refit,1024,512,5,bootstrap_jackknife,0.03632532789152401,0.0014889071981880593
tinystories,2,fixed,1024,512,20,bootstrap,0.013854006194866287,0.00026307526924172173
tinystories,2,refit,1024,512,20,bootstrap,0.018452617729428532,0.00034913363451388946
tinystories,2,fixed,1024,512,20,bootstrap_jackknife,0.014521836084344231,0.0006764631501868312
tinystories,2,refit,1024,512,20,bootstrap_jackknife,0.019338354435298705,0.0008974791668939056
tinystories,2,fixed,1024,1024,1,bootstrap,0.0444031565948366,0.0005976247459414229
tinystories,2,refit,1024,1024,1,bootstrap,0.033284075788837464,0.00044089755530382695
tinystories,2,fixed,1024,1024,1,bootstrap_jackknife,0.055715183425681956,0.0013181567766291397
tinystories,2,refit,1024,1024,1,bootstrap_jackknife,0.04177106577671705,0.0009731274859545575
tinystories,2,fixed,1024,1024,5,bootstrap,0.024338117426781894,0.0004283673592624815
tinystories,2,refit,1024,1024,5,bootstrap,0.024338117426781936,0.00042836735926249624
tinystories,2,fixed,1024,1024,5,bootstrap_jackknife,0.02794755722144776,0.0009115054276808045
tinystories,2,refit,1024,1024,5,bootstrap_jackknife,0.0279475572214478,0.0009115054276808499
tinystories,2,fixed,1024,1024,20,bootstrap,0.011281657060878983,0.00023155520285457454
tinystories,2,refit,1024,1024,20,bootstrap,0.015036778621484989,0.0003091616943907229
tinystories,2,fixed,1024,1024,20,bootstrap_jackknife,0.012212926685415168,0.00048773807920506903
tinystories,2,refit,1024,1024,20,bootstrap_jackknife,0.016276454626486903,0.0006517500676440082
tinystories,2,fixed,1024,2048,1,bootstrap,0.024120271657370452,0.0002469057009542995
tinystories,2,refit,1024,2048,1,bootstrap,0.018064764978481546,0.000181437915793053
tinystories,2,fixed,1024,2048,1,bootstrap_jackknife,0.032757236299649196,0.0003077873719221316
tinystories,2,refit,1024,2048,1,bootstrap_jackknife,0.0245377250844428,0.0002273854695421061
tinystories,2,fixed,1024,2048,5,bootstrap,0.015596009926827943,0.00018576310135923267
tinystories,2,refit,1024,2048,5,bootstrap,0.015596009926828006,0.00018576310135923226
tinystories,2,fixed,1024,2048,5,bootstrap_jackknife,0.018731768220669184,0.00021196058396959688
tinystories,2,refit,1024,2048,5,bootstrap_jackknife,0.018731768220669288,0.00021196058396957685
tinystories,2,fixed,1024,2048,20,bootstrap,0.008162458625008027,7.338622130227042e-05
tinystories,2,refit,1024,2048,20,bootstrap,0.010890745903730409,9.78198229328216e-05
tinystories,2,fixed,1024,2048,20,bootstrap_jackknife,0.008807502526869626,1.8317397565474063e-05
tinystories,2,refit,1024,2048,20,bootstrap_jackknife,0.01175281037714504,2.5370462999764714e-05
tinystories,2,fixed,1024,4096,1,bootstrap,0.011692599021744715,0.00026983012634982425
tinystories,2,refit,1024,4096,1,bootstrap,0.008754028343175353,0.00019969990776025253
tinystories,2,fixed,1024,4096,1,bootstrap_jackknife,0.01617173117159944,0.0005664559227753135
tinystories,2,refit,1024,4096,1,bootstrap_jackknife,0.01210877108418671,0.0004205278303670743
tinystories,2,fixed,1024,4096,5,bootstrap,0.009492399099895523,0.00019519605145897163
tinystories,2,refit,1024,4096,5,bootstrap,0.009492399099895505,0.00019519605145896664
tinystories,2,fixed,1024,4096,5,bootstrap_jackknife,0.012275272909937435,0.00042712899459991977
tinystories,2,refit,1024,4096,5,bootstrap_jackknife,0.012275272909937357,0.0004271289945999268
tinystories,2,fixed,1024,4096,20,bootstrap,0.005942385217575227,0.00011322855426718173
tinystories,2,refit,1024,4096,20,bootstrap,0.007932286238413038,0.00015175710879106847
tinystories,2,fixed,1024,4096,20,bootstrap_jackknife,0.00695668826087011,0.00026223445994162615
tinystories,2,refit,1024,4096,20,bootstrap_jackknife,0.009285220892950648,0.00035108253147210294
tinystories,2,fixed,2048,512,1,bootstrap,0.07493603802980932,0.00041789537711026657
tinystories,2,refit,2048,512,1,bootstrap,0.05621501226310344,0.0003188796368285099
tinystories,2,fixed,2048,512,1,bootstrap_jackknife,0.08187677410687771,0.0003311366542183519
tinystories,2,refit,2048,512,1,bootstrap_jackknife,0.061430198463803966,0.0002689850895420071
tinystories,2,fixed,2048,512,5,bootstrap,0.03530992636792223,0.00023921176044986876
tinystories,2,refit,2048,512,5,bootstrap,0.035309926367922254,0.0002392117604498493
tinystories,2,fixed,2048,512,5,bootstrap_jackknife,0.0379686481805361,0.0003306736948034397
tinystories,2,refit,2048,512,5,bootstrap_jackknife,0.037968648180536135,0.0003306736948034059
tinystories,2,fixed,2048,512,20,bootstrap,0.014562096661192106,0.00014388049206001956
tinystories,2,refit,2048,512,20,bootstrap,0.019391892773810673,0.00019069693284889084
tinystories,2,fixed,2048,512,20,bootstrap_jackknife,0.015519679564917371,0.00020600865956711117
tinystories,2,refit,2048,512,20,bootstrap_jackknife,0.02065963309303458,0.0002736287403575579
tinystories,2,fixed,2048,1024,1,bootstrap,0.051826806290018845,0.00022222871821562213
tinystories,2,refit,2048,1024,1,bootstrap,0.03888753577538561,0.00016730004591062564
tinystories,2,fixed,2048,1024,1,bootstrap_jackknife,0.059654699731433315,0.0007141260850060829
tinystories,2,refit,2048,1024,1,bootstrap_jackknife,0.04476166714611235,0.0005465892446591534
tinystories,2,fixed,2048,1024,5,bootstrap,0.02616539900407998,0.00012444399641684401
tinystories,2,refit,2048,1024,5,bootstrap,0.026165399004079996,0.00012444399641682564
tinystories,2,fixed,2048,1024,5,bootstrap_jackknife,0.02840230369478572,0.0003615879692696425
tinystories,2,refit,2048,1024,5,bootstrap_jackknife,0.02840230369478573,0.00036158796926961527
tinystories,2,fixed,2048,1024,20,bootstrap,0.01149440376452701,5.7399017756449296e-05
tinystories,2,refit,2048,1024,20,bootstrap,0.015317393379786834,7.578832275907901e-05
tinystories,2,fixed,2048,1024,20,bootstrap_jackknife,0.011979033396792396,0.00017690362351648092
tinystories,2,refit,2048,1024,20,bootstrap_jackknife,0.015964053235870156,0.0002338178029955514
tinystories,2,fixed,2048,2048,1,bootstrap,0.03326487362590148,0.00012270855196684912
tinystories,2,refit,2048,2048,1,bootstrap,0.024946941694157173,9.185653112378026e-05
tinystories,2,fixed,2048,2048,1,bootstrap_jackknife,0.04150931906174773,5.495951094770717e-05
tinystories,2,refit,2048,2048,1,bootstrap_jackknife,0.031138946914598866,3.48171351039793e-05
tinystories,2,fixed,2048,2048,5,bootstrap,0.018962821653502774,6.804102300971032e-05
tinystories,2,refit,2048,2048,5,bootstrap,0.018962821653502753,6.804102300969175e-05
tinystories,2,fixed,2048,2048,5,bootstrap_jackknife,0.02171139167524395,7.179259451786931e-05
tinystories,2,refit,2048,2048,5,bootstrap_jackknife,0.02171139167524393,7.179259451790877e-05
tinystories,2,fixed,2048,2048,20,bootstrap,0.00924486296906976,3.6925568448783585e-05
tinystories,2,refit,2048,2048,20,bootstrap,0.01232130782717932,4.853844357965563e-05
tinystories,2,fixed,2048,2048,20,bootstrap_jackknife,0.010009278998755622,8.487461824038533e-05
tinystories,2,refit,2048,2048,20,bootstrap_jackknife,0.013332504419333919,0.00011144972920925037
tinystories,2,fixed,2048,4096,1,bootstrap,0.01838640385499966,0.0002927923787794698
tinystories,2,refit,2048,4096,1,bootstrap,0.013776589537930423,0.0002195149132838223
tinystories,2,fixed,2048,4096,1,bootstrap_jackknife,0.025127702943779556,0.0005363408801197682
tinystories,2,refit,2048,4096,1,bootstrap_jackknife,0.018831201630151548,0.0003999904593063535
tinystories,2,fixed,2048,4096,5,bootstrap,0.012220111744791593,0.00013565282709917742
tinystories,2,refit,2048,4096,5,bootstrap,0.012220111744791514,0.00013565282709916308
tinystories,2,fixed,2048,4096,5,bootstrap_jackknife,0.014976282530897332,0.0002712551857366299
tinystories,2,refit,2048,4096,5,bootstrap_jackknife,0.014976282530897144,0.00027125518573661514
tinystories,2,fixed,2048,4096,20,bootstrap,0.006761092206874371,4.300928081008467e-05
tinystories,2,refit,2048,4096,20,bootstrap,0.009017843248565723,5.826241332294184e-05
tinystories,2,fixed,2048,4096,20,bootstrap_jackknife,0.0076123748300034625,0.0001035411357777286
tinystories,2,refit,2048,4096,20,bootstrap_jackknife,0.01015051605785932,0.00013951073445507884
tinystories,2,fixed,4096,512,1,bootstrap,0.07575929555082171,0.0005193248746078515
tinystories,2,refit,4096,512,1,bootstrap,0.05683548791186204,0.00038463232411885663
tinystories,2,fixed,4096,512,1,bootstrap_jackknife,0.07807901073561557,0.001165323378636559
tinystories,2,refit,4096,512,1,bootstrap_jackknife,0.05857880380488395,0.0008743807457940628
tinystories,2,fixed,4096,512,5,bootstrap,0.035219455714369595,0.00018140118295970994
tinystories,2,refit,4096,512,5,bootstrap,0.03521945571436961,0.00018140118295970235
tinystories,2,fixed,4096,512,5,bootstrap_jackknife,0.03591276592138306,0.0003906036556289225
tinystories,2,refit,4096,512,5,bootstrap_jackknife,0.03591276592138309,0.0003906036556289326
tinystories,2,fixed,4096,512,20,bootstrap,0.014280338134311727,6.09477445176969e-05
tinystories,2,refit,4096,512,20,bootstrap,0.01901548165445467,7.959757119147758e-05
tinystories,2,fixed,4096,512,20,bootstrap_jackknife,0.014420349321479639,0.0001159204899173357
tinystories,2,refit,4096,512,20,bootstrap_jackknife,0.019198557951903422,0.00015181421707613477
tinystories,2,fixed,4096,1024,1,bootstrap,0.054222116922927104,0.0004751152861738572
tinystories,2,refit,4096,1024,1,bootstrap,0.040671486315646155,0.0003545883902866321
tinystories,2,fixed,4096,1024,1,bootstrap_jackknife,0.05717823937641747,0.0006821813389584993
tinystories,2,refit,4096,1024,1,bootstrap_jackknife,0.042882240177027436,0.0005098026450308485
tinystories,2,fixed,4096,1024,5,bootstrap,0.026993613202703198,0.00018884209301127665
tinystories,2,refit,4096,1024,5,bootstrap,0.026993613202703198,0.00018884209301127665
tinystories,2,fixed,4096,1024,5,bootstrap_jackknife,0.027581009825324937,0.00018857101659489192
tinystories,2,refit,4096,1024,5,bootstrap_jackknife,0.027581009825324954,0.0001885710165948935
tinystories,2,fixed,4096,1024,20,bootstrap,0.011641040244554991,4.3399972456387574e-05
tinystories,2,refit,4096,1024,20,bootstrap,0.015511953818902234,5.740205993691685e-05
tinystories,2,fixed,4096,1024,20,bootstrap_jackknife,0.011595400178178061,1.7202428992466658e-05
tinystories,2,refit,4096,1024,20,bootstrap_jackknife,0.015449885882410405,2.4888449716380532e-05
tinystories,2,fixed,4096,2048,1,bootstrap,0.037267534269609215,0.00021725638969610488
tinystories,2,refit,4096,2048,1,bootstrap,0.027951490112693118,0.00016190293474314355
tinystories,2,fixed,4096,2048,1,bootstrap_jackknife,0.042479380303901304,0.0005998758144030175
tinystories,2,refit,4096,2048,1,bootstrap_jackknife,0.03185638527461297,0.0004478939376079401
tinystories,2,fixed,4096,2048,5,bootstrap,0.020071627222701536,0.00014665192961808556
tinystories,2,refit,4096,2048,5,bootstrap,0.020071627222701557,0.0001466519296181003
tinystories,2,fixed,4096,2048,5,bootstrap_jackknife,0.021557112943286477,0.00040819312110170484
tinystories,2,refit,4096,2048,5,bootstrap_jackknife,0.021557112943286525,0.00040819312110173617
tinystories,2,fixed,4096,2048,20,bootstrap,0.009417556146223107,5.358258535191488e-05
tinystories,2,refit,4096,2048,20,bootstrap,0.012554731352126423,7.202676335508535e-05
tinystories,2,fixed,4096,2048,20,bootstrap_jackknife,0.009694215822725017,0.00015667989664170086
tinystories,2,refit,4096,2048,20,bootstrap_jackknife,0.012923686594010142,0.00020997174775521984
tinystories,2,fixed,4096,4096,1,bootstrap,0.022927792723419355,0.00015477180256922196
tinystories,2,refit,4096,4096,1,bootstrap,0.017192971418117865,0.00011615379576622596
tinystories,2,fixed,4096,4096,1,bootstrap_jackknife,0.028238879382889964,0.0001993519002396909
tinystories,2,refit,4096,4096,1,bootstrap_jackknife,0.02117652367715631,0.000152353124459274
tinystories,2,fixed,4096,4096,5,bootstrap,0.013637515567926547,8.023504797149473e-05
tinystories,2,refit,4096,4096,5,bootstrap,0.013637515567926507,8.023504797146651e-05
tinystories,2,fixed,4096,4096,5,bootstrap_jackknife,0.015304018706372257,8.681346502274507e-05
tinystories,2,refit,4096,4096,5,bootstrap_jackknife,0.015304018706372121,8.681346502271434e-05
tinystories,2,fixed,4096,4096,20,bootstrap,0.007061095043597632,5.10398673680207e-05
tinystories,2,refit,4096,4096,20,bootstrap,0.009414158079377937,6.805908469638832e-05
tinystories,2,fixed,4096,4096,20,bootstrap_jackknife,0.007422855600463352,6.54857121890285e-05
tinystories,2,refit,4096,4096,20,bootstrap_jackknife,0.00989189067676467,8.584132784800605e-05
tinystories,2,fixed,8192,512,1,bootstrap,0.07940841049009868,0.00023151062845997865
tinystories,2,refit,8192,512,1,bootstrap,0.05958883307556092,0.0001743172963568
tinystories,2,fixed,8192,512,1,bootstrap_jackknife,0.08147810674568558,0.0004921393006304646
tinystories,2,refit,8192,512,1,bootstrap_jackknife,0.061158147447464284,0.00037184326680088153
tinystories,2,fixed,8192,512,5,bootstrap,0.03650184026254182,8.829863553662025e-05
tinystories,2,refit,8192,512,5,bootstrap,0.036501840262541836,8.829863553658389e-05
tinystories,2,fixed,8192,512,5,bootstrap_jackknife,0.03719412022649119,0.00015241420036191924
tinystories,2,refit,8192,512,5,bootstrap_jackknife,0.03719412022649123,0.0001524142003618496
tinystories,2,fixed,8192,512,20,bootstrap,0.014664652365099012,5.545872041740202e-05
tinystories,2,refit,8192,512,20,bootstrap,0.019528174220149234,7.126529746304018e-05
tinystories,2,fixed,8192,512,20,bootstrap_jackknife,0.014883375914248686,0.00010345530437322944
tinystories,2,refit,8192,512,20,bootstrap_jackknife,0.019816941814110846,0.0001331225983347465
tinystories,2,fixed,8192,1024,1,bootstrap,0.05672949759574681,0.00024290420500889655
tinystories,2,refit,8192,1024,1,bootstrap,0.04256422865964143,0.000175000545288388
tinystories,2,fixed,8192,1024,1,bootstrap_jackknife,0.05839738383584281,0.00023520679887892914
tinystories,2,refit,8192,1024,1,bootstrap_jackknife,0.04382430775854615,0.00016651291933158073
tinystories,2,fixed,8192,1024,5,bootstrap,0.02806118607201008,0.00015060165101440893
tinystories,2,refit,8192,1024,5,bootstrap,0.028061186072010042,0.00015060165101440847
tinystories,2,fixed,8192,1024,5,bootstrap_jackknife,0.028601663804183868,0.00015693244915815146
tinystories,2,refit,8192,1024,5,bootstrap_jackknife,0.028601663804183747,0.0001569324491581938
tinystories,2,fixed,8192,1024,20,bootstrap,0.011976400944835153,9.153671507107277e-05
tinystories,2,refit,8192,1024,20,bootstrap,0.015955494800136787,0.00012168515909106466
tinystories,2,fixed,8192,1024,20,bootstrap_jackknife,0.012004468594901929,0.00014184730402416892
tinystories,2,refit,8192,1024,20,bootstrap_jackknife,0.01599345096321422,0.00018886798022975127
tinystories,2,fixed,8192,2048,1,bootstrap,0.039564736320347786,0.00019231093019581735
tinystories,2,refit,8192,2048,1,bootstrap,0.02969188079088529,0.00014891617244708338
tinystories,2,fixed,8192,2048,1,bootstrap_jackknife,0.0420963240872324,0.0004284770718114755
tinystories,2,refit,8192,2048,1,bootstrap_jackknife,0.031595174203602264,0.0003298041901666851
tinystories,2,fixed,8192,2048,5,bootstrap,0.020992593267125298,0.00012055919678811293
tinystories,2,refit,8192,2048,5,bootstrap,0.020992593267125336,0.00012055919678809328
tinystories,2,fixed,8192,2048,5,bootstrap_jackknife,0.021896584273578563,0.0002894952863473304
tinystories,2,refit,8192,2048,5,bootstrap_jackknife,0.02189658427357863,0.0002894952863472954
tinystories,2,fixed,8192,2048,20,bootstrap,0.009685601297755437,5.169203682246957e-05
tinystories,2,refit,8192,2048,20,bootstrap,0.012908074794673494,6.763837517289498e-05
tinystories,2,fixed,8192,2048,20,bootstrap_jackknife,0.009928189832140147,0.00011449065957066344
tinystories,2,refit,8192,2048,20,bootstrap_jackknife,0.013230200296038913,0.00015113216246544016
tinystories,2,fixed,8192,4096,1,bootstrap,0.026169575591259587,0.00019670063578824357
tinystories,2,refit,8192,4096,1,bootstrap,0.01963769227560819,0.00014280372664673155
tinystories,2,fixed,8192,4096,1,bootstrap_jackknife,0.029524757267811425,0.00046361490268139317
tinystories,2,refit,8192,4096,1,bootstrap_jackknife,0.02216630525918391,0.0003339520214333135
tinystories,2,fixed,8192,4096,5,bootstrap,0.015002187075731538,8.42049943208322e-05
tinystories,2,refit,8192,4096,5,bootstrap,0.015002187075731597,8.42049943208319e-05
tinystories,2,fixed,8192,4096,5,bootstrap_jackknife,0.016135051971163564,0.00022575673000422108
tinystories,2,refit,8192,4096,5,bootstrap_jackknife,0.016135051971163657,0.00022575673000421918
tinystories,2,fixed,8192,4096,20,bootstrap,0.007560889168883694,3.116187314210866e-05
tinystories,2,refit,8192,4096,20,bootstrap,0.010077075714303912,4.062628404072949e-05
tinystories,2,fixed,8192,4096,20,bootstrap_jackknife,0.007911092229409947,8.442102917388146e-05
tinystories,2,refit,8192,4096,20,bootstrap_jackknife,0.010540095987764807,0.00011170335016071364
tinystories,3,fixed,1024,512,1,bootstrap,0.06856104623802427,0.0003178960322853027
tinystories,3,refit,1024,512,1,bootstrap,0.05151449641788106,0.0002456067123361976
tinystories,3,fixed,1024,512,1,bootstrap_jackknife,0.0802498796775032,0.0004122344309704684
tinystories,3,refit,1024,512,1,bootstrap_jackknife,0.06033274741379632,0.0003267977794744892
tinystories,3,fixed,1024,512,5,bootstrap,0.033531725389426746,7.093700206570351e-05
tinystories,3,refit,1024,512,5,bootstrap,0.03353172538942676,7.093700206568427e-05
tinystories,3,fixed,1024,512,5,bootstrap_jackknife,0.037119297334840935,0.0001238677182248397
tinystories,3,refit,1024,512,5,bootstrap_jackknife,0.03711929733484099,0.0001238677182248796
tinystories,3,fixed,1024,512,20,bootstrap,0.01410266754206553,8.944100897178784e-05
tinystories,3,refit,1024,512,20,bootstrap,0.01877268226447866,0.00011821128827059874
tinystories,3,fixed,1024,512,20,bootstrap_jackknife,0.01497167541328784,0.0001754983208649063
tinystories,3,refit,1024,512,20,bootstrap_jackknife,0.019919648324672665,0.0002321855527283576
tinystories,3,fixed,1024,1024,1,bootstrap,0.044127129977509415,0.000378925821200935
tinystories,3,refit,1024,1024,1,bootstrap,0.03313420735560651,0.00028383915820790005
tinystories,3,fixed,1024,1024,1,bootstrap_jackknife,0.05505027677159876,0.0010411528445462663
tinystories,3,refit,1024,1024,1,bootstrap_jackknife,0.04135177185893561,0.0007794645797437527
tinystories,3,fixed,1024,1024,5,bootstrap,0.024383679484587778,0.00013662957882607158
tinystories,3,refit,1024,1024,5,bootstrap,0.024383679484587778,0.00013662957882607158
tinystories,3,fixed,1024,1024,5,bootstrap_jackknife,0.02782464206843001,0.0003907038858447635
tinystories,3,refit,1024,1024,5,bootstrap_jackknife,0.027824642068429977,0.0003907038858447659
tinystories,3,fixed,1024,1024,20,bootstrap,0.011209434074743197,4.9982261041573994e-05
tinystories,3,refit,1024,1024,20,bootstrap,0.014928984433730799,6.888779513692624e-05
tinystories,3,fixed,1024,1024,20,bootstrap_jackknife,0.011924888846339812,0.00014976251258653315
tinystories,3,refit,1024,1024,20,bootstrap_jackknife,0.01587701899238203,0.00020094536300921048
tinystories,3,fixed,1024,2048,1,bootstrap,0.024312632427680784,0.0001939812060557479
tinystories,3,refit,1024,2048,1,bootstrap,0.018247150407113014,0.00014915690625748432
tinystories,3,fixed,1024,2048,1,bootstrap_jackknife,0.032919288296524137,0.00027144947330505893
tinystories,3,refit,1024,2048,1,bootstrap_jackknife,0.024713994036002367,0.00021006432264901228
tinystories,3,fixed,1024,2048,5,bootstrap,0.015941405471390207,0.00014329557412840746
tinystories,3,refit,1024,2048,5,bootstrap,0.015941405471390207,0.00014329557412838425
tinystories,3,fixed,1024,2048,5,bootstrap_jackknife,0.019360521286755993,0.00022736267576181632
tinystories,3,refit,1024,2048,5,bootstrap_jackknife,0.01936052128675602,0.0002273626757617972
tinystories,3,fixed,1024,2048,20,bootstrap,0.008497962982938883,7.674871723058542e-05
tinystories,3,refit,1024,2048,20,bootstrap,0.01132176159578372,0.00010194677498941765
tinystories,3,fixed,1024,2048,20,bootstrap_jackknife,0.009507102038101324,0.0001259356529223892
tinystories,3,refit,1024,2048,20,bootstrap_jackknife,0.012658620562429718,0.00016794311353398548
tinystories,3,fixed,1024,4096,1,bootstrap,0.012114772148808564,7.198622345457898e-05
tinystories,3,refit,1024,4096,1,bootstrap,0.00908524660764248,5.779254703905619e-05
tinystories,3,fixed,1024,4096,1,bootstrap_jackknife,0.016918199000567923,0.0002251975779809953
tinystories,3,refit,1024,4096,1,bootstrap_jackknife,0.01269068090392182,0.0001765446788763956
tinystories,3,fixed,1024,4096,5,bootstrap,0.009766493058363995,4.2735374880105836e-05
tinystories,3,refit,1024,4096,5,bootstrap,0.009766493058363995,4.2735374880105836e-05
tinystories,3,fixed,1024,4096,5,bootstrap_jackknife,0.012751361239181936,0.0001751287667538513
tinystories,3,refit,1024,4096,5,bootstrap_jackknife,0.012751361239181967,0.0001751287667538709
tinystories,3,fixed,1024,4096,20,bootstrap,0.006108888100395345,3.8340907759437506e-05
tinystories,3,refit,1024,4096,20,bootstrap,0.00814442850184596,4.961293050125426e-05
tinystories,3,fixed,1024,4096,20,bootstrap_jackknife,0.0072730491489703996,0.00013222567905317906
tinystories,3,refit,1024,4096,20,bootstrap_jackknife,0.00969154790303404,0.00017326578323745666
tinystories,3,fixed,2048,512,1,bootstrap,0.07441289038282763,0.0004841163933182494
tinystories,3,refit,2048,512,1,bootstrap,0.05587966187556251,0.000365377731871883
tinystories,3,fixed,2048,512,1,bootstrap_jackknife,0.08189660749813764,0.0008524101787914476
tinystories,3,refit,2048,512,1,bootstrap_jackknife,0.06152263134284386,0.0006520429892477196
tinystories,3,fixed,2048,512,5,bootstrap,0.035036549689680604,0.00011644374524099952
tinystories,3,refit,2048,512,5,bootstrap,0.03503654968968056,0.00011644374524101497
tinystories,3,fixed,2048,512,5,bootstrap_jackknife,0.03749137672202394,0.00016726463636236485
tinystories,3,refit,2048,512,5,bootstrap_jackknife,0.0374913767220238,0.0001672646363624056
tinystories,3,fixed,2048,512,20,bootstrap,0.014375005428626528,0.00013734137543898507
tinystories,3,refit,2048,512,20,bootstrap,0.019134448520449255,0.0001827112965509771
tinystories,3,fixed,2048,512,20,bootstrap_jackknife,0.015004828571291531,0.000236437045016848
tinystories,3,refit,2048,512,20,bootstrap_jackknife,0.019968357659961453,0.000314692312505461
tinystories,3,fixed,2048,1024,1,bootstrap,0.052218487932761314,0.0005496354829576454
tinystories,3,refit,2048,1024,1,bootstrap,0.039212929529410766,0.00040899846085378384
tinystories,3,fixed,2048,1024,1,bootstrap_jackknife,0.06046503592839736,0.0011845362721002103
tinystories,3,refit,2048,1024,1,bootstrap_jackknife,0.04541645451186788,0.0008810231461194325
tinystories,3,fixed,2048,1024,5,bootstrap,0.026757181066450485,0.00028036438100126695
tinystories,3,refit,2048,1024,5,bootstrap,0.02675718106645046,0.0002803643810012477
tinystories,3,fixed,2048,1024,5,bootstrap_jackknife,0.02914971050601296,0.0006412603439094061
tinystories,3,refit,2048,1024,5,bootstrap_jackknife,0.029149710506012925,0.0006412603439093765
tinystories,3,fixed,2048,1024,20,bootstrap,0.011791629239713991,0.00013511808357927514
tinystories,3,refit,2048,1024,20,bootstrap,0.0157003825329224,0.00018019691980909896
tinystories,3,fixed,2048,1024,20,bootstrap_jackknife,0.012270124000378807,0.0003255792100181602
tinystories,3,refit,2048,1024,20,bootstrap_jackknife,0.016333802353713487,0.0004355026270443133
tinystories,3,fixed,2048,2048,1,bootstrap,0.03287591289394831,0.00039014633264535355
tinystories,3,refit,2048,2048,1,bootstrap,0.024683880687766013,0.00029451504036014087
tinystories,3,fixed,2048,2048,1,bootstrap_jackknife,0.041816394988760414,0.0008366455975102168
tinystories,3,refit,2048,2048,1,bootstrap_jackknife,0.03141572443535519,0.0006333979025077278
tinystories,3,fixed,2048,2048,5,bootstrap,0.018947323169126465,0.00020584467895271843
tinystories,3,refit,2048,2048,5,bootstrap,0.018947323169126423,0.00020584467895275532
tinystories,3,fixed,2048,2048,5,bootstrap_jackknife,0.0220732832850056,0.00044231780621298695
tinystories,3,refit,2048,2048,5,bootstrap_jackknife,0.022073283285005504,0.00044231780621308497
tinystories,3,fixed,2048,2048,20,bootstrap,0.00928548361043205,8.31337428576997e-05
tinystories,3,refit,2048,2048,20,bootstrap,0.012368205012835393,0.00011154021489456829
tinystories,3,fixed,2048,2048,20,bootstrap_jackknife,0.010160991742557994,0.00018958669213472244
tinystories,3,refit,2048,2048,20,bootstrap_jackknife,0.013527452231266232,0.00025359225063825236
tinystories,3,fixed,2048,4096,1,bootstrap,0.018300310934316718,0.00030514977875237585
tinystories,3,refit,2048,4096,1,bootstrap,0.013738692666727914,0.00022782663103610757
tinystories,3,fixed,2048,4096,1,bootstrap_jackknife,0.024887501232479337,0.0006491137459696023
tinystories,3,refit,2048,4096,1,bootstrap_jackknife,0.01869754033491108,0.00048324703171418354
tinystories,3,fixed,2048,4096,5,bootstrap,0.012372850835483026,0.00012280702108330497
tinystories,3,refit,2048,4096,5,bootstrap,0.012372850835483007,0.0001228070210833506
tinystories,3,fixed,2048,4096,5,bootstrap_jackknife,0.01522501874097274,0.0002742683751508989
tinystories,3,refit,2048,4096,5,bootstrap_jackknife,0.015225018740972672,0.0002742683751509365
tinystories,3,fixed,2048,4096,20,bootstrap,0.0069254795237979,4.806959720320332e-05
tinystories,3,refit,2048,4096,20,bootstrap,0.00922788897153654,6.405559175792899e-05
tinystories,3,fixed,2048,4096,20,bootstrap_jackknife,0.007861123753281615,0.00011380785416073654
tinystories,3,refit,2048,4096,20,bootstrap_jackknife,0.010468421087877234,0.00015242511188927528
tinystories,3,fixed,4096,512,1,bootstrap,0.07651076289428248,6.133756242807233e-05
tinystories,3,refit,4096,512,1,bootstrap,0.05742766918116781,4.355614291129822e-05
tinystories,3,fixed,4096,512,1,bootstrap_jackknife,0.07983260896286463,0.00044448764923813854
tinystories,3,refit,4096,512,1,bootstrap_jackknife,0.05992502354693962,0.0003608001411426389
tinystories,3,fixed,4096,512,5,bootstrap,0.035401294698808185,0.00010785720570967267
tinystories,3,refit,4096,512,5,bootstrap,0.03540129469880821,0.00010785720570967619
tinystories,3,fixed,4096,512,5,bootstrap_jackknife,0.03645392699693751,0.00039521588615114663
tinystories,3,refit,4096,512,5,bootstrap_jackknife,0.03645392699693756,0.00039521588615119103
tinystories,3,fixed,4096,512,20,bootstrap,0.014374069367656667,4.6735617565149754e-05
tinystories,3,refit,4096,512,20,bootstrap,0.01913685351621339,6.126754647805306e-05
tinystories,3,fixed,4096,512,20,bootstrap_jackknife,0.014597964122891063,0.00023303403037540035
tinystories,3,refit,4096,512,20,bootstrap_jackknife,0.01943245188918986,0.00030502806792398273
tinystories,3,fixed,4096,1024,1,bootstrap,0.05539845528143054,0.00019865777895188342
tinystories,3,refit,4096,1024,1,bootstrap,0.04161144355588273,0.00015168146401822497
tinystories,3,fixed,4096,1024,1,bootstrap_jackknife,0.06009986745817011,0.0006643934129831054
tinystories,3,refit,4096,1024,1,bootstrap_jackknife,0.04516747847791869,0.0005272499564892735
tinystories,3,fixed,4096,1024,5,bootstrap,0.027842862674519058,8.002328451331964e-05
tinystories,3,refit,4096,1024,5,bootstrap,0.027842862674519037,8.00232845133185e-05
tinystories,3,fixed,4096,1024,5,bootstrap_jackknife,0.02946578608951415,0.00023789113800756355
tinystories,3,refit,4096,1024,5,bootstrap_jackknife,0.02946578608951413,0.0002378911380075303
tinystories,3,fixed,4096,1024,20,bootstrap,0.012108441765990236,5.1353686717535424e-05
tinystories,3,refit,4096,1024,20,bootstrap,0.016121616927868426,6.90669285356411e-05
tinystories,3,fixed,4096,1024,20,bootstrap_jackknife,0.012512765687374127,3.607249785442905e-05
tinystories,3,refit,4096,1024,20,bootstrap_jackknife,0.016653195755623615,4.5976031408874045e-05
tinystories,3,fixed,4096,2048,1,bootstrap,0.037080504260580384,0.00012336720019391812
tinystories,3,refit,4096,2048,1,bootstrap,0.02785523136860743,9.764704152898226e-05
tinystories,3,fixed,4096,2048,1,bootstrap_jackknife,0.04231050227698193,0.00014301286365794492
tinystories,3,refit,4096,2048,1,bootstrap_jackknife,0.03179553519569873,0.00010286598545291366
tinystories,3,fixed,4096,2048,5,bootstrap,0.02026487369614984,0.0001329824443164723
tinystories,3,refit,4096,2048,5,bootstrap,0.02026487369614984,0.00013298244431650231
tinystories,3,fixed,4096,2048,5,bootstrap_jackknife,0.02211153326068277,0.00011973643958591314
tinystories,3,refit,4096,2048,5,bootstrap_jackknife,0.02211153326068276,0.00011973643958594622
tinystories,3,fixed,4096,2048,20,bootstrap,0.009618096840542122,7.313116297348967e-05
tinystories,3,refit,4096,2048,20,bootstrap,0.012809100708837366,9.725735359241997e-05
tinystories,3,fixed,4096,2048,20,bootstrap_jackknife,0.010190099786062124,4.751566523179239e-05
tinystories,3,refit,4096,2048,20,bootstrap_jackknife,0.013564640235367825,6.413637038809957e-05
tinystories,3,fixed,4096,4096,1,bootstrap,0.0225820492946035,0.00023419058334064408
tinystories,3,refit,4096,4096,1,bootstrap,0.016940872778975286,0.0001747658530183722
tinystories,3,fixed,4096,4096,1,bootstrap_jackknife,0.02761424099647547,0.0004609264894374126
tinystories,3,refit,4096,4096,1,bootstrap_jackknife,0.0207209875793153,0.000343956872095562
tinystories,3,fixed,4096,4096,5,bootstrap,0.013802388268173814,0.00012887135171366388
tinystories,3,refit,4096,4096,5,bootstrap,0.013802388268173774,0.00012887135171365586
tinystories,3,fixed,4096,4096,5,bootstrap_jackknife,0.0155782083980251,0.00025420396310387345
tinystories,3,refit,4096,4096,5,bootstrap_jackknife,0.015578208398025081,0.00025420396310387144
tinystories,3,fixed,4096,4096,20,bootstrap,0.007239909328871243,4.612409503663702e-05
tinystories,3,refit,4096,4096,20,bootstrap,0.009644193448459978,6.187757930199195e-05
tinystories,3,fixed,4096,4096,20,bootstrap_jackknife,0.007703413453731874,9.069541892440794e-05
tinystories,3,refit,4096,4096,20,bootstrap_jackknife,0.010254979724899973,0.00012149039120833313
tinystories,3,fixed,8192,512,1,bootstrap,0.0778007101363984,0.0006305129778614054
tinystories,3,refit,8192,512,1,bootstrap,0.05838743568989294,0.0004835449596101884
tinystories,3,fixed,8192,512,1,bootstrap_jackknife,0.07855096010246267,0.0010759642710798422
tinystories,3,refit,8192,512,1,bootstrap_jackknife,0.058938993403812555,0.000827458384614041
tinystories,3,fixed,8192,512,5,bootstrap,0.03569066368014675,0.00012404388321970853
tinystories,3,refit,8192,512,5,bootstrap,0.03569066368014671,0.0001240438832197166
tinystories,3,fixed,8192,512,5,bootstrap_jackknife,0.035816717807874626,0.00026184637340232077
tinystories,3,refit,8192,512,5,bootstrap_jackknife,0.035816717807874515,0.0002618463734023649
tinystories,3,fixed,8192,512,20,bootstrap,0.014327099158694267,5.080824069647583e-07
tinystories,3,refit,8192,512,20,bootstrap,0.01908323622562595,9.34012364981856e-07
tinystories,3,fixed,8192,512,20,bootstrap_jackknife,0.014251890378416699,3.796380863858227e-05
tinystories,3,refit,8192,512,20,bootstrap_jackknife,0.018987262451052218,5.0608780213042096e-05
tinystories,3,fixed,8192,1024,1,bootstrap,0.0570555920858617,0.0003004342571434525
tinystories,3,refit,8192,1024,1,bootstrap,0.04283308926057363,0.00023458015227139395
tinystories,3,fixed,8192,1024,1,bootstrap_jackknife,0.05870044785081883,0.0006378818760060262
tinystories,3,refit,8192,1024,1,bootstrap_jackknife,0.04408541206613236,0.00048157526238407024
tinystories,3,fixed,8192,1024,5,bootstrap,0.027894647619245583,0.0001663797684237521
tinystories,3,refit,8192,1024,5,bootstrap,0.02789464761924564,0.00016637976842381278
tinystories,3,fixed,8192,1024,5,bootstrap_jackknife,0.02813457396358758,0.0001911977365361293
tinystories,3,refit,8192,1024,5,bootstrap_jackknife,0.02813457396358773,0.0001911977365361947
tinystories,3,fixed,8192,1024,20,bootstrap,0.011933370808843333,0.00010664774367294001
tinystories,3,refit,8192,1024,20,bootstrap,0.015898300066632606,0.00013925642546745598
tinystories,3,fixed,8192,1024,20,bootstrap_jackknife,0.011858732160686732,9.82815261288893e-05
tinystories,3,refit,8192,1024,20,bootstrap_jackknife,0.015797001502177638,0.00012674561695078386
tinystories,3,fixed,8192,2048,1,bootstrap,0.03979151959520968,3.119946836771042e-05
tinystories,3,refit,8192,2048,1,bootstrap,0.029883096279269633,1.0365250916521467e-05
tinystories,3,fixed,8192,2048,1,bootstrap_jackknife,0.042695977778481886,0.00010830855583612063
tinystories,3,refit,8192,2048,1,bootstrap_jackknife,0.03208059447773351,7.305217099744275e-05
tinystories,3,fixed,8192,2048,5,bootstrap,0.020975981113920225,4.6575506322425224e-05
tinystories,3,refit,8192,2048,5,bootstrap,0.020975981113920267,4.657550632243517e-05
tinystories,3,fixed,8192,2048,5,bootstrap_jackknife,0.021876437057193943,3.406101107492308e-05
tinystories,3,refit,8192,2048,5,bootstrap_jackknife,0.021876437057193943,3.40610110749305e-05
tinystories,3,fixed,8192,2048,20,bootstrap,0.00965310232842946,3.6819763045486084e-05
tinystories,3,refit,8192,2048,20,bootstrap,0.012861936631183726,4.8466872966466014e-05
tinystories,3,fixed,8192,2048,20,bootstrap_jackknife,0.009822542423305033,4.51187746910903e-05
tinystories,3,refit,8192,2048,20,bootstrap_jackknife,0.013085190571403081,5.8193637512327166e-05
tinystories,3,fixed,8192,4096,1,bootstrap,0.02609295337577948,4.6742128438076615e-05
tinystories,3,refit,8192,4096,1,bootstrap,0.01957895439981796,3.6553927166902634e-05
tinystories,3,fixed,8192,4096,1,bootstrap_jackknife,0.029310718635481642,7.497599861098551e-05
tinystories,3,refit,8192,4096,1,bootstrap_jackknife,0.02199032762482064,5.5327898030069104e-05
tinystories,3,fixed,8192,4096,5,bootstrap,0.01490880760197262,5.0164717258730263e-05
tinystories,3,refit,8192,4096,5,bootstrap,0.01490880760197262,5.0164717258730263e-05
tinystories,3,fixed,8192,4096,5,bootstrap_jackknife,0.015985190377054107,4.642585956130247e-05
tinystories,3,refit,8192,4096,5,bootstrap_jackknife,0.015985190377054165,4.642585956133133e-05
tinystories,3,fixed,8192,4096,20,bootstrap,0.0074686334689352376,4.505792124323709e-05
tinystories,3,refit,8192,4096,20,bootstrap,0.009952560642399218,5.8907585951939466e-05
tinystories,3,fixed,8192,4096,20,bootstrap_jackknife,0.007724406344735913,5.670917110509435e-05
tinystories,3,refit,8192,4096,20,bootstrap_jackknife,0.010289476691521667,7.295434263469299e-05
tinystories,4,fixed,1024,512,1,bootstrap,0.07002859403026022,0.000653902505137786
tinystories,4,refit,1024,512,1,bootstrap,0.05254871422129484,0.0005021659793278331
tinystories,4,fixed,1024,512,1,bootstrap_jackknife,0.08102966709547335,0.0015847541192483446
tinystories,4,refit,1024,512,1,bootstrap_jackknife,0.06080705835133903,0.0012091008764881517
tinystories,4,fixed,1024,512,5,bootstrap,0.03400402376567513,0.00032543125323663673
tinystories,4,refit,1024,512,5,bootstrap,0.03400402376567513,0.00032543125323662703
tinystories,4,fixed,1024,512,5,bootstrap_jackknife,0.036996101123275844,0.0007195725003231982
tinystories,4,refit,1024,512,5,bootstrap_jackknife,0.036996101123275844,0.000719572500323201
tinystories,4,fixed,1024,512,20,bootstrap,0.01431273480155793,0.0001816863701156399
tinystories,4,refit,1024,512,20,bootstrap,0.019064929180113387,0.0002415296506369694
tinystories,4,fixed,1024,512,20,bootstrap_jackknife,0.014924491497516965,0.00037733745662345785
tinystories,4,refit,1024,512,20,bootstrap_jackknife,0.019881883273477105,0.0005021362732904858
tinystories,4,fixed,1024,1024,1,bootstrap,0.04478915408263742,0.0001393018493285329
tinystories,4,refit,1024,1024,1,bootstrap,0.0335996963905184,0.00011109384483567619
tinystories,4,fixed,1024,1024,1,bootstrap_jackknife,0.055730414724343036,0.0006739651463232329
tinystories,4,refit,1024,1024,1,bootstrap_jackknife,0.04181392952949598,0.0005192630801742627
tinystories,4,fixed,1024,1024,5,bootstrap,0.024535059147715723,6.238386659266434e-05
tinystories,4,refit,1024,1024,5,bootstrap,0.02453505914771574,6.238386659270175e-05
tinystories,4,fixed,1024,1024,5,bootstrap_jackknife,0.027908306147002824,0.00030765051716761144
tinystories,4,refit,1024,1024,5,bootstrap_jackknife,0.027908306147002848,0.0003076505171676756
tinystories,4,fixed,1024,1024,20,bootstrap,0.011403064982273461,4.8078549438021755e-05
tinystories,4,refit,1024,1024,20,bootstrap,0.015195267159418416,6.269876352756564e-05
tinystories,4,fixed,1024,1024,20,bootstrap_jackknife,0.012199351341333852,0.00020486848045474308
tinystories,4,refit,1024,1024,20,bootstrap_jackknife,0.016252876659358786,0.00027080901150668184
tinystories,4,fixed,1024,2048,1,bootstrap,0.025378827296660373,0.0006510091686265161
tinystories,4,refit,1024,2048,1,bootstrap,0.019012740075761193,0.0004888123901184913
tinystories,4,fixed,1024,2048,1,bootstrap_jackknife,0.034414493990197435,0.0013891472338365062
tinystories,4,refit,1024,2048,1,bootstrap_jackknife,0.025780869649515797,0.0010453094783992424
tinystories,4,fixed,1024,2048,5,bootstrap,0.016423871862832326,0.0003762211244890284
tinystories,4,refit,1024,2048,5,bootstrap,0.01642387186283227,0.00037622112448902346
tinystories,4,fixed,1024,2048,5,bootstrap_jackknife,0.019875195604881574,0.0007616677025868164
tinystories,4,refit,1024,2048,5,bootstrap_jackknife,0.019875195604881397,0.0007616677025867534
tinystories,4,fixed,1024,2048,20,bootstrap,0.008638872867266577,0.0001689755809477487
tinystories,4,refit,1024,2048,20,bootstrap,0.01152145743388792,0.00022644969388395224
tinystories,4,fixed,1024,2048,20,bootstrap_jackknife,0.009541101982100727,0.00031139457396086353
tinystories,4,refit,1024,2048,20,bootstrap_jackknife,0.012722261067050033,0.00041672679835905657
tinystories,4,fixed,1024,4096,1,bootstrap,0.011924943703716334,8.6887641929895e-05
tinystories,4,refit,1024,4096,1,bootstrap,0.008922033432361627,6.236425686353584e-05
tinystories,4,fixed,1024,4096,1,bootstrap_jackknife,0.016352576942096894,0.00012679640169418872
tinystories,4,refit,1024,4096,1,bootstrap_jackknife,0.012229338030534179,9.112849218974374e-05
tinystories,4,fixed,1024,4096,5,bootstrap,0.009589638606907987,9.558057780821305e-05
tinystories,4,refit,1024,4096,5,bootstrap,0.009589638606907988,9.558057780816383e-05
tinystories,4,fixed,1024,4096,5,bootstrap_jackknife,0.0122418931687115,0.000172536710900893
tinystories,4,refit,1024,4096,5,bootstrap_jackknife,0.012241893168711458,0.00017253671090086854
tinystories,4,fixed,1024,4096,20,bootstrap,0.005973171395811564,8.484338114544076e-05
tinystories,4,refit,1024,4096,20,bootstrap,0.007971296907335853,0.0001143302198986781
tinystories,4,fixed,1024,4096,20,bootstrap_jackknife,0.0068901875891220895,0.00017043960067288303
tinystories,4,refit,1024,4096,20,bootstrap_jackknife,0.00919369678594802,0.0002298670633413407
tinystories,4,fixed,2048,512,1,bootstrap,0.07487504626940711,0.00036179106083237547
tinystories,4,refit,2048,512,1,bootstrap,0.05619021301314173,0.0002681471662850123
tinystories,4,fixed,2048,512,1,bootstrap_jackknife,0.08105768463183223,0.0010828439965421307
tinystories,4,refit,2048,512,1,bootstrap_jackknife,0.06084757207581107,0.0008009749637004569
tinystories,4,fixed,2048,512,5,bootstrap,0.03480777942981934,0.00012278446344356976
tinystories,4,refit,2048,512,5,bootstrap,0.034807779429819385,0.000122784463443614
tinystories,4,fixed,2048,512,5,bootstrap_jackknife,0.036460750802984665,0.00029292510606491133
tinystories,4,refit,2048,512,5,bootstrap_jackknife,0.036460750802984755,0.0002929251060649526
tinystories,4,fixed,2048,512,20,bootstrap,0.014157242346058752,8.141595990487726e-05
tinystories,4,refit,2048,512,20,bootstrap,0.018860521446811874,0.0001081981195558986
tinystories,4,fixed,2048,512,20,bootstrap_jackknife,0.01438536077873413,0.00014955483491395038
tinystories,4,refit,2048,512,20,bootstrap_jackknife,0.01916538733164554,0.0002007944909739404
tinystories,4,fixed,2048,1024,1,bootstrap,0.05144301095731409,0.0006563503157244027
tinystories,4,refit,2048,1024,1,bootstrap,0.03858766318553464,0.0004895450755720309
tinystories,4,fixed,2048,1024,1,bootstrap_jackknife,0.05857814456664994,0.0015739521215882154
tinystories,4,refit,2048,1024,1,bootstrap_jackknife,0.043938695775338814,0.001172320351490906
tinystories,4,fixed,2048,1024,5,bootstrap,0.026281591664332655,0.00032316231125781807
tinystories,4,refit,2048,1024,5,bootstrap,0.026281591664332637,0.0003231623112578338
tinystories,4,fixed,2048,1024,5,bootstrap_jackknife,0.028442338087747956,0.0008532182900283005
tinystories,4,refit,2048,1024,5,bootstrap_jackknife,0.028442338087747956,0.0008532182900283313
tinystories,4,fixed,2048,1024,20,bootstrap,0.011612188052357642,0.0001486416555070175
tinystories,4,refit,2048,1024,20,bootstrap,0.015472782665432483,0.00019999130547577204
tinystories,4,fixed,2048,1024,20,bootstrap_jackknife,0.012069465085195292,0.0004127794498077804
tinystories,4,refit,2048,1024,20,bootstrap_jackknife,0.016077903831240203,0.0005543120434914081
tinystories,4,fixed,2048,2048,1,bootstrap,0.03290148393710446,0.0002624428279832129
tinystories,4,refit,2048,2048,1,bootstrap,0.02467454458233552,0.0001969567256698757
tinystories,4,fixed,2048,2048,1,bootstrap_jackknife,0.04060772741973929,0.0006677331582369802
tinystories,4,refit,2048,2048,1,bootstrap_jackknife,0.030459979634399188,0.0005024854793878579
tinystories,4,fixed,2048,2048,5,bootstrap,0.018831602472490494,0.0001397488393911134
tinystories,4,refit,2048,2048,5,bootstrap,0.018831602472490477,0.0001397488393910862
tinystories,4,fixed,2048,2048,5,bootstrap_jackknife,0.02140038329493661,0.00040498911708573897
tinystories,4,refit,2048,2048,5,bootstrap_jackknife,0.02140038329493656,0.0004049891170856737
tinystories,4,fixed,2048,2048,20,bootstrap,0.009188663668700355,6.588574651597693e-05
tinystories,4,refit,2048,2048,20,bootstrap,0.012252049986294167,8.825269988330166e-05
tinystories,4,fixed,2048,2048,20,bootstrap_jackknife,0.009857930040828154,0.00020417738287972984
tinystories,4,refit,2048,2048,20,bootstrap_jackknife,0.013139033698914412,0.0002728117548415232
tinystories,4,fixed,2048,4096,1,bootstrap,0.018079751414855533,0.0002906483862568748
tinystories,4,refit,2048,4096,1,bootstrap,0.013549511112685311,0.00021962659059889103
tinystories,4,fixed,2048,4096,1,bootstrap_jackknife,0.024179350376952267,0.0005254709488603441
tinystories,4,refit,2048,4096,1,bootstrap_jackknife,0.01812409937868625,0.00039886920156224475
tinystories,4,fixed,2048,4096,5,bootstrap,0.012230745104215303,0.00015696168804662735
tinystories,4,refit,2048,4096,5,bootstrap,0.012230745104215303,0.00015696168804662735
tinystories,4,fixed,2048,4096,5,bootstrap_jackknife,0.014807774877607026,0.0002569376278161426
tinystories,4,refit,2048,4096,5,bootstrap_jackknife,0.014807774877607037,0.00025693762781612347
tinystories,4,fixed,2048,4096,20,bootstrap,0.006827337391509205,7.95274430298312e-05
tinystories,4,refit,2048,4096,20,bootstrap,0.009107184282956244,0.00010439032987765874
tinystories,4,fixed,2048,4096,20,bootstrap_jackknife,0.007661328823622159,0.00012788456444518486
tinystories,4,refit,2048,4096,20,bootstrap_jackknife,0.010214887810388163,0.0001674618097379149
tinystories,4,fixed,4096,512,1,bootstrap,0.0771442720326964,0.0006181271174580047
tinystories,4,refit,4096,512,1,bootstrap,0.05788906770413941,0.000464590239813488
tinystories,4,fixed,4096,512,1,bootstrap_jackknife,0.07984452388939227,0.0013481212371597086
tinystories,4,refit,4096,512,1,bootstrap_jackknife,0.059932425045871505,0.00101907492133215
tinystories,4,fixed,4096,512,5,bootstrap,0.03547952612949832,0.0002626157872619433
tinystories,4,refit,4096,512,5,bootstrap,0.03547952612949836,0.0002626157872619254
tinystories,4,fixed,4096,512,5,bootstrap_jackknife,0.035998984040515235,0.0006998005783130643
tinystories,4,refit,4096,512,5,bootstrap_jackknife,0.03599898404051536,0.0006998005783130243
tinystories,4,fixed,4096,512,20,bootstrap,0.014252216384524048,0.00012852319599587468
tinystories,4,refit,4096,512,20,bootstrap,0.018985845381321996,0.0001703416275663716
tinystories,4,fixed,4096,512,20,bootstrap_jackknife,0.014220549826126257,0.00036630338138718757
tinystories,4,refit,4096,512,20,bootstrap_jackknife,0.018942813488095223,0.00048504393532597585
tinystories,4,fixed,4096,1024,1,bootstrap,0.05549109070165235,0.00022150702730359346
tinystories,4,refit,4096,1024,1,bootstrap,0.04163794860354353,0.00016873049057106534
tinystories,4,fixed,4096,1024,1,bootstrap_jackknife,0.05987950716319546,0.0001891105964613634
tinystories,4,refit,4096,1024,1,bootstrap_jackknife,0.04493254557197187,0.0001384375502241841
tinystories,4,fixed,4096,1024,5,bootstrap,0.027826374962641214,0.00018632308283390587
tinystories,4,refit,4096,1024,5,bootstrap,0.027826374962641214,0.00018632308283387218
tinystories,4,fixed,4096,1024,5,bootstrap_jackknife,0.029136630005236166,0.0004883230518753945
tinystories,4,refit,4096,1024,5,bootstrap_jackknife,0.029136630005236145,0.0004883230518753324
tinystories,4,fixed,4096,1024,20,bootstrap,0.011995535424000872,0.00018490975452606736
tinystories,4,refit,4096,1024,20,bootstrap,0.015986335651622795,0.00024349107670144698
tinystories,4,fixed,4096,1024,20,bootstrap_jackknife,0.012249135476219045,0.00041994386462747534
tinystories,4,refit,4096,1024,20,bootstrap_jackknife,0.016325689782989244,0.0005543125327854853
tinystories,4,fixed,4096,2048,1,bootstrap,0.0370866128076825,0.0002510398466806052
tinystories,4,refit,4096,2048,1,bootstrap,0.027812425081148225,0.00018589422452461185
tinystories,4,fixed,4096,2048,1,bootstrap_jackknife,0.04195781683374239,0.0005543525118623407
tinystories,4,refit,4096,2048,1,bootstrap_jackknife,0.031462878282451465,0.0004069358260316787
tinystories,4,fixed,4096,2048,5,bootstrap,0.020467281749221185,8.522870392808573e-05
tinystories,4,refit,4096,2048,5,bootstrap,0.02046728174922116,8.522870392803392e-05
tinystories,4,fixed,4096,2048,5,bootstrap_jackknife,0.022026569326790993,0.0001527161384842675
tinystories,4,refit,4096,2048,5,bootstrap_jackknife,0.022026569326790976,0.00015271613848416387
tinystories,4,fixed,4096,2048,20,bootstrap,0.009710037986511802,3.4635847728052e-05
tinystories,4,refit,4096,2048,20,bootstrap,0.01294488911605056,4.6513970752011124e-05
tinystories,4,fixed,4096,2048,20,bootstrap_jackknife,0.010088215379491287,5.0985105565886674e-05
tinystories,4,refit,4096,2048,20,bootstrap_jackknife,0.013448027196932484,6.799358709079148e-05
tinystories,4,fixed,4096,4096,1,bootstrap,0.022685873020262076,0.00037823147758605195
tinystories,4,refit,4096,4096,1,bootstrap,0.017022626244775966,0.0002851415930434792
tinystories,4,fixed,4096,4096,1,bootstrap_jackknife,0.027929301326809517,0.0006434452500509575
tinystories,4,refit,4096,4096,1,bootstrap_jackknife,0.020976422900996498,0.00048432950139405706
tinystories,4,fixed,4096,4096,5,bootstrap,0.013984595580176812,0.0001723724483262837
tinystories,4,refit,4096,4096,5,bootstrap,0.013984595580176793,0.0001723724483262621
tinystories,4,fixed,4096,4096,5,bootstrap_jackknife,0.0159345685589862,0.00030096486049245623
tinystories,4,refit,4096,4096,5,bootstrap_jackknife,0.01593456855898615,0.00030096486049239086
tinystories,4,fixed,4096,4096,20,bootstrap,0.007367560070261191,7.020315608989709e-05
tinystories,4,refit,4096,4096,20,bootstrap,0.009825396774388019,9.218693300279723e-05
tinystories,4,fixed,4096,4096,20,bootstrap_jackknife,0.007934506709704693,0.00012992408438985007
tinystories,4,refit,4096,4096,20,bootstrap_jackknife,0.010577718994214507,0.0001712004846910158
tinystories,4,fixed,8192,512,1,bootstrap,0.07885391088669821,0.00022880875846285095
tinystories,4,refit,8192,512,1,bootstrap,0.0591601401593865,0.00016842943807385356
tinystories,4,fixed,8192,512,1,bootstrap_jackknife,0.07973902385255564,0.00047633711747825533
tinystories,4,refit,8192,512,1,bootstrap_jackknife,0.05980377315914092,0.00034692560887559755
tinystories,4,fixed,8192,512,5,bootstrap,0.0358243071070971,0.00011203658043693142
tinystories,4,refit,8192,512,5,bootstrap,0.0358243071070971,0.00011203658043690184
tinystories,4,fixed,8192,512,5,bootstrap_jackknife,0.035830676212930346,0.0002676126152125984
tinystories,4,refit,8192,512,5,bootstrap_jackknife,0.035830676212930346,0.0002676126152125017
tinystories,4,fixed,8192,512,20,bootstrap,0.014278441067675887,4.207840094752546e-05
tinystories,4,refit,8192,512,20,bootstrap,0.019019369001703892,5.878411236755563e-05
tinystories,4,fixed,8192,512,20,bootstrap_jackknife,0.014121780538498427,0.00012191614891049203
tinystories,4,refit,8192,512,20,bootstrap_jackknife,0.018813610258301788,0.00016686770677728837
tinystories,4,fixed,8192,1024,1,bootstrap,0.05771304784052666,0.0004506161436636477
tinystories,4,refit,8192,1024,1,bootstrap,0.04333958213685085,0.0003510865649836081
tinystories,4,fixed,8192,1024,1,bootstrap_jackknife,0.05950813303748386,0.0009374843947728147
tinystories,4,refit,8192,1024,1,bootstrap_jackknife,0.04470753756133019,0.0007325403805519185
tinystories,4,fixed,8192,1024,5,bootstrap,0.028345822249194245,0.0002806700713786291
tinystories,4,refit,8192,1024,5,bootstrap,0.028345822249194245,0.0002806700713786291
tinystories,4,fixed,8192,1024,5,bootstrap_jackknife,0.028695963461555635,0.0005417070094025218
tinystories,4,refit,8192,1024,5,bootstrap_jackknife,0.028695963461555642,0.0005417070094025343
tinystories,4,fixed,8192,1024,20,bootstrap,0.012025933038757486,0.0001381984867373889
tinystories,4,refit,8192,1024,20,bootstrap,0.01602434639028867,0.00018328378657700116
tinystories,4,fixed,8192,1024,20,bootstrap_jackknife,0.011999765147006762,0.0002870928282406481
tinystories,4,refit,8192,1024,20,bootstrap_jackknife,0.015991357706398233,0.00038052978999951026
tinystories,4,fixed,8192,2048,1,bootstrap,0.03972500000051647,0.0001692432739426966
tinystories,4,refit,8192,2048,1,bootstrap,0.029840978879089403,0.00013146373435230952
tinystories,4,fixed,8192,2048,1,bootstrap_jackknife,0.041822612266700476,0.00039296159401311224
tinystories,4,refit,8192,2048,1,bootstrap_jackknife,0.03142776401256834,0.00031650715199774094
tinystories,4,fixed,8192,2048,5,bootstrap,0.02128016529178789,0.00010404133345157849
tinystories,4,refit,8192,2048,5,bootstrap,0.02128016529178789,0.00010404133345159834
tinystories,4,fixed,8192,2048,5,bootstrap_jackknife,0.02183180200846843,0.0002475547935525244
tinystories,4,refit,8192,2048,5,bootstrap_jackknife,0.02183180200846845,0.000247554793552613
tinystories,4,fixed,8192,2048,20,bootstrap,0.009789277154716143,6.01826913128766e-05
tinystories,4,refit,8192,2048,20,bootstrap,0.013046751899205627,7.860615697576099e-05
tinystories,4,fixed,8192,2048,20,bootstrap_jackknife,0.009843203445729398,0.00012399590825879853
tinystories,4,refit,8192,2048,20,bootstrap_jackknife,0.01311817065018707,0.0001607878125605269
tinystories,4,fixed,8192,4096,1,bootstrap,0.02613448894280182,0.00025589192496457163
tinystories,4,refit,8192,4096,1,bootstrap,0.01964635871606932,0.00019324930758032695
tinystories,4,fixed,8192,4096,1,bootstrap_jackknife,0.029372316475868205,0.00053543312230791
tinystories,4,refit,8192,4096,1,bootstrap_jackknife,0.022098372221489627,0.0004039361480344571
tinystories,4,fixed,8192,4096,5,bootstrap,0.015209825939553232,0.00010540553728231233
tinystories,4,refit,8192,4096,5,bootstrap,0.015209825939553272,0.00010540553728229238
tinystories,4,fixed,8192,4096,5,bootstrap_jackknife,0.01639739100574483,0.0002498412424382395
tinystories,4,refit,8192,4096,5,bootstrap_jackknife,0.0163973910057449,0.0002498412424381853
tinystories,4,fixed,8192,4096,20,bootstrap,0.007645742415713385,2.9641773050909564e-05
tinystories,4,refit,8192,4096,20,bootstrap,0.010189415989890626,3.88224837032323e-05
tinystories,4,fixed,8192,4096,20,bootstrap_jackknife,0.008005527263128002,6.789725830666388e-05
tinystories,4,refit,8192,4096,20,bootstrap_jackknife,0.01066463600088965,8.815062531810593e-05
tinystories,5,fixed,1024,512,1,bootstrap,0.06734156232421636,0.0006110387230695573
tinystories,5,refit,1024,512,1,bootstrap,0.05049035584985937,0.0004572613082646455
tinystories,5,fixed,1024,512,1,bootstrap_jackknife,0.07700087588294553,0.001434900178205599
tinystories,5,refit,1024,512,1,bootstrap_jackknife,0.057758229635127147,0.0010763434951477162
tinystories,5,fixed,1024,512,5,bootstrap,0.03239270479341594,0.0003115372504901719
tinystories,5,refit,1024,512,5,bootstrap,0.03239270479341594,0.0003115372504901719
tinystories,5,fixed,1024,512,5,bootstrap_jackknife,0.03486107563568098,0.0007941480545565143
tinystories,5,refit,1024,512,5,bootstrap_jackknife,0.03486107563568097,0.0007941480545565232
tinystories,5,fixed,1024,512,20,bootstrap,0.013515294635143052,0.00014780735236313389
tinystories,5,refit,1024,512,20,bootstrap,0.018003500214655244,0.0001969092009589833
tinystories,5,fixed,1024,512,20,bootstrap_jackknife,0.01406834993294534,0.00037187242643333735
tinystories,5,refit,1024,512,20,bootstrap_jackknife,0.018733938834852148,0.0004961209084526091
tinystories,5,fixed,1024,1024,1,bootstrap,0.043484116266285074,0.0004952533758309792
tinystories,5,refit,1024,1024,1,bootstrap,0.03258909219409616,0.00036725356535868077
tinystories,5,fixed,1024,1024,1,bootstrap_jackknife,0.05450872829546627,0.0014317389339642333
tinystories,5,refit,1024,1024,1,bootstrap_jackknife,0.04086809292073124,0.001067453447551471
tinystories,5,fixed,1024,1024,5,bootstrap,0.02400183060945681,0.0002627303473460396
tinystories,5,refit,1024,1024,5,bootstrap,0.024001830609456775,0.0002627303473460505
tinystories,5,fixed,1024,1024,5,bootstrap_jackknife,0.027467153069726507,0.0007578026821531546
tinystories,5,refit,1024,1024,5,bootstrap_jackknife,0.027467153069726413,0.0007578026821531714
tinystories,5,fixed,1024,1024,20,bootstrap,0.01093057616967053,9.629976114237103e-05
tinystories,5,refit,1024,1024,20,bootstrap,0.014575056449734386,0.00012727886140223506
tinystories,5,fixed,1024,1024,20,bootstrap_jackknife,0.011585433266576553,0.0002924276918382176
tinystories,5,refit,1024,1024,20,bootstrap_jackknife,0.01544736139913673,0.00038779083093227264
tinystories,5,fixed,1024,2048,1,bootstrap,0.02344989582767304,0.0005194407421947646
tinystories,5,refit,1024,2048,1,bootstrap,0.01756915417033837,0.0003855625609390047
tinystories,5,fixed,1024,2048,1,bootstrap_jackknife,0.030883778808195168,0.0012344604791564783
tinystories,5,refit,1024,2048,1,bootstrap_jackknife,0.023150661739817183,0.0009156931086697745
tinystories,5,fixed,1024,2048,5,bootstrap,0.015646263154250304,0.0002750366634032474
tinystories,5,refit,1024,2048,5,bootstrap,0.01564626315425027,0.0002750366634032645
tinystories,5,fixed,1024,2048,5,bootstrap_jackknife,0.01862576001380117,0.0006708406487198587
tinystories,5,refit,1024,2048,5,bootstrap_jackknife,0.018625760013801087,0.0006708406487199085
tinystories,5,fixed,1024,2048,20,bootstrap,0.008299981772654895,0.00011274071813755151
tinystories,5,refit,1024,2048,20,bootstrap,0.011071931294099812,0.0001500796578215864
tinystories,5,fixed,1024,2048,20,bootstrap_jackknife,0.009025290105780145,0.0002788725867080548
tinystories,5,refit,1024,2048,20,bootstrap_jackknife,0.012034230578367213,0.00037199539819903556
tinystories,5,fixed,1024,4096,1,bootstrap,0.011512540202789169,0.00033058946346977927
tinystories,5,refit,1024,4096,1,bootstrap,0.00860951069509927,0.00024924952280200503
tinystories,5,fixed,1024,4096,1,bootstrap_jackknife,0.015523863328493537,0.0007569098382112296
tinystories,5,refit,1024,4096,1,bootstrap_jackknife,0.011607737397442572,0.0005709180858973627
tinystories,5,fixed,1024,4096,5,bootstrap,0.009419307259293673,0.00020869022647465412
tinystories,5,refit,1024,4096,5,bootstrap,0.009419307259293653,0.0002086902264746388
tinystories,5,fixed,1024,4096,5,bootstrap_jackknife,0.011984704684479644,0.0004999951934913542
tinystories,5,refit,1024,4096,5,bootstrap_jackknife,0.011984704684479562,0.0004999951934913075
tinystories,5,fixed,1024,4096,20,bootstrap,0.005963125619256913,0.00012634174569828302
tinystories,5,refit,1024,4096,20,bootstrap,0.007963367172017418,0.0001682304566803248
tinystories,5,fixed,1024,4096,20,bootstrap_jackknife,0.006953220870990901,0.00030660838044159683
tinystories,5,refit,1024,4096,20,bootstrap_jackknife,0.009284037351208477,0.00040815338868899925
tinystories,5,fixed,2048,512,1,bootstrap,0.0736802206589043,0.00041708643597062613
tinystories,5,refit,2048,512,1,bootstrap,0.05526183511944139,0.00032437277254717593
tinystories,5,fixed,2048,512,1,bootstrap_jackknife,0.07895627525880043,0.0013534298803334658
tinystories,5,refit,2048,512,1,bootstrap_jackknife,0.05920344592238791,0.0010423004283246365
tinystories,5,fixed,2048,512,5,bootstrap,0.033937288251880936,0.00024940255371166665
tinystories,5,refit,2048,512,5,bootstrap,0.03393728825188096,0.00024940255371166226
tinystories,5,fixed,2048,512,5,bootstrap_jackknife,0.03511362608266412,0.0006035481301694316
tinystories,5,refit,2048,512,5,bootstrap_jackknife,0.03511362608266418,0.0006035481301694314
tinystories,5,fixed,2048,512,20,bootstrap,0.013712564136234126,0.00013369499358661493
tinystories,5,refit,2048,512,20,bootstrap,0.018267929628512775,0.00017564959191011413
tinystories,5,fixed,2048,512,20,bootstrap_jackknife,0.013803618687161517,0.0002731621600807231
tinystories,5,refit,2048,512,20,bootstrap_jackknife,0.018386261741385173,0.0003591861377207418
tinystories,5,fixed,2048,1024,1,bootstrap,0.05087205210955672,0.00020639336049919652
tinystories,5,refit,2048,1024,1,bootstrap,0.03814592553696142,0.00014940598016881192
tinystories,5,fixed,2048,1024,1,bootstrap_jackknife,0.0572377652066263,0.0006664449612241013
tinystories,5,refit,2048,1024,1,bootstrap_jackknife,0.04289526023796884,0.0004919106484995056
tinystories,5,fixed,2048,1024,5,bootstrap,0.026160371874541885,0.00012749862365198675
tinystories,5,refit,2048,1024,5,bootstrap,0.026160371874541927,0.00012749862365198938
tinystories,5,fixed,2048,1024,5,bootstrap_jackknife,0.028166311985185464,0.0003816081953517776
tinystories,5,refit,2048,1024,5,bootstrap_jackknife,0.02816631198518556,0.0003816081953518214
tinystories,5,fixed,2048,1024,20,bootstrap,0.011430110533370738,6.174764830949308e-05
tinystories,5,refit,2048,1024,20,bootstrap,0.015234957536268112,8.34978349931191e-05
tinystories,5,fixed,2048,1024,20,bootstrap_jackknife,0.01194818773385642,0.00021020103761704067
tinystories,5,refit,2048,1024,20,bootstrap_jackknife,0.015926254634839144,0.0002792108265063172
tinystories,5,fixed,2048,2048,1,bootstrap,0.0317621159900277,0.00024061935578412985
tinystories,5,refit,2048,2048,1,bootstrap,0.023809313882894617,0.00017548019742234434
tinystories,5,fixed,2048,2048,1,bootstrap_jackknife,0.03870347622854266,0.00039964269008257736
tinystories,5,refit,2048,2048,1,bootstrap_jackknife,0.029009379922503895,0.0002890003689607472
tinystories,5,fixed,2048,2048,5,bootstrap,0.018482919740358265,0.00021790856677288866
tinystories,5,refit,2048,2048,5,bootstrap,0.01848291974035819,0.00021790856677293512
tinystories,5,fixed,2048,2048,5,bootstrap_jackknife,0.020736245953589607,0.00038346903106681914
tinystories,5,refit,2048,2048,5,bootstrap_jackknife,0.020736245953589468,0.0003834690310669006
tinystories,5,fixed,2048,2048,20,bootstrap,0.008979010824792964,0.00013485111271044445
tinystories,5,refit,2048,2048,20,bootstrap,0.01197517841638971,0.00017917741697945542
tinystories,5,fixed,2048,2048,20,bootstrap_jackknife,0.009496016761099785,0.00024055491839788514
tinystories,5,refit,2048,2048,20,bootstrap_jackknife,0.012665424531279888,0.0003203278184230795
tinystories,5,fixed,2048,4096,1,bootstrap,0.017303192872266157,0.00018418528565743213
tinystories,5,refit,2048,4096,1,bootstrap,0.012969765823074733,0.00013828243112537492
tinystories,5,fixed,2048,4096,1,bootstrap_jackknife,0.022845301728945933,0.00036852335342139333
tinystories,5,refit,2048,4096,1,bootstrap_jackknife,0.01713369648004096,0.00027472781558262894
tinystories,5,fixed,2048,4096,5,bootstrap,0.011910344785062537,8.025149536842613e-05
tinystories,5,refit,2048,4096,5,bootstrap,0.011910344785062478,8.025149536840718e-05
tinystories,5,fixed,2048,4096,5,bootstrap_jackknife,0.01429378068236585,0.00014763100909842328
tinystories,5,refit,2048,4096,5,bootstrap_jackknife,0.01429378068236579,0.0001476310090984877
tinystories,5,fixed,2048,4096,20,bootstrap,0.006633963694278656,3.533942387353702e-05
tinystories,5,refit,2048,4096,20,bootstrap,0.008852769232463783,4.7735175803855194e-05
tinystories,5,fixed,2048,4096,20,bootstrap_jackknife,0.007329558752266696,3.578169491920213e-05
tinystories,5,refit,2048,4096,20,bootstrap_jackknife,0.009780523074385023,4.908314782721933e-05
tinystories,5,fixed,4096,512,1,bootstrap,0.07771165965324296,0.00032004298875851954
tinystories,5,refit,4096,512,1,bootstrap,0.05832563924811868,0.00024410848668559914
tinystories,5,fixed,4096,512,1,bootstrap_jackknife,0.08154200028805658,0.0006721569300520688
tinystories,5,refit,4096,512,1,bootstrap_jackknife,0.06120431127156928,0.0005247363360634248
tinystories,5,fixed,4096,512,5,bootstrap,0.03559387808445419,0.0001610989858538912
tinystories,5,refit,4096,512,5,bootstrap,0.03559387808445417,0.00016109898585388728
tinystories,5,fixed,4096,512,5,bootstrap_jackknife,0.03690814698975353,0.0004065146425944185
tinystories,5,refit,4096,512,5,bootstrap_jackknife,0.036908146989753476,0.0004065146425944168
tinystories,5,fixed,4096,512,20,bootstrap,0.014244102631146394,0.00010309852856454003
tinystories,5,refit,4096,512,20,bootstrap,0.01897213094477922,0.00013632429448331236
tinystories,5,fixed,4096,512,20,bootstrap_jackknife,0.014641729054784757,0.0002594856354937054
tinystories,5,refit,4096,512,20,bootstrap_jackknife,0.019500332969546643,0.0003426105921700508
tinystories,5,fixed,4096,1024,1,bootstrap,0.05512552920038121,0.00012856811413601804
tinystories,5,refit,4096,1024,1,bootstrap,0.041366587365150705,9.927876660766493e-05
tinystories,5,fixed,4096,1024,1,bootstrap_jackknife,0.058912672314359295,0.0004738427504905867
tinystories,5,refit,4096,1024,1,bootstrap_jackknife,0.04419186500700637,0.0003524496460573373
tinystories,5,fixed,4096,1024,5,bootstrap,0.027344682578033602,9.014950961388022e-05
tinystories,5,refit,4096,1024,5,bootstrap,0.027344682578033585,9.014950961386265e-05
tinystories,5,fixed,4096,1024,5,bootstrap_jackknife,0.0284095096464179,0.00034672821806031804
tinystories,5,refit,4096,1024,5,bootstrap_jackknife,0.028409509646417863,0.00034672821806028064
tinystories,5,fixed,4096,1024,20,bootstrap,0.011678054065097745,1.779137040530352e-05
tinystories,5,refit,4096,1024,20,bootstrap,0.015566433722565068,2.334472172920916e-05
tinystories,5,fixed,4096,1024,20,bootstrap_jackknife,0.011844243101023444,9.133502199256239e-05
tinystories,5,refit,4096,1024,20,bootstrap_jackknife,0.015793823208577574,0.00012553454853498624
tinystories,5,fixed,4096,2048,1,bootstrap,0.03712490882744524,7.104956899521908e-05
tinystories,5,refit,4096,2048,1,bootstrap,0.027882449658886366,5.3515931202364504e-05
tinystories,5,fixed,4096,2048,1,bootstrap_jackknife,0.04189191563667377,0.000259187697535191
tinystories,5,refit,4096,2048,1,bootstrap_jackknife,0.03147732057972272,0.00018860464852903935
tinystories,5,fixed,4096,2048,5,bootstrap,0.020146983901050044,2.8110981249581115e-05
tinystories,5,refit,4096,2048,5,bootstrap,0.020146983901050082,2.8110981249590547e-05
tinystories,5,fixed,4096,2048,5,bootstrap_jackknife,0.021667267352525135,0.00014002209217663344
tinystories,5,refit,4096,2048,5,bootstrap_jackknife,0.02166726735252523,0.00014002209217664596
tinystories,5,fixed,4096,2048,20,bootstrap,0.009409631446143546,1.796668384830673e-05
tinystories,5,refit,4096,2048,20,bootstrap,0.012544089357647574,2.332107021487479e-05
tinystories,5,fixed,4096,2048,20,bootstrap_jackknife,0.009768429535468935,5.683618383495109e-05
tinystories,5,refit,4096,2048,20,bootstrap_jackknife,0.013021551936685633,7.464854963931209e-05
tinystories,5,fixed,4096,4096,1,bootstrap,0.022762571821350736,0.00020127423755481917
tinystories,5,refit,4096,4096,1,bootstrap,0.017094348656955874,0.00015522658047107573
tinystories,5,fixed,4096,4096,1,bootstrap_jackknife,0.02766430624309472,0.0005908468497763521
tinystories,5,refit,4096,4096,1,bootstrap_jackknife,0.020784956868980933,0.0004510729293655409
tinystories,5,fixed,4096,4096,5,bootstrap,0.013771385295421781,8.564055689827377e-05
tinystories,5,refit,4096,4096,5,bootstrap,0.01377138529542188,8.564055689829792e-05
tinystories,5,fixed,4096,4096,5,bootstrap_jackknife,0.015412803942933389,0.0002507714816363822
tinystories,5,refit,4096,4096,5,bootstrap_jackknife,0.015412803942933607,0.00025077148163639434
tinystories,5,fixed,4096,4096,20,bootstrap,0.007128606987369956,2.9554749266287617e-05
tinystories,5,refit,4096,4096,20,bootstrap,0.009503752225052883,3.795907797405767e-05
tinystories,5,fixed,4096,4096,20,bootstrap_jackknife,0.007517154463603941,9.004720376492307e-05
tinystories,5,refit,4096,4096,20,bootstrap_jackknife,0.010017962273075812,0.0001174041640288338
tinystories,5,fixed,8192,512,1,bootstrap,0.07781616029279119,0.00047633891542433565
tinystories,5,refit,8192,512,1,bootstrap,0.05839315217548007,0.00035460157278970804
tinystories,5,fixed,8192,512,1,bootstrap_jackknife,0.0788825219960499,0.0008461010799196628
tinystories,5,refit,8192,512,1,bootstrap_jackknife,0.059211990584077535,0.0006324727754663872
tinystories,5,fixed,8192,512,5,bootstrap,0.035447124075045855,0.00023139393537113898
tinystories,5,refit,8192,512,5,bootstrap,0.035447124075045904,0.00023139393537113573
tinystories,5,fixed,8192,512,5,bootstrap_jackknife,0.03587642641200719,0.00039656238853343057
tinystories,5,refit,8192,512,5,bootstrap_jackknife,0.03587642641200726,0.0003965623885334492
tinystories,5,fixed,8192,512,20,bootstrap,0.01424915831099387,8.230364013897355e-05
tinystories,5,refit,8192,512,20,bootstrap,0.018974309985018728,0.0001122919710747384
tinystories,5,fixed,8192,512,20,bootstrap_jackknife,0.014425779514558276,0.00014395660366826762
tinystories,5,refit,8192,512,20,bootstrap_jackknife,0.019204515541340443,0.00019691404322410853
tinystories,5,fixed,8192,1024,1,bootstrap,0.05749581961346794,0.0002858895953989398
tinystories,5,refit,8192,1024,1,bootstrap,0.043142311936315146,0.0002216077397222513
tinystories,5,fixed,8192,1024,1,bootstrap_jackknife,0.060414984276597715,0.0005314857999959466
tinystories,5,refit,8192,1024,1,bootstrap_jackknife,0.045348006684266806,0.0004128866275938766
tinystories,5,fixed,8192,1024,5,bootstrap,0.028096994017145067,0.00013033244607975515
tinystories,5,refit,8192,1024,5,bootstrap,0.02809699401714505,0.00013033244607974542
tinystories,5,fixed,8192,1024,5,bootstrap_jackknife,0.02901566498213845,0.00024178264683744692
tinystories,5,refit,8192,1024,5,bootstrap_jackknife,0.02901566498213841,0.00024178264683741608
tinystories,5,fixed,8192,1024,20,bootstrap,0.011978655850083795,7.620077017400058e-05
tinystories,5,refit,8192,1024,20,bootstrap,0.015963106812734277,9.911286685829358e-05
tinystories,5,fixed,8192,1024,20,bootstrap_jackknife,0.012257503628113767,0.0001494514145408379
tinystories,5,refit,8192,1024,20,bootstrap_jackknife,0.01633282355529116,0.0001938183999662829
tinystories,5,fixed,8192,2048,1,bootstrap,0.039657452778751094,4.89083388114607e-05
tinystories,5,refit,8192,2048,1,bootstrap,0.029757318403726512,3.1460102130318695e-05
tinystories,5,fixed,8192,2048,1,bootstrap_jackknife,0.04276639478935531,7.203606052080291e-05
tinystories,5,refit,8192,2048,1,bootstrap_jackknife,0.03209449860111841,4.216588895179182e-05
tinystories,5,fixed,8192,2048,5,bootstrap,0.020920776889883325,5.195629458229832e-05
tinystories,5,refit,8192,2048,5,bootstrap,0.020920776889883325,5.195629458227078e-05
tinystories,5,fixed,8192,2048,5,bootstrap_jackknife,0.02202264062157286,4.314633591286983e-05
tinystories,5,refit,8192,2048,5,bootstrap_jackknife,0.02202264062157287,4.314633591279739e-05
tinystories,5,fixed,8192,2048,20,bootstrap,0.009601646880750556,2.1320828093679233e-05
tinystories,5,refit,8192,2048,20,bootstrap,0.012800337155370873,2.8091183245488488e-05
tinystories,5,fixed,8192,2048,20,bootstrap_jackknife,0.009935163294171425,3.7464245439410494e-05
tinystories,5,refit,8192,2048,20,bootstrap_jackknife,0.013244168566637605,4.74700178874668e-05
tinystories,5,fixed,8192,4096,1,bootstrap,0.02544651669298595,4.622916408686611e-05
tinystories,5,refit,8192,4096,1,bootstrap,0.01909644200665457,3.08849470386098e-05
tinystories,5,fixed,8192,4096,1,bootstrap_jackknife,0.028158570631073795,0.00018548801619571936
tinystories,5,refit,8192,4096,1,bootstrap_jackknife,0.021126544912203324,0.0001438840422107601
tinystories,5,fixed,8192,4096,5,bootstrap,0.01467637327516849,2.514055619472312e-05
tinystories,5,refit,8192,4096,5,bootstrap,0.01467637327516845,2.5140556194707627e-05
tinystories,5,fixed,8192,4096,5,bootstrap_jackknife,0.015581665396007971,0.00010487581666105886
tinystories,5,refit,8192,4096,5,bootstrap_jackknife,0.015581665396007851,0.00010487581666099801
tinystories,5,fixed,8192,4096,20,bootstrap,0.007348258167252336,3.289750069831643e-05
tinystories,5,refit,8192,4096,20,bootstrap,0.009798972139237706,4.374256379110606e-05
tinystories,5,fixed,8192,4096,20,bootstrap_jackknife,0.007562765653230189,6.711417331199684e-05
tinystories,5,refit,8192,4096,20,bootstrap_jackknife,0.010084067876221889,8.805855992480473e-05
wikitext,0,fixed,1024,512,1,bootstrap,0.0840922938265537,0.0010187253055090816
wikitext,0,refit,1024,512,1,bootstrap,0.03661725616172324,0.0004426354477551037
wikitext,0,fixed,1024,512,1,bootstrap_jackknife,0.1033113734924168,0.0024953605219309705
wikitext,0,refit,1024,512,1,bootstrap_jackknife,0.04498640064001321,0.0010907109821763118
wikitext,0,fixed,1024,512,5,bootstrap,0.02830536159255996,0.0003376317328132528
wikitext,0,refit,1024,512,5,bootstrap,0.02830536159255997,0.0003376317328132556
wikitext,0,fixed,1024,512,5,bootstrap_jackknife,0.03184069667172919,0.0009148710521768255
wikitext,0,refit,1024,512,5,bootstrap_jackknife,0.031840696671729195,0.0009148710521768271
wikitext,0,fixed,1024,512,20,bootstrap,0.0079824877163486,8.206827413910351e-05
wikitext,0,refit,1024,512,20,bootstrap,0.013963203689742763,0.00014792691746825606
wikitext,0,fixed,1024,512,20,bootstrap_jackknife,0.008393482976965856,0.00023755548541691277
wikitext,0,refit,1024,512,20,bootstrap_jackknife,0.014668998399326566,0.0004233675008175945
wikitext,0,fixed,1024,1024,1,bootstrap,0.06437464863819549,0.001028635155545273
wikitext,0,refit,1024,1024,1,bootstrap,0.028016095085457982,0.00045195913006173204
wikitext,0,fixed,1024,1024,1,bootstrap_jackknife,0.08900508380820565,0.0020211614565620365
wikitext,0,refit,1024,1024,1,bootstrap_jackknife,0.03874267046502117,0.0008853189174661736
wikitext,0,fixed,1024,1024,5,bootstrap,0.02552508951645784,0.0004432319460915111
wikitext,0,refit,1024,1024,5,bootstrap,0.02552508951645786,0.0004432319460915069
wikitext,0,fixed,1024,1024,5,bootstrap_jackknife,0.03093354063964404,0.000786454154856269
wikitext,0,refit,1024,1024,5,bootstrap_jackknife,0.030933540639644055,0.0007864541548562776
wikitext,0,fixed,1024,1024,20,bootstrap,0.007944421617002212,0.0001605038010018432
wikitext,0,refit,1024,1024,20,bootstrap,0.01388552728897271,0.000276250959682871
wikitext,0,fixed,1024,1024,20,bootstrap_jackknife,0.008707034704499756,0.0002579845925785248
wikitext,0,refit,1024,1024,20,bootstrap_jackknife,0.015197064953084554,0.00044261092298393756
wikitext,0,fixed,1024,2048,1,bootstrap,0.03975269608217629,0.0003002462376915703
wikitext,0,refit,1024,2048,1,bootstrap,0.017292622446791927,0.00013177066861242876
wikitext,0,fixed,1024,2048,1,bootstrap_jackknife,0.06064761478797879,0.0005065512601724427
wikitext,0,refit,1024,2048,1,bootstrap_jackknife,0.026384900398557773,0.00022903930748012348
wikitext,0,fixed,1024,2048,5,bootstrap,0.020631278428360916,6.169935377867513e-05
wikitext,0,refit,1024,2048,5,bootstrap,0.020631278428360916,6.169935377867876e-05
wikitext,0,fixed,1024,2048,5,bootstrap_jackknife,0.027536467229184,0.00016831942812812093
wikitext,0,refit,1024,2048,5,bootstrap_jackknife,0.027536467229183983,0.00016831942812813844
wikitext,0,fixed,1024,2048,20,bootstrap,0.007632864729787869,1.8588977342865023e-05
wikitext,0,refit,1024,2048,20,bootstrap,0.013349069383529996,3.212559416947817e-05
wikitext,0,fixed,1024,2048,20,bootstrap_jackknife,0.008996967549962662,0.00012323046763177854
wikitext,0,refit,1024,2048,20,bootstrap_jackknife,0.015720896890583373,0.00021491657690265672
wikitext,0,fixed,1024,4096,1,bootstrap,0.018954205626825683,2.8420154167473054e-05
wikitext,0,refit,1024,4096,1,bootstrap,0.008234963981859522,8.991672644958913e-06
wikitext,0,fixed,1024,4096,1,bootstrap_jackknife,0.029333285820814927,0.00014464142729368027
wikitext,0,refit,1024,4096,1,bootstrap_jackknife,0.012742010971385304,6.085075163541344e-05
wikitext,0,fixed,1024,4096,5,bootstrap,0.01393589849802665,2.795254558264628e-05
wikitext,0,refit,1024,4096,5,bootstrap,0.01393589849802669,2.795254558264818e-05
wikitext,0,fixed,1024,4096,5,bootstrap_jackknife,0.01996473276593282,6.717617820085285e-05
wikitext,0,refit,1024,4096,5,bootstrap_jackknife,0.019964732765932903,6.717617820080608e-05
wikitext,0,fixed,1024,4096,20,bootstrap,0.006545672223990731,1.578024124152352e-05
wikitext,0,refit,1024,4096,20,bootstrap,0.01146456201341107,2.810603260369318e-05
wikitext,0,fixed,1024,4096,20,bootstrap_jackknife,0.008153629695134073,4.7466103179158525e-05
wikitext,0,refit,1024,4096,20,bootstrap_jackknife,0.014274290717187367,8.020865302906133e-05
wikitext,0,fixed,2048,512,1,bootstrap,0.09672082229925995,6.810187909427783e-05
wikitext,0,refit,2048,512,1,bootstrap,0.04209137148579198,3.581898723958387e-05
wikitext,0,fixed,2048,512,1,bootstrap_jackknife,0.10885546140051332,0.00013040890796768036
wikitext,0,refit,2048,512,1,bootstrap_jackknife,0.047346805725127124,7.624555028162333e-05
wikitext,0,fixed,2048,512,5,bootstrap,0.030581287312137207,6.435446858636021e-05
wikitext,0,refit,2048,512,5,bootstrap,0.03058128731213719,6.435446858636764e-05
wikitext,0,fixed,2048,512,5,bootstrap_jackknife,0.03280229001266526,0.00012639598618912026
wikitext,0,refit,2048,512,5,bootstrap_jackknife,0.032802290012665235,0.00012639598618912004
wikitext,0,fixed,2048,512,20,bootstrap,0.008264984011460324,3.375831220356076e-05
wikitext,0,refit,2048,512,20,bootstrap,0.014470192862300287,6.077511258399298e-05
wikitext,0,fixed,2048,512,20,bootstrap_jackknife,0.008584893604925077,3.4600421608479025e-05
wikitext,0,refit,2048,512,20,bootstrap_jackknife,0.015041198551905199,6.577024602230525e-05
wikitext,0,fixed,2048,1024,1,bootstrap,0.08215494955662556,0.00039628755857619826
wikitext,0,refit,2048,1024,1,bootstrap,0.03573487928132682,0.0001677083293421274
wikitext,0,fixed,2048,1024,1,bootstrap_jackknife,0.09971421609800286,0.00060487348064563
wikitext,0,refit,2048,1024,1,bootstrap_jackknife,0.04337698397647565,0.00026170544143075966
wikitext,0,fixed,2048,1024,5,bootstrap,0.02902040893599536,0.00014144492957599548
wikitext,0,refit,2048,1024,5,bootstrap,0.02902040893599535,0.0001414449295760165
wikitext,0,fixed,2048,1024,5,bootstrap_jackknife,0.032340433180618716,0.00016517713395888155
wikitext,0,refit,2048,1024,5,bootstrap_jackknife,0.03234043318061871,0.00016517713395889616
wikitext,0,fixed,2048,1024,20,bootstrap,0.008377969177837662,4.716139699279957e-05
wikitext,0,refit,2048,1024,20,bootstrap,0.014646603125588095,8.070300161349783e-05
wikitext,0,fixed,2048,1024,20,bootstrap_jackknife,0.00880742321154177,1.5504749101665036e-05
wikitext,0,refit,2048,1024,20,bootstrap_jackknife,0.01539341008830255,2.53846107720721e-05
wikitext,0,fixed,2048,2048,1,bootstrap,0.0604371478018231,7.315872438846868e-05
wikitext,0,refit,2048,2048,1,bootstrap,0.02624148670641796,3.772686501182119e-05
wikitext,0,fixed,2048,2048,1,bootstrap_jackknife,0.08127604497841147,0.0002306456106378115
wikitext,0,refit,2048,2048,1,bootstrap_jackknife,0.03526994681980883,0.00010085944436534199
wikitext,0,fixed,2048,2048,5,bootstrap,0.02533037335343553,7.701710998008603e-05
wikitext,0,refit,2048,2048,5,bootstrap,0.025330373353435538,7.701710998008149e-05
wikitext,0,fixed,2048,2048,5,bootstrap_jackknife,0.030093139967728878,0.00010200460934178938
wikitext,0,refit,2048,2048,5,bootstrap_jackknife,0.030093139967728888,0.00010200460934177438
wikitext,0,fixed,2048,2048,20,bootstrap,0.008275813387535698,5.605544414805096e-05
wikitext,0,refit,2048,2048,20,bootstrap,0.014470760614379763,9.484095903696741e-05
wikitext,0,fixed,2048,2048,20,bootstrap_jackknife,0.008973911347594154,7.919209396592381e-05
wikitext,0,refit,2048,2048,20,bootstrap_jackknife,0.01568699364204035,0.00012920890368931518
wikitext,0,fixed,2048,4096,1,bootstrap,0.0365644339390129,9.685498443420057e-05
wikitext,0,refit,2048,4096,1,bootstrap,0.01586816579870624,4.148454298727459e-05
wikitext,0,fixed,2048,4096,1,bootstrap_jackknife,0.05411124053180031,0.00033561581357491777
wikitext,0,refit,2048,4096,1,bootstrap_jackknife,0.02347064028044052,0.00015016485041217386
wikitext,0,fixed,2048,4096,5,bootstrap,0.019835940330082607,1.4505898756020823e-05
wikitext,0,refit,2048,4096,5,bootstrap,0.019835940330082614,1.4505898756038533e-05
wikitext,0,fixed,2048,4096,5,bootstrap_jackknife,0.02576638797095025,0.00011658923762703843
wikitext,0,refit,2048,4096,5,bootstrap_jackknife,0.025766387970950277,0.00011658923762708384
wikitext,0,fixed,2048,4096,20,bootstrap,0.007701913444135015,1.4772403047653312e-05
wikitext,0,refit,2048,4096,20,bootstrap,0.01348009826837751,2.4818356978866584e-05
wikitext,0,fixed,2048,4096,20,bootstrap_jackknife,0.008855294439589505,3.803595493196833e-05
wikitext,0,refit,2048,4096,20,bootstrap_jackknife,0.015489464840708109,6.483770621322076e-05
wikitext,0,fixed,4096,512,1,bootstrap,0.10147260517959128,0.00026611057072723496
wikitext,0,refit,4096,512,1,bootstrap,0.044156753804122297,0.00012341170488077067
wikitext,0,fixed,4096,512,1,bootstrap_jackknife,0.10728065889196102,0.00085503817266624
wikitext,0,refit,4096,512,1,bootstrap_jackknife,0.04666668783871708,0.00039494384211708866
wikitext,0,fixed,4096,512,5,bootstrap,0.031426189688091334,0.00010589740919229468
wikitext,0,refit,4096,512,5,bootstrap,0.031426189688091334,0.00010589740919228487
wikitext,0,fixed,4096,512,5,bootstrap_jackknife,0.0323492197940971,0.0004427046959245635
wikitext,0,refit,4096,512,5,bootstrap_jackknife,0.03234921979409709,0.00044270469592454454
wikitext,0,fixed,4096,512,20,bootstrap,0.008342181406294813,2.7823748508566612e-05
wikitext,0,refit,4096,512,20,bootstrap,0.014592663063755775,5.103091410347276e-05
wikitext,0,fixed,4096,512,20,bootstrap_jackknife,0.008388532910223647,0.00012232829903684818
wikitext,0,refit,4096,512,20,bootstrap_jackknife,0.01467674384136152,0.00021643855176881188
wikitext,0,fixed,4096,1024,1,bootstrap,0.09134377484933237,0.00036172989830805574
wikitext,0,refit,4096,1024,1,bootstrap,0.03970655121357833,0.0001542511574458819
wikitext,0,fixed,4096,1024,1,bootstrap_jackknife,0.1015366168870907,0.0004029366334523274
wikitext,0,refit,4096,1024,1,bootstrap_jackknife,0.04413093838503248,0.00017161742258276142
wikitext,0,fixed,4096,1024,5,bootstrap,0.03090191328039915,8.493048846098263e-05
wikitext,0,refit,4096,1024,5,bootstrap,0.030901913280399162,8.493048846097259e-05
wikitext,0,fixed,4096,1024,5,bootstrap_jackknife,0.03267100474190147,8.262688546933745e-05
wikitext,0,refit,4096,1024,5,bootstrap_jackknife,0.03267100474190148,8.262688546934268e-05
wikitext,0,fixed,4096,1024,20,bootstrap,0.008629179325619971,3.165918981670232e-05
wikitext,0,refit,4096,1024,20,bootstrap,0.015078280013773426,5.21313652670506e-05
wikitext,0,fixed,4096,1024,20,bootstrap_jackknife,0.008779664856884584,0.00010902565170620927
wikitext,0,refit,4096,1024,20,bootstrap_jackknife,0.015331667170891421,0.00018209486865835523
wikitext,0,fixed,4096,2048,1,bootstrap,0.07378773448693904,0.000232900688365764
wikitext,0,refit,4096,2048,1,bootstrap,0.03203374802100695,0.00010933758572929753
wikitext,0,fixed,4096,2048,1,bootstrap_jackknife,0.088538049919808,0.0008510085029589581
wikitext,0,refit,4096,2048,1,bootstrap_jackknife,0.0384310683057043,0.00039121300744029616
wikitext,0,fixed,4096,2048,5,bootstrap,0.028459028099708697,0.00014241851872125687
wikitext,0,refit,4096,2048,5,bootstrap,0.028459028099708693,0.0001424185187212583
wikitext,0,fixed,4096,2048,5,bootstrap_jackknife,0.031831805784362927,0.0003858332483709457
wikitext,0,refit,4096,2048,5,bootstrap_jackknife,0.031831805784362927,0.00038583324837095036
wikitext,0,fixed,4096,2048,20,bootstrap,0.008848997578493186,5.454214403596662e-05
wikitext,0,refit,4096,2048,20,bootstrap,0.015463584119485584,9.834514097808288e-05
wikitext,0,fixed,4096,2048,20,bootstrap_jackknife,0.009440620938855998,0.00012854151505844772
wikitext,0,refit,4096,2048,20,bootstrap_jackknife,0.016488227391992762,0.00023027065314507118
wikitext,0,fixed,4096,4096,1,bootstrap,0.05274795061882184,0.00038197011504825383
wikitext,0,refit,4096,4096,1,bootstrap,0.022860897263311596,0.0001646290818542681
wikitext,0,fixed,4096,4096,1,bootstrap_jackknife,0.06942221031727361,0.0011462671104919603
wikitext,0,refit,4096,4096,1,bootstrap_jackknife,0.030078174657077766,0.0004964853310650566
wikitext,0,fixed,4096,4096,5,bootstrap,0.024029906650678962,6.14928236998847e-05
wikitext,0,refit,4096,4096,5,bootstrap,0.02402990665067897,6.149282369987491e-05
wikitext,0,fixed,4096,4096,5,bootstrap_jackknife,0.028393841053956686,0.000265820053213268
wikitext,0,refit,4096,4096,5,bootstrap_jackknife,0.028393841053956686,0.00026582005321323823
wikitext,0,fixed,4096,4096,20,bootstrap,0.008539753329570606,1.8473851519201214e-05
wikitext,0,refit,4096,4096,20,bootstrap,0.014942708731458233,3.2230506008218346e-05
wikitext,0,fixed,4096,4096,20,bootstrap_jackknife,0.009324470065320273,5.030324622570315e-05
wikitext,0,refit,4096,4096,20,bootstrap_jackknife,0.016317247019609498,8.803075114383779e-05
wikitext,0,fixed,8192,512,1,bootstrap,0.10525468495841701,0.00026379315520580504
wikitext,0,refit,8192,512,1,bootstrap,0.04579002606420121,0.00010788750530246122
wikitext,0,fixed,8192,512,1,bootstrap_jackknife,0.10908990859258154,0.0006221566498691627
wikitext,0,refit,8192,512,1,bootstrap_jackknife,0.04744151519861814,0.0002637386289522653
wikitext,0,fixed,8192,512,5,bootstrap,0.03188480559762117,7.192514336125437e-05
wikitext,0,refit,8192,512,5,bootstrap,0.03188480559762116,7.192514336124643e-05
wikitext,0,fixed,8192,512,5,bootstrap_jackknife,0.032459150092806116,0.00016558346684121167
wikitext,0,refit,8192,512,5,bootstrap_jackknife,0.03245915009280611,0.0001655834668411855
wikitext,0,fixed,8192,512,20,bootstrap,0.008322311017920721,2.8721620512538225e-05
wikitext,0,refit,8192,512,20,bootstrap,0.01456330947008843,5.2170753883164395e-05
wikitext,0,fixed,8192,512,20,bootstrap_jackknife,0.00832611931202362,6.66073326569788e-05
wikitext,0,refit,8192,512,20,bootstrap_jackknife,0.014577996738333661,0.00011907575421522728
wikitext,0,fixed,8192,1024,1,bootstrap,0.0963341679684654,0.00038059367022488544
wikitext,0,refit,8192,1024,1,bootstrap,0.04186932332316785,0.00016284099478289948
wikitext,0,fixed,8192,1024,1,bootstrap_jackknife,0.10145001645764663,0.0009577361152297172
wikitext,0,refit,8192,1024,1,bootstrap_jackknife,0.04409181129207044,0.00041413883256288754
wikitext,0,fixed,8192,1024,5,bootstrap,0.031769535603981575,7.862642916779232e-05
wikitext,0,refit,8192,1024,5,bootstrap,0.031769535603981575,7.86264291677947e-05
wikitext,0,fixed,8192,1024,5,bootstrap_jackknife,0.03263766472023462,0.0002116810878403672
wikitext,0,refit,8192,1024,5,bootstrap_jackknife,0.03263766472023463,0.00021168108784035432
wikitext,0,fixed,8192,1024,20,bootstrap,0.008746084110945433,1.27348865455314e-05
wikitext,0,refit,8192,1024,20,bootstrap,0.015288838130463693,1.8904364346869427e-05
wikitext,0,fixed,8192,1024,20,bootstrap_jackknife,0.008838173626059414,1.218531097983188e-05
wikitext,0,refit,8192,1024,20,bootstrap_jackknife,0.015451172439840635,1.7101194024280618e-05
wikitext,0,fixed,8192,2048,1,bootstrap,0.08186100848648106,0.000351435321758266
wikitext,0,refit,8192,2048,1,bootstrap,0.03553943992823177,0.000151404639362588
wikitext,0,fixed,8192,2048,1,bootstrap_jackknife,0.08971395610733124,0.0006413310121279681
wikitext,0,refit,8192,2048,1,bootstrap_jackknife,0.03896014093804949,0.0002741256156933836
wikitext,0,fixed,8192,2048,5,bootstrap,0.02974800345516351,6.114455269177651e-05
wikitext,0,refit,8192,2048,5,bootstrap,0.029748003455163527,6.114455269176858e-05
wikitext,0,fixed,8192,2048,5,bootstrap_jackknife,0.031193739977162682,0.0001665425605989606
wikitext,0,refit,8192,2048,5,bootstrap_jackknife,0.0311937399771627,0.00016654256059893977
wikitext,0,fixed,8192,2048,20,bootstrap,0.008880366383599897,1.3089696236607324e-05
wikitext,0,refit,8192,2048,20,bootstrap,0.015529687598710299,2.1973069999445908e-05
wikitext,0,fixed,8192,2048,20,bootstrap_jackknife,0.008999313738619343,6.825799750977269e-05
wikitext,0,refit,8192,2048,20,bootstrap_jackknife,0.015742185780458776,0.00011159826527203779
wikitext,0,fixed,8192,4096,1,bootstrap,0.06298270794073946,9.255001945490644e-05
wikitext,0,refit,8192,4096,1,bootstrap,0.027302806126824054,4.0986660785013055e-05
wikitext,0,fixed,8192,4096,1,bootstrap_jackknife,0.07381777789980738,0.00027055568428274604
wikitext,0,refit,8192,4096,1,bootstrap_jackknife,0.03200346198735271,0.00010707363899267455
wikitext,0,fixed,8192,4096,5,bootstrap,0.026098440097860442,9.542718477880493e-05
wikitext,0,refit,8192,4096,5,bootstrap,0.026098440097860432,9.542718477881857e-05
wikitext,0,fixed,8192,4096,5,bootstrap_jackknife,0.028631085332309566,0.00012966761606882785
wikitext,0,refit,8192,4096,5,bootstrap_jackknife,0.028631085332309528,0.00012966761606885666
wikitext,0,fixed,8192,4096,20,bootstrap,0.008759080744813538,3.833856111524315e-05
wikitext,0,refit,8192,4096,20,bootstrap,0.015325305037440057,6.516006034570851e-05
wikitext,0,fixed,8192,4096,20,bootstrap_jackknife,0.00918191724481092,6.139479528050843e-05
wikitext,0,refit,8192,4096,20,bootstrap_jackknife,0.0160638787384753,0.00010253843213406993
wikitext,1,fixed,1024,512,1,bootstrap,0.08573429493885067,0.0001308144592765576
wikitext,1,refit,1024,512,1,bootstrap,0.03733983240083644,5.655924971805142e-05
wikitext,1,fixed,1024,512,1,bootstrap_jackknife,0.10541549833624349,0.0009143475866180333
wikitext,1,refit,1024,512,1,bootstrap_jackknife,0.045927580590028404,0.00039136115345491854
wikitext,1,fixed,1024,512,5,bootstrap,0.028833197017982194,5.628138363454712e-05
wikitext,1,refit,1024,512,5,bootstrap,0.028833197017982204,5.6281383634538984e-05
wikitext,1,fixed,1024,512,5,bootstrap_jackknife,0.03261456233319231,0.0003813535018786399
wikitext,1,refit,1024,512,5,bootstrap_jackknife,0.03261456233319229,0.0003813535018786242
wikitext,1,fixed,1024,512,20,bootstrap,0.008087338568636731,4.6438533252634776e-05
wikitext,1,refit,1024,512,20,bootstrap,0.014148883373878962,8.02133922306854e-05
wikitext,1,fixed,1024,512,20,bootstrap_jackknife,0.008593237583035042,0.00018908412884439434
wikitext,1,refit,1024,512,20,bootstrap_jackknife,0.015022609676438273,0.0003289774990702091
wikitext,1,fixed,1024,1024,1,bootstrap,0.06397407536446925,0.0004149851346417108
wikitext,1,refit,1024,1024,1,bootstrap,0.02783806136307429,0.000180683254689301
wikitext,1,fixed,1024,1024,1,bootstrap_jackknife,0.08763702582330947,0.0009170337562638883
wikitext,1,refit,1024,1024,1,bootstrap_jackknife,0.038141276244805206,0.00040092609789663764
wikitext,1,fixed,1024,1024,5,bootstrap,0.025639496892435484,0.00011606265204398235
wikitext,1,refit,1024,1024,5,bootstrap,0.02563949689243548,0.0001160626520439835
wikitext,1,fixed,1024,1024,5,bootstrap_jackknife,0.031208452293505096,0.0001978898802788565
wikitext,1,refit,1024,1024,5,bootstrap_jackknife,0.031208452293505065,0.0001978898802788648
wikitext,1,fixed,1024,1024,20,bootstrap,0.00790736743299853,3.9006666509150286e-05
wikitext,1,refit,1024,1024,20,bootstrap,0.013831247073211076,7.502069953903614e-05
wikitext,1,fixed,1024,1024,20,bootstrap_jackknife,0.008789962419315511,5.006738439190758e-06
wikitext,1,refit,1024,1024,20,bootstrap_jackknife,0.015363581606695135,1.9895647964771264e-05
wikitext,1,fixed,1024,2048,1,bootstrap,0.03915452641290485,0.00020632243308578766
wikitext,1,refit,1024,2048,1,bootstrap,0.01702640648956342,9.167566735241095e-05
wikitext,1,fixed,1024,2048,1,bootstrap_jackknife,0.058562648052961075,0.0006103443462841113
wikitext,1,refit,1024,2048,1,bootstrap_jackknife,0.02546492447386921,0.00026844779252875513
wikitext,1,fixed,1024,2048,5,bootstrap,0.020482949166944556,9.192012422097339e-05
wikitext,1,refit,1024,2048,5,bootstrap,0.020482949166944566,9.19201242209617e-05
wikitext,1,fixed,1024,2048,5,bootstrap_jackknife,0.02683419880887351,0.00023017774112666026
wikitext,1,refit,1024,2048,5,bootstrap_jackknife,0.026834198808873524,0.00023017774112663516
wikitext,1,fixed,1024,2048,20,bootstrap,0.0075655478202354106,3.270908902092026e-05
wikitext,1,refit,1024,2048,20,bootstrap,0.013236377204179146,5.681828894738315e-05
wikitext,1,fixed,1024,2048,20,bootstrap_jackknife,0.008764992612972809,5.8325911350054214e-05
wikitext,1,refit,1024,2048,20,bootstrap_jackknife,0.015321642599081137,9.681734731034147e-05
wikitext,1,fixed,1024,4096,1,bootstrap,0.019179534717781086,0.00014373859604349345
wikitext,1,refit,1024,4096,1,bootstrap,0.00834016571401995,6.514103403877515e-05
wikitext,1,fixed,1024,4096,1,bootstrap_jackknife,0.029656452493185183,0.000303098571326172
wikitext,1,refit,1024,4096,1,bootstrap_jackknife,0.012896820965323125,0.00013523178629672923
wikitext,1,fixed,1024,4096,5,bootstrap,0.013915343844157472,0.00010377005217811959
wikitext,1,refit,1024,4096,5,bootstrap,0.01391534384415745,0.00010377005217808977
wikitext,1,fixed,1024,4096,5,bootstrap_jackknife,0.019844090414570057,0.00024017049881264833
wikitext,1,refit,1024,4096,5,bootstrap_jackknife,0.01984409041457003,0.00024017049881259618
wikitext,1,fixed,1024,4096,20,bootstrap,0.006570573841453052,4.221272714986462e-05
wikitext,1,refit,1024,4096,20,bootstrap,0.011508023699599421,7.538369568465449e-05
wikitext,1,fixed,1024,4096,20,bootstrap_jackknife,0.00819342395003752,0.0001145357363420792
wikitext,1,refit,1024,4096,20,bootstrap_jackknife,0.014344477688241606,0.0001992454311669848
wikitext,1,fixed,2048,512,1,bootstrap,0.09566120165082766,0.0005250236357971796
wikitext,1,refit,2048,512,1,bootstrap,0.041666033277819904,0.00023965325899779943
wikitext,1,fixed,2048,512,1,bootstrap_jackknife,0.10766224547315785,0.0010908737682626928
wikitext,1,refit,2048,512,1,bootstrap_jackknife,0.04688484249030191,0.0004993184001863047
wikitext,1,fixed,2048,512,5,bootstrap,0.03045589942357571,0.00012001036659266288
wikitext,1,refit,2048,512,5,bootstrap,0.03045589942357572,0.00012001036659265403
wikitext,1,fixed,2048,512,5,bootstrap_jackknife,0.032709133128624106,0.00027622261108082864
wikitext,1,refit,2048,512,5,bootstrap_jackknife,0.0327091331286241,0.0002762226110808166
wikitext,1,fixed,2048,512,20,bootstrap,0.008207031547815958,2.361252791801633e-05
wikitext,1,refit,2048,512,20,bootstrap,0.01436557088232683,4.093139350768887e-05
wikitext,1,fixed,2048,512,20,bootstrap_jackknife,0.008513169835257225,3.376542891478277e-05
wikitext,1,refit,2048,512,20,bootstrap_jackknife,0.014905399789138072,6.141060588635097e-05
wikitext,1,fixed,2048,1024,1,bootstrap,0.08089797253702298,0.00012552813616559258
wikitext,1,refit,2048,1024,1,bootstrap,0.03520155163885133,4.598594798427479e-05
wikitext,1,fixed,2048,1024,1,bootstrap_jackknife,0.09759725575007072,0.0007081571182799676
wikitext,1,refit,2048,1024,1,bootstrap_jackknife,0.04244517733577673,0.00029512829611844197
wikitext,1,fixed,2048,1024,5,bootstrap,0.029184439276464774,1.856223879591094e-05
wikitext,1,refit,2048,1024,5,bootstrap,0.029184439276464778,1.856223879589813e-05
wikitext,1,fixed,2048,1024,5,bootstrap_jackknife,0.03261428052381891,0.00011586803998595718
wikitext,1,refit,2048,1024,5,bootstrap_jackknife,0.0326142805238189,0.00011586803998595703
wikitext,1,fixed,2048,1024,20,bootstrap,0.008570357121808057,3.1521680761224565e-05
wikitext,1,refit,2048,1024,20,bootstrap,0.014978683082205619,5.014424306914056e-05
wikitext,1,fixed,2048,1024,20,bootstrap_jackknife,0.009105930906535836,3.45191229103996e-05
wikitext,1,refit,2048,1024,20,bootstrap_jackknife,0.015907088869629247,5.469823843026937e-05
wikitext,1,fixed,2048,2048,1,bootstrap,0.05913218766382814,0.00010506908242858079
wikitext,1,refit,2048,2048,1,bootstrap,0.02570515588748241,5.653674958135935e-05
wikitext,1,fixed,2048,2048,1,bootstrap_jackknife,0.07883399876449655,0.00021886862010843375
wikitext,1,refit,2048,2048,1,bootstrap_jackknife,0.03426251117580121,0.00011963277563646782
wikitext,1,fixed,2048,2048,5,bootstrap,0.02515589776417761,7.177245345623692e-05
wikitext,1,refit,2048,2048,5,bootstrap,0.025155897764177634,7.177245345623693e-05
wikitext,1,fixed,2048,2048,5,bootstrap_jackknife,0.029696004224567186,0.00014813403330752564
wikitext,1,refit,2048,2048,5,bootstrap_jackknife,0.029696004224567227,0.00014813403330751063
wikitext,1,fixed,2048,2048,20,bootstrap,0.008325924769034742,2.4554963142436305e-05
wikitext,1,refit,2048,2048,20,bootstrap,0.014551875521901063,4.710209616293331e-05
wikitext,1,fixed,2048,2048,20,bootstrap_jackknife,0.008998517962426024,4.319892383311765e-05
wikitext,1,refit,2048,2048,20,bootstrap_jackknife,0.01571584987959668,8.185473504108222e-05
wikitext,1,fixed,2048,4096,1,bootstrap,0.035367829769822216,0.0006915662350438939
wikitext,1,refit,2048,4096,1,bootstrap,0.015349323743713702,0.0003057731089132319
wikitext,1,fixed,2048,4096,1,bootstrap_jackknife,0.051683937907067184,0.001138738351136175
wikitext,1,refit,2048,4096,1,bootstrap_jackknife,0.022413937195971703,0.0005065830448958224
wikitext,1,fixed,2048,4096,5,bootstrap,0.019135759855018118,0.0003700798726064778
wikitext,1,refit,2048,4096,5,bootstrap,0.019135759855018107,0.00037007987260648516
wikitext,1,fixed,2048,4096,5,bootstrap_jackknife,0.024383985979901508,0.0007232136171686661
wikitext,1,refit,2048,4096,5,bootstrap_jackknife,0.02438398597990152,0.0007232136171686672
wikitext,1,fixed,2048,4096,20,bootstrap,0.007545094203863394,0.000140973960110919
wikitext,1,refit,2048,4096,20,bootstrap,0.013197985387900896,0.0002488252941395805
wikitext,1,fixed,2048,4096,20,bootstrap_jackknife,0.008543475421611105,0.0003139359004207115
wikitext,1,refit,2048,4096,20,bootstrap_jackknife,0.014936676843820098,0.0005517632365168543
wikitext,1,fixed,4096,512,1,bootstrap,0.10110062807610665,0.00027090687135080126
wikitext,1,refit,4096,512,1,bootstrap,0.04399455270735939,0.00012459396519379735
wikitext,1,fixed,4096,512,1,bootstrap_jackknife,0.1075554327609739,0.0008252280138725427
wikitext,1,refit,4096,512,1,bootstrap_jackknife,0.04679763125872324,0.00037751720733974483
wikitext,1,fixed,4096,512,5,bootstrap,0.03126782200298769,0.00020482255754182403
wikitext,1,refit,4096,512,5,bootstrap,0.03126782200298769,0.00020482255754182403
wikitext,1,fixed,4096,512,5,bootstrap_jackknife,0.03238664669626906,0.0005039524760713642
wikitext,1,refit,4096,512,5,bootstrap_jackknife,0.032386646696269054,0.0005039524760713666
wikitext,1,fixed,4096,512,20,bootstrap,0.008351828653874621,5.371982951909035e-05
wikitext,1,refit,4096,512,20,bootstrap,0.014611180103900646,9.055228728940827e-05
wikitext,1,fixed,4096,512,20,bootstrap_jackknife,0.008517218820339435,0.00013594702698982021
wikitext,1,refit,4096,512,20,bootstrap_jackknife,0.014898292397118403,0.00022722386127611477
wikitext,1,fixed,4096,1024,1,bootstrap,0.08999570840004918,0.00042279707475911994
wikitext,1,refit,4096,1024,1,bootstrap,0.039104536867326435,0.0001896000421095661
wikitext,1,fixed,4096,1024,1,bootstrap_jackknife,0.10005246979022579,0.0011769250640013109
wikitext,1,refit,4096,1024,1,bootstrap_jackknife,0.04345231645548348,0.0005212532223563879
wikitext,1,fixed,4096,1024,5,bootstrap,0.030564308853581735,0.00018725386852771987
wikitext,1,refit,4096,1024,5,bootstrap,0.030564308853581728,0.00018725386852773068
wikitext,1,fixed,4096,1024,5,bootstrap_jackknife,0.03241787707471385,0.0005076751325447571
wikitext,1,refit,4096,1024,5,bootstrap_jackknife,0.03241787707471382,0.0005076751325447793
wikitext,1,fixed,4096,1024,20,bootstrap,0.008641350933791245,6.014910701606664e-05
wikitext,1,refit,4096,1024,20,bootstrap,0.01510863908175652,0.00010377616983903542
wikitext,1,fixed,4096,1024,20,bootstrap_jackknife,0.00887437746093316,0.00015092817956361679
wikitext,1,refit,4096,1024,20,bootstrap_jackknife,0.015511072910908294,0.00026125635620627354
wikitext,1,fixed,4096,2048,1,bootstrap,0.07209800879159044,0.00015649399780918823
wikitext,1,refit,4096,2048,1,bootstrap,0.03129095235591068,6.635671195045451e-05
wikitext,1,fixed,4096,2048,1,bootstrap_jackknife,0.08613636653274148,0.0004804590819169396
wikitext,1,refit,4096,2048,1,bootstrap_jackknife,0.0373600761164527,0.00020360763914892532
wikitext,1,fixed,4096,2048,5,bootstrap,0.027879496622275207,6.883701604087367e-05
wikitext,1,refit,4096,2048,5,bootstrap,0.027879496622275193,6.883701604087762e-05
wikitext,1,fixed,4096,2048,5,bootstrap_jackknife,0.03105679775754594,0.0001855398914974822
wikitext,1,refit,4096,2048,5,bootstrap_jackknife,0.0310567977575459,0.00018553989149749266
wikitext,1,fixed,4096,2048,20,bootstrap,0.00874084895831273,2.1514853034198316e-05
wikitext,1,refit,4096,2048,20,bootstrap,0.015283295314922738,3.503737509501341e-05
wikitext,1,fixed,4096,2048,20,bootstrap_jackknife,0.009307352091998025,7.182709198569498e-05
wikitext,1,refit,4096,2048,20,bootstrap_jackknife,0.01627556348051975,0.00011902882998978073
wikitext,1,fixed,4096,4096,1,bootstrap,0.05031577992219946,0.00010777350819581198
wikitext,1,refit,4096,4096,1,bootstrap,0.021813241795887867,4.319360652571574e-05
wikitext,1,fixed,4096,4096,1,bootstrap_jackknife,0.0654218792697143,0.0002918931139385104
wikitext,1,refit,4096,4096,1,bootstrap_jackknife,0.028350609055630815,0.00011907030160310567
wikitext,1,fixed,4096,4096,5,bootstrap,0.02293768367257334,0.00010528660543325356
wikitext,1,refit,4096,4096,5,bootstrap,0.02293768367257334,0.00010528660543325356
wikitext,1,fixed,4096,4096,5,bootstrap_jackknife,0.026689352639472294,0.0003104694926935053
wikitext,1,refit,4096,4096,5,bootstrap_jackknife,0.026689352639472294,0.00031046949269351165
wikitext,1,fixed,4096,4096,20,bootstrap,0.008215139635624825,3.782715300893597e-05
wikitext,1,refit,4096,4096,20,bootstrap,0.01437767979354176,6.588537486596082e-05
wikitext,1,fixed,4096,4096,20,bootstrap_jackknife,0.008859675328995717,0.00013415834043176568
wikitext,1,refit,4096,4096,20,bootstrap_jackknife,0.015504755520478914,0.00023518310620534102
wikitext,1,fixed,8192,512,1,bootstrap,0.10499789012770955,0.0001578931762317311
wikitext,1,refit,8192,512,1,bootstrap,0.04566502572440161,6.566023554846031e-05
wikitext,1,fixed,8192,512,1,bootstrap_jackknife,0.10859433618283813,0.0006469777524584831
wikitext,1,refit,8192,512,1,bootstrap_jackknife,0.04721365360563947,0.0002813310049288804
wikitext,1,fixed,8192,512,5,bootstrap,0.03181548974170937,3.875857294961392e-05
wikitext,1,refit,8192,512,5,bootstrap,0.03181548974170937,3.875857294960016e-05
wikitext,1,fixed,8192,512,5,bootstrap_jackknife,0.03234032969714672,0.00016076551801286895
wikitext,1,refit,8192,512,5,bootstrap_jackknife,0.032340329697146696,0.0001607655180128734
wikitext,1,fixed,8192,512,20,bootstrap,0.008327665396432983,1.0359818896802619e-05
wikitext,1,refit,8192,512,20,bootstrap,0.014569561750654443,1.8491186829289777e-05
wikitext,1,fixed,8192,512,20,bootstrap_jackknife,0.008323548090064699,8.861389444532535e-06
wikitext,1,refit,8192,512,20,bootstrap_jackknife,0.014567911820065636,1.4410081469876214e-05
wikitext,1,fixed,8192,1024,1,bootstrap,0.09659131613907339,0.00021846765311635846
wikitext,1,refit,8192,1024,1,bootstrap,0.041972023439863726,9.746836422735454e-05
wikitext,1,fixed,8192,1024,1,bootstrap_jackknife,0.10228090265198185,0.0001771179823813466
wikitext,1,refit,8192,1024,1,bootstrap_jackknife,0.0444422993503164,6.96948581675593e-05
wikitext,1,fixed,8192,1024,5,bootstrap,0.03185051429372512,7.706779341945584e-05
wikitext,1,refit,8192,1024,5,bootstrap,0.03185051429372511,7.70677934194512e-05
wikitext,1,fixed,8192,1024,5,bootstrap_jackknife,0.032882627001942354,0.00030645436644309836
wikitext,1,refit,8192,1024,5,bootstrap_jackknife,0.03288262700194234,0.0003064543664430923
wikitext,1,fixed,8192,1024,20,bootstrap,0.008779269913870227,4.201072365393618e-05
wikitext,1,refit,8192,1024,20,bootstrap,0.015349065831192032,7.598008573387965e-05
wikitext,1,fixed,8192,1024,20,bootstrap_jackknife,0.008886709865225722,0.00014974017242089629
wikitext,1,refit,8192,1024,20,bootstrap_jackknife,0.015539694583980032,0.0002637324259553653
wikitext,1,fixed,8192,2048,1,bootstrap,0.08138604275414212,0.00015817410704979426
wikitext,1,refit,8192,2048,1,bootstrap,0.03532303453532587,7.788507008336812e-05
wikitext,1,fixed,8192,2048,1,bootstrap_jackknife,0.08991246881751207,0.0002995482086169859
wikitext,1,refit,8192,2048,1,bootstrap_jackknife,0.0390090164569401,0.0001488294191398843
wikitext,1,fixed,8192,2048,5,bootstrap,0.02977756145960853,8.34357485560521e-05
wikitext,1,refit,8192,2048,5,bootstrap,0.029777561459608564,8.343574855605273e-05
wikitext,1,fixed,8192,2048,5,bootstrap_jackknife,0.03156580667326727,0.00018307261357102322
wikitext,1,refit,8192,2048,5,bootstrap_jackknife,0.031565806673267326,0.00018307261357101813
wikitext,1,fixed,8192,2048,20,bootstrap,0.008965195238186575,2.746281284413644e-05
wikitext,1,refit,8192,2048,20,bootstrap,0.01567910048888234,4.608876660237913e-05
wikitext,1,fixed,8192,2048,20,bootstrap_jackknife,0.009223112400664655,7.122477588359779e-05
wikitext,1,refit,8192,2048,20,bootstrap_jackknife,0.01613267017941007,0.00012045445842000272
wikitext,1,fixed,8192,4096,1,bootstrap,0.061879111896703594,0.0001950417382024199
wikitext,1,refit,8192,4096,1,bootstrap,0.026820587555035413,8.485107581865568e-05
wikitext,1,fixed,8192,4096,1,bootstrap_jackknife,0.07214205265906526,0.0004693602412412498
wikitext,1,refit,8192,4096,1,bootstrap_jackknife,0.03125803082172852,0.00020346306488478388
wikitext,1,fixed,8192,4096,5,bootstrap,0.02570579783913202,7.037511072126307e-05
wikitext,1,refit,8192,4096,5,bootstrap,0.025705797839132044,7.03751107212692e-05
wikitext,1,fixed,8192,4096,5,bootstrap_jackknife,0.02801718263274482,0.00015138140758369313
wikitext,1,refit,8192,4096,5,bootstrap_jackknife,0.02801718263274487,0.00015138140758370625
wikitext,1,fixed,8192,4096,20,bootstrap,0.008677933178840849,2.3261801886783615e-05
wikitext,1,refit,8192,4096,20,bootstrap,0.01517997807073491,3.883289925366061e-05
wikitext,1,fixed,8192,4096,20,bootstrap_jackknife,0.009057766715103397,3.678662955850255e-05
wikitext,1,refit,8192,4096,20,bootstrap_jackknife,0.015839079905622198,6.356716749249661e-05
wikitext,2,fixed,1024,512,1,bootstrap,0.08332101112010748,0.0005694477137976027
wikitext,2,refit,1024,512,1,bootstrap,0.03630644299659389,0.0002572149244541774
wikitext,2,fixed,1024,512,1,bootstrap_jackknife,0.10295678335236423,0.0008018057704393059
wikitext,2,refit,1024,512,1,bootstrap_jackknife,0.04486767539277575,0.000360264766714628
wikitext,2,fixed,1024,512,5,bootstrap,0.028345793326860685,0.00024829237281125995
wikitext,2,refit,1024,512,5,bootstrap,0.028345793326860675,0.00024829237281126726
wikitext,2,fixed,1024,512,5,bootstrap_jackknife,0.0323521736428521,0.00030004837476680854
wikitext,2,refit,1024,512,5,bootstrap_jackknife,0.03235217364285208,0.0003000483747668566
wikitext,2,fixed,1024,512,20,bootstrap,0.008084459663758562,6.616956438350427e-05
wikitext,2,refit,1024,512,20,bootstrap,0.01412982128087222,0.00012205378354911652
wikitext,2,fixed,1024,512,20,bootstrap_jackknife,0.008697689014596374,7.7525770419196e-05
wikitext,2,refit,1024,512,20,bootstrap_jackknife,0.015184935615030178,0.00013458470199344282
wikitext,2,fixed,1024,1024,1,bootstrap,0.06322114798261796,0.0006227118327864124
wikitext,2,refit,1024,1024,1,bootstrap,0.02753034650715432,0.00026904006981086023
wikitext,2,fixed,1024,1024,1,bootstrap_jackknife,0.08622553837798276,0.0014915764130111694
wikitext,2,refit,1024,1024,1,bootstrap_jackknife,0.03755935857018724,0.0006457060340471784
wikitext,2,fixed,1024,1024,5,bootstrap,0.025287109663378188,0.0002573069952177799
wikitext,2,refit,1024,1024,5,bootstrap,0.025287109663378198,0.00025730699521778617
wikitext,2,fixed,1024,1024,5,bootstrap_jackknife,0.030284426887278473,0.0005909360308429545
wikitext,2,refit,1024,1024,5,bootstrap_jackknife,0.030284426887278476,0.0005909360308429513
wikitext,2,fixed,1024,1024,20,bootstrap,0.007929640169475179,7.922106420655445e-05
wikitext,2,refit,1024,1024,20,bootstrap,0.013847936610300288,0.00014062668501757346
wikitext,2,fixed,1024,1024,20,bootstrap_jackknife,0.008590772070586268,0.00018706925711124196
wikitext,2,refit,1024,1024,20,bootstrap_jackknife,0.0149812956288693,0.0003320678058954865
wikitext,2,fixed,1024,2048,1,bootstrap,0.03967835663502885,0.0012018293450570955
wikitext,2,refit,1024,2048,1,bootstrap,0.017266704767621308,0.0005266004910285892
wikitext,2,fixed,1024,2048,1,bootstrap_jackknife,0.060376696574494924,0.002595842267621541
wikitext,2,refit,1024,2048,1,bootstrap_jackknife,0.026274753404432787,0.0011312384629684508
wikitext,2,fixed,1024,2048,5,bootstrap,0.02045851529101815,0.0004836939296638702
wikitext,2,refit,1024,2048,5,bootstrap,0.02045851529101814,0.00048369392966388655
wikitext,2,fixed,1024,2048,5,bootstrap_jackknife,0.027183687716561503,0.0010400234835333418
wikitext,2,refit,1024,2048,5,bootstrap_jackknife,0.02718368771656148,0.0010400234835333938
wikitext,2,fixed,1024,2048,20,bootstrap,0.007569725773331248,0.00014675608283043124
wikitext,2,refit,1024,2048,20,bootstrap,0.013228159853679915,0.00025525032139041753
wikitext,2,fixed,1024,2048,20,bootstrap_jackknife,0.008870198626497244,0.0003157229212964917
wikitext,2,refit,1024,2048,20,bootstrap_jackknife,0.015491112204872546,0.0005538232707106866
wikitext,2,fixed,1024,4096,1,bootstrap,0.01906705805886768,4.050464856231196e-06
wikitext,2,refit,1024,4096,1,bootstrap,0.008289598510077283,6.300587687021348e-06
wikitext,2,fixed,1024,4096,1,bootstrap_jackknife,0.02945143348969644,8.416747939746653e-05
wikitext,2,refit,1024,4096,1,bootstrap_jackknife,0.012803910234471643,4.369056531745441e-05
wikitext,2,fixed,1024,4096,5,bootstrap,0.01382986396285521,3.425676574843317e-05
wikitext,2,refit,1024,4096,5,bootstrap,0.01382986396285523,3.425676574841403e-05
wikitext,2,fixed,1024,4096,5,bootstrap_jackknife,0.01965951068765143,0.00010720249879925926
wikitext,2,refit,1024,4096,5,bootstrap_jackknife,0.019659510687651493,0.00010720249879919179
wikitext,2,fixed,1024,4096,20,bootstrap,0.0065183926723869955,9.56613236926938e-06
wikitext,2,refit,1024,4096,20,bootstrap,0.011401611470725952,1.434722542523475e-05
wikitext,2,fixed,1024,4096,20,bootstrap_jackknife,0.00807532930052946,3.893891134096322e-05
wikitext,2,refit,1024,4096,20,bootstrap_jackknife,0.01411398716340057,6.607782998566502e-05
wikitext,2,fixed,2048,512,1,bootstrap,0.0966632561569316,0.000824435969560426
wikitext,2,refit,2048,512,1,bootstrap,0.042120587945217676,0.0003577101634986142
wikitext,2,fixed,2048,512,1,bootstrap_jackknife,0.10873753010567583,0.0017550890403212468
wikitext,2,refit,2048,512,1,bootstrap_jackknife,0.047409455341147065,0.0007603820691693923
wikitext,2,fixed,2048,512,5,bootstrap,0.030812389097347542,0.0002665479328197135
wikitext,2,refit,2048,512,5,bootstrap,0.030812389097347553,0.00026654793281970907
wikitext,2,fixed,2048,512,5,bootstrap_jackknife,0.03302769568435683,0.0006107453818738375
wikitext,2,refit,2048,512,5,bootstrap_jackknife,0.03302769568435684,0.000610745381873833
wikitext,2,fixed,2048,512,20,bootstrap,0.008340628138996515,0.00010470699741790883
wikitext,2,refit,2048,512,20,bootstrap,0.014580215360761963,0.00017807735385357612
wikitext,2,fixed,2048,512,20,bootstrap_jackknife,0.008647829326659275,0.00021569356156054355
wikitext,2,refit,2048,512,20,bootstrap_jackknife,0.015105142479354952,0.00036801487790961014
wikitext,2,fixed,2048,1024,1,bootstrap,0.08102295732226299,0.0006316015658655734
wikitext,2,refit,2048,1024,1,bootstrap,0.03527348420781457,0.0002616867215149777
wikitext,2,fixed,2048,1024,1,bootstrap_jackknife,0.09810771584525875,0.001477696248475031
wikitext,2,refit,2048,1024,1,bootstrap_jackknife,0.042724046209225715,0.0006261046005188034
wikitext,2,fixed,2048,1024,5,bootstrap,0.029124691807792414,0.00023230251922272491
wikitext,2,refit,2048,1024,5,bootstrap,0.029124691807792435,0.00023230251922274717
wikitext,2,fixed,2048,1024,5,bootstrap_jackknife,0.03251967006414997,0.0005898212290699836
wikitext,2,refit,2048,1024,5,bootstrap_jackknife,0.032519670064149984,0.0005898212290700379
wikitext,2,fixed,2048,1024,20,bootstrap,0.008467903262942958,7.160432342918257e-05
wikitext,2,refit,2048,1024,20,bootstrap,0.01479840135830777,0.00012658177614480884
wikitext,2,fixed,2048,1024,20,bootstrap_jackknife,0.008912693570146102,0.00018968905948412346
wikitext,2,refit,2048,1024,20,bootstrap_jackknife,0.0155627095840883,0.00033361321228781414
wikitext,2,fixed,2048,2048,1,bootstrap,0.05988675031756249,0.00021325544085863283
wikitext,2,refit,2048,2048,1,bootstrap,0.026060936889438144,9.00049171603404e-05
wikitext,2,fixed,2048,2048,1,bootstrap_jackknife,0.08091842603304414,0.00034174665060633175
wikitext,2,refit,2048,2048,1,bootstrap_jackknife,0.03521322426263634,0.0001465388659795139
wikitext,2,fixed,2048,2048,5,bootstrap,0.0254241802612739,0.00014677942796553737
wikitext,2,refit,2048,2048,5,bootstrap,0.025424180261273896,0.00014677942796552157
wikitext,2,fixed,2048,2048,5,bootstrap_jackknife,0.030597845577423278,0.00030846106111902407
wikitext,2,refit,2048,2048,5,bootstrap_jackknife,0.03059784557742325,0.00030846106111900027
wikitext,2,fixed,2048,2048,20,bootstrap,0.008378703287128817,5.3270212823409696e-05
wikitext,2,refit,2048,2048,20,bootstrap,0.014645416615394029,9.59396570592324e-05
wikitext,2,fixed,2048,2048,20,bootstrap_jackknife,0.009267068155994944,0.00013293351101525828
wikitext,2,refit,2048,2048,20,bootstrap_jackknife,0.016187970984021447,0.0002359980901335771
wikitext,2,fixed,2048,4096,1,bootstrap,0.03598373313834537,0.0006331105735417382
wikitext,2,refit,2048,4096,1,bootstrap,0.015641318112106603,0.00027226164766270584
wikitext,2,fixed,2048,4096,1,bootstrap_jackknife,0.052905469298786305,0.0013314467742783788
wikitext,2,refit,2048,4096,1,bootstrap_jackknife,0.023002871723968532,0.0005744401108718201
wikitext,2,fixed,2048,4096,5,bootstrap,0.019527644328477936,0.00018794971468526943
wikitext,2,refit,2048,4096,5,bootstrap,0.019527644328477943,0.00018794971468524357
wikitext,2,fixed,2048,4096,5,bootstrap_jackknife,0.02514954224750224,0.0003811910722443784
wikitext,2,refit,2048,4096,5,bootstrap_jackknife,0.02514954224750224,0.0003811910722443306
wikitext,2,fixed,2048,4096,20,bootstrap,0.007691587454277708,7.219749048002895e-05
wikitext,2,refit,2048,4096,20,bootstrap,0.01345322647447414,0.00012488159786354282
wikitext,2,fixed,2048,4096,20,bootstrap_jackknife,0.008798211301820536,0.00014068941972368576
wikitext,2,refit,2048,4096,20,bootstrap_jackknife,0.015372418745672049,0.0002455607291544568
wikitext,2,fixed,4096,512,1,bootstrap,0.10119298996693876,0.00022360717348611625
wikitext,2,refit,4096,512,1,bootstrap,0.04408020855040931,9.976282737284183e-05
wikitext,2,fixed,4096,512,1,bootstrap_jackknife,0.10702586179604785,0.00017301348458163918
wikitext,2,refit,4096,512,1,bootstrap_jackknife,0.04664558261025603,8.904558683825552e-05
wikitext,2,fixed,4096,512,5,bootstrap,0.03121574732337314,0.00014764173157768464
wikitext,2,refit,4096,512,5,bootstrap,0.03121574732337315,0.0001476417315776967
wikitext,2,fixed,4096,512,5,bootstrap_jackknife,0.032007944074752076,0.0001533758994252446
wikitext,2,refit,4096,512,5,bootstrap_jackknife,0.03200794407475209,0.00015337589942527596
wikitext,2,fixed,4096,512,20,bootstrap,0.008267342985843208,4.0904810856174685e-05
wikitext,2,refit,4096,512,20,bootstrap,0.01445069993626257,6.953733210023629e-05
wikitext,2,fixed,4096,512,20,bootstrap_jackknife,0.008289301727063153,3.9056690308263676e-05
wikitext,2,refit,4096,512,20,bootstrap_jackknife,0.014486595019534846,6.697398201750274e-05
wikitext,2,fixed,4096,1024,1,bootstrap,0.09093659113380548,0.0003644805098396402
wikitext,2,refit,4096,1024,1,bootstrap,0.03957403700560286,0.00016038690056344873
wikitext,2,fixed,4096,1024,1,bootstrap_jackknife,0.10054143356450383,0.0006862235717022063
wikitext,2,refit,4096,1024,1,bootstrap_jackknife,0.04375570176960103,0.0002958496215787348
wikitext,2,fixed,4096,1024,5,bootstrap,0.030909246499910375,0.00010500194855244923
wikitext,2,refit,4096,1024,5,bootstrap,0.030909246499910382,0.0001050019485524537
wikitext,2,fixed,4096,1024,5,bootstrap_jackknife,0.03257099769674442,0.00023384195375566075
wikitext,2,refit,4096,1024,5,bootstrap_jackknife,0.03257099769674444,0.00023384195375566276
wikitext,2,fixed,4096,1024,20,bootstrap,0.008691551250971161,3.218666536194456e-06
wikitext,2,refit,4096,1024,20,bootstrap,0.015185404503268149,8.505420097206487e-06
wikitext,2,fixed,4096,1024,20,bootstrap_jackknife,0.008871988134646064,1.897183269338048e-05
wikitext,2,refit,4096,1024,20,bootstrap_jackknife,0.015501747132469467,3.767947358613034e-05
wikitext,2,fixed,4096,2048,1,bootstrap,0.07418172446192765,0.00046997140482590963
wikitext,2,refit,4096,2048,1,bootstrap,0.03225066516645778,0.0002094393751350029
wikitext,2,fixed,4096,2048,1,bootstrap_jackknife,0.08869517573787415,0.0011585932510453395
wikitext,2,refit,4096,2048,1,bootstrap_jackknife,0.038575617030032795,0.0005110831060808885
wikitext,2,fixed,4096,2048,5,bootstrap,0.02844490973367513,0.0002251421432946426
wikitext,2,refit,4096,2048,5,bootstrap,0.028444909733675097,0.0002251421432946338
wikitext,2,fixed,4096,2048,5,bootstrap_jackknife,0.031711138147445035,0.0005286488040166442
wikitext,2,refit,4096,2048,5,bootstrap_jackknife,0.031711138147444966,0.0005286488040166187
wikitext,2,fixed,4096,2048,20,bootstrap,0.00881053578590076,6.619311731017203e-05
wikitext,2,refit,4096,2048,20,bootstrap,0.015390421041243496,0.00011278244681217206
wikitext,2,fixed,4096,2048,20,bootstrap_jackknife,0.00932831801559602,0.00015761918264755296
wikitext,2,refit,4096,2048,20,bootstrap_jackknife,0.016286320850863237,0.00027078326776693566
wikitext,2,fixed,4096,4096,1,bootstrap,0.05214089512993403,0.0002045252711148146
wikitext,2,refit,4096,4096,1,bootstrap,0.02263902446885475,8.742336455124707e-05
wikitext,2,fixed,4096,4096,1,bootstrap_jackknife,0.06788726524511776,0.00046550248557582024
wikitext,2,refit,4096,4096,1,bootstrap_jackknife,0.029470526955673277,0.0001949925701899892
wikitext,2,fixed,4096,4096,5,bootstrap,0.023527877708588316,6.596449921603343e-05
wikitext,2,refit,4096,4096,5,bootstrap,0.023527877708588326,6.596449921602478e-05
wikitext,2,fixed,4096,4096,5,bootstrap_jackknife,0.027312219247691033,0.00010574829724295989
wikitext,2,refit,4096,4096,5,bootstrap_jackknife,0.027312219247691037,0.00010574829724293214
wikitext,2,fixed,4096,4096,20,bootstrap,0.008335314629802963,2.886851797587213e-05
wikitext,2,refit,4096,4096,20,bootstrap,0.014568345281640532,4.830661709692412e-05
wikitext,2,fixed,4096,4096,20,bootstrap_jackknife,0.00889903870148358,3.561164694554601e-05
wikitext,2,refit,4096,4096,20,bootstrap_jackknife,0.015544559327154178,6.025582481546661e-05
wikitext,2,fixed,8192,512,1,bootstrap,0.10453436124593007,0.0005626938267309864
wikitext,2,refit,8192,512,1,bootstrap,0.04549367503621212,0.00025346060215943966
wikitext,2,fixed,8192,512,1,bootstrap_jackknife,0.10731058087486367,0.0012507424830897694
wikitext,2,refit,8192,512,1,bootstrap_jackknife,0.04669881892402753,0.0005614778276779006
wikitext,2,fixed,8192,512,5,bootstrap,0.03203516447851713,0.00017121185530861072
wikitext,2,refit,8192,512,5,bootstrap,0.03203516447851711,0.0001712118553085988
wikitext,2,fixed,8192,512,5,bootstrap_jackknife,0.032615493536414145,0.0002885595757760473
wikitext,2,refit,8192,512,5,bootstrap_jackknife,0.032615493536414124,0.00028855957577602666
wikitext,2,fixed,8192,512,20,bootstrap,0.008407794904367728,3.039047982257354e-05
wikitext,2,refit,8192,512,20,bootstrap,0.014706504282892772,5.203470626477853e-05
wikitext,2,fixed,8192,512,20,bootstrap_jackknife,0.008473069876588767,5.572561135092098e-05
wikitext,2,refit,8192,512,20,bootstrap_jackknife,0.014827257461268896,9.24727152637643e-05
wikitext,2,fixed,8192,1024,1,bootstrap,0.09590260946287804,0.00016188398894008345
wikitext,2,refit,8192,1024,1,bootstrap,0.041694852420731864,6.4335045280329e-05
wikitext,2,fixed,8192,1024,1,bootstrap_jackknife,0.10140863720825007,0.0005064560440015319
wikitext,2,refit,8192,1024,1,bootstrap_jackknife,0.04408873793344916,0.00020484288266620117
wikitext,2,fixed,8192,1024,5,bootstrap,0.03196318600396918,0.00010704327818282528
wikitext,2,refit,8192,1024,5,bootstrap,0.0319631860039692,0.00010704327818282084
wikitext,2,fixed,8192,1024,5,bootstrap_jackknife,0.03309398729226392,0.0003021331033634466
wikitext,2,refit,8192,1024,5,bootstrap_jackknife,0.03309398729226396,0.00030213310336344227
wikitext,2,fixed,8192,1024,20,bootstrap,0.008843998583020303,2.588237162735648e-05
wikitext,2,refit,8192,1024,20,bootstrap,0.015448600585530499,4.6728126747617776e-05
wikitext,2,fixed,8192,1024,20,bootstrap_jackknife,0.009048434304702131,6.514400129179977e-05
wikitext,2,refit,8192,1024,20,bootstrap_jackknife,0.01579778269876841,0.0001200601652073757
wikitext,2,fixed,8192,2048,1,bootstrap,0.08123937860897343,0.000308416046925544
wikitext,2,refit,8192,2048,1,bootstrap,0.03526537222267908,0.00013700167079835256
wikitext,2,fixed,8192,2048,1,bootstrap_jackknife,0.08958415938394688,0.0006354841363783876
wikitext,2,refit,8192,2048,1,bootstrap_jackknife,0.03885821616838415,0.0002837339130608724
wikitext,2,fixed,8192,2048,5,bootstrap,0.029874623080856005,9.152561795563103e-05
wikitext,2,refit,8192,2048,5,bootstrap,0.029874623080856002,9.152561795562936e-05
wikitext,2,fixed,8192,2048,5,bootstrap_jackknife,0.03167995261363527,0.0002531891464610805
wikitext,2,refit,8192,2048,5,bootstrap_jackknife,0.03167995261363526,0.0002531891464610804
wikitext,2,fixed,8192,2048,20,bootstrap,0.009037512635866255,3.755373417149788e-05
wikitext,2,refit,8192,2048,20,bootstrap,0.015793556629317654,6.103726783910164e-05
wikitext,2,fixed,8192,2048,20,bootstrap_jackknife,0.009337377661401048,0.0001171961565322607
wikitext,2,refit,8192,2048,20,bootstrap_jackknife,0.016315832622777436,0.00019265504946683286
wikitext,2,fixed,8192,4096,1,bootstrap,0.061668305956651064,8.907388933693083e-05
wikitext,2,refit,8192,4096,1,bootstrap,0.026740201628215304,3.913889648049153e-05
wikitext,2,fixed,8192,4096,1,bootstrap_jackknife,0.07175937565357031,0.00014818107507600826
wikitext,2,refit,8192,4096,1,bootstrap_jackknife,0.031097131234083284,6.861241995279598e-05
wikitext,2,fixed,8192,4096,5,bootstrap,0.025742606918675654,5.651717291679225e-05
wikitext,2,refit,8192,4096,5,bootstrap,0.02574260691867568,5.651717291677924e-05
wikitext,2,fixed,8192,4096,5,bootstrap_jackknife,0.028032528932693052,8.765878868898378e-05
wikitext,2,refit,8192,4096,5,bootstrap_jackknife,0.028032528932693073,8.76587886889717e-05
wikitext,2,fixed,8192,4096,20,bootstrap,0.008734657935767028,3.712635951898587e-05
wikitext,2,refit,8192,4096,20,bootstrap,0.015272452321642128,6.62720140300053e-05
wikitext,2,fixed,8192,4096,20,bootstrap_jackknife,0.009104068404721404,6.396980527746858e-05
wikitext,2,refit,8192,4096,20,bootstrap_jackknife,0.015911992857366174,0.0001156665048863208
wikitext,3,fixed,1024,512,1,bootstrap,0.08322156395087259,0.00030669599552134825
wikitext,3,refit,1024,512,1,bootstrap,0.03624632167080916,0.00014832340628134985
wikitext,3,fixed,1024,512,1,bootstrap_jackknife,0.10150908896137573,0.0013100815028290794
wikitext,3,refit,1024,512,1,bootstrap_jackknife,0.04420012605870418,0.0006043189338001137
wikitext,3,fixed,1024,512,5,bootstrap,0.028366517812378634,0.00020117844290415204
wikitext,3,refit,1024,512,5,bootstrap,0.028366517812378634,0.0002011784429041597
wikitext,3,fixed,1024,512,5,bootstrap_jackknife,0.03171821923846042,0.0006771584913216804
wikitext,3,refit,1024,512,5,bootstrap_jackknife,0.03171821923846041,0.000677158491321686
wikitext,3,fixed,1024,512,20,bootstrap,0.008045118210278347,5.8287516528504775e-05
wikitext,3,refit,1024,512,20,bootstrap,0.014084980180401935,9.986812292858743e-05
wikitext,3,fixed,1024,512,20,bootstrap_jackknife,0.00843924055134261,0.00021188532981029947
wikitext,3,refit,1024,512,20,bootstrap_jackknife,0.01477192769156998,0.0003646569299791237
wikitext,3,fixed,1024,1024,1,bootstrap,0.06194967040167095,0.0007061230147469767
wikitext,3,refit,1024,1024,1,bootstrap,0.026974571663914395,0.00030571351865049147
wikitext,3,fixed,1024,1024,1,bootstrap_jackknife,0.0841213969180614,0.0014377789203598378
wikitext,3,refit,1024,1024,1,bootstrap_jackknife,0.03662987609596153,0.0006158546850375544
wikitext,3,fixed,1024,1024,5,bootstrap,0.02515050127924431,0.00025371386113493384
wikitext,3,refit,1024,1024,5,bootstrap,0.02515050127924431,0.00025371386113493384
wikitext,3,fixed,1024,1024,5,bootstrap_jackknife,0.030066214059465208,0.00040618173649346277
wikitext,3,refit,1024,1024,5,bootstrap_jackknife,0.0300662140594652,0.0004061817364934318
wikitext,3,fixed,1024,1024,20,bootstrap,0.007874199280709955,7.831418822584947e-05
wikitext,3,refit,1024,1024,20,bootstrap,0.013780511364849287,0.00013610066318049682
wikitext,3,fixed,1024,1024,20,bootstrap_jackknife,0.008530043642754588,0.0001210675078557199
wikitext,3,refit,1024,1024,20,bootstrap_jackknife,0.014923197264710662,0.00021354962752614972
wikitext,3,fixed,1024,2048,1,bootstrap,0.03811533894100554,0.0005246193244681287
wikitext,3,refit,1024,2048,1,bootstrap,0.01656127315174141,0.00023081947873123605
wikitext,3,fixed,1024,2048,1,bootstrap_jackknife,0.05717916601294284,0.001036280520714031
wikitext,3,refit,1024,2048,1,bootstrap_jackknife,0.02482681752421073,0.00045670595391026215
wikitext,3,fixed,1024,2048,5,bootstrap,0.02012404462691972,0.00018526482786852087
wikitext,3,refit,1024,2048,5,bootstrap,0.02012404462691975,0.00018526482786852962
wikitext,3,fixed,1024,2048,5,bootstrap_jackknife,0.02629536485967962,0.00038926419721264916
wikitext,3,refit,1024,2048,5,bootstrap_jackknife,0.02629536485967968,0.00038926419721265344
wikitext,3,fixed,1024,2048,20,bootstrap,0.0075649670792725015,5.195914406364498e-05
wikitext,3,refit,1024,2048,20,bootstrap,0.013241910469106798,9.191103112351843e-05
wikitext,3,fixed,1024,2048,20,bootstrap_jackknife,0.008719514841048668,0.00013701477987073315
wikitext,3,refit,1024,2048,20,bootstrap_jackknife,0.015259529410310363,0.00024237797370265786
wikitext,3,fixed,1024,4096,1,bootstrap,0.01816323005725151,0.00041080827021167685
wikitext,3,refit,1024,4096,1,bootstrap,0.007889390085248207,0.00017446952654552
wikitext,3,fixed,1024,4096,1,bootstrap_jackknife,0.02755840710133049,0.0008259095863996283
wikitext,3,refit,1024,4096,1,bootstrap_jackknife,0.011962159716518836,0.0003506211232186617
wikitext,3,fixed,1024,4096,5,bootstrap,0.013451129465930953,0.0002609677169821647
wikitext,3,refit,1024,4096,5,bootstrap,0.013451129465930923,0.0002609677169821735
wikitext,3,fixed,1024,4096,5,bootstrap_jackknife,0.01877711615906671,0.0005308270094488924
wikitext,3,refit,1024,4096,5,bootstrap_jackknife,0.018777116159066656,0.0005308270094489089
wikitext,3,fixed,1024,4096,20,bootstrap,0.0064837926475995,0.00011764346441226388
wikitext,3,refit,1024,4096,20,bootstrap,0.011361184947821722,0.00020551159038067736
wikitext,3,fixed,1024,4096,20,bootstrap_jackknife,0.00785761030304124,0.0002453411647247992
wikitext,3,refit,1024,4096,20,bootstrap_jackknife,0.013772651621340884,0.0004290185647775175
wikitext,3,fixed,2048,512,1,bootstrap,0.09633524224416855,0.0005546640670411198
wikitext,3,refit,2048,512,1,bootstrap,0.04191633229131791,0.00023535308540729473
wikitext,3,fixed,2048,512,1,bootstrap_jackknife,0.10851794137077601,0.0014481319089372153
wikitext,3,refit,2048,512,1,bootstrap_jackknife,0.04721536383215532,0.0006128071174686467
wikitext,3,fixed,2048,512,5,bootstrap,0.03085539552356159,0.00016027690150893065
wikitext,3,refit,2048,512,5,bootstrap,0.030855395523561605,0.00016027690150893022
wikitext,3,fixed,2048,512,5,bootstrap_jackknife,0.033463460018090856,0.0005200667107608198
wikitext,3,refit,2048,512,5,bootstrap_jackknife,0.03346346001809088,0.0005200667107608114
wikitext,3,fixed,2048,512,20,bootstrap,0.008359044408776013,4.295971094471025e-05
wikitext,3,refit,2048,512,20,bootstrap,0.01463388353594836,7.762555139399421e-05
wikitext,3,fixed,2048,512,20,bootstrap_jackknife,0.008783400561623049,0.00015050691546237888
wikitext,3,refit,2048,512,20,bootstrap_jackknife,0.015375269478686405,0.0002683598380638956
wikitext,3,fixed,2048,1024,1,bootstrap,0.08066909201326464,0.00016589350973621677
wikitext,3,refit,2048,1024,1,bootstrap,0.03507285135004647,8.196800138827548e-05
wikitext,3,fixed,2048,1024,1,bootstrap_jackknife,0.09730077809812432,0.000704411117492999
wikitext,3,refit,2048,1024,1,bootstrap_jackknife,0.04229985931076474,0.0003070407666200282
wikitext,3,fixed,2048,1024,5,bootstrap,0.029125781441432894,5.091763622709531e-05
wikitext,3,refit,2048,1024,5,bootstrap,0.029125781441432897,5.0917636227105315e-05
wikitext,3,fixed,2048,1024,5,bootstrap_jackknife,0.03262211400566112,0.0002764608954185794
wikitext,3,refit,2048,1024,5,bootstrap_jackknife,0.03262211400566111,0.00027646089541858625
wikitext,3,fixed,2048,1024,20,bootstrap,0.008480378633147422,3.2766883640298754e-05
wikitext,3,refit,2048,1024,20,bootstrap,0.014840697029031546,5.415561875950528e-05
wikitext,3,fixed,2048,1024,20,bootstrap_jackknife,0.009048479309927275,0.0001108975923918108
wikitext,3,refit,2048,1024,20,bootstrap_jackknife,0.01583297319647826,0.00019174448156758695
wikitext,3,fixed,2048,2048,1,bootstrap,0.0586967334639573,0.00029546607044825826
wikitext,3,refit,2048,2048,1,bootstrap,0.025472956233710375,0.00013055811965952515
wikitext,3,fixed,2048,2048,1,bootstrap_jackknife,0.07838390928390902,0.0005230400085197838
wikitext,3,refit,2048,2048,1,bootstrap_jackknife,0.03399930389336037,0.00023271994764857487
wikitext,3,fixed,2048,2048,5,bootstrap,0.02504802250556576,0.00018226297619875067
wikitext,3,refit,2048,2048,5,bootstrap,0.02504802250556573,0.00018226297619875623
wikitext,3,fixed,2048,2048,5,bootstrap_jackknife,0.029729582789131192,0.00034670912038572613
wikitext,3,refit,2048,2048,5,bootstrap_jackknife,0.029729582789131168,0.00034670912038573405
wikitext,3,fixed,2048,2048,20,bootstrap,0.008312596465122007,8.479189406402635e-05
wikitext,3,refit,2048,2048,20,bootstrap,0.014549383112658956,0.0001475618043114556
wikitext,3,fixed,2048,2048,20,bootstrap_jackknife,0.009108057898349998,0.00015944857813853772
wikitext,3,refit,2048,2048,20,bootstrap_jackknife,0.015935757972455944,0.0002788013088396621
wikitext,3,fixed,2048,4096,1,bootstrap,0.03556974636122958,9.907015651599984e-05
wikitext,3,refit,2048,4096,1,bootstrap,0.015422876458221645,3.491230463781562e-05
wikitext,3,fixed,2048,4096,1,bootstrap_jackknife,0.0519195447925525,0.0003568748329090928
wikitext,3,refit,2048,4096,1,bootstrap_jackknife,0.022497618896274347,0.00013784403052791996
wikitext,3,fixed,2048,4096,5,bootstrap,0.019291982561126395,4.032136117462681e-05
wikitext,3,refit,2048,4096,5,bootstrap,0.019291982561126447,4.03213611746505e-05
wikitext,3,fixed,2048,4096,5,bootstrap_jackknife,0.02458378427455618,0.00016476497942837992
wikitext,3,refit,2048,4096,5,bootstrap_jackknife,0.02458378427455624,0.00016476497942839884
wikitext,3,fixed,2048,4096,20,bootstrap,0.007590491692439337,1.9570887995970234e-05
wikitext,3,refit,2048,4096,20,bootstrap,0.013292513099715289,3.544245714798634e-05
wikitext,3,fixed,2048,4096,20,bootstrap_jackknife,0.008593194121120454,8.786278674688938e-05
wikitext,3,refit,2048,4096,20,bootstrap_jackknife,0.015040613913011612,0.00015631929636420968
wikitext,3,fixed,4096,512,1,bootstrap,0.10173367886262728,8.508073379428958e-05
wikitext,3,refit,4096,512,1,bootstrap,0.044243860434480385,3.444908541803753e-05
wikitext,3,fixed,4096,512,1,bootstrap_jackknife,0.10847199854717539,0.0001876391098308644
wikitext,3,refit,4096,512,1,bootstrap_jackknife,0.0471713590267648,9.178647408915458e-05
wikitext,3,fixed,4096,512,5,bootstrap,0.031453309568949345,0.00010708162865091637
wikitext,3,refit,4096,512,5,bootstrap,0.031453309568949345,0.00010708162865091522
wikitext,3,fixed,4096,512,5,bootstrap_jackknife,0.032552030821838066,0.00019478859362492284
wikitext,3,refit,4096,512,5,bootstrap_jackknife,0.03255203082183808,0.0001947885936249255
wikitext,3,fixed,4096,512,20,bootstrap,0.008367159785120822,4.1948395536010214e-05
wikitext,3,refit,4096,512,20,bootstrap,0.01464393087429367,7.233904479900587e-05
wikitext,3,fixed,4096,512,20,bootstrap_jackknife,0.008462400817354008,0.00010131113509798764
wikitext,3,refit,4096,512,20,bootstrap_jackknife,0.014815395341015425,0.00017588042625203983
wikitext,3,fixed,4096,1024,1,bootstrap,0.0913457835397286,5.304729098529175e-05
wikitext,3,refit,4096,1024,1,bootstrap,0.0396718316325344,3.093008448929821e-05
wikitext,3,fixed,4096,1024,1,bootstrap_jackknife,0.10189382002214968,0.00019009431271457743
wikitext,3,refit,4096,1024,1,bootstrap_jackknife,0.04423868985481336,8.274749707063435e-05
wikitext,3,fixed,4096,1024,5,bootstrap,0.031097078598917607,9.955652642877424e-05
wikitext,3,refit,4096,1024,5,bootstrap,0.03109707859891762,9.955652642876216e-05
wikitext,3,fixed,4096,1024,5,bootstrap_jackknife,0.03316344265561361,0.00011294046125170613
wikitext,3,refit,4096,1024,5,bootstrap_jackknife,0.033163442655613634,0.0001129404612516666
wikitext,3,fixed,4096,1024,20,bootstrap,0.008768200333638374,5.700264264065241e-05
wikitext,3,refit,4096,1024,20,bootstrap,0.015334941708920075,9.882267500237303e-05
wikitext,3,fixed,4096,1024,20,bootstrap_jackknife,0.009044612893600248,8.312453337109282e-05
wikitext,3,refit,4096,1024,20,bootstrap_jackknife,0.01581185812092909,0.0001476528492501331
wikitext,3,fixed,4096,2048,1,bootstrap,0.07328463782835977,0.00048268210133367904
wikitext,3,refit,4096,2048,1,bootstrap,0.03181349336398138,0.00020604512345811363
wikitext,3,fixed,4096,2048,1,bootstrap_jackknife,0.08659253464334309,0.0008246079235749085
wikitext,3,refit,4096,2048,1,bootstrap_jackknife,0.03758565216445498,0.00034569904414275535
wikitext,3,fixed,4096,2048,5,bootstrap,0.028187933693522738,0.00019125103498594088
wikitext,3,refit,4096,2048,5,bootstrap,0.02818793369352275,0.0001912510349859521
wikitext,3,fixed,4096,2048,5,bootstrap_jackknife,0.0309168492398446,0.0003200413613112727
wikitext,3,refit,4096,2048,5,bootstrap_jackknife,0.030916849239844623,0.0003200413613112959
wikitext,3,fixed,4096,2048,20,bootstrap,0.008807996895032488,5.616179793057295e-05
wikitext,3,refit,4096,2048,20,bootstrap,0.015411261847922986,9.770492011179212e-05
wikitext,3,fixed,4096,2048,20,bootstrap_jackknife,0.009202908084718464,9.240752870000172e-05
wikitext,3,refit,4096,2048,20,bootstrap_jackknife,0.01609937020894962,0.00016030526094116043
wikitext,3,fixed,4096,4096,1,bootstrap,0.05192463778652589,0.0005069192487222924
wikitext,3,refit,4096,4096,1,bootstrap,0.02252263055536205,0.00022215940479224856
wikitext,3,fixed,4096,4096,1,bootstrap_jackknife,0.06769054175306945,0.0012226479868008633
wikitext,3,refit,4096,4096,1,bootstrap_jackknife,0.029361761305958387,0.000541367743263332
wikitext,3,fixed,4096,4096,5,bootstrap,0.023337390354682852,0.00020359919308395662
wikitext,3,refit,4096,4096,5,bootstrap,0.023337390354682876,0.00020359919308394743
wikitext,3,fixed,4096,4096,5,bootstrap_jackknife,0.027087123797416165,0.0005396058057290441
wikitext,3,refit,4096,4096,5,bootstrap_jackknife,0.027087123797416204,0.0005396058057290362
wikitext,3,fixed,4096,4096,20,bootstrap,0.00830522436380645,7.309380758964667e-05
wikitext,3,refit,4096,4096,20,bootstrap,0.01453793972386599,0.0001251811528462242
wikitext,3,fixed,4096,4096,20,bootstrap_jackknife,0.008916183648343188,0.00018926459547138628
wikitext,3,refit,4096,4096,20,bootstrap_jackknife,0.015601850520168228,0.000324448032571283
wikitext,3,fixed,8192,512,1,bootstrap,0.1042824031413253,0.00028656340137432894
wikitext,3,refit,8192,512,1,bootstrap,0.04536963363871624,0.00012633419893962302
wikitext,3,fixed,8192,512,1,bootstrap_jackknife,0.10704349243443863,0.0006527470338971289
wikitext,3,refit,8192,512,1,bootstrap_jackknife,0.046576025744254713,0.00028312209883510445
wikitext,3,fixed,8192,512,5,bootstrap,0.031980386347715224,0.00011700046916416349
wikitext,3,refit,8192,512,5,bootstrap,0.03198038634771524,0.0001170004691641681
wikitext,3,fixed,8192,512,5,bootstrap_jackknife,0.03249823246966699,0.0002451967464286052
wikitext,3,refit,8192,512,5,bootstrap_jackknife,0.032498232469666995,0.00024519674642861503
wikitext,3,fixed,8192,512,20,bootstrap,0.008478640333587695,8.044335563121298e-05
wikitext,3,refit,8192,512,20,bootstrap,0.014821528479178689,0.00013499777534808308
wikitext,3,fixed,8192,512,20,bootstrap_jackknife,0.00856901424092292,0.00015021499533256896
wikitext,3,refit,8192,512,20,bootstrap_jackknife,0.014966012815233165,0.00025146125898939224
wikitext,3,fixed,8192,1024,1,bootstrap,0.0951680630484389,0.00013192394456741863
wikitext,3,refit,8192,1024,1,bootstrap,0.04138489245941806,6.237555408607468e-05
wikitext,3,fixed,8192,1024,1,bootstrap_jackknife,0.10007351572120306,0.0005703566847967793
wikitext,3,refit,8192,1024,1,bootstrap_jackknife,0.043528635824007005,0.0002504043652413619
wikitext,3,fixed,8192,1024,5,bootstrap,0.03163508524942621,9.13247383803255e-05
wikitext,3,refit,8192,1024,5,bootstrap,0.03163508524942619,9.132473838033701e-05
wikitext,3,fixed,8192,1024,5,bootstrap_jackknife,0.03263049727185963,0.0002789502224303249
wikitext,3,refit,8192,1024,5,bootstrap_jackknife,0.0326304972718596,0.00027895022243035287
wikitext,3,fixed,8192,1024,20,bootstrap,0.008811349676568927,4.684030567755968e-05
wikitext,3,refit,8192,1024,20,bootstrap,0.015401370341088726,7.977878150276957e-05
wikitext,3,fixed,8192,1024,20,bootstrap_jackknife,0.008996245918208494,0.00012103711135451992
wikitext,3,refit,8192,1024,20,bootstrap_jackknife,0.015718793675478553,0.00020829826758433025
wikitext,3,fixed,8192,2048,1,bootstrap,0.08114202913543361,5.11256287893991e-05
wikitext,3,refit,8192,2048,1,bootstrap,0.03522648272733529,2.7896218541040836e-05
wikitext,3,fixed,8192,2048,1,bootstrap_jackknife,0.08920171428958067,0.00034136714720254386
wikitext,3,refit,8192,2048,1,bootstrap_jackknife,0.03871219135110746,0.00014769849104241778
wikitext,3,fixed,8192,2048,5,bootstrap,0.029626580484883938,0.00010133834126537147
wikitext,3,refit,8192,2048,5,bootstrap,0.029626580484883955,0.00010133834126537044
wikitext,3,fixed,8192,2048,5,bootstrap_jackknife,0.0312566025905628,0.0002736360129956692
wikitext,3,refit,8192,2048,5,bootstrap_jackknife,0.03125660259056282,0.0002736360129956615
wikitext,3,fixed,8192,2048,20,bootstrap,0.008977512202861816,5.340608345709895e-05
wikitext,3,refit,8192,2048,20,bootstrap,0.01569686961675629,9.583692738063987e-05
wikitext,3,fixed,8192,2048,20,bootstrap_jackknife,0.009228141387936458,0.0001281353270080146
wikitext,3,refit,8192,2048,20,bootstrap_jackknife,0.016129728048637337,0.00022957285526256006
wikitext,3,fixed,8192,4096,1,bootstrap,0.06304296389519366,0.0002407007623875689
wikitext,3,refit,8192,4096,1,bootstrap,0.027343535885313092,9.281820626840915e-05
wikitext,3,fixed,8192,4096,1,bootstrap_jackknife,0.07421778810332758,0.0007356509401271002
wikitext,3,refit,8192,4096,1,bootstrap_jackknife,0.03218031931074248,0.00029315866449291665
wikitext,3,fixed,8192,4096,5,bootstrap,0.0258485410960031,0.0001132053195635779
wikitext,3,refit,8192,4096,5,bootstrap,0.025848541096003087,0.00011320531956360564
wikitext,3,fixed,8192,4096,5,bootstrap_jackknife,0.028398026443972952,0.0003000202417154538
wikitext,3,refit,8192,4096,5,bootstrap_jackknife,0.028398026443972903,0.00030002024171551465
wikitext,3,fixed,8192,4096,20,bootstrap,0.008714802505122021,4.218552364713326e-05
wikitext,3,refit,8192,4096,20,bootstrap,0.015247728319745144,7.368078674479225e-05
wikitext,3,fixed,8192,4096,20,bootstrap_jackknife,0.009133795503953206,0.00010260284721458517
wikitext,3,refit,8192,4096,20,bootstrap_jackknife,0.015977278781898082,0.00018014939034919687
wikitext,4,fixed,1024,512,1,bootstrap,0.08400477298300087,0.0009229399834455701
wikitext,4,refit,1024,512,1,bootstrap,0.036581403647205926,0.00039820666522089
wikitext,4,fixed,1024,512,1,bootstrap_jackknife,0.10258634714106468,0.0017564852852390875
wikitext,4,refit,1024,512,1,bootstrap_jackknife,0.044678653782837176,0.0007531518375620989
wikitext,4,fixed,1024,512,5,bootstrap,0.028307719547753265,0.00039522917043464077
wikitext,4,refit,1024,512,5,bootstrap,0.028307719547753258,0.00039522917043465264
wikitext,4,fixed,1024,512,5,bootstrap_jackknife,0.03179806643695882,0.0007384793763881468
wikitext,4,refit,1024,512,5,bootstrap_jackknife,0.031798066436958816,0.0007384793763881699
wikitext,4,fixed,1024,512,20,bootstrap,0.007950580163027434,0.0001282899519217505
wikitext,4,refit,1024,512,20,bootstrap,0.013905379944065781,0.00022386622003028428
wikitext,4,fixed,1024,512,20,bootstrap_jackknife,0.008413929213514795,0.00023308077638708376
wikitext,4,refit,1024,512,20,bootstrap_jackknife,0.014707548027788212,0.00040960812421639406
wikitext,4,fixed,1024,1024,1,bootstrap,0.06421618062841837,0.0006843312447225663
wikitext,4,refit,1024,1024,1,bootstrap,0.027961024558982934,0.00030228455586674396
wikitext,4,fixed,1024,1024,1,bootstrap_jackknife,0.08783978955428919,0.0012446174321437012
wikitext,4,refit,1024,1024,1,bootstrap_jackknife,0.03826046489968691,0.0005471666977550922
wikitext,4,fixed,1024,1024,5,bootstrap,0.025601741086634603,0.00023342995398093657
wikitext,4,refit,1024,1024,5,bootstrap,0.0256017410866346,0.00023342995398094521
wikitext,4,fixed,1024,1024,5,bootstrap_jackknife,0.03095595079835003,0.0004483414220310117
wikitext,4,refit,1024,1024,5,bootstrap_jackknife,0.030955950798350024,0.000448341422031013
wikitext,4,fixed,1024,1024,20,bootstrap,0.00791105138933767,8.668722638228077e-05
wikitext,4,refit,1024,1024,20,bootstrap,0.013835898304763018,0.00014964542262878457
wikitext,4,fixed,1024,1024,20,bootstrap_jackknife,0.008736426315876109,0.00018266000797461488
wikitext,4,refit,1024,1024,20,bootstrap_jackknife,0.015269767958844528,0.00031642506182159825
wikitext,4,fixed,1024,2048,1,bootstrap,0.03959941870805662,0.00045559869823591894
wikitext,4,refit,1024,2048,1,bootstrap,0.01721818723942699,0.00019717075632247983
wikitext,4,fixed,1024,2048,1,bootstrap_jackknife,0.05921120220660433,0.0011006968060845227
wikitext,4,refit,1024,2048,1,bootstrap_jackknife,0.02574904710065684,0.00047250530524376995
wikitext,4,fixed,1024,2048,5,bootstrap,0.020620183073783358,0.0001872523573577407
wikitext,4,refit,1024,2048,5,bootstrap,0.020620183073783337,0.00018725235735774932
wikitext,4,fixed,1024,2048,5,bootstrap_jackknife,0.026963708569495645,0.00045976724373997035
wikitext,4,refit,1024,2048,5,bootstrap_jackknife,0.026963708569495592,0.0004597672437399615
wikitext,4,fixed,1024,2048,20,bootstrap,0.007560767170500569,7.516780316206331e-05
wikitext,4,refit,1024,2048,20,bootstrap,0.013234214058170539,0.00013059797263068623
wikitext,4,fixed,1024,2048,20,bootstrap_jackknife,0.00867829967732184,0.00016091436421204755
wikitext,4,refit,1024,2048,20,bootstrap_jackknife,0.01518153565975156,0.00028210148022399576
wikitext,4,fixed,1024,4096,1,bootstrap,0.01910083358890014,0.00043828494263016733
wikitext,4,refit,1024,4096,1,bootstrap,0.008308306462706147,0.0001933368363125688
wikitext,4,fixed,1024,4096,1,bootstrap_jackknife,0.029581115876526638,0.000934773364840777
wikitext,4,refit,1024,4096,1,bootstrap_jackknife,0.012868024607707773,0.00041037461252853107
wikitext,4,fixed,1024,4096,5,bootstrap,0.013903582806581669,0.00017247624441113417
wikitext,4,refit,1024,4096,5,bootstrap,0.01390358280658168,0.00017247624441111837
wikitext,4,fixed,1024,4096,5,bootstrap_jackknife,0.019922485428232908,0.0004019673584010842
wikitext,4,refit,1024,4096,5,bootstrap_jackknife,0.01992248542823293,0.0004019673584010614
wikitext,4,fixed,1024,4096,20,bootstrap,0.006556778999036256,5.45543260617029e-05
wikitext,4,refit,1024,4096,20,bootstrap,0.011481451071253987,9.59321328606542e-05
wikitext,4,fixed,1024,4096,20,bootstrap_jackknife,0.008224106912699697,0.00012518218997919331
wikitext,4,refit,1024,4096,20,bootstrap_jackknife,0.014394084199880452,0.0002194375354975467
wikitext,4,fixed,2048,512,1,bootstrap,0.09609475241735581,0.0009828863629120018
wikitext,4,refit,2048,512,1,bootstrap,0.04180185889701792,0.0004239789172880229
wikitext,4,fixed,2048,512,1,bootstrap_jackknife,0.10863144275887626,0.0017791112389044562
wikitext,4,refit,2048,512,1,bootstrap_jackknife,0.04727324395916554,0.0007624375753837878
wikitext,4,fixed,2048,512,5,bootstrap,0.030431309235031345,0.00028116986462120195
wikitext,4,refit,2048,512,5,bootstrap,0.030431309235031345,0.00028116986462120943
wikitext,4,fixed,2048,512,5,bootstrap_jackknife,0.032705127037307234,0.0005212050545435582
wikitext,4,refit,2048,512,5,bootstrap_jackknife,0.03270512703730723,0.0005212050545435748
wikitext,4,fixed,2048,512,20,bootstrap,0.008255515379535313,9.046653490716327e-05
wikitext,4,refit,2048,512,20,bootstrap,0.014439802176326427,0.0001524244499324265
wikitext,4,fixed,2048,512,20,bootstrap_jackknife,0.008573012228622008,0.00017082397367157345
wikitext,4,refit,2048,512,20,bootstrap_jackknife,0.014985202726828704,0.00028383446602567514
wikitext,4,fixed,2048,1024,1,bootstrap,0.08246102921682519,0.0002352324097000674
wikitext,4,refit,2048,1024,1,bootstrap,0.035815069897691544,0.00011031292370454375
wikitext,4,fixed,2048,1024,1,bootstrap_jackknife,0.10042436557277819,0.0008029855610715278
wikitext,4,refit,2048,1024,1,bootstrap_jackknife,0.04360101976850209,0.00035941541682370215
wikitext,4,fixed,2048,1024,5,bootstrap,0.029340865750539572,0.00010787238729268622
wikitext,4,refit,2048,1024,5,bootstrap,0.02934086575053954,0.00010787238729271107
wikitext,4,fixed,2048,1024,5,bootstrap_jackknife,0.032769903146286104,0.00035819610598893185
wikitext,4,refit,2048,1024,5,bootstrap_jackknife,0.032769903146286035,0.00035819610598891147
wikitext,4,fixed,2048,1024,20,bootstrap,0.008483311041983976,4.267664192288484e-05
wikitext,4,refit,2048,1024,20,bootstrap,0.01483903727151282,7.668093373862337e-05
wikitext,4,fixed,2048,1024,20,bootstrap_jackknife,0.008898885779476624,0.00012111841270052575
wikitext,4,refit,2048,1024,20,bootstrap_jackknife,0.015560377966600472,0.00020881443865123614
wikitext,4,fixed,2048,2048,1,bootstrap,0.0612482617148274,0.00014075346116080269
wikitext,4,refit,2048,2048,1,bootstrap,0.026567973208509416,5.757489705727359e-05
wikitext,4,fixed,2048,2048,1,bootstrap_jackknife,0.08336058186469779,0.0004473017335360792
wikitext,4,refit,2048,2048,1,bootstrap_jackknife,0.03613871927886298,0.0001869986857403165
wikitext,4,fixed,2048,2048,5,bootstrap,0.025895847945756636,3.436625570446986e-05
wikitext,4,refit,2048,2048,5,bootstrap,0.025895847945756653,3.436625570446457e-05
wikitext,4,fixed,2048,2048,5,bootstrap_jackknife,0.03137286311271648,0.00014928123437619995
wikitext,4,refit,2048,2048,5,bootstrap_jackknife,0.031372863112716524,0.00014928123437619114
wikitext,4,fixed,2048,2048,20,bootstrap,0.008443073660701354,2.99072096027561e-05
wikitext,4,refit,2048,2048,20,bootstrap,0.0147785386291655,5.3914640406306814e-05
wikitext,4,fixed,2048,2048,20,bootstrap_jackknife,0.009317546460319882,6.409838560250976e-05
wikitext,4,refit,2048,2048,20,bootstrap_jackknife,0.016307444898640156,0.0001135692344761678
wikitext,4,fixed,2048,4096,1,bootstrap,0.03581727114731365,0.00012406737387067127
wikitext,4,refit,2048,4096,1,bootstrap,0.015521330417819132,4.989074667169305e-05
wikitext,4,fixed,2048,4096,1,bootstrap_jackknife,0.05314547191713808,0.00042644136212531287
wikitext,4,refit,2048,4096,1,bootstrap_jackknife,0.023013843379795673,0.00017697290887088734
wikitext,4,fixed,2048,4096,5,bootstrap,0.019505973385790774,9.875990362229207e-05
wikitext,4,refit,2048,4096,5,bootstrap,0.019505973385790763,9.87599036222912e-05
wikitext,4,fixed,2048,4096,5,bootstrap_jackknife,0.02542559263625478,0.0002735495713940987
wikitext,4,refit,2048,4096,5,bootstrap_jackknife,0.02542559263625477,0.00027354957139408487
wikitext,4,fixed,2048,4096,20,bootstrap,0.007679514977420446,5.546280096898217e-05
wikitext,4,refit,2048,4096,20,bootstrap,0.013456191367395972,9.935189471354231e-05
wikitext,4,fixed,2048,4096,20,bootstrap_jackknife,0.008892320429382905,0.00011013160413720755
wikitext,4,refit,2048,4096,20,bootstrap_jackknife,0.015580783839815654,0.00019511905218931694
wikitext,4,fixed,4096,512,1,bootstrap,0.10267689864837719,0.0007173133135867053
wikitext,4,refit,4096,512,1,bootstrap,0.04463824204262489,0.0002990570764722753
wikitext,4,fixed,4096,512,1,bootstrap_jackknife,0.10962373872998744,0.0013280961451375517
wikitext,4,refit,4096,512,1,bootstrap_jackknife,0.04765375879080427,0.000561647294234204
wikitext,4,fixed,4096,512,5,bootstrap,0.031621798985014146,0.00023576176223068425
wikitext,4,refit,4096,512,5,bootstrap,0.03162179898501415,0.0002357617622306948
wikitext,4,fixed,4096,512,5,bootstrap_jackknife,0.032824388647556324,0.00038090645745394444
wikitext,4,refit,4096,512,5,bootstrap_jackknife,0.032824388647556324,0.0003809064574539626
wikitext,4,fixed,4096,512,20,bootstrap,0.00836514303865255,8.04404615146228e-05
wikitext,4,refit,4096,512,20,bootstrap,0.014638422112377217,0.0001387053574065983
wikitext,4,fixed,4096,512,20,bootstrap_jackknife,0.00847939918759114,0.00013734058294985626
wikitext,4,refit,4096,512,20,bootstrap_jackknife,0.014833325932659831,0.0002345440567266549
wikitext,4,fixed,4096,1024,1,bootstrap,0.09054563520893576,0.00024000525587731728
wikitext,4,refit,4096,1024,1,bootstrap,0.03932853897607592,0.00011593624856889378
wikitext,4,fixed,4096,1024,1,bootstrap_jackknife,0.09997398273814369,0.0004909913542126792
wikitext,4,refit,4096,1024,1,bootstrap_jackknife,0.04344813634041891,0.00023490954880251794
wikitext,4,fixed,4096,1024,5,bootstrap,0.03084830306095433,0.00014148688822807965
wikitext,4,refit,4096,1024,5,bootstrap,0.03084830306095435,0.00014148688822808805
wikitext,4,fixed,4096,1024,5,bootstrap_jackknife,0.03270793418272922,0.0002143982643273761
wikitext,4,refit,4096,1024,5,bootstrap_jackknife,0.03270793418272926,0.00021439826432739076
wikitext,4,fixed,4096,1024,20,bootstrap,0.008685416253632238,6.175704174207164e-05
wikitext,4,refit,4096,1024,20,bootstrap,0.015191563754007037,0.00010918130218368763
wikitext,4,fixed,4096,1024,20,bootstrap_jackknife,0.008958004250929486,8.747249564835362e-05
wikitext,4,refit,4096,1024,20,bootstrap_jackknife,0.015656350830661442,0.00015326183012526976
wikitext,4,fixed,4096,2048,1,bootstrap,0.0735035995527611,0.0002076270619585
wikitext,4,refit,4096,2048,1,bootstrap,0.03188715447377987,8.672239865363553e-05
wikitext,4,fixed,4096,2048,1,bootstrap_jackknife,0.08731487630023142,0.0005092535101955399
wikitext,4,refit,4096,2048,1,bootstrap_jackknife,0.03788725195007768,0.00021675963042885304
wikitext,4,fixed,4096,2048,5,bootstrap,0.02811601846936151,8.1223928435109e-05
wikitext,4,refit,4096,2048,5,bootstrap,0.028116018469361514,8.122392843511609e-05
wikitext,4,fixed,4096,2048,5,bootstrap_jackknife,0.03097415234332848,0.00016741116377917486
wikitext,4,refit,4096,2048,5,bootstrap_jackknife,0.03097415234332848,0.0001674111637791842
wikitext,4,fixed,4096,2048,20,bootstrap,0.008745142127803978,3.480389015816926e-05
wikitext,4,refit,4096,2048,20,bootstrap,0.015299598770845307,6.279424276187672e-05
wikitext,4,fixed,4096,2048,20,bootstrap_jackknife,0.00916049041545158,6.514343589250614e-05
wikitext,4,refit,4096,2048,20,bootstrap_jackknife,0.01601370059260725,0.00011747916998129541
wikitext,4,fixed,4096,4096,1,bootstrap,0.05211819548387884,0.0005528558761176024
wikitext,4,refit,4096,4096,1,bootstrap,0.0225746993277605,0.0002359676115785928
wikitext,4,fixed,4096,4096,1,bootstrap_jackknife,0.06806820291329661,0.0008857160138094193
wikitext,4,refit,4096,4096,1,bootstrap_jackknife,0.029478806161346547,0.00038178530688778086
wikitext,4,fixed,4096,4096,5,bootstrap,0.02349915702734919,0.00023393023690613745
wikitext,4,refit,4096,4096,5,bootstrap,0.023499157027349216,0.00023393023690614244
wikitext,4,fixed,4096,4096,5,bootstrap_jackknife,0.027346775554156166,0.0003676348856032953
wikitext,4,refit,4096,4096,5,bootstrap_jackknife,0.02734677555415621,0.0003676348856032906
wikitext,4,fixed,4096,4096,20,bootstrap,0.0083640862066838,6.171689702537056e-05
wikitext,4,refit,4096,4096,20,bootstrap,0.014652351180711233,0.00010958029007957419
wikitext,4,fixed,4096,4096,20,bootstrap_jackknife,0.009013815052044126,8.579687309591545e-05
wikitext,4,refit,4096,4096,20,bootstrap_jackknife,0.015784675269058416,0.00015258793107906713
wikitext,4,fixed,8192,512,1,bootstrap,0.1048241838667704,0.0001435480345298591
wikitext,4,refit,8192,512,1,bootstrap,0.045573798467872816,6.75520281342013e-05
wikitext,4,fixed,8192,512,1,bootstrap_jackknife,0.10791264914427205,0.0006028569864056241
wikitext,4,refit,8192,512,1,bootstrap_jackknife,0.04691291949861095,0.0002727363090530375
wikitext,4,fixed,8192,512,5,bootstrap,0.031879774995860845,0.00010256074738747651
wikitext,4,refit,8192,512,5,bootstrap,0.031879774995860845,0.00010256074738746959
wikitext,4,fixed,8192,512,5,bootstrap_jackknife,0.03251258051651653,0.00031426176864203634
wikitext,4,refit,8192,512,5,bootstrap_jackknife,0.032512580516516544,0.0003142617686420191
wikitext,4,fixed,8192,512,20,bootstrap,0.008341512681556312,2.8844643087173808e-05
wikitext,4,refit,8192,512,20,bootstrap,0.014599705757145273,5.035001069072986e-05
wikitext,4,fixed,8192,512,20,bootstrap_jackknife,0.008449992770717328,8.472131574533483e-05
wikitext,4,refit,8192,512,20,bootstrap_jackknife,0.014794250158205591,0.00014522771637751582
wikitext,4,fixed,8192,1024,1,bootstrap,0.0961619432411727,0.000387557165887172
wikitext,4,refit,8192,1024,1,bootstrap,0.04178115553129159,0.00016566078181548337
wikitext,4,fixed,8192,1024,1,bootstrap_jackknife,0.10075706381712,0.0008399413671242678
wikitext,4,refit,8192,1024,1,bootstrap_jackknife,0.043786892405748234,0.00035529026541233514
wikitext,4,fixed,8192,1024,5,bootstrap,0.03171703012113887,0.00011461987052781494
wikitext,4,refit,8192,1024,5,bootstrap,0.03171703012113889,0.00011461987052779466
wikitext,4,fixed,8192,1024,5,bootstrap_jackknife,0.032470742061424744,0.00023479828400217026
wikitext,4,refit,8192,1024,5,bootstrap_jackknife,0.032470742061424786,0.0002347982840021277
wikitext,4,fixed,8192,1024,20,bootstrap,0.008699399533581736,3.503038280734567e-05
wikitext,4,refit,8192,1024,20,bootstrap,0.015218936652963347,5.976160693749246e-05
wikitext,4,fixed,8192,1024,20,bootstrap_jackknife,0.008732563449710063,7.29050169744577e-05
wikitext,4,refit,8192,1024,20,bootstrap_jackknife,0.015281753301612277,0.00012476716781107506
wikitext,4,fixed,8192,2048,1,bootstrap,0.08189506890162022,0.00012778002760113926
wikitext,4,refit,8192,2048,1,bootstrap,0.035551228788791155,5.4651987978000954e-05
wikitext,4,fixed,8192,2048,1,bootstrap_jackknife,0.08989480886694841,0.0003873383366210566
wikitext,4,refit,8192,2048,1,bootstrap_jackknife,0.03901642274132145,0.00014885763364661094
wikitext,4,fixed,8192,2048,5,bootstrap,0.029893555720553116,0.00016134847858528437
wikitext,4,refit,8192,2048,5,bootstrap,0.029893555720553095,0.0001613484785852758
wikitext,4,fixed,8192,2048,5,bootstrap_jackknife,0.03152136373727162,0.00024035406934427844
wikitext,4,refit,8192,2048,5,bootstrap_jackknife,0.031521363737271595,0.00024035406934426023
wikitext,4,fixed,8192,2048,20,bootstrap,0.008979300574988554,7.613808936578929e-05
wikitext,4,refit,8192,2048,20,bootstrap,0.015703683345492287,0.00013033988523130358
wikitext,4,fixed,8192,2048,20,bootstrap_jackknife,0.00921783878460094,0.00013363103513920472
wikitext,4,refit,8192,2048,20,bootstrap_jackknife,0.01611526717826021,0.00022846366523971475
wikitext,4,fixed,8192,4096,1,bootstrap,0.06294739313361297,0.0003648891566457913
wikitext,4,refit,8192,4096,1,bootstrap,0.027317128687277092,0.00015736963152467517
wikitext,4,fixed,8192,4096,1,bootstrap_jackknife,0.07373157724445904,0.0008916695810134094
wikitext,4,refit,8192,4096,1,bootstrap_jackknife,0.03200997358629409,0.00038406568620945244
wikitext,4,fixed,8192,4096,5,bootstrap,0.026111763172818273,0.00012422507326737616
wikitext,4,refit,8192,4096,5,bootstrap,0.02611176317281827,0.00012422507326737345
wikitext,4,fixed,8192,4096,5,bootstrap_jackknife,0.028678235632446838,0.0003090217618543865
wikitext,4,refit,8192,4096,5,bootstrap_jackknife,0.028678235632446845,0.00030902176185438316
wikitext,4,fixed,8192,4096,20,bootstrap,0.008761664744596621,3.6937582514853786e-05
wikitext,4,refit,8192,4096,20,bootstrap,0.015338154732234916,6.287367401754765e-05
wikitext,4,fixed,8192,4096,20,bootstrap_jackknife,0.009206771462506527,0.00010065879400806229
wikitext,4,refit,8192,4096,20,bootstrap_jackknife,0.016110573936995626,0.00017459311258441923
wikitext,5,fixed,1024,512,1,bootstrap,0.08251158070206484,0.0008483463092265363
wikitext,5,refit,1024,512,1,bootstrap,0.035869800859881236,0.0003605584331915245
wikitext,5,fixed,1024,512,1,bootstrap_jackknife,0.1011759927542949,0.0010879301111678204
wikitext,5,refit,1024,512,1,bootstrap_jackknife,0.043981665513412364,0.0004509499766205247
wikitext,5,fixed,1024,512,5,bootstrap,0.02788726332815276,0.00040621408032564193
wikitext,5,refit,1024,512,5,bootstrap,0.027887263328152754,0.00040621408032564334
wikitext,5,fixed,1024,512,5,bootstrap_jackknife,0.03158430510286651,0.0005596667046926956
wikitext,5,refit,1024,512,5,bootstrap_jackknife,0.0315843051028665,0.0005596667046927012
wikitext,5,fixed,1024,512,20,bootstrap,0.00785958369744099,0.00011433430828154852
wikitext,5,refit,1024,512,20,bootstrap,0.013770577920890337,0.00020505206967918964
wikitext,5,fixed,1024,512,20,bootstrap_jackknife,0.008408120899503721,0.00013859632544558392
wikitext,5,refit,1024,512,20,bootstrap_jackknife,0.01473024381397338,0.000252139067736347
wikitext,5,fixed,1024,1024,1,bootstrap,0.06266300689081304,0.0006007333748531983
wikitext,5,refit,1024,1024,1,bootstrap,0.027214773933059665,0.00025857935283408903
wikitext,5,fixed,1024,1024,1,bootstrap_jackknife,0.08475592854079754,0.0009508711453894049
wikitext,5,refit,1024,1024,1,bootstrap_jackknife,0.03680056492283843,0.0004113264920281453
wikitext,5,fixed,1024,1024,5,bootstrap,0.025155092698646807,0.0003924916359742046
wikitext,5,refit,1024,1024,5,bootstrap,0.025155092698646825,0.0003924916359742012
wikitext,5,fixed,1024,1024,5,bootstrap_jackknife,0.030051180729152544,0.000701945117737471
wikitext,5,refit,1024,1024,5,bootstrap_jackknife,0.030051180729152593,0.0007019451177374738
wikitext,5,fixed,1024,1024,20,bootstrap,0.007859793684739028,0.0001533334451068861
wikitext,5,refit,1024,1024,20,bootstrap,0.013757357456257195,0.0002631000479660594
wikitext,5,fixed,1024,1024,20,bootstrap_jackknife,0.00858082669004546,0.0003150959128460644
wikitext,5,refit,1024,1024,20,bootstrap_jackknife,0.015006014753206136,0.0005371411288675902
wikitext,5,fixed,1024,2048,1,bootstrap,0.039198633730658676,0.0004220870609992045
wikitext,5,refit,1024,2048,1,bootstrap,0.016998959167556994,0.0001844787896754157
wikitext,5,fixed,1024,2048,1,bootstrap_jackknife,0.05927655803277807,0.000802765374146919
wikitext,5,refit,1024,2048,1,bootstrap_jackknife,0.025694969578542476,0.0003480795134113351
wikitext,5,fixed,1024,2048,5,bootstrap,0.020447355196019305,0.00020296698866174664
wikitext,5,refit,1024,2048,5,bootstrap,0.020447355196019295,0.00020296698866175523
wikitext,5,fixed,1024,2048,5,bootstrap_jackknife,0.027072838007989732,0.000395856447193528
wikitext,5,refit,1024,2048,5,bootstrap_jackknife,0.027072838007989684,0.00039585644719354563
wikitext,5,fixed,1024,2048,20,bootstrap,0.007596502172801792,7.427273354071973e-05
wikitext,5,refit,1024,2048,20,bootstrap,0.013309788009085494,0.00012891312200688664
wikitext,5,fixed,1024,2048,20,bootstrap_jackknife,0.008939156055066825,0.0001311384994439915
wikitext,5,refit,1024,2048,20,bootstrap_jackknife,0.01565405745519717,0.00022551498788625013
wikitext,5,fixed,1024,4096,1,bootstrap,0.018750208421091034,0.00010351592919115947
wikitext,5,refit,1024,4096,1,bootstrap,0.008123664999801964,4.187958081287925e-05
wikitext,5,fixed,1024,4096,1,bootstrap_jackknife,0.02864958919562713,0.0003495834846797875
wikitext,5,refit,1024,4096,1,bootstrap_jackknife,0.01240443609149181,0.0001458499371011991
wikitext,5,fixed,1024,4096,5,bootstrap,0.013673620350274134,2.857923433184169e-05
wikitext,5,refit,1024,4096,5,bootstrap,0.013673620350274146,2.8579234331841422e-05
wikitext,5,fixed,1024,4096,5,bootstrap_jackknife,0.019147921641220325,0.00016907271056105594
wikitext,5,refit,1024,4096,5,bootstrap_jackknife,0.01914792164122031,0.00016907271056104225
wikitext,5,fixed,1024,4096,20,bootstrap,0.006420564119256046,1.4020678865055438e-05
wikitext,5,refit,1024,4096,20,bootstrap,0.0112653137908675,2.2101893907142346e-05
wikitext,5,fixed,1024,4096,20,bootstrap_jackknife,0.007747527925644343,2.469947989140607e-05
wikitext,5,refit,1024,4096,20,bootstrap_jackknife,0.013591771187311794,5.210216760586145e-05
wikitext,5,fixed,2048,512,1,bootstrap,0.09382899098124198,0.0010626622036529398
wikitext,5,refit,2048,512,1,bootstrap,0.04075198127001165,0.0004584606504512938
wikitext,5,fixed,2048,512,1,bootstrap_jackknife,0.10491597483835673,0.00198362891400354
wikitext,5,refit,2048,512,1,bootstrap_jackknife,0.04558631090055287,0.0008524199394767181
wikitext,5,fixed,2048,512,5,bootstrap,0.02962832406527607,0.00037525947343178343
wikitext,5,refit,2048,512,5,bootstrap,0.029628324065276077,0.00037525947343179785
wikitext,5,fixed,2048,512,5,bootstrap_jackknife,0.031454786319796625,0.0007732226716261341
wikitext,5,refit,2048,512,5,bootstrap_jackknife,0.03145478631979664,0.0007732226716261635
wikitext,5,fixed,2048,512,20,bootstrap,0.008053731367923745,0.000152276831087049
wikitext,5,refit,2048,512,20,bootstrap,0.014096880514154078,0.0002620936140860199
wikitext,5,fixed,2048,512,20,bootstrap_jackknife,0.008288837424047029,0.0003310071957134775
wikitext,5,refit,2048,512,20,bootstrap_jackknife,0.014501767072426168,0.0005714418798121716
wikitext,5,fixed,2048,1024,1,bootstrap,0.07982600420762836,0.0006650345791171152
wikitext,5,refit,2048,1024,1,bootstrap,0.034598198008873565,0.00028012832007491914
wikitext,5,fixed,2048,1024,1,bootstrap_jackknife,0.09618205981180739,0.001326467449958665
wikitext,5,refit,2048,1024,1,bootstrap_jackknife,0.04168933972992056,0.0005600871178417408
wikitext,5,fixed,2048,1024,5,bootstrap,0.028378682465969515,0.0003054281751962182
wikitext,5,refit,2048,1024,5,bootstrap,0.028378682465969477,0.00030542817519622347
wikitext,5,fixed,2048,1024,5,bootstrap_jackknife,0.031427182248454484,0.0006288164431546596
wikitext,5,refit,2048,1024,5,bootstrap_jackknife,0.03142718224845441,0.0006288164431546635
wikitext,5,fixed,2048,1024,20,bootstrap,0.008289209278294797,8.654207517283231e-05
wikitext,5,refit,2048,1024,20,bootstrap,0.014509793451941292,0.0001492325476002006
wikitext,5,fixed,2048,1024,20,bootstrap_jackknife,0.008704382534759197,0.0001668912269006502
wikitext,5,refit,2048,1024,20,bootstrap_jackknife,0.015229876062332273,0.00028630299214498807
wikitext,5,fixed,2048,2048,1,bootstrap,0.05983733737383424,0.0002072770141378382
wikitext,5,refit,2048,2048,1,bootstrap,0.025915802733571688,9.047991291563774e-05
wikitext,5,fixed,2048,2048,1,bootstrap_jackknife,0.08021364292325019,0.0008885520824994465
wikitext,5,refit,2048,2048,1,bootstrap_jackknife,0.034749200784251234,0.00039464307944487214
wikitext,5,fixed,2048,2048,5,bootstrap,0.02496504425815282,0.00013465791835380025
wikitext,5,refit,2048,2048,5,bootstrap,0.024965044258152828,0.00013465791835382137
wikitext,5,fixed,2048,2048,5,bootstrap_jackknife,0.029512822010992923,0.00041874259788532393
wikitext,5,refit,2048,2048,5,bootstrap_jackknife,0.029512822010992923,0.00041874259788536453
wikitext,5,fixed,2048,2048,20,bootstrap,0.00821762816239849,5.555944823445604e-05
wikitext,5,refit,2048,2048,20,bootstrap,0.014395535492869538,9.660236044289783e-05
wikitext,5,fixed,2048,2048,20,bootstrap_jackknife,0.008897414526358774,0.00013477786799513818
wikitext,5,refit,2048,2048,20,bootstrap_jackknife,0.015573556302056228,0.00023608659957302793
wikitext,5,fixed,2048,4096,1,bootstrap,0.03603978222740512,6.12349103535503e-05
wikitext,5,refit,2048,4096,1,bootstrap,0.015618505601714806,2.5715514826838967e-05
wikitext,5,fixed,2048,4096,1,bootstrap_jackknife,0.052680358282881416,0.0003468508423210774
wikitext,5,refit,2048,4096,1,bootstrap_jackknife,0.022844329328978466,0.00014651535390011692
wikitext,5,fixed,2048,4096,5,bootstrap,0.019214100936611512,0.00010145561654163531
wikitext,5,refit,2048,4096,5,bootstrap,0.019214100936611495,0.00010145561654161457
wikitext,5,fixed,2048,4096,5,bootstrap_jackknife,0.024388025299967548,0.0003584346162822996
wikitext,5,refit,2048,4096,5,bootstrap_jackknife,0.024388025299967475,0.0003584346162822722
wikitext,5,fixed,2048,4096,20,bootstrap,0.007449428877844828,7.09947721861259e-05
wikitext,5,refit,2048,4096,20,bootstrap,0.01306590652518174,0.00012407922708411185
wikitext,5,fixed,2048,4096,20,bootstrap_jackknife,0.008323784885567674,0.0002147568989920959
wikitext,5,refit,2048,4096,20,bootstrap_jackknife,0.014590768670829065,0.0003750724866982667
wikitext,5,fixed,4096,512,1,bootstrap,0.10117898737600654,0.0004388008628888637
wikitext,5,refit,4096,512,1,bootstrap,0.04397794248701244,0.00019407060756453058
wikitext,5,fixed,4096,512,1,bootstrap_jackknife,0.10748090409616008,0.0011050943842536747
wikitext,5,refit,4096,512,1,bootstrap_jackknife,0.04672029789210738,0.000484759440829601
wikitext,5,fixed,4096,512,5,bootstrap,0.031144124876105156,0.00020651912866607186
wikitext,5,refit,4096,512,5,bootstrap,0.031144124876105156,0.00020651912866606956
wikitext,5,fixed,4096,512,5,bootstrap_jackknife,0.03223825625042954,0.00046142506379376184
wikitext,5,refit,4096,512,5,bootstrap_jackknife,0.03223825625042954,0.00046142506379376656
wikitext,5,fixed,4096,512,20,bootstrap,0.008333546024606972,9.331460785271233e-05
wikitext,5,refit,4096,512,20,bootstrap,0.01457818236725848,0.00015649130142259392
wikitext,5,fixed,4096,512,20,bootstrap_jackknife,0.0084409194335589,0.0001888013207184489
wikitext,5,refit,4096,512,20,bootstrap_jackknife,0.014767754253086249,0.00032005849088719875
wikitext,5,fixed,4096,1024,1,bootstrap,0.08975532415935095,0.0001446789866605273
wikitext,5,refit,4096,1024,1,bootstrap,0.03897009899328028,5.258040010310467e-05
wikitext,5,fixed,4096,1024,1,bootstrap_jackknife,0.09931265369871432,0.0003706967506997681
wikitext,5,refit,4096,1024,1,bootstrap_jackknife,0.04311628629637542,0.00014474707241746604
wikitext,5,fixed,4096,1024,5,bootstrap,0.030396734654923655,0.00015867295287911614
wikitext,5,refit,4096,1024,5,bootstrap,0.030396734654923648,0.00015867295287911085
wikitext,5,fixed,4096,1024,5,bootstrap_jackknife,0.0322850587018166,0.0002996049110738128
wikitext,5,refit,4096,1024,5,bootstrap_jackknife,0.03228505870181657,0.0002996049110737962
wikitext,5,fixed,4096,1024,20,bootstrap,0.00856595186716595,5.18985874434967e-05
wikitext,5,refit,4096,1024,20,bootstrap,0.01498040689105911,9.443536344981626e-05
wikitext,5,fixed,4096,1024,20,bootstrap_jackknife,0.00883388836936577,7.331055014575179e-05
wikitext,5,refit,4096,1024,20,bootstrap_jackknife,0.015446144129432987,0.00013783372942558742
wikitext,5,fixed,4096,2048,1,bootstrap,0.07290650908058033,0.00023284738365633343
wikitext,5,refit,4096,2048,1,bootstrap,0.03162655830403375,0.00010171710030780857
wikitext,5,fixed,4096,2048,1,bootstrap_jackknife,0.08713375400463767,0.00025166138805267254
wikitext,5,refit,4096,2048,1,bootstrap_jackknife,0.037793273461228266,0.00010834878725245245
wikitext,5,fixed,4096,2048,5,bootstrap,0.0277217493629289,0.00010274594922873925
wikitext,5,refit,4096,2048,5,bootstrap,0.02772174936292891,0.00010274594922874597
wikitext,5,fixed,4096,2048,5,bootstrap_jackknife,0.030814701699771418,0.00020130381194743722
wikitext,5,refit,4096,2048,5,bootstrap_jackknife,0.03081470169977141,0.00020130381194742567
wikitext,5,fixed,4096,2048,20,bootstrap,0.008614599466990126,3.040354322170713e-05
wikitext,5,refit,4096,2048,20,bootstrap,0.015077956178475493,5.353501728341975e-05
wikitext,5,fixed,4096,2048,20,bootstrap_jackknife,0.009134495513610008,6.492629261909875e-05
wikitext,5,refit,4096,2048,20,bootstrap_jackknife,0.01598665605366738,0.00011245152843266359
wikitext,5,fixed,4096,4096,1,bootstrap,0.051012270557865676,0.0003681477769233859
wikitext,5,refit,4096,4096,1,bootstrap,0.022106981947429428,0.00016578638218204636
wikitext,5,fixed,4096,4096,1,bootstrap_jackknife,0.06595249207045745,0.0007143248964593021
wikitext,5,refit,4096,4096,1,bootstrap_jackknife,0.02857609560959631,0.0003194251388119327
wikitext,5,fixed,4096,4096,5,bootstrap,0.023009541510165862,0.00014391790054712436
wikitext,5,refit,4096,4096,5,bootstrap,0.023009541510165838,0.00014391790054713222
wikitext,5,fixed,4096,4096,5,bootstrap_jackknife,0.026639941415403868,0.0003311909379773849
wikitext,5,refit,4096,4096,5,bootstrap_jackknife,0.026639941415403833,0.0003311909379774106
wikitext,5,fixed,4096,4096,20,bootstrap,0.008176433450479756,3.30861844101575e-05
wikitext,5,refit,4096,4096,20,bootstrap,0.014332815895290195,5.3708360585815494e-05
wikitext,5,fixed,4096,4096,20,bootstrap_jackknife,0.008795094002986989,8.436862161792123e-05
wikitext,5,refit,4096,4096,20,bootstrap_jackknife,0.01541676795931624,0.00014081239740800075
wikitext,5,fixed,8192,512,1,bootstrap,0.10383095828019745,0.00024119032700704263
wikitext,5,refit,8192,512,1,bootstrap,0.0451165812528965,0.00010109701522670805
wikitext,5,fixed,8192,512,1,bootstrap_jackknife,0.10649720159500638,0.0005735697107404337
wikitext,5,refit,8192,512,1,bootstrap_jackknife,0.0462601959668227,0.00023823537802641735
wikitext,5,fixed,8192,512,5,bootstrap,0.031561637322892445,1.9786407642771518e-05
wikitext,5,refit,8192,512,5,bootstrap,0.03156163732289246,1.978640764275761e-05
wikitext,5,fixed,8192,512,5,bootstrap_jackknife,0.032137642666089754,3.3205000374468236e-05
wikitext,5,refit,8192,512,5,bootstrap_jackknife,0.032137642666089754,3.3205000374457706e-05
wikitext,5,fixed,8192,512,20,bootstrap,0.008324856429071447,9.162570302089646e-06
wikitext,5,refit,8192,512,20,bootstrap,0.014565408247452843,1.3918641678572398e-05
wikitext,5,fixed,8192,512,20,bootstrap_jackknife,0.008391104969199243,4.1421994940179617e-05
wikitext,5,refit,8192,512,20,bootstrap_jackknife,0.014683126850337474,6.520802942612881e-05
wikitext,5,fixed,8192,1024,1,bootstrap,0.09501428888566384,0.00040138462436946186
wikitext,5,refit,8192,1024,1,bootstrap,0.041234281433432586,0.0001630364419065387
wikitext,5,fixed,8192,1024,1,bootstrap_jackknife,0.09931717055718947,0.0008007035729583801
wikitext,5,refit,8192,1024,1,bootstrap_jackknife,0.043088605150678895,0.0003192774385792113
wikitext,5,fixed,8192,1024,5,bootstrap,0.031103004598004833,0.00011077978265167175
wikitext,5,refit,8192,1024,5,bootstrap,0.03110300459800483,0.00011077978265165298
wikitext,5,fixed,8192,1024,5,bootstrap_jackknife,0.03174043170167595,0.00019597742657145146
wikitext,5,refit,8192,1024,5,bootstrap_jackknife,0.03174043170167593,0.00019597742657141595
wikitext,5,fixed,8192,1024,20,bootstrap,0.00857790447274596,1.7233069056978908e-05
wikitext,5,refit,8192,1024,20,bootstrap,0.014998781025051311,2.9708755667847884e-05
wikitext,5,fixed,8192,1024,20,bootstrap_jackknife,0.00863406556606466,2.3777431936721185e-05
wikitext,5,refit,8192,1024,20,bootstrap_jackknife,0.015090302634696897,4.468606443371429e-05
wikitext,5,fixed,8192,2048,1,bootstrap,0.08141163197186652,0.0003202332361984964
wikitext,5,refit,8192,2048,1,bootstrap,0.03527694985234093,0.00014282593620803646
wikitext,5,fixed,8192,2048,1,bootstrap_jackknife,0.08948993132808247,0.0004725395919571617
wikitext,5,refit,8192,2048,1,bootstrap_jackknife,0.03877368023572169,0.000210536369157787
wikitext,5,fixed,8192,2048,5,bootstrap,0.02926125212870313,6.409129579321708e-05
wikitext,5,refit,8192,2048,5,bootstrap,0.029261252128703136,6.409129579321316e-05
wikitext,5,fixed,8192,2048,5,bootstrap_jackknife,0.030745413942510402,6.640031517264425e-05
wikitext,5,refit,8192,2048,5,bootstrap_jackknife,0.03074541394251042,6.640031517262582e-05
wikitext,5,fixed,8192,2048,20,bootstrap,0.008764438603555918,2.6633916313971844e-05
wikitext,5,refit,8192,2048,20,bootstrap,0.015337532428728365,4.4067473710924365e-05
wikitext,5,fixed,8192,2048,20,bootstrap_jackknife,0.008941546701472479,2.766367988065113e-05
wikitext,5,refit,8192,2048,20,bootstrap_jackknife,0.01564642933000504,4.735096599782114e-05
wikitext,5,fixed,8192,4096,1,bootstrap,0.06242398862342149,0.00010118162646049603
wikitext,5,refit,8192,4096,1,bootstrap,0.027025258965604305,4.622950142265794e-05
wikitext,5,fixed,8192,4096,1,bootstrap_jackknife,0.07310203962526683,0.0001318453968913819
wikitext,5,refit,8192,4096,1,bootstrap_jackknife,0.03164136604498688,6.238327355324522e-05
wikitext,5,fixed,8192,4096,5,bootstrap,0.025483970713063225,3.4020282179210895e-05
wikitext,5,refit,8192,4096,5,bootstrap,0.025483970713063228,3.402028217919757e-05
wikitext,5,fixed,8192,4096,5,bootstrap_jackknife,0.027838554173877827,3.160905217092692e-05
wikitext,5,refit,8192,4096,5,bootstrap_jackknife,0.027838554173877827,3.16090521709016e-05
wikitext,5,fixed,8192,4096,20,bootstrap,0.008521121670871136,1.2673194730906663e-05
wikitext,5,refit,8192,4096,20,bootstrap,0.014924945607079456,2.1137750675727187e-05
wikitext,5,fixed,8192,4096,20,bootstrap_jackknife,0.008912885460643935,1.3290988499637838e-05
wikitext,5,refit,8192,4096,20,bootstrap_jackknife,0.015607262455187086,2.521251399608222e-05
cnn_dailymail,0,fixed,1024,512,1,bootstrap,0.07533639573557625,0.00029680850453984206
cnn_dailymail,0,refit,1024,512,1,bootstrap,0.030387570389463603,0.00012300166745760074
cnn_dailymail,0,fixed,1024,512,1,bootstrap_jackknife,0.09063813150865384,0.0007456718054519515
cnn_dailymail,0,refit,1024,512,1,bootstrap_jackknife,0.03657384039605994,0.00030315096750139256
cnn_dailymail,0,fixed,1024,512,5,bootstrap,0.02507011445934278,0.00016281696652056655
cnn_dailymail,0,refit,1024,512,5,bootstrap,0.02507011445934278,0.00016281696652056655
cnn_dailymail,0,fixed,1024,512,5,bootstrap_jackknife,0.027265302213379135,0.00033147050911947373
cnn_dailymail,0,refit,1024,512,5,bootstrap_jackknife,0.027265302213379135,0.00033147050911947373
cnn_dailymail,0,fixed,1024,512,20,bootstrap,0.007086283793818224,4.10564040215878e-05
cnn_dailymail,0,refit,1024,512,20,bootstrap,0.014965297937750513,8.81709764388442e-05
cnn_dailymail,0,fixed,1024,512,20,bootstrap_jackknife,0.007193809746566609,7.834445183072813e-05
cnn_dailymail,0,refit,1024,512,20,bootstrap_jackknife,0.015195075339081572,0.00016903827578119813
cnn_dailymail,0,fixed,1024,1024,1,bootstrap,0.057215095672120415,0.0005911877538376501
cnn_dailymail,0,refit,1024,1024,1,bootstrap,0.023085620467835022,0.00022971130518193185
cnn_dailymail,0,fixed,1024,1024,1,bootstrap_jackknife,0.0776488304947643,0.0011342874171488286
cnn_dailymail,0,refit,1024,1024,1,bootstrap_jackknife,0.03134681667566669,0.0004409084662015799
cnn_dailymail,0,fixed,1024,1024,5,bootstrap,0.022903806985953467,0.0002681990823417168
cnn_dailymail,0,refit,1024,1024,5,bootstrap,0.022903806985953467,0.0002681990823417168
cnn_dailymail,0,fixed,1024,1024,5,bootstrap_jackknife,0.02736382104259147,0.0005411633774638823
cnn_dailymail,0,refit,1024,1024,5,bootstrap_jackknife,0.02736382104259147,0.0005411633774638823
cnn_dailymail,0,fixed,1024,1024,20,bootstrap,0.007125190004252667,8.303821957893728e-05
cnn_dailymail,0,refit,1024,1024,20,bootstrap,0.015056682267439775,0.00017923980939615834
cnn_dailymail,0,fixed,1024,1024,20,bootstrap_jackknife,0.007721691647728217,0.00017004532323640212
cnn_dailymail,0,refit,1024,1024,20,bootstrap_jackknife,0.016314555804001308,0.00036251745182903233
cnn_dailymail,0,fixed,1024,2048,1,bootstrap,0.03545268998837426,0.0005229823042328685
cnn_dailymail,0,refit,1024,2048,1,bootstrap,0.014317008810018579,0.00020958869996110302
cnn_dailymail,0,fixed,1024,2048,1,bootstrap_jackknife,0.052928953676003206,0.0013457960859517835
cnn_dailymail,0,refit,1024,2048,1,bootstrap_jackknife,0.021389770555790864,0.0005417821882697874
cnn_dailymail,0,fixed,1024,2048,5,bootstrap,0.01835421994397013,0.00021517959030991683
cnn_dailymail,0,refit,1024,2048,5,bootstrap,0.01835421994397013,0.00021517959030991683
cnn_dailymail,0,fixed,1024,2048,5,bootstrap_jackknife,0.023948337178650473,0.0005829816869658692
cnn_dailymail,0,refit,1024,2048,5,bootstrap_jackknife,0.023948337178650473,0.0005829816869658692
cnn_dailymail,0,fixed,1024,2048,20,bootstrap,0.006712467283974514,7.320073865600364e-05
cnn_dailymail,0,refit,1024,2048,20,bootstrap,0.01418335933848279,0.00015305758461321687
cnn_dailymail,0,fixed,1024,2048,20,bootstrap_jackknife,0.007721751243470745,0.0002025519176501473
cnn_dailymail,0,refit,1024,2048,20,bootstrap_jackknife,0.016309884585718946,0.00041981586691701444
cnn_dailymail,0,fixed,1024,4096,1,bootstrap,0.016786224524662868,0.00010340605076577573
cnn_dailymail,0,refit,1024,4096,1,bootstrap,0.006780679459862628,4.328903118634109e-05
cnn_dailymail,0,fixed,1024,4096,1,bootstrap_jackknife,0.02529129104380248,0.0004068815675650472
cnn_dailymail,0,refit,1024,4096,1,bootstrap_jackknife,0.010226265887218033,0.000168656551368656
cnn_dailymail,0,fixed,1024,4096,5,bootstrap,0.012164981616770022,4.3976594740613603e-05
cnn_dailymail,0,refit,1024,4096,5,bootstrap,0.012164981616770022,4.3976594740613603e-05
cnn_dailymail,0,fixed,1024,4096,5,bootstrap_jackknife,0.01677860554603877,0.0002492900874675662
cnn_dailymail,0,refit,1024,4096,5,bootstrap_jackknife,0.01677860554603877,0.0002492900874675662
cnn_dailymail,0,fixed,1024,4096,20,bootstrap,0.005678962312918939,1.3837298933788925e-05
cnn_dailymail,0,refit,1024,4096,20,bootstrap,0.011997332074456453,2.7742873415771903e-05
cnn_dailymail,0,fixed,1024,4096,20,bootstrap_jackknife,0.006729026638542219,0.00010887579666373242
cnn_dailymail,0,refit,1024,4096,20,bootstrap_jackknife,0.014205872778060553,0.00022577283308247386
cnn_dailymail,0,fixed,2048,512,1,bootstrap,0.08523176861572557,0.0003560486989204935
cnn_dailymail,0,refit,2048,512,1,bootstrap,0.03436952554117631,0.0001461666070102788
cnn_dailymail,0,fixed,2048,512,1,bootstrap_jackknife,0.09464776498292711,0.0009716875347881574
cnn_dailymail,0,refit,2048,512,1,bootstrap_jackknife,0.038175603307267304,0.0004002503601499755
cnn_dailymail,0,fixed,2048,512,5,bootstrap,0.0270151728382169,0.00011338205427258443
cnn_dailymail,0,refit,2048,512,5,bootstrap,0.0270151728382169,0.00011338205427258443
cnn_dailymail,0,fixed,2048,512,5,bootstrap_jackknife,0.028419394876564072,0.00030246386735255696
cnn_dailymail,0,refit,2048,512,5,bootstrap_jackknife,0.028419394876564072,0.00030246386735255696
cnn_dailymail,0,fixed,2048,512,20,bootstrap,0.007350929788436232,2.9187571178052965e-05
cnn_dailymail,0,refit,2048,512,20,bootstrap,0.015529300095022678,6.188383775057214e-05
cnn_dailymail,0,fixed,2048,512,20,bootstrap_jackknife,0.007430453284875062,8.998266402425452e-05
cnn_dailymail,0,refit,2048,512,20,bootstrap_jackknife,0.01569808035651373,0.0001849909042635049
cnn_dailymail,0,fixed,2048,1024,1,bootstrap,0.06990022589037433,0.0003334758055288708
cnn_dailymail,0,refit,2048,1024,1,bootstrap,0.028209244672926403,0.00013464304564663533
cnn_dailymail,0,fixed,2048,1024,1,bootstrap_jackknife,0.08322233437550236,0.0004485394737099335
cnn_dailymail,0,refit,2048,1024,1,bootstrap_jackknife,0.0335925670320811,0.00018299774515786988
cnn_dailymail,0,fixed,2048,1024,5,bootstrap,0.025230388675214297,0.00022349820546839044
cnn_dailymail,0,refit,2048,1024,5,bootstrap,0.025230388675214297,0.00022349820546839044
cnn_dailymail,0,fixed,2048,1024,5,bootstrap_jackknife,0.027702499337651273,0.00032639831800282117
cnn_dailymail,0,refit,2048,1024,5,bootstrap_jackknife,0.027702499337651273,0.00032639831800282117
cnn_dailymail,0,fixed,2048,1024,20,bootstrap,0.007406419458488772,9.172238753246582e-05
cnn_dailymail,0,refit,2048,1024,20,bootstrap,0.015652800220436597,0.0001913410740852088
cnn_dailymail,0,fixed,2048,1024,20,bootstrap_jackknife,0.007719830029951126,0.0001434526512749951
cnn_dailymail,0,refit,2048,1024,20,bootstrap_jackknife,0.016311027245137364,0.0002968299992663765
cnn_dailymail,0,fixed,2048,2048,1,bootstrap,0.05053479935892783,0.0005269852748733793
cnn_dailymail,0,refit,2048,2048,1,bootstrap,0.020390611252547194,0.00021843219185621203
cnn_dailymail,0,fixed,2048,2048,1,bootstrap_jackknife,0.06605428715861168,0.0011083679163003345
cnn_dailymail,0,refit,2048,2048,1,bootstrap_jackknife,0.02665686394619438,0.0004575547363547829
cnn_dailymail,0,fixed,2048,2048,5,bootstrap,0.02180177402337495,0.00021516955893509672
cnn_dailymail,0,refit,2048,2048,5,bootstrap,0.02180177402337495,0.00021516955893509672
cnn_dailymail,0,fixed,2048,2048,5,bootstrap_jackknife,0.025375200083813883,0.00044141478979996837
cnn_dailymail,0,refit,2048,2048,5,bootstrap_jackknife,0.025375200083813883,0.00044141478979996837
cnn_dailymail,0,fixed,2048,2048,20,bootstrap,0.007250690035894449,6.140535320251719e-05
cnn_dailymail,0,refit,2048,2048,20,bootstrap,0.0153252547957461,0.00012555523117961558
cnn_dailymail,0,fixed,2048,2048,20,bootstrap_jackknife,0.007794269436480179,0.0001296408566940288
cnn_dailymail,0,refit,2048,2048,20,bootstrap_jackknife,0.016470349195173147,0.0002669013806734415
cnn_dailymail,0,fixed,2048,4096,1,bootstrap,0.030388226900164364,0.00022706729884294742
cnn_dailymail,0,refit,2048,4096,1,bootstrap,0.012265703330374925,9.541044535217239e-05
cnn_dailymail,0,fixed,2048,4096,1,bootstrap_jackknife,0.043667202704159934,0.0007130726226578999
cnn_dailymail,0,refit,2048,4096,1,bootstrap_jackknife,0.01763682457843864,0.00029662079697988285
cnn_dailymail,0,fixed,2048,4096,5,bootstrap,0.016767894095595034,0.00014236266624177672
cnn_dailymail,0,refit,2048,4096,5,bootstrap,0.016767894095595034,0.00014236266624177672
cnn_dailymail,0,fixed,2048,4096,5,bootstrap_jackknife,0.021107424919941376,0.00042684362384992267
cnn_dailymail,0,refit,2048,4096,5,bootstrap_jackknife,0.021107424919941376,0.00042684362384992267
cnn_dailymail,0,fixed,2048,4096,20,bootstrap,0.006648175605068213,6.781001578550859e-05
cnn_dailymail,0,refit,2048,4096,20,bootstrap,0.014039505529398116,0.00014054442388641128
cnn_dailymail,0,fixed,2048,4096,20,bootstrap_jackknife,0.00745256455302308,0.00018770605979814215
cnn_dailymail,0,refit,2048,4096,20,bootstrap_jackknife,0.015722553904879033,0.0003913737969041589
cnn_dailymail,0,fixed,4096,512,1,bootstrap,0.09105683734527013,0.00029941478269404105
cnn_dailymail,0,refit,4096,512,1,bootstrap,0.03675060766649537,0.00012542830597560162
cnn_dailymail,0,fixed,4096,512,1,bootstrap_jackknife,0.09656324094764922,0.0007253970072538384
cnn_dailymail,0,refit,4096,512,1,bootstrap_jackknife,0.03897958499632414,0.0003048557879950242
cnn_dailymail,0,fixed,4096,512,5,bootstrap,0.027876313986530357,9.87606969610465e-05
cnn_dailymail,0,refit,4096,512,5,bootstrap,0.027876313986530357,9.87606969610465e-05
cnn_dailymail,0,fixed,4096,512,5,bootstrap_jackknife,0.028722922532117917,0.00027901884785139377
cnn_dailymail,0,refit,4096,512,5,bootstrap_jackknife,0.028722922532117917,0.00027901884785139377
cnn_dailymail,0,fixed,4096,512,20,bootstrap,0.007460347438136451,1.6609911306648507e-05
cnn_dailymail,0,refit,4096,512,20,bootstrap,0.01575462388610476,3.288408567480258e-05
cnn_dailymail,0,fixed,4096,512,20,bootstrap_jackknife,0.007543331533744336,7.75989143872336e-05
cnn_dailymail,0,refit,4096,512,20,bootstrap_jackknife,0.015924882591998358,0.00015547388831689286
cnn_dailymail,0,fixed,4096,1024,1,bootstrap,0.07846868457492175,0.0002066974064568949
cnn_dailymail,0,refit,4096,1024,1,bootstrap,0.03171866968983509,8.588109127650007e-05
cnn_dailymail,0,fixed,4096,1024,1,bootstrap_jackknife,0.0858036703260403,0.0005349177718610463
cnn_dailymail,0,refit,4096,1024,1,bootstrap_jackknife,0.03468916791762535,0.0002216566572484454
cnn_dailymail,0,fixed,4096,1024,5,bootstrap,0.026957091350677014,6.172391605169695e-05
cnn_dailymail,0,refit,4096,1024,5,bootstrap,0.026957091350677014,6.172391605169695e-05
cnn_dailymail,0,fixed,4096,1024,5,bootstrap_jackknife,0.028294145655538654,0.00018289761952729173
cnn_dailymail,0,refit,4096,1024,5,bootstrap_jackknife,0.028294145655538654,0.00018289761952729173
cnn_dailymail,0,fixed,4096,1024,20,bootstrap,0.00760617488492782,3.2910758946102444e-05
cnn_dailymail,0,refit,4096,1024,20,bootstrap,0.016064843896680687,7.248481200838006e-05
cnn_dailymail,0,fixed,4096,1024,20,bootstrap_jackknife,0.007771708855102553,7.951400770726921e-05
cnn_dailymail,0,refit,4096,1024,20,bootstrap_jackknife,0.01640831043662207,0.00017462601558020655
cnn_dailymail,0,fixed,4096,2048,1,bootstrap,0.06007566853754779,0.0001047518144480605
cnn_dailymail,0,refit,4096,2048,1,bootstrap,0.0242768856235909,4.457674497692422e-05
cnn_dailymail,0,fixed,4096,2048,1,bootstrap_jackknife,0.0699196991532963,0.00018970703625973868
cnn_dailymail,0,refit,4096,2048,1,bootstrap_jackknife,0.028251144670634953,8.346345222999503e-05
cnn_dailymail,0,fixed,4096,2048,5,bootstrap,0.023923833713214188,9.318943829882034e-05
cnn_dailymail,0,refit,4096,2048,5,bootstrap,0.023923833713214188,9.318943829882034e-05
cnn_dailymail,0,fixed,4096,2048,5,bootstrap_jackknife,0.025990389479011226,0.00014836032859967093
cnn_dailymail,0,refit,4096,2048,5,bootstrap_jackknife,0.025990389479011226,0.00014836032859967093
cnn_dailymail,0,fixed,4096,2048,20,bootstrap,0.007515301930691734,4.496399510481147e-05
cnn_dailymail,0,refit,4096,2048,20,bootstrap,0.015863718919255785,9.803882642388228e-05
cnn_dailymail,0,fixed,4096,2048,20,bootstrap_jackknife,0.007798192320840003,6.692770473822452e-05
cnn_dailymail,0,refit,4096,2048,20,bootstrap_jackknife,0.016452086179191132,0.0001490932984970846
cnn_dailymail,0,fixed,4096,4096,1,bootstrap,0.04115736745493823,0.00018920037649663095
cnn_dailymail,0,refit,4096,4096,1,bootstrap,0.016629476047645118,7.51274189898992e-05
cnn_dailymail,0,fixed,4096,4096,1,bootstrap_jackknife,0.052247294070630536,0.0004300699232961824
cnn_dailymail,0,refit,4096,4096,1,bootstrap_jackknife,0.021111956695176886,0.00016872826271101642
cnn_dailymail,0,fixed,4096,4096,5,bootstrap,0.019541099526337313,9.2908869469697e-05
cnn_dailymail,0,refit,4096,4096,5,bootstrap,0.019541099526337313,9.2908869469697e-05
cnn_dailymail,0,fixed,4096,4096,5,bootstrap_jackknife,0.022299541412576923,0.0002321494532597756
cnn_dailymail,0,refit,4096,4096,5,bootstrap_jackknife,0.022299541412576923,0.0002321494532597756
cnn_dailymail,0,fixed,4096,4096,20,bootstrap,0.007116774851073446,3.90818498473263e-05
cnn_dailymail,0,refit,4096,4096,20,bootstrap,0.015014748338437587,8.032529027288647e-05
cnn_dailymail,0,fixed,4096,4096,20,bootstrap_jackknife,0.0075728654074266495,0.00010403181981343858
cnn_dailymail,0,refit,4096,4096,20,bootstrap_jackknife,0.015972138886972888,0.00021387018904719317
cnn_dailymail,0,fixed,8192,512,1,bootstrap,0.09264691599735853,6.106884405110339e-05
cnn_dailymail,0,refit,8192,512,1,bootstrap,0.03739593554565097,3.747278676772965e-05
cnn_dailymail,0,fixed,8192,512,1,bootstrap_jackknife,0.09549177060820084,0.00014542434144345753
cnn_dailymail,0,refit,8192,512,1,bootstrap_jackknife,0.0385502265234298,7.755798857181033e-05
cnn_dailymail,0,fixed,8192,512,5,bootstrap,0.028109249464318097,6.066422441986065e-05
cnn_dailymail,0,refit,8192,512,5,bootstrap,0.028109249464318097,6.066422441986065e-05
cnn_dailymail,0,fixed,8192,512,5,bootstrap_jackknife,0.028608684961020186,0.00013646577396582088
cnn_dailymail,0,refit,8192,512,5,bootstrap_jackknife,0.028608684961020186,0.00013646577396582088
cnn_dailymail,0,fixed,8192,512,20,bootstrap,0.007465465892336663,1.0676243338980213e-05
cnn_dailymail,0,refit,8192,512,20,bootstrap,0.015773346649244898,2.063836989634939e-05
cnn_dailymail,0,fixed,8192,512,20,bootstrap_jackknife,0.007520381567643633,1.7931383629366357e-05
cnn_dailymail,0,refit,8192,512,20,bootstrap_jackknife,0.015893955065340432,3.312851807068124e-05
cnn_dailymail,0,fixed,8192,1024,1,bootstrap,0.08168179460714382,3.3960776761785095e-05
cnn_dailymail,0,refit,8192,1024,1,bootstrap,0.033012947345533956,1.3818876507189617e-05
cnn_dailymail,0,fixed,8192,1024,1,bootstrap_jackknife,0.08542962983322022,2.8048505513670173e-05
cnn_dailymail,0,refit,8192,1024,1,bootstrap_jackknife,0.03452861248884341,9.948111268223697e-06
cnn_dailymail,0,fixed,8192,1024,5,bootstrap,0.027398494083963776,9.07630274503569e-05
cnn_dailymail,0,refit,8192,1024,5,bootstrap,0.027398494083963776,9.07630274503569e-05
cnn_dailymail,0,fixed,8192,1024,5,bootstrap_jackknife,0.028121579248908343,0.0002406972578751116
cnn_dailymail,0,refit,8192,1024,5,bootstrap_jackknife,0.028121579248908343,0.0002406972578751116
cnn_dailymail,0,fixed,8192,1024,20,bootstrap,0.00765835801632667,4.074225870738911e-05
cnn_dailymail,0,refit,8192,1024,20,bootstrap,0.016179028396536285,8.835157209648242e-05
cnn_dailymail,0,fixed,8192,1024,20,bootstrap_jackknife,0.007754584911455617,0.00010763825465090379
cnn_dailymail,0,refit,8192,1024,20,bootstrap_jackknife,0.016385505391969337,0.00023327905010249022
cnn_dailymail,0,fixed,8192,2048,1,bootstrap,0.06647525355760868,5.8524411731173546e-05
cnn_dailymail,0,refit,8192,2048,1,bootstrap,0.02687970365888227,2.3742155205294493e-05
cnn_dailymail,0,fixed,8192,2048,1,bootstrap_jackknife,0.07233922697543642,0.0002558294427701782
cnn_dailymail,0,refit,8192,2048,1,bootstrap_jackknife,0.029263988475377506,9.744877242603372e-05
cnn_dailymail,0,fixed,8192,2048,5,bootstrap,0.025065790939594806,1.8271935963744722e-05
cnn_dailymail,0,refit,8192,2048,5,bootstrap,0.025065790939594806,1.8271935963744722e-05
cnn_dailymail,0,fixed,8192,2048,5,bootstrap_jackknife,0.026235136643584022,6.555596015749185e-05
cnn_dailymail,0,refit,8192,2048,5,bootstrap_jackknife,0.026235136643584022,6.555596015749185e-05
cnn_dailymail,0,fixed,8192,2048,20,bootstrap,0.00766528004518428,1.266824777009767e-05
cnn_dailymail,0,refit,8192,2048,20,bootstrap,0.016180840764839704,2.3382977246947357e-05
cnn_dailymail,0,fixed,8192,2048,20,bootstrap_jackknife,0.007822028855609687,2.491250418947647e-05
cnn_dailymail,0,refit,8192,2048,20,bootstrap_jackknife,0.01650665448952768,4.6208207655451396e-05
cnn_dailymail,0,fixed,8192,4096,1,bootstrap,0.04875542628911463,0.0001915620356648934
cnn_dailymail,0,refit,8192,4096,1,bootstrap,0.019695795904177492,7.73339866615326e-05
cnn_dailymail,0,fixed,8192,4096,1,bootstrap_jackknife,0.055585679189180726,0.0004953806425252031
cnn_dailymail,0,refit,8192,4096,1,bootstrap_jackknife,0.022454037550569697,0.00019873852609054085
cnn_dailymail,0,fixed,8192,4096,5,bootstrap,0.021086615555543305,3.96839776539949e-05
cnn_dailymail,0,refit,8192,4096,5,bootstrap,0.021086615555543305,3.96839776539949e-05
cnn_dailymail,0,fixed,8192,4096,5,bootstrap_jackknife,0.022505895758319783,0.00013704771910742072
cnn_dailymail,0,refit,8192,4096,5,bootstrap_jackknife,0.022505895758319783,0.00013704771910742072
cnn_dailymail,0,fixed,8192,4096,20,bootstrap,0.00731492883742476,6.075833129510216e-06
cnn_dailymail,0,refit,8192,4096,20,bootstrap,0.015429461811389376,1.1443155924165385e-05
cnn_dailymail,0,fixed,8192,4096,20,bootstrap_jackknife,0.0075090923002415315,1.661802157889255e-05
cnn_dailymail,0,refit,8192,4096,20,bootstrap_jackknife,0.01583653352179707,3.1997153638055205e-05
cnn_dailymail,1,fixed,1024,512,1,bootstrap,0.07530947619294276,0.0007576734586374756
cnn_dailymail,1,refit,1024,512,1,bootstrap,0.0303539780584214,0.00030821326501736054
cnn_dailymail,1,fixed,1024,512,1,bootstrap_jackknife,0.0908237893098253,0.0015982533547686814
cnn_dailymail,1,refit,1024,512,1,bootstrap_jackknife,0.03660599579535736,0.0006460791931611369
cnn_dailymail,1,fixed,1024,512,5,bootstrap,0.02530874037463174,0.0003289308178013704
cnn_dailymail,1,refit,1024,512,5,bootstrap,0.02530874037463174,0.0003289308178013704
cnn_dailymail,1,fixed,1024,512,5,bootstrap_jackknife,0.027901948254835024,0.0006746362282246504
cnn_dailymail,1,refit,1024,512,5,bootstrap_jackknife,0.027901948254835024,0.0006746362282246504
cnn_dailymail,1,fixed,1024,512,20,bootstrap,0.007212287670411187,0.00011365466041398266
cnn_dailymail,1,refit,1024,512,20,bootstrap,0.015229636636249641,0.0002403503565615241
cnn_dailymail,1,fixed,1024,512,20,bootstrap_jackknife,0.00747772931111261,0.00023213874959266702
cnn_dailymail,1,refit,1024,512,20,bootstrap_jackknife,0.015792727708748167,0.0004891964498438727
cnn_dailymail,1,fixed,1024,1024,1,bootstrap,0.056990731628152186,0.00042361387024687097
cnn_dailymail,1,refit,1024,1024,1,bootstrap,0.022979171150454513,0.00017557296569195344
cnn_dailymail,1,fixed,1024,1024,1,bootstrap_jackknife,0.07676711390965958,0.000744873869781959
cnn_dailymail,1,refit,1024,1024,1,bootstrap_jackknife,0.030962668796937192,0.0003115744935272788
cnn_dailymail,1,fixed,1024,1024,5,bootstrap,0.022721015441648087,0.0001797356470887007
cnn_dailymail,1,refit,1024,1024,5,bootstrap,0.022721015441648087,0.0001797356470887007
cnn_dailymail,1,fixed,1024,1024,5,bootstrap_jackknife,0.026884372743334384,0.0003033684931515358
cnn_dailymail,1,refit,1024,1024,5,bootstrap_jackknife,0.026884372743334384,0.0003033684931515358
cnn_dailymail,1,fixed,1024,1024,20,bootstrap,0.007061119885858696,4.5876368765257784e-05
cnn_dailymail,1,refit,1024,1024,20,bootstrap,0.014916503274847238,9.589004354255557e-05
cnn_dailymail,1,fixed,1024,1024,20,bootstrap_jackknife,0.007560760270010206,8.457826538872346e-05
cnn_dailymail,1,refit,1024,1024,20,bootstrap_jackknife,0.015965508916426698,0.00017753255082083978
cnn_dailymail,1,fixed,1024,2048,1,bootstrap,0.035137914970323154,0.00020553333175553148
cnn_dailymail,1,refit,1024,2048,1,bootstrap,0.014163557105987818,8.009833242938391e-05
cnn_dailymail,1,fixed,1024,2048,1,bootstrap_jackknife,0.05183747232641076,0.0002973358088475688
cnn_dailymail,1,refit,1024,2048,1,bootstrap_jackknife,0.020903988266257906,0.00011764424650098439
cnn_dailymail,1,fixed,1024,2048,5,bootstrap,0.01822503320377163,0.00012604778076069168
cnn_dailymail,1,refit,1024,2048,5,bootstrap,0.01822503320377163,0.00012604778076069168
cnn_dailymail,1,fixed,1024,2048,5,bootstrap_jackknife,0.02341296703879875,0.0002185181115475424
cnn_dailymail,1,refit,1024,2048,5,bootstrap_jackknife,0.02341296703879875,0.0002185181115475424
cnn_dailymail,1,fixed,1024,2048,20,bootstrap,0.00665097247532271,3.476309202667916e-05
cnn_dailymail,1,refit,1024,2048,20,bootstrap,0.014058489345787184,7.417856295541951e-05
cnn_dailymail,1,fixed,1024,2048,20,bootstrap_jackknife,0.0074907050804588655,7.798920451259172e-05
cnn_dailymail,1,refit,1024,2048,20,bootstrap_jackknife,0.01583144057671244,0.00016151576250390882
cnn_dailymail,1,fixed,1024,4096,1,bootstrap,0.017700058413459323,6.54002231502383e-05
cnn_dailymail,1,refit,1024,4096,1,bootstrap,0.007129177220219068,2.6726072744996246e-05
cnn_dailymail,1,fixed,1024,4096,1,bootstrap_jackknife,0.027166017567200385,0.0001724679586588911
cnn_dailymail,1,refit,1024,4096,1,bootstrap_jackknife,0.010946288507855548,6.95172231431497e-05
cnn_dailymail,1,fixed,1024,4096,5,bootstrap,0.012626289991165024,4.381355717274831e-05
cnn_dailymail,1,refit,1024,4096,5,bootstrap,0.012626289991165024,4.381355717274831e-05
cnn_dailymail,1,fixed,1024,4096,5,bootstrap_jackknife,0.017803612658490533,0.00015689923085347623
cnn_dailymail,1,refit,1024,4096,5,bootstrap_jackknife,0.017803612658490533,0.00015689923085347623
cnn_dailymail,1,fixed,1024,4096,20,bootstrap,0.005866307525805005,2.087981024253002e-05
cnn_dailymail,1,refit,1024,4096,20,bootstrap,0.01239852905338317,4.429308083901196e-05
cnn_dailymail,1,fixed,1024,4096,20,bootstrap_jackknife,0.007199713999137661,7.087405057744837e-05
cnn_dailymail,1,refit,1024,4096,20,bootstrap_jackknife,0.015212011935987665,0.0001533841518384076
cnn_dailymail,1,fixed,2048,512,1,bootstrap,0.08337855219341307,0.0002066699206597215
cnn_dailymail,1,refit,2048,512,1,bootstrap,0.03360211977140307,8.688874003122831e-05
cnn_dailymail,1,fixed,2048,512,1,bootstrap_jackknife,0.09230200179418861,0.0006282249906374517
cnn_dailymail,1,refit,2048,512,1,bootstrap_jackknife,0.03720716726084309,0.00026254997125991353
cnn_dailymail,1,fixed,2048,512,5,bootstrap,0.0264560985655739,4.322673318790207e-05
cnn_dailymail,1,refit,2048,512,5,bootstrap,0.0264560985655739,4.322673318790207e-05
cnn_dailymail,1,fixed,2048,512,5,bootstrap_jackknife,0.027876924675591344,0.0001969187246939464
cnn_dailymail,1,refit,2048,512,5,bootstrap_jackknife,0.027876924675591344,0.0001969187246939464
cnn_dailymail,1,fixed,2048,512,20,bootstrap,0.007289958912523084,9.75001557227052e-06
cnn_dailymail,1,refit,2048,512,20,bootstrap,0.015397379539950429,1.7789117895535252e-05
cnn_dailymail,1,fixed,2048,512,20,bootstrap_jackknife,0.007430338149726263,5.652782372755324e-05
cnn_dailymail,1,refit,2048,512,20,bootstrap_jackknife,0.0156937044312241,0.00012270997343267253
cnn_dailymail,1,fixed,2048,1024,1,bootstrap,0.06947374048190458,0.00018513412964186313
cnn_dailymail,1,refit,2048,1024,1,bootstrap,0.02805239462077742,8.209683454645016e-05
cnn_dailymail,1,fixed,2048,1024,1,bootstrap_jackknife,0.08307225337714623,0.0005238434597605847
cnn_dailymail,1,refit,2048,1024,1,bootstrap_jackknife,0.033574735484645755,0.0002231029600003796
cnn_dailymail,1,fixed,2048,1024,5,bootstrap,0.02493250362532178,8.999812682496026e-05
cnn_dailymail,1,refit,2048,1024,5,bootstrap,0.02493250362532178,8.999812682496026e-05
cnn_dailymail,1,fixed,2048,1024,5,bootstrap_jackknife,0.027411817613263487,0.00013934949794310064
cnn_dailymail,1,refit,2048,1024,5,bootstrap_jackknife,0.027411817613263487,0.00013934949794310064
cnn_dailymail,1,fixed,2048,1024,20,bootstrap,0.007335804068684254,1.5154286770611299e-05
cnn_dailymail,1,refit,2048,1024,20,bootstrap,0.015502040674127809,2.6167568615208746e-05
cnn_dailymail,1,fixed,2048,1024,20,bootstrap_jackknife,0.007610837156822973,1.6604123345579595e-05
cnn_dailymail,1,refit,2048,1024,20,bootstrap_jackknife,0.016078899560189167,3.134603388502603e-05
cnn_dailymail,1,fixed,2048,2048,1,bootstrap,0.050456923419048276,0.00027787656876794646
cnn_dailymail,1,refit,2048,2048,1,bootstrap,0.020383622865765547,0.00011133996007375331
cnn_dailymail,1,fixed,2048,2048,1,bootstrap_jackknife,0.06621424969125618,0.0006568504922691138
cnn_dailymail,1,refit,2048,2048,1,bootstrap_jackknife,0.02677318347680759,0.0002691987732323665
cnn_dailymail,1,fixed,2048,2048,5,bootstrap,0.021597433640642816,0.00014488684889589178
cnn_dailymail,1,refit,2048,2048,5,bootstrap,0.021597433640642816,0.00014488684889589178
cnn_dailymail,1,fixed,2048,2048,5,bootstrap_jackknife,0.025035703863314666,0.0003768092681341337
cnn_dailymail,1,refit,2048,2048,5,bootstrap_jackknife,0.025035703863314666,0.0003768092681341337
cnn_dailymail,1,fixed,2048,2048,20,bootstrap,0.007177144486709586,5.4467741661050376e-05
cnn_dailymail,1,refit,2048,2048,20,bootstrap,0.015170758063373958,0.00011600060926981022
cnn_dailymail,1,fixed,2048,2048,20,bootstrap_jackknife,0.007642293640096929,0.0001406375557269994
cnn_dailymail,1,refit,2048,2048,20,bootstrap_jackknife,0.016148162587157847,0.0002961034890732164
cnn_dailymail,1,fixed,2048,4096,1,bootstrap,0.030226601932764847,0.00018269245549537328
cnn_dailymail,1,refit,2048,4096,1,bootstrap,0.012207842645180178,7.071862273751617e-05
cnn_dailymail,1,fixed,2048,4096,1,bootstrap_jackknife,0.04345128882510143,0.00018366610205757815
cnn_dailymail,1,refit,2048,4096,1,bootstrap_jackknife,0.01756202643835655,6.634680827559585e-05
cnn_dailymail,1,fixed,2048,4096,5,bootstrap,0.016501927957312774,0.00015074430039012666
cnn_dailymail,1,refit,2048,4096,5,bootstrap,0.016501927957312774,0.00015074430039012666
cnn_dailymail,1,fixed,2048,4096,5,bootstrap_jackknife,0.020610107929950786,0.00018271246711610108
cnn_dailymail,1,refit,2048,4096,5,bootstrap_jackknife,0.020610107929950786,0.00018271246711610108
cnn_dailymail,1,fixed,2048,4096,20,bootstrap,0.006503490115453594,6.314265719400015e-05
cnn_dailymail,1,refit,2048,4096,20,bootstrap,0.0137406125039702,0.00013417861307143505
cnn_dailymail,1,fixed,2048,4096,20,bootstrap_jackknife,0.007191088955479495,8.152329412938861e-05
cnn_dailymail,1,refit,2048,4096,20,bootstrap_jackknife,0.01518098046282551,0.0001710494195299883
cnn_dailymail,1,fixed,4096,512,1,bootstrap,0.09012620038842652,0.00024214696030113779
cnn_dailymail,1,refit,4096,512,1,bootstrap,0.036353706889055704,0.00010889979723032004
cnn_dailymail,1,fixed,4096,512,1,bootstrap_jackknife,0.0952864855282876,0.0007960319493997895
cnn_dailymail,1,refit,4096,512,1,bootstrap_jackknife,0.03844273347115039,0.00034190356545593176
cnn_dailymail,1,fixed,4096,512,5,bootstrap,0.027912693881084426,5.1876542803446636e-05
cnn_dailymail,1,refit,4096,512,5,bootstrap,0.027912693881084426,5.1876542803446636e-05
cnn_dailymail,1,fixed,4096,512,5,bootstrap_jackknife,0.02879905231062783,0.00022834399545859803
cnn_dailymail,1,refit,4096,512,5,bootstrap_jackknife,0.02879905231062783,0.00022834399545859803
cnn_dailymail,1,fixed,4096,512,20,bootstrap,0.007539806039086129,1.8609662513613293e-05
cnn_dailymail,1,refit,4096,512,20,bootstrap,0.01591501827375772,3.7922174251767455e-05
cnn_dailymail,1,fixed,4096,512,20,bootstrap_jackknife,0.007661789928760446,6.880936902466063e-05
cnn_dailymail,1,refit,4096,512,20,bootstrap_jackknife,0.01617289888150622,0.0001387690720384467
cnn_dailymail,1,fixed,4096,1024,1,bootstrap,0.07858580888070486,0.0002230716396010295
cnn_dailymail,1,refit,4096,1024,1,bootstrap,0.03174494241426053,8.455270454720289e-05
cnn_dailymail,1,fixed,4096,1024,1,bootstrap_jackknife,0.08683621152884624,0.000451862996609624
cnn_dailymail,1,refit,4096,1024,1,bootstrap_jackknife,0.03508056864705845,0.00016835151442453199
cnn_dailymail,1,fixed,4096,1024,5,bootstrap,0.02680725539995403,8.816469614281109e-05
cnn_dailymail,1,refit,4096,1024,5,bootstrap,0.02680725539995403,8.816469614281109e-05
cnn_dailymail,1,fixed,4096,1024,5,bootstrap_jackknife,0.028269394575057144,0.0001763937731043065
cnn_dailymail,1,refit,4096,1024,5,bootstrap_jackknife,0.028269394575057144,0.0001763937731043065
cnn_dailymail,1,fixed,4096,1024,20,bootstrap,0.0076141670411931485,3.9235739813882335e-05
cnn_dailymail,1,refit,4096,1024,20,bootstrap,0.016081342560895006,8.075242660923297e-05
cnn_dailymail,1,fixed,4096,1024,20,bootstrap_jackknife,0.007787159109000037,7.192642594005532e-05
cnn_dailymail,1,refit,4096,1024,20,bootstrap_jackknife,0.016440499035687107,0.0001523453132026088
cnn_dailymail,1,fixed,4096,2048,1,bootstrap,0.06179807786407817,3.6220729773445554e-05
cnn_dailymail,1,refit,4096,2048,1,bootstrap,0.024988659331726806,1.532288846306254e-05
cnn_dailymail,1,fixed,4096,2048,1,bootstrap_jackknife,0.07266195504024194,0.00025973197904384743
cnn_dailymail,1,refit,4096,2048,1,bootstrap_jackknife,0.029391474709664356,0.00010406393203222783
cnn_dailymail,1,fixed,4096,2048,5,bootstrap,0.02410174816169229,3.337168499722315e-05
cnn_dailymail,1,refit,4096,2048,5,bootstrap,0.02410174816169229,3.337168499722315e-05
cnn_dailymail,1,fixed,4096,2048,5,bootstrap_jackknife,0.02637909345495512,0.0001309301751650596
cnn_dailymail,1,refit,4096,2048,5,bootstrap_jackknife,0.02637909345495512,0.0001309301751650596
cnn_dailymail,1,fixed,4096,2048,20,bootstrap,0.007568063645053721,1.1312122217525948e-05
cnn_dailymail,1,refit,4096,2048,20,bootstrap,0.01597793539757858,2.6142511753012005e-05
cnn_dailymail,1,fixed,4096,2048,20,bootstrap_jackknife,0.007890393392846045,4.159418702771819e-05
cnn_dailymail,1,refit,4096,2048,20,bootstrap_jackknife,0.016648991733949337,9.436878733130718e-05
cnn_dailymail,1,fixed,4096,4096,1,bootstrap,0.04256608968009389,0.00023552074795460116
cnn_dailymail,1,refit,4096,4096,1,bootstrap,0.01720388663273365,9.363302472203868e-05
cnn_dailymail,1,fixed,4096,4096,1,bootstrap_jackknife,0.05454266911436192,0.0002698621425800292
cnn_dailymail,1,refit,4096,4096,1,bootstrap_jackknife,0.02204552215075627,0.00010806209486875552
cnn_dailymail,1,fixed,4096,4096,5,bootstrap,0.019475855823823943,7.944714059238818e-05
cnn_dailymail,1,refit,4096,4096,5,bootstrap,0.019475855823823943,7.944714059238818e-05
cnn_dailymail,1,fixed,4096,4096,5,bootstrap_jackknife,0.022195369706737206,0.00011399929305107928
cnn_dailymail,1,refit,4096,4096,5,bootstrap_jackknife,0.022195369706737206,0.00011399929305107928
cnn_dailymail,1,fixed,4096,4096,20,bootstrap,0.007019692559480602,2.8637857592449292e-05
cnn_dailymail,1,refit,4096,4096,20,bootstrap,0.014815707304769063,6.35939495419359e-05
cnn_dailymail,1,fixed,4096,4096,20,bootstrap_jackknife,0.00744255620990297,5.7939038389729365e-05
cnn_dailymail,1,refit,4096,4096,20,bootstrap_jackknife,0.01570207564517704,0.0001283755622907514
cnn_dailymail,1,fixed,8192,512,1,bootstrap,0.09139503173199663,0.00031369724066438294
cnn_dailymail,1,refit,8192,512,1,bootstrap,0.03686692515573376,0.00012386875707284326
cnn_dailymail,1,fixed,8192,512,1,bootstrap_jackknife,0.09293079563312756,0.0005809313835158244
cnn_dailymail,1,refit,8192,512,1,bootstrap_jackknife,0.037485504838577426,0.0002352173541260223
cnn_dailymail,1,fixed,8192,512,5,bootstrap,0.02777616749591068,9.385698614111621e-05
cnn_dailymail,1,refit,8192,512,5,bootstrap,0.02777616749591068,9.385698614111621e-05
cnn_dailymail,1,fixed,8192,512,5,bootstrap_jackknife,0.02781742531200572,0.00020027806522869167
cnn_dailymail,1,refit,8192,512,5,bootstrap_jackknife,0.02781742531200572,0.00020027806522869167
cnn_dailymail,1,fixed,8192,512,20,bootstrap,0.007418474130985993,2.0661985464733367e-05
cnn_dailymail,1,refit,8192,512,20,bootstrap,0.015662084002667692,4.4364155578319024e-05
cnn_dailymail,1,fixed,8192,512,20,bootstrap_jackknife,0.007357576789789294,4.751797632148774e-05
cnn_dailymail,1,refit,8192,512,20,bootstrap_jackknife,0.015532756422157618,0.00010304848400754022
cnn_dailymail,1,fixed,8192,1024,1,bootstrap,0.08176712889159568,0.0002027483035298841
cnn_dailymail,1,refit,8192,1024,1,bootstrap,0.033026441808052566,7.908901037231355e-05
cnn_dailymail,1,fixed,8192,1024,1,bootstrap_jackknife,0.08616156882351872,0.0002723343536183684
cnn_dailymail,1,refit,8192,1024,1,bootstrap_jackknife,0.034816056810964835,0.000104859590107283
cnn_dailymail,1,fixed,8192,1024,5,bootstrap,0.027306035106542486,3.6478179738179356e-05
cnn_dailymail,1,refit,8192,1024,5,bootstrap,0.027306035106542486,3.6478179738179356e-05
cnn_dailymail,1,fixed,8192,1024,5,bootstrap_jackknife,0.028157605621176474,9.517657839145612e-05
cnn_dailymail,1,refit,8192,1024,5,bootstrap_jackknife,0.028157605621176474,9.517657839145612e-05
cnn_dailymail,1,fixed,8192,1024,20,bootstrap,0.00764931212446972,6.341184207220309e-06
cnn_dailymail,1,refit,8192,1024,20,bootstrap,0.016156948498771303,1.0486709664104026e-05
cnn_dailymail,1,fixed,8192,1024,20,bootstrap_jackknife,0.007770874760214444,2.461801071604545e-05
cnn_dailymail,1,refit,8192,1024,20,bootstrap_jackknife,0.016412388238286637,4.659713421356793e-05
cnn_dailymail,1,fixed,8192,2048,1,bootstrap,0.0664862049785038,0.0004674872653328652
cnn_dailymail,1,refit,8192,2048,1,bootstrap,0.026855691245646626,0.00018620768061811707
cnn_dailymail,1,fixed,8192,2048,1,bootstrap_jackknife,0.07209781301960495,0.0010105577302254966
cnn_dailymail,1,refit,8192,2048,1,bootstrap_jackknife,0.029123294448304995,0.00040344720062667985
cnn_dailymail,1,fixed,8192,2048,5,bootstrap,0.02464857574271513,0.0001252847531103897
cnn_dailymail,1,refit,8192,2048,5,bootstrap,0.02464857574271513,0.0001252847531103897
cnn_dailymail,1,fixed,8192,2048,5,bootstrap_jackknife,0.025617281881787368,0.00030274806331321094
cnn_dailymail,1,refit,8192,2048,5,bootstrap_jackknife,0.025617281881787368,0.00030274806331321094
cnn_dailymail,1,fixed,8192,2048,20,bootstrap,0.007548702752212713,3.5433151434243974e-05
cnn_dailymail,1,refit,8192,2048,20,bootstrap,0.015944812766897257,7.604639268493182e-05
cnn_dailymail,1,fixed,8192,2048,20,bootstrap_jackknife,0.007639137052395509,8.873444369193258e-05
cnn_dailymail,1,refit,8192,2048,20,bootstrap_jackknife,0.01613842538470361,0.0001901820505975488
cnn_dailymail,1,fixed,8192,4096,1,bootstrap,0.05015325875425344,0.00019055658506054077
cnn_dailymail,1,refit,8192,4096,1,bootstrap,0.020252580119535724,8.072012487050737e-05
cnn_dailymail,1,fixed,8192,4096,1,bootstrap_jackknife,0.05819750827787978,0.00048291526578750967
cnn_dailymail,1,refit,8192,4096,1,bootstrap_jackknife,0.023507796113022353,0.000199047558574931
cnn_dailymail,1,fixed,8192,4096,5,bootstrap,0.02105133474879753,6.321339383725315e-05
cnn_dailymail,1,refit,8192,4096,5,bootstrap,0.02105133474879753,6.321339383725315e-05
cnn_dailymail,1,fixed,8192,4096,5,bootstrap_jackknife,0.022760348840205964,0.00011693552775076845
cnn_dailymail,1,refit,8192,4096,5,bootstrap_jackknife,0.022760348840205964,0.00011693552775076845
cnn_dailymail,1,fixed,8192,4096,20,bootstrap,0.007246675301279565,2.785811145672357e-05
cnn_dailymail,1,refit,8192,4096,20,bootstrap,0.015294233511799435,5.9629572161927884e-05
cnn_dailymail,1,fixed,8192,4096,20,bootstrap_jackknife,0.007508852375782321,3.076852186759114e-05
cnn_dailymail,1,refit,8192,4096,20,bootstrap_jackknife,0.015843662264483176,6.645632670864615e-05
cnn_dailymail,2,fixed,1024,512,1,bootstrap,0.07445568773192995,0.0005671644581758289
cnn_dailymail,2,refit,1024,512,1,bootstrap,0.030028785694904525,0.0002318192576518726
cnn_dailymail,2,fixed,1024,512,1,bootstrap_jackknife,0.09011661500151676,0.0006629879944212887
cnn_dailymail,2,refit,1024,512,1,bootstrap_jackknife,0.03634841790714519,0.0002730879206620344
cnn_dailymail,2,fixed,1024,512,5,bootstrap,0.025099023347731394,0.0002058341844983414
cnn_dailymail,2,refit,1024,512,5,bootstrap,0.025099023347731394,0.0002058341844983414
cnn_dailymail,2,fixed,1024,512,5,bootstrap_jackknife,0.02791806781256881,0.0001896783072378273
cnn_dailymail,2,refit,1024,512,5,bootstrap_jackknife,0.02791806781256881,0.0001896783072378273
cnn_dailymail,2,fixed,1024,512,20,bootstrap,0.007173840723851673,6.928291410849238e-05
cnn_dailymail,2,refit,1024,512,20,bootstrap,0.015158998829224161,0.00014572395211975923
cnn_dailymail,2,fixed,1024,512,20,bootstrap_jackknife,0.0075746173673793245,9.724309622188809e-05
cnn_dailymail,2,refit,1024,512,20,bootstrap_jackknife,0.016003115974296163,0.00020417581828636325
cnn_dailymail,2,fixed,1024,1024,1,bootstrap,0.056071460216243256,0.0002720854205103383
cnn_dailymail,2,refit,1024,1024,1,bootstrap,0.02264904488760204,0.00011299937553454547
cnn_dailymail,2,fixed,1024,1024,1,bootstrap_jackknife,0.07473093962049344,0.0006088046424312863
cnn_dailymail,2,refit,1024,1024,1,bootstrap_jackknife,0.030207443228958908,0.0002475790420450562
cnn_dailymail,2,fixed,1024,1024,5,bootstrap,0.022414148952965295,0.00014642296870230612
cnn_dailymail,2,refit,1024,1024,5,bootstrap,0.022414148952965295,0.00014642296870230612
cnn_dailymail,2,fixed,1024,1024,5,bootstrap_jackknife,0.02624195895986767,0.0003537591990751815
cnn_dailymail,2,refit,1024,1024,5,bootstrap_jackknife,0.02624195895986767,0.0003537591990751815
cnn_dailymail,2,fixed,1024,1024,20,bootstrap,0.006982957859416487,5.792239709443475e-05
cnn_dailymail,2,refit,1024,1024,20,bootstrap,0.014763044375477138,0.00011880100583550132
cnn_dailymail,2,fixed,1024,1024,20,bootstrap_jackknife,0.0074519916604515605,0.00015318509693547307
cnn_dailymail,2,refit,1024,1024,20,bootstrap_jackknife,0.0157541163639523,0.00031681894911136433
cnn_dailymail,2,fixed,1024,2048,1,bootstrap,0.03415041994833806,0.0002169952659901537
cnn_dailymail,2,refit,1024,2048,1,bootstrap,0.01379446885669896,8.409797993544527e-05
cnn_dailymail,2,fixed,1024,2048,1,bootstrap_jackknife,0.05034047134846667,0.0005071409172876007
cnn_dailymail,2,refit,1024,2048,1,bootstrap_jackknife,0.020356097442299916,0.00019711756849789632
cnn_dailymail,2,fixed,1024,2048,5,bootstrap,0.017926765981845453,5.050633071829324e-05
cnn_dailymail,2,refit,1024,2048,5,bootstrap,0.017926765981845453,5.050633071829324e-05
cnn_dailymail,2,fixed,1024,2048,5,bootstrap_jackknife,0.022979931247562535,0.00021412522428221
cnn_dailymail,2,refit,1024,2048,5,bootstrap_jackknife,0.022979931247562535,0.00021412522428221
cnn_dailymail,2,fixed,1024,2048,20,bootstrap,0.006616953070682868,1.603115824674951e-05
cnn_dailymail,2,refit,1024,2048,20,bootstrap,0.013993322394132658,3.365479044846814e-05
cnn_dailymail,2,fixed,1024,2048,20,bootstrap_jackknife,0.007488046058576822,8.352095775916149e-05
cnn_dailymail,2,refit,1024,2048,20,bootstrap_jackknife,0.015835609067224126,0.00017552158089004493
cnn_dailymail,2,fixed,1024,4096,1,bootstrap,0.016861377485903675,0.00024028976434173067
cnn_dailymail,2,refit,1024,4096,1,bootstrap,0.006808949923443928,9.943228713699846e-05
cnn_dailymail,2,fixed,1024,4096,1,bootstrap_jackknife,0.025399601573542926,0.0004531627641798367
cnn_dailymail,2,refit,1024,4096,1,bootstrap_jackknife,0.010271349880781232,0.0001876885310029453
cnn_dailymail,2,fixed,1024,4096,5,bootstrap,0.012248528639986697,0.00014598929132350182
cnn_dailymail,2,refit,1024,4096,5,bootstrap,0.012248528639986697,0.00014598929132350182
cnn_dailymail,2,fixed,1024,4096,5,bootstrap_jackknife,0.01691776307190088,0.0002873744728487904
cnn_dailymail,2,refit,1024,4096,5,bootstrap_jackknife,0.01691776307190088,0.0002873744728487904
cnn_dailymail,2,fixed,1024,4096,20,bootstrap,0.005696956103201586,7.107562363311491e-05
cnn_dailymail,2,refit,1024,4096,20,bootstrap,0.012040479734133186,0.00015015717354723617
cnn_dailymail,2,fixed,1024,4096,20,bootstrap_jackknife,0.006787133011081942,0.00014865225095308
cnn_dailymail,2,refit,1024,4096,20,bootstrap_jackknife,0.014338957377762853,0.00031443045330779146
cnn_dailymail,2,fixed,2048,512,1,bootstrap,0.0841786234186394,0.00044738129758544213
cnn_dailymail,2,refit,2048,512,1,bootstrap,0.03396351093833757,0.0001781680022033265
cnn_dailymail,2,fixed,2048,512,1,bootstrap_jackknife,0.093163766455518,0.0005104926999772839
cnn_dailymail,2,refit,2048,512,1,bootstrap_jackknife,0.03760493635605071,0.0002016270055969013
cnn_dailymail,2,fixed,2048,512,5,bootstrap,0.02658099855580991,0.00016076708939991304
cnn_dailymail,2,refit,2048,512,5,bootstrap,0.02658099855580991,0.00016076708939991304
cnn_dailymail,2,fixed,2048,512,5,bootstrap_jackknife,0.027818559953465372,0.0001418922836684873
cnn_dailymail,2,refit,2048,512,5,bootstrap_jackknife,0.027818559953465372,0.0001418922836684873
cnn_dailymail,2,fixed,2048,512,20,bootstrap,0.0073016541783126184,4.904003165685021e-05
cnn_dailymail,2,refit,2048,512,20,bootstrap,0.015413127394478159,0.00010642647813850036
cnn_dailymail,2,fixed,2048,512,20,bootstrap_jackknife,0.007391434381171925,4.3393587297578966e-05
cnn_dailymail,2,refit,2048,512,20,bootstrap_jackknife,0.015599355641852747,9.44022290173311e-05
cnn_dailymail,2,fixed,2048,1024,1,bootstrap,0.0704210451980491,0.0001556981554542777
cnn_dailymail,2,refit,2048,1024,1,bootstrap,0.02845551659533983,6.3528885128488e-05
cnn_dailymail,2,fixed,2048,1024,1,bootstrap_jackknife,0.08478724588285812,0.00027387739850135063
cnn_dailymail,2,refit,2048,1024,1,bootstrap_jackknife,0.03428724453940917,0.00011554418955210096
cnn_dailymail,2,fixed,2048,1024,5,bootstrap,0.02525765785327085,0.0001008362411399218
cnn_dailymail,2,refit,2048,1024,5,bootstrap,0.02525765785327085,0.0001008362411399218
cnn_dailymail,2,fixed,2048,1024,5,bootstrap_jackknife,0.028064749335419397,0.00011234055539798173
cnn_dailymail,2,refit,2048,1024,5,bootstrap_jackknife,0.028064749335419397,0.00011234055539798173
cnn_dailymail,2,fixed,2048,1024,20,bootstrap,0.007407885775977157,2.0987382033174773e-05
cnn_dailymail,2,refit,2048,1024,20,bootstrap,0.015640396642542822,4.097629827724106e-05
cnn_dailymail,2,fixed,2048,1024,20,bootstrap_jackknife,0.007789677563828509,3.483839230653399e-05
cnn_dailymail,2,refit,2048,1024,20,bootstrap_jackknife,0.016440240363722464,6.42022441389118e-05
cnn_dailymail,2,fixed,2048,2048,1,bootstrap,0.05050045185240981,0.00032240273016368587
cnn_dailymail,2,refit,2048,2048,1,bootstrap,0.020409686361328526,0.0001273461576963779
cnn_dailymail,2,fixed,2048,2048,1,bootstrap_jackknife,0.06641975929110411,0.0005415045174985971
cnn_dailymail,2,refit,2048,2048,1,bootstrap_jackknife,0.02686201648197763,0.0002158006013715133
cnn_dailymail,2,fixed,2048,2048,5,bootstrap,0.021518666465799644,7.363423131482482e-05
cnn_dailymail,2,refit,2048,2048,5,bootstrap,0.021518666465799644,7.363423131482482e-05
cnn_dailymail,2,fixed,2048,2048,5,bootstrap_jackknife,0.02505804795745796,0.00017095003342679059
cnn_dailymail,2,refit,2048,2048,5,bootstrap_jackknife,0.02505804795745796,0.00017095003342679059
cnn_dailymail,2,fixed,2048,2048,20,bootstrap,0.007114047987963512,9.875310850006278e-06
cnn_dailymail,2,refit,2048,2048,20,bootstrap,0.015018427225359574,2.120779580083463e-05
cnn_dailymail,2,fixed,2048,2048,20,bootstrap_jackknife,0.007612721095626387,7.093298270107773e-05
cnn_dailymail,2,refit,2048,2048,20,bootstrap_jackknife,0.016059271911659595,0.00015384436868125855
cnn_dailymail,2,fixed,2048,4096,1,bootstrap,0.03076312560413454,9.397294459211228e-05
cnn_dailymail,2,refit,2048,4096,1,bootstrap,0.012428327853702145,3.699102966809921e-05
cnn_dailymail,2,fixed,2048,4096,1,bootstrap_jackknife,0.04442502609903002,0.0003037874467141578
cnn_dailymail,2,refit,2048,4096,1,bootstrap_jackknife,0.01795781530332791,0.00013087204827596244
cnn_dailymail,2,fixed,2048,4096,5,bootstrap,0.016725586791051333,6.883295618331087e-05
cnn_dailymail,2,refit,2048,4096,5,bootstrap,0.016725586791051333,6.883295618331087e-05
cnn_dailymail,2,fixed,2048,4096,5,bootstrap_jackknife,0.021035531963899123,0.00026486311156942785
cnn_dailymail,2,refit,2048,4096,5,bootstrap_jackknife,0.021035531963899123,0.00026486311156942785
cnn_dailymail,2,fixed,2048,4096,20,bootstrap,0.006534269789674492,3.546926654134021e-05
cnn_dailymail,2,refit,2048,4096,20,bootstrap,0.013785497786387246,7.216410029752321e-05
cnn_dailymail,2,fixed,2048,4096,20,bootstrap_jackknife,0.007262549441789529,0.00012789045971167706
cnn_dailymail,2,refit,2048,4096,20,bootstrap_jackknife,0.015306597355488725,0.00026675203698287156
cnn_dailymail,2,fixed,4096,512,1,bootstrap,0.08954181463513834,0.00021507777279864044
cnn_dailymail,2,refit,4096,512,1,bootstrap,0.03614661001780806,8.136207089858805e-05
cnn_dailymail,2,fixed,4096,512,1,bootstrap_jackknife,0.09518732254182623,0.0006729751338795819
cnn_dailymail,2,refit,4096,512,1,bootstrap_jackknife,0.03844469164883279,0.00026371384586178166
cnn_dailymail,2,fixed,4096,512,5,bootstrap,0.027570985440106582,5.876738147032169e-05
cnn_dailymail,2,refit,4096,512,5,bootstrap,0.027570985440106582,5.876738147032169e-05
cnn_dailymail,2,fixed,4096,512,5,bootstrap_jackknife,0.028537386970031563,0.0002029316883722489
cnn_dailymail,2,refit,4096,512,5,bootstrap_jackknife,0.028537386970031563,0.0002029316883722489
cnn_dailymail,2,fixed,4096,512,20,bootstrap,0.007424010758569689,2.9068758534546396e-05
cnn_dailymail,2,refit,4096,512,20,bootstrap,0.01566063816542716,5.760677209644517e-05
cnn_dailymail,2,fixed,4096,512,20,bootstrap_jackknife,0.00754107476639955,8.566615357219305e-05
cnn_dailymail,2,refit,4096,512,20,bootstrap_jackknife,0.01589946126604357,0.00017332803062720638
cnn_dailymail,2,fixed,4096,1024,1,bootstrap,0.07718579645814744,0.0003907270651226943
cnn_dailymail,2,refit,4096,1024,1,bootstrap,0.03117808869506113,0.00016052652207864415
cnn_dailymail,2,fixed,4096,1024,1,bootstrap_jackknife,0.08493053940967936,0.0010559685886966466
cnn_dailymail,2,refit,4096,1024,1,bootstrap_jackknife,0.0343115573564449,0.00043573363411471803
cnn_dailymail,2,fixed,4096,1024,5,bootstrap,0.02637139369440297,8.78598704970598e-05
cnn_dailymail,2,refit,4096,1024,5,bootstrap,0.02637139369440297,8.78598704970598e-05
cnn_dailymail,2,fixed,4096,1024,5,bootstrap_jackknife,0.027747068488464515,0.0002784607022612783
cnn_dailymail,2,refit,4096,1024,5,bootstrap_jackknife,0.027747068488464515,0.0002784607022612783
cnn_dailymail,2,fixed,4096,1024,20,bootstrap,0.007487180837269243,1.5087040299328187e-05
cnn_dailymail,2,refit,4096,1024,20,bootstrap,0.01581371620538832,3.623985584534122e-05
cnn_dailymail,2,fixed,4096,1024,20,bootstrap_jackknife,0.007639639153802055,6.889861683781907e-05
cnn_dailymail,2,refit,4096,1024,20,bootstrap_jackknife,0.016136494848534837,0.0001528331155220879
cnn_dailymail,2,fixed,4096,2048,1,bootstrap,0.06134703360306057,0.0002849027771286435
cnn_dailymail,2,refit,4096,2048,1,bootstrap,0.024797485087349833,0.00011115483827620614
cnn_dailymail,2,fixed,4096,2048,1,bootstrap_jackknife,0.07244748985461487,0.0005697054789778631
cnn_dailymail,2,refit,4096,2048,1,bootstrap_jackknife,0.029290410826038293,0.00021991763940314667
cnn_dailymail,2,fixed,4096,2048,5,bootstrap,0.02385838054344298,0.00010799163389199405
cnn_dailymail,2,refit,4096,2048,5,bootstrap,0.02385838054344298,0.00010799163389199405
cnn_dailymail,2,fixed,4096,2048,5,bootstrap_jackknife,0.026260577623935095,0.0002501308461083016
cnn_dailymail,2,refit,4096,2048,5,bootstrap_jackknife,0.026260577623935095,0.0002501308461083016
cnn_dailymail,2,fixed,4096,2048,20,bootstrap,0.007488574943535231,3.662169602793176e-05
cnn_dailymail,2,refit,4096,2048,20,bootstrap,0.01580263574376872,7.618028268669932e-05
cnn_dailymail,2,fixed,4096,2048,20,bootstrap_jackknife,0.007872431425761798,8.769580635699328e-05
cnn_dailymail,2,refit,4096,2048,20,bootstrap_jackknife,0.01660732649792313,0.00018463912700882943
cnn_dailymail,2,fixed,4096,4096,1,bootstrap,0.04318603376291492,0.00047709765330107107
cnn_dailymail,2,refit,4096,4096,1,bootstrap,0.017445157920058286,0.00019581053643056925
cnn_dailymail,2,fixed,4096,4096,1,bootstrap_jackknife,0.055941132133859046,0.0009135190767793118
cnn_dailymail,2,refit,4096,4096,1,bootstrap_jackknife,0.022594153404563656,0.00037950987449725585
cnn_dailymail,2,fixed,4096,4096,5,bootstrap,0.019711484068937617,0.00019041455131439382
cnn_dailymail,2,refit,4096,4096,5,bootstrap,0.019711484068937617,0.00019041455131439382
cnn_dailymail,2,fixed,4096,4096,5,bootstrap_jackknife,0.022784857549008913,0.0003210440635874418
cnn_dailymail,2,refit,4096,4096,5,bootstrap_jackknife,0.022784857549008913,0.0003210440635874418
cnn_dailymail,2,fixed,4096,4096,20,bootstrap,0.007045990367361562,5.867157720405851e-05
cnn_dailymail,2,refit,4096,4096,20,bootstrap,0.014864828404476102,0.00012127799993544786
cnn_dailymail,2,fixed,4096,4096,20,bootstrap_jackknife,0.00754554334862282,8.716157433897648e-05
cnn_dailymail,2,refit,4096,4096,20,bootstrap_jackknife,0.01591230970940121,0.00018109737111675806
cnn_dailymail,2,fixed,8192,512,1,bootstrap,0.09182463535261955,0.0003210414323887007
cnn_dailymail,2,refit,8192,512,1,bootstrap,0.037064944281278926,0.0001368134210938478
cnn_dailymail,2,fixed,8192,512,1,bootstrap_jackknife,0.09429809825711562,0.0005053349469647763
cnn_dailymail,2,refit,8192,512,1,bootstrap_jackknife,0.03807126891873468,0.0002230526103896498
cnn_dailymail,2,fixed,8192,512,5,bootstrap,0.027681940772409607,0.00010972938091604407
cnn_dailymail,2,refit,8192,512,5,bootstrap,0.027681940772409607,0.00010972938091604407
cnn_dailymail,2,fixed,8192,512,5,bootstrap_jackknife,0.027883604532785183,0.00015702481841804717
cnn_dailymail,2,refit,8192,512,5,bootstrap_jackknife,0.027883604532785183,0.00015702481841804717
cnn_dailymail,2,fixed,8192,512,20,bootstrap,0.007376427910608878,5.8209841341615345e-05
cnn_dailymail,2,refit,8192,512,20,bootstrap,0.015576399108955039,0.00011333377706965796
cnn_dailymail,2,fixed,8192,512,20,bootstrap_jackknife,0.007358725047248972,0.00010274605049945464
cnn_dailymail,2,refit,8192,512,20,bootstrap_jackknife,0.015541478110749735,0.00020285034809935205
cnn_dailymail,2,fixed,8192,1024,1,bootstrap,0.0822636553251382,0.00042233507146469427
cnn_dailymail,2,refit,8192,1024,1,bootstrap,0.03324467759630911,0.0001712795833598764
cnn_dailymail,2,fixed,8192,1024,1,bootstrap_jackknife,0.08663695199822319,0.0007219755914910381
cnn_dailymail,2,refit,8192,1024,1,bootstrap_jackknife,0.03502578671710028,0.0002942583529943619
cnn_dailymail,2,fixed,8192,1024,5,bootstrap,0.027220023104996643,9.87285264489949e-05
cnn_dailymail,2,refit,8192,1024,5,bootstrap,0.027220023104996643,9.87285264489949e-05
cnn_dailymail,2,fixed,8192,1024,5,bootstrap_jackknife,0.027928366635044225,0.00018048432836878663
cnn_dailymail,2,refit,8192,1024,5,bootstrap_jackknife,0.027928366635044225,0.00018048432836878663
cnn_dailymail,2,fixed,8192,1024,20,bootstrap,0.007614939664936061,3.718070289416319e-05
cnn_dailymail,2,refit,8192,1024,20,bootstrap,0.016079308223132086,7.615317930980375e-05
cnn_dailymail,2,fixed,8192,1024,20,bootstrap_jackknife,0.007713619011380361,7.872312453445652e-05
cnn_dailymail,2,refit,8192,1024,20,bootstrap_jackknife,0.01628868804439541,0.00016083082631917543
cnn_dailymail,2,fixed,8192,2048,1,bootstrap,0.06685724610910343,0.0003636793633432689
cnn_dailymail,2,refit,8192,2048,1,bootstrap,0.027012126858104005,0.00014577023604409427
cnn_dailymail,2,fixed,8192,2048,1,bootstrap_jackknife,0.0727698326367793,0.0006381770371104581
cnn_dailymail,2,refit,8192,2048,1,bootstrap_jackknife,0.02940612278881216,0.00025603020063299066
cnn_dailymail,2,fixed,8192,2048,5,bootstrap,0.02475800350074563,8.978905585675473e-05
cnn_dailymail,2,refit,8192,2048,5,bootstrap,0.02475800350074563,8.978905585675473e-05
cnn_dailymail,2,fixed,8192,2048,5,bootstrap_jackknife,0.025858308638694358,0.0001483988278361588
cnn_dailymail,2,refit,8192,2048,5,bootstrap_jackknife,0.025858308638694358,0.0001483988278361588
cnn_dailymail,2,fixed,8192,2048,20,bootstrap,0.007558799936441892,2.4462892370691342e-05
cnn_dailymail,2,refit,8192,2048,20,bootstrap,0.015954334247744294,5.07951658923724e-05
cnn_dailymail,2,fixed,8192,2048,20,bootstrap_jackknife,0.0076992165353664795,4.2068031842556814e-05
cnn_dailymail,2,refit,8192,2048,20,bootstrap_jackknife,0.016244919580291964,8.641257030101663e-05
cnn_dailymail,2,fixed,8192,4096,1,bootstrap,0.050742678176047856,8.304984350666669e-05
cnn_dailymail,2,refit,8192,4096,1,bootstrap,0.020488419401678587,3.7313787413884936e-05
cnn_dailymail,2,fixed,8192,4096,1,bootstrap_jackknife,0.05862581641536091,0.00017884884385923694
cnn_dailymail,2,refit,8192,4096,1,bootstrap_jackknife,0.023674501868887022,7.881055704442579e-05
cnn_dailymail,2,fixed,8192,4096,5,bootstrap,0.0212044661132212,7.30715175495817e-05
cnn_dailymail,2,refit,8192,4096,5,bootstrap,0.0212044661132212,7.30715175495817e-05
cnn_dailymail,2,fixed,8192,4096,5,bootstrap_jackknife,0.022767149135068304,0.00017493452644794683
cnn_dailymail,2,refit,8192,4096,5,bootstrap_jackknife,0.022767149135068304,0.00017493452644794683
cnn_dailymail,2,fixed,8192,4096,20,bootstrap,0.007239988048334064,2.9619498090236166e-05
cnn_dailymail,2,refit,8192,4096,20,bootstrap,0.015266017656876199,5.835774761807962e-05
cnn_dailymail,2,fixed,8192,4096,20,bootstrap_jackknife,0.007422067885508844,7.835245904947782e-05
cnn_dailymail,2,refit,8192,4096,20,bootstrap_jackknife,0.01564252406887127,0.00015671697292727528
cnn_dailymail,3,fixed,1024,512,1,bootstrap,0.07472652350877117,0.00040767544078722977
cnn_dailymail,3,refit,1024,512,1,bootstrap,0.03012719588905097,0.0001603257602344465
cnn_dailymail,3,fixed,1024,512,1,bootstrap_jackknife,0.09065777201855152,0.0007379976121570509
cnn_dailymail,3,refit,1024,512,1,bootstrap_jackknife,0.03657334734291421,0.0002948355111404459
cnn_dailymail,3,fixed,1024,512,5,bootstrap,0.025606213784115317,0.00019125557208402
cnn_dailymail,3,refit,1024,512,5,bootstrap,0.025606213784115317,0.00019125557208402
cnn_dailymail,3,fixed,1024,512,5,bootstrap_jackknife,0.028633932236537707,0.0003334793644227448
cnn_dailymail,3,refit,1024,512,5,bootstrap_jackknife,0.028633932236537707,0.0003334793644227448
cnn_dailymail,3,fixed,1024,512,20,bootstrap,0.007349192730136678,4.352696542708323e-05
cnn_dailymail,3,refit,1024,512,20,bootstrap,0.015515283107509376,9.177259454726566e-05
cnn_dailymail,3,fixed,1024,512,20,bootstrap_jackknife,0.007792149086319099,7.74386918080868e-05
cnn_dailymail,3,refit,1024,512,20,bootstrap_jackknife,0.016456172656703048,0.00015925844311795315
cnn_dailymail,3,fixed,1024,1024,1,bootstrap,0.055503339494886,0.0002846650893398955
cnn_dailymail,3,refit,1024,1024,1,bootstrap,0.022401934889224973,0.00011790858042820903
cnn_dailymail,3,fixed,1024,1024,1,bootstrap_jackknife,0.07496574988110315,7.030365311513438e-05
cnn_dailymail,3,refit,1024,1024,1,bootstrap_jackknife,0.03028559895889003,1.7719688152027387e-05
cnn_dailymail,3,fixed,1024,1024,5,bootstrap,0.022476456022579916,9.94317476766351e-05
cnn_dailymail,3,refit,1024,1024,5,bootstrap,0.022476456022579916,9.94317476766351e-05
cnn_dailymail,3,fixed,1024,1024,5,bootstrap_jackknife,0.026763547807420292,6.263295291981858e-05
cnn_dailymail,3,refit,1024,1024,5,bootstrap_jackknife,0.026763547807420292,6.263295291981858e-05
cnn_dailymail,3,fixed,1024,1024,20,bootstrap,0.007104758477596074,3.116473599063267e-05
cnn_dailymail,3,refit,1024,1024,20,bootstrap,0.015006253189115309,6.55851748156591e-05
cnn_dailymail,3,fixed,1024,1024,20,bootstrap_jackknife,0.007726109873469515,3.6134606034746316e-05
cnn_dailymail,3,refit,1024,1024,20,bootstrap_jackknife,0.016319601648285203,6.95062712606544e-05
cnn_dailymail,3,fixed,1024,2048,1,bootstrap,0.035210655917029134,0.00012101797504209506
cnn_dailymail,3,refit,1024,2048,1,bootstrap,0.014214776114866955,4.310275664875336e-05
cnn_dailymail,3,fixed,1024,2048,1,bootstrap_jackknife,0.052467351458809985,0.0004117147626622826
cnn_dailymail,3,refit,1024,2048,1,bootstrap_jackknife,0.021208354846569247,0.0001555241094390938
cnn_dailymail,3,fixed,1024,2048,5,bootstrap,0.01832254785432365,4.6567491240472626e-05
cnn_dailymail,3,refit,1024,2048,5,bootstrap,0.01832254785432365,4.6567491240472626e-05
cnn_dailymail,3,fixed,1024,2048,5,bootstrap_jackknife,0.023752167831120136,0.00021346328022696373
cnn_dailymail,3,refit,1024,2048,5,bootstrap_jackknife,0.023752167831120136,0.00021346328022696373
cnn_dailymail,3,fixed,1024,2048,20,bootstrap,0.006804415856207395,2.059371944506485e-05
cnn_dailymail,3,refit,1024,2048,20,bootstrap,0.014379863182331955,4.802000976933003e-05
cnn_dailymail,3,fixed,1024,2048,20,bootstrap_jackknife,0.007761864820119496,0.00010057370099960121
cnn_dailymail,3,refit,1024,2048,20,bootstrap_jackknife,0.016394054060703243,0.00022028809065332156
cnn_dailymail,3,fixed,1024,4096,1,bootstrap,0.017010071449088237,0.00017020724671607085
cnn_dailymail,3,refit,1024,4096,1,bootstrap,0.0068716317860618254,6.455480502949573e-05
cnn_dailymail,3,fixed,1024,4096,1,bootstrap_jackknife,0.025712977089222305,0.00039807812206140716
cnn_dailymail,3,refit,1024,4096,1,bootstrap_jackknife,0.010403508951781526,0.0001530535358989694
cnn_dailymail,3,fixed,1024,4096,5,bootstrap,0.012261987832828503,7.914437642913381e-05
cnn_dailymail,3,refit,1024,4096,5,bootstrap,0.012261987832828503,7.914437642913381e-05
cnn_dailymail,3,fixed,1024,4096,5,bootstrap_jackknife,0.016968984293442183,0.0002113431019373761
cnn_dailymail,3,refit,1024,4096,5,bootstrap_jackknife,0.016968984293442183,0.0002113431019373761
cnn_dailymail,3,fixed,1024,4096,20,bootstrap,0.005776613282552493,2.7559022135080198e-05
cnn_dailymail,3,refit,1024,4096,20,bootstrap,0.012201047899444971,6.289515617922132e-05
cnn_dailymail,3,fixed,1024,4096,20,bootstrap_jackknife,0.00690779695168741,7.582756007775005e-05
cnn_dailymail,3,refit,1024,4096,20,bootstrap_jackknife,0.0145786269443269,0.00017042337614492972
cnn_dailymail,3,fixed,2048,512,1,bootstrap,0.08464385638054865,0.0005343962342656532
cnn_dailymail,3,refit,2048,512,1,bootstrap,0.03413215655593014,0.00020813802286597657
cnn_dailymail,3,fixed,2048,512,1,bootstrap_jackknife,0.09425120766229043,0.0014337091240514176
cnn_dailymail,3,refit,2048,512,1,bootstrap_jackknife,0.03801282389407074,0.000565265056217342
cnn_dailymail,3,fixed,2048,512,5,bootstrap,0.027158769699877905,0.00023595675632670277
cnn_dailymail,3,refit,2048,512,5,bootstrap,0.027158769699877905,0.00023595675632670277
cnn_dailymail,3,fixed,2048,512,5,bootstrap_jackknife,0.02873651013827455,0.0006459909395044991
cnn_dailymail,3,refit,2048,512,5,bootstrap_jackknife,0.02873651013827455,0.0006459909395044991
cnn_dailymail,3,fixed,2048,512,20,bootstrap,0.0074579867119118565,8.093062124351743e-05
cnn_dailymail,3,refit,2048,512,20,bootstrap,0.015749770979671823,0.00017036537218249415
cnn_dailymail,3,fixed,2048,512,20,bootstrap_jackknife,0.007633268657270098,0.00021755876702599482
cnn_dailymail,3,refit,2048,512,20,bootstrap_jackknife,0.016126863088888437,0.0004592196647139056
cnn_dailymail,3,fixed,2048,1024,1,bootstrap,0.06870099672977642,0.00022259571854114896
cnn_dailymail,3,refit,2048,1024,1,bootstrap,0.027721455874658848,8.857347789282805e-05
cnn_dailymail,3,fixed,2048,1024,1,bootstrap_jackknife,0.08116405256227859,0.00047114621379376007
cnn_dailymail,3,refit,2048,1024,1,bootstrap_jackknife,0.032757253221721294,0.00018843351629565
cnn_dailymail,3,fixed,2048,1024,5,bootstrap,0.024962907795515066,0.00013092141524811976
cnn_dailymail,3,refit,2048,1024,5,bootstrap,0.024962907795515066,0.00013092141524811976
cnn_dailymail,3,fixed,2048,1024,5,bootstrap_jackknife,0.02713247433473408,0.0002514059854187842
cnn_dailymail,3,refit,2048,1024,5,bootstrap_jackknife,0.02713247433473408,0.0002514059854187842
cnn_dailymail,3,fixed,2048,1024,20,bootstrap,0.00739042337882564,4.0778412584372444e-05
cnn_dailymail,3,refit,2048,1024,20,bootstrap,0.015612075983917619,8.594125264427232e-05
cnn_dailymail,3,fixed,2048,1024,20,bootstrap_jackknife,0.007597667846232565,8.732996972821376e-05
cnn_dailymail,3,refit,2048,1024,20,bootstrap_jackknife,0.016048856691273917,0.00018498445416273717
cnn_dailymail,3,fixed,2048,2048,1,bootstrap,0.050401375619655915,0.00024345071061674308
cnn_dailymail,3,refit,2048,2048,1,bootstrap,0.020343128848260904,9.73637510442311e-05
cnn_dailymail,3,fixed,2048,2048,1,bootstrap_jackknife,0.06617227357496902,0.0007405173330438157
cnn_dailymail,3,refit,2048,2048,1,bootstrap_jackknife,0.026718579564590967,0.00029412645952302355
cnn_dailymail,3,fixed,2048,2048,5,bootstrap,0.02178261636074701,0.00010140335525569738
cnn_dailymail,3,refit,2048,2048,5,bootstrap,0.02178261636074701,0.00010140335525569738
cnn_dailymail,3,fixed,2048,2048,5,bootstrap_jackknife,0.025405729054039386,0.000348426968431237
cnn_dailymail,3,refit,2048,2048,5,bootstrap_jackknife,0.025405729054039386,0.000348426968431237
cnn_dailymail,3,fixed,2048,2048,20,bootstrap,0.007292131729034468,3.194670365690537e-05
cnn_dailymail,3,refit,2048,2048,20,bootstrap,0.015407486082144135,6.675097622188898e-05
cnn_dailymail,3,fixed,2048,2048,20,bootstrap_jackknife,0.007822165848699736,0.00011532387888025317
cnn_dailymail,3,refit,2048,2048,20,bootstrap_jackknife,0.016521977315133454,0.00024365259596518472
cnn_dailymail,3,fixed,2048,4096,1,bootstrap,0.030297885191292295,0.00048356175715545734
cnn_dailymail,3,refit,2048,4096,1,bootstrap,0.012220327734545887,0.00019697294965247123
cnn_dailymail,3,fixed,2048,4096,1,bootstrap_jackknife,0.043347461992856835,0.0009652425849818554
cnn_dailymail,3,refit,2048,4096,1,bootstrap_jackknife,0.017481584116169995,0.00039334523286491027
cnn_dailymail,3,fixed,2048,4096,5,bootstrap,0.016622568780840893,0.00020181325339929969
cnn_dailymail,3,refit,2048,4096,5,bootstrap,0.016622568780840893,0.00020181325339929969
cnn_dailymail,3,fixed,2048,4096,5,bootstrap_jackknife,0.020821047945714294,0.00041673928830825304
cnn_dailymail,3,refit,2048,4096,5,bootstrap_jackknife,0.020821047945714294,0.00041673928830825304
cnn_dailymail,3,fixed,2048,4096,20,bootstrap,0.006624860451604893,6.334248393770364e-05
cnn_dailymail,3,refit,2048,4096,20,bootstrap,0.013991950078186917,0.00013530175546927348
cnn_dailymail,3,fixed,2048,4096,20,bootstrap_jackknife,0.007417031324676311,0.00014598027047667782
cnn_dailymail,3,refit,2048,4096,20,bootstrap_jackknife,0.015654806009309467,0.0003121383712689423
cnn_dailymail,3,fixed,4096,512,1,bootstrap,0.08909597848589162,0.0003338600767244093
cnn_dailymail,3,refit,4096,512,1,bootstrap,0.03591928687132272,0.00013856084001646958
cnn_dailymail,3,fixed,4096,512,1,bootstrap_jackknife,0.0934787334182085,0.0005057127791554913
cnn_dailymail,3,refit,4096,512,1,bootstrap_jackknife,0.03767596707585052,0.00021065858649633272
cnn_dailymail,3,fixed,4096,512,5,bootstrap,0.02758912583390546,7.177804139797796e-05
cnn_dailymail,3,refit,4096,512,5,bootstrap,0.02758912583390546,7.177804139797796e-05
cnn_dailymail,3,fixed,4096,512,5,bootstrap_jackknife,0.02819952323993835,9.555884883070098e-05
cnn_dailymail,3,refit,4096,512,5,bootstrap_jackknife,0.02819952323993835,9.555884883070098e-05
cnn_dailymail,3,fixed,4096,512,20,bootstrap,0.00743295513861892,1.5958724908227868e-05
cnn_dailymail,3,refit,4096,512,20,bootstrap,0.015697359325226052,3.309579964440924e-05
cnn_dailymail,3,fixed,4096,512,20,bootstrap_jackknife,0.007447609630010053,1.3134965891165064e-05
cnn_dailymail,3,refit,4096,512,20,bootstrap_jackknife,0.01572813780383216,2.6003158952798482e-05
cnn_dailymail,3,fixed,4096,1024,1,bootstrap,0.07670976049347102,0.00017210991336669552
cnn_dailymail,3,refit,4096,1024,1,bootstrap,0.030968828340772064,6.982282852345866e-05
cnn_dailymail,3,fixed,4096,1024,1,bootstrap_jackknife,0.08372388328547563,0.0003788397686822463
cnn_dailymail,3,refit,4096,1024,1,bootstrap_jackknife,0.03379779780180823,0.0001538630229950344
cnn_dailymail,3,fixed,4096,1024,5,bootstrap,0.02624409661246438,0.00010295532229219714
cnn_dailymail,3,refit,4096,1024,5,bootstrap,0.02624409661246438,0.00010295532229219714
cnn_dailymail,3,fixed,4096,1024,5,bootstrap_jackknife,0.027395745493570416,0.00013919397811678653
cnn_dailymail,3,refit,4096,1024,5,bootstrap_jackknife,0.027395745493570416,0.00013919397811678653
cnn_dailymail,3,fixed,4096,1024,20,bootstrap,0.007473713961025315,4.066272729575958e-05
cnn_dailymail,3,refit,4096,1024,20,bootstrap,0.015789235824288376,8.312257619541309e-05
cnn_dailymail,3,fixed,4096,1024,20,bootstrap_jackknife,0.007560448261830059,5.534113916210254e-05
cnn_dailymail,3,refit,4096,1024,20,bootstrap_jackknife,0.015972585748158838,0.00011183819303274077
cnn_dailymail,3,fixed,4096,2048,1,bootstrap,0.0604973787184687,0.0004983359946920086
cnn_dailymail,3,refit,4096,2048,1,bootstrap,0.02442838138779782,0.00020215695410349984
cnn_dailymail,3,fixed,4096,2048,1,bootstrap_jackknife,0.07122739401581445,0.001107036631879141
cnn_dailymail,3,refit,4096,2048,1,bootstrap_jackknife,0.028761338611902165,0.0004508165978699942
cnn_dailymail,3,fixed,4096,2048,5,bootstrap,0.023745745601389843,0.0001742665860523963
cnn_dailymail,3,refit,4096,2048,5,bootstrap,0.023745745601389843,0.0001742665860523963
cnn_dailymail,3,fixed,4096,2048,5,bootstrap_jackknife,0.026057506195758973,0.00038215947366224243
cnn_dailymail,3,refit,4096,2048,5,bootstrap_jackknife,0.026057506195758973,0.00038215947366224243
cnn_dailymail,3,fixed,4096,2048,20,bootstrap,0.007498171600178463,3.9472127002871386e-05
cnn_dailymail,3,refit,4096,2048,20,bootstrap,0.015840606631715323,8.769907296392123e-05
cnn_dailymail,3,fixed,4096,2048,20,bootstrap_jackknife,0.007879164413067434,9.510705604763307e-05
cnn_dailymail,3,refit,4096,2048,20,bootstrap_jackknife,0.0166460030699451,0.00021062768489754033
cnn_dailymail,3,fixed,4096,4096,1,bootstrap,0.04162686737509195,0.00011138357205019354
cnn_dailymail,3,refit,4096,4096,1,bootstrap,0.016791121510699083,5.122779805980218e-05
cnn_dailymail,3,fixed,4096,4096,1,bootstrap_jackknife,0.052817466668023394,0.00013008612889715875
cnn_dailymail,3,refit,4096,4096,1,bootstrap_jackknife,0.021286334671831594,6.235018826102047e-05
cnn_dailymail,3,fixed,4096,4096,5,bootstrap,0.01939753600633505,3.151286627662643e-05
cnn_dailymail,3,refit,4096,4096,5,bootstrap,0.01939753600633505,3.151286627662643e-05
cnn_dailymail,3,fixed,4096,4096,5,bootstrap_jackknife,0.022095503508140834,0.00014762089222290276
cnn_dailymail,3,refit,4096,4096,5,bootstrap_jackknife,0.022095503508140834,0.00014762089222290276
cnn_dailymail,3,fixed,4096,4096,20,bootstrap,0.007019213473394815,2.441036559947126e-05
cnn_dailymail,3,refit,4096,4096,20,bootstrap,0.014824760289204661,5.293709251085155e-05
cnn_dailymail,3,fixed,4096,4096,20,bootstrap_jackknife,0.007451979177095144,9.204596873834685e-05
cnn_dailymail,3,refit,4096,4096,20,bootstrap_jackknife,0.01574185806768445,0.0001980100038093086
cnn_dailymail,3,fixed,8192,512,1,bootstrap,0.09230962810365566,5.288173980421668e-05
cnn_dailymail,3,refit,8192,512,1,bootstrap,0.03724567558487655,2.6792802925723745e-05
cnn_dailymail,3,fixed,8192,512,1,bootstrap_jackknife,0.09539051691529969,0.00011638458512149801
cnn_dailymail,3,refit,8192,512,1,bootstrap_jackknife,0.038500614244201425,5.842724780596746e-05
cnn_dailymail,3,fixed,8192,512,5,bootstrap,0.0280622296590808,2.41901575999694e-05
cnn_dailymail,3,refit,8192,512,5,bootstrap,0.0280622296590808,2.41901575999694e-05
cnn_dailymail,3,fixed,8192,512,5,bootstrap_jackknife,0.02857414292701921,0.00011375293862769528
cnn_dailymail,3,refit,8192,512,5,bootstrap_jackknife,0.02857414292701921,0.00011375293862769528
cnn_dailymail,3,fixed,8192,512,20,bootstrap,0.007500242149354349,2.8072951610998776e-05
cnn_dailymail,3,refit,8192,512,20,bootstrap,0.015833769483441326,5.457685140432796e-05
cnn_dailymail,3,fixed,8192,512,20,bootstrap_jackknife,0.007572336446451242,7.788575209232253e-05
cnn_dailymail,3,refit,8192,512,20,bootstrap_jackknife,0.01598496737785722,0.00015367725427048969
cnn_dailymail,3,fixed,8192,1024,1,bootstrap,0.08169604921177427,0.0002015530064278691
cnn_dailymail,3,refit,8192,1024,1,bootstrap,0.032992822586592106,8.589429741620397e-05
cnn_dailymail,3,fixed,8192,1024,1,bootstrap_jackknife,0.08665766353588282,0.00040208788766534837
cnn_dailymail,3,refit,8192,1024,1,bootstrap_jackknife,0.035001750330556504,0.0001681498621207838
cnn_dailymail,3,fixed,8192,1024,5,bootstrap,0.02726197873234638,5.6763139195397245e-05
cnn_dailymail,3,refit,8192,1024,5,bootstrap,0.02726197873234638,5.6763139195397245e-05
cnn_dailymail,3,fixed,8192,1024,5,bootstrap_jackknife,0.02824363288758422,0.00015628958390470401
cnn_dailymail,3,refit,8192,1024,5,bootstrap_jackknife,0.02824363288758422,0.00015628958390470401
cnn_dailymail,3,fixed,8192,1024,20,bootstrap,0.007640931455787499,6.70289799564251e-06
cnn_dailymail,3,refit,8192,1024,20,bootstrap,0.01614125298324327,1.2402692893678766e-05
cnn_dailymail,3,fixed,8192,1024,20,bootstrap_jackknife,0.007793472381982629,3.5684204065908525e-05
cnn_dailymail,3,refit,8192,1024,20,bootstrap_jackknife,0.016459690304579805,6.861858321530168e-05
cnn_dailymail,3,fixed,8192,2048,1,bootstrap,0.06640021593949959,0.0003556953891379925
cnn_dailymail,3,refit,8192,2048,1,bootstrap,0.02682494824331762,0.00014453067844577195
cnn_dailymail,3,fixed,8192,2048,1,bootstrap_jackknife,0.0721573486501984,0.0007239984067844704
cnn_dailymail,3,refit,8192,2048,1,bootstrap_jackknife,0.02915231559829251,0.0002967894703320484
cnn_dailymail,3,fixed,8192,2048,5,bootstrap,0.02473643587658006,0.00010372075591445077
cnn_dailymail,3,refit,8192,2048,5,bootstrap,0.02473643587658006,0.00010372075591445077
cnn_dailymail,3,fixed,8192,2048,5,bootstrap_jackknife,0.025795411168886295,0.0001967292950921208
cnn_dailymail,3,refit,8192,2048,5,bootstrap_jackknife,0.025795411168886295,0.0001967292950921208
cnn_dailymail,3,fixed,8192,2048,20,bootstrap,0.007577779003129636,1.7910882172151104e-05
cnn_dailymail,3,refit,8192,2048,20,bootstrap,0.016003231822236032,3.695346161896857e-05
cnn_dailymail,3,fixed,8192,2048,20,bootstrap_jackknife,0.0076938115344798745,2.2965320920251525e-05
cnn_dailymail,3,refit,8192,2048,20,bootstrap_jackknife,0.01624634386487356,5.318940871213226e-05
cnn_dailymail,3,fixed,8192,4096,1,bootstrap,0.0493922307043344,0.0001927022925187457
cnn_dailymail,3,refit,8192,4096,1,bootstrap,0.019935398747894705,7.38962207527719e-05
cnn_dailymail,3,fixed,8192,4096,1,bootstrap_jackknife,0.056672080575045636,0.0003988633472344432
cnn_dailymail,3,refit,8192,4096,1,bootstrap_jackknife,0.022868503962422838,0.00015422872190586233
cnn_dailymail,3,fixed,8192,4096,5,bootstrap,0.020789592530561753,0.00010359726137094867
cnn_dailymail,3,refit,8192,4096,5,bootstrap,0.020789592530561753,0.00010359726137094867
cnn_dailymail,3,fixed,8192,4096,5,bootstrap_jackknife,0.02220272568764911,0.00022350489309687306
cnn_dailymail,3,refit,8192,4096,5,bootstrap_jackknife,0.02220272568764911,0.00022350489309687306
cnn_dailymail,3,fixed,8192,4096,20,bootstrap,0.0071754917896521995,2.797374267885485e-05
cnn_dailymail,3,refit,8192,4096,20,bootstrap,0.01515163269376993,6.074877386581187e-05
cnn_dailymail,3,fixed,8192,4096,20,bootstrap_jackknife,0.007356383793078941,7.201249826099388e-05
cnn_dailymail,3,refit,8192,4096,20,bootstrap_jackknife,0.015533321777554227,0.0001555921617878157
cnn_dailymail,4,fixed,1024,512,1,bootstrap,0.07673109697620034,0.00041438933339223594
cnn_dailymail,4,refit,1024,512,1,bootstrap,0.03097661824675686,0.0001731781017830678
cnn_dailymail,4,fixed,1024,512,1,bootstrap_jackknife,0.09402866086767513,0.0007106128661930276
cnn_dailymail,4,refit,1024,512,1,bootstrap_jackknife,0.037989174298117996,0.0002952933941574317
cnn_dailymail,4,fixed,1024,512,5,bootstrap,0.025944403997805204,0.00014720819198623796
cnn_dailymail,4,refit,1024,512,5,bootstrap,0.025944403997805204,0.00014720819198623796
cnn_dailymail,4,fixed,1024,512,5,bootstrap_jackknife,0.028953541086156758,0.00019341260193125659
cnn_dailymail,4,refit,1024,512,5,bootstrap_jackknife,0.028953541086156758,0.00019341260193125659
cnn_dailymail,4,fixed,1024,512,20,bootstrap,0.007328323437437196,4.85236323704656e-05
cnn_dailymail,4,refit,1024,512,20,bootstrap,0.0154701953040629,9.890451967887308e-05
cnn_dailymail,4,fixed,1024,512,20,bootstrap_jackknife,0.007655637617851156,6.0797704336276945e-05
cnn_dailymail,4,refit,1024,512,20,bootstrap_jackknife,0.016160718280910053,0.00011811136998161927
cnn_dailymail,4,fixed,1024,1024,1,bootstrap,0.056444707946746976,0.0006428141789498555
cnn_dailymail,4,refit,1024,1024,1,bootstrap,0.022791845434971276,0.0002605437252642709
cnn_dailymail,4,fixed,1024,1024,1,bootstrap_jackknife,0.07546924413552938,0.0009356141663749022
cnn_dailymail,4,refit,1024,1024,1,bootstrap_jackknife,0.03050586163685542,0.00037927814526613233
cnn_dailymail,4,fixed,1024,1024,5,bootstrap,0.023008141174496746,0.0003101189668571866
cnn_dailymail,4,refit,1024,1024,5,bootstrap,0.023008141174496746,0.0003101189668571866
cnn_dailymail,4,fixed,1024,1024,5,bootstrap_jackknife,0.027153242799044724,0.0005471034385576835
cnn_dailymail,4,refit,1024,1024,5,bootstrap_jackknife,0.027153242799044724,0.0005471034385576835
cnn_dailymail,4,fixed,1024,1024,20,bootstrap,0.007217937872998149,0.0001117632228792066
cnn_dailymail,4,refit,1024,1024,20,bootstrap,0.015245878970791842,0.00023881337342989212
cnn_dailymail,4,fixed,1024,1024,20,bootstrap_jackknife,0.007777080548212939,0.00021052298278198423
cnn_dailymail,4,refit,1024,1024,20,bootstrap_jackknife,0.016422909574512336,0.00044905105627822254
cnn_dailymail,4,fixed,1024,2048,1,bootstrap,0.03438377821456586,0.0003976702219484116
cnn_dailymail,4,refit,1024,2048,1,bootstrap,0.01387284421573499,0.00015576195442152486
cnn_dailymail,4,fixed,1024,2048,1,bootstrap_jackknife,0.05034192183563401,0.0008276525314644461
cnn_dailymail,4,refit,1024,2048,1,bootstrap_jackknife,0.02032002982765589,0.0003285402867006675
cnn_dailymail,4,fixed,1024,2048,5,bootstrap,0.018428045164396497,0.00019380124494787184
cnn_dailymail,4,refit,1024,2048,5,bootstrap,0.018428045164396497,0.00019380124494787184
cnn_dailymail,4,fixed,1024,2048,5,bootstrap_jackknife,0.02369271210857737,0.0004216416065676526
cnn_dailymail,4,refit,1024,2048,5,bootstrap_jackknife,0.02369271210857737,0.0004216416065676526
cnn_dailymail,4,fixed,1024,2048,20,bootstrap,0.006891425960136886,6.885934954633786e-05
cnn_dailymail,4,refit,1024,2048,20,bootstrap,0.014557847879399283,0.0001450576436925338
cnn_dailymail,4,fixed,1024,2048,20,bootstrap_jackknife,0.007841269529614362,0.00015462406818225668
cnn_dailymail,4,refit,1024,2048,20,bootstrap_jackknife,0.01655874736096824,0.00032293731869276627
cnn_dailymail,4,fixed,1024,4096,1,bootstrap,0.017552787128250803,0.00012886711758402028
cnn_dailymail,4,refit,1024,4096,1,bootstrap,0.0070885931179967875,5.076458129548715e-05
cnn_dailymail,4,fixed,1024,4096,1,bootstrap_jackknife,0.026448573728114377,0.00023420902642301146
cnn_dailymail,4,refit,1024,4096,1,bootstrap_jackknife,0.010690850616765052,9.204717475994265e-05
cnn_dailymail,4,fixed,1024,4096,5,bootstrap,0.01269530023710766,0.00011839755258303674
cnn_dailymail,4,refit,1024,4096,5,bootstrap,0.01269530023710766,0.00011839755258303674
cnn_dailymail,4,fixed,1024,4096,5,bootstrap_jackknife,0.017627464692091588,0.00021460157698228105
cnn_dailymail,4,refit,1024,4096,5,bootstrap_jackknife,0.017627464692091588,0.00021460157698228105
cnn_dailymail,4,fixed,1024,4096,20,bootstrap,0.005986929190866598,5.806383738887477e-05
cnn_dailymail,4,refit,1024,4096,20,bootstrap,0.012641320498287978,0.00011945684948239207
cnn_dailymail,4,fixed,1024,4096,20,bootstrap_jackknife,0.007227360953344143,0.00011709223011118484
cnn_dailymail,4,refit,1024,4096,20,bootstrap_jackknife,0.015252439778911301,0.0002405325510325622
cnn_dailymail,4,fixed,2048,512,1,bootstrap,0.08537357142305661,7.668153114376036e-05
cnn_dailymail,4,refit,2048,512,1,bootstrap,0.034474716595831616,3.021461869257484e-05
cnn_dailymail,4,fixed,2048,512,1,bootstrap_jackknife,0.09372464501898885,0.00011488412856208788
cnn_dailymail,4,refit,2048,512,1,bootstrap_jackknife,0.03786298779072208,5.900507830121305e-05
cnn_dailymail,4,fixed,2048,512,5,bootstrap,0.026843749599552394,0.0001043019260115284
cnn_dailymail,4,refit,2048,512,5,bootstrap,0.026843749599552394,0.0001043019260115284
cnn_dailymail,4,fixed,2048,512,5,bootstrap_jackknife,0.027735899491593486,0.0001694315137692431
cnn_dailymail,4,refit,2048,512,5,bootstrap_jackknife,0.027735899491593486,0.0001694315137692431
cnn_dailymail,4,fixed,2048,512,20,bootstrap,0.007297335303771284,3.5389285420196066e-05
cnn_dailymail,4,refit,2048,512,20,bootstrap,0.0154047683476677,7.499624117851227e-05
cnn_dailymail,4,fixed,2048,512,20,bootstrap_jackknife,0.007249934576351413,6.983509108026204e-05
cnn_dailymail,4,refit,2048,512,20,bootstrap_jackknife,0.0152947016446615,0.00015028088594556285
cnn_dailymail,4,fixed,2048,1024,1,bootstrap,0.07070399468843265,0.0002580106753187585
cnn_dailymail,4,refit,2048,1024,1,bootstrap,0.028572575641687154,0.00010153339650678704
cnn_dailymail,4,fixed,2048,1024,1,bootstrap_jackknife,0.08376254157567604,0.00033932469628046217
cnn_dailymail,4,refit,2048,1024,1,bootstrap_jackknife,0.03385551897497081,0.00013071540871427344
cnn_dailymail,4,fixed,2048,1024,5,bootstrap,0.02560767471431073,4.2276294176270935e-05
cnn_dailymail,4,refit,2048,1024,5,bootstrap,0.02560767471431073,4.2276294176270935e-05
cnn_dailymail,4,fixed,2048,1024,5,bootstrap_jackknife,0.028128722034159073,2.288679254898969e-05
cnn_dailymail,4,refit,2048,1024,5,bootstrap_jackknife,0.028128722034159073,2.288679254898969e-05
cnn_dailymail,4,fixed,2048,1024,20,bootstrap,0.007491281306501789,4.904135242469427e-06
cnn_dailymail,4,refit,2048,1024,20,bootstrap,0.015811457011398355,6.302653835851345e-06
cnn_dailymail,4,fixed,2048,1024,20,bootstrap_jackknife,0.007812991094200519,2.7142959334110183e-05
cnn_dailymail,4,refit,2048,1024,20,bootstrap_jackknife,0.01647826205757369,5.236061511901526e-05
cnn_dailymail,4,fixed,2048,2048,1,bootstrap,0.05030952240118094,0.00019959219428918775
cnn_dailymail,4,refit,2048,2048,1,bootstrap,0.02033232636276158,7.673381198563174e-05
cnn_dailymail,4,fixed,2048,2048,1,bootstrap_jackknife,0.06576870830778092,0.00047979367979520364
cnn_dailymail,4,refit,2048,2048,1,bootstrap_jackknife,0.026585123293682084,0.0001864734641397996
cnn_dailymail,4,fixed,2048,2048,5,bootstrap,0.02188589372051652,8.105584385063823e-05
cnn_dailymail,4,refit,2048,2048,5,bootstrap,0.02188589372051652,8.105584385063823e-05
cnn_dailymail,4,fixed,2048,2048,5,bootstrap_jackknife,0.0254591420798455,0.0002583154043514497
cnn_dailymail,4,refit,2048,2048,5,bootstrap_jackknife,0.0254591420798455,0.0002583154043514497
cnn_dailymail,4,fixed,2048,2048,20,bootstrap,0.007269661182875559,3.1913215344740227e-05
cnn_dailymail,4,refit,2048,2048,20,bootstrap,0.015337996077447983,6.864646408165412e-05
cnn_dailymail,4,fixed,2048,2048,20,bootstrap_jackknife,0.007785387980143124,0.0001092874803460027
cnn_dailymail,4,refit,2048,2048,20,bootstrap_jackknife,0.016418849741810595,0.000232309534372698
cnn_dailymail,4,fixed,2048,4096,1,bootstrap,0.03001049974645466,7.948066057998881e-05
cnn_dailymail,4,refit,2048,4096,1,bootstrap,0.012127360495056779,3.425400410449277e-05
cnn_dailymail,4,fixed,2048,4096,1,bootstrap_jackknife,0.04253775861690786,0.000400755467061623
cnn_dailymail,4,refit,2048,4096,1,bootstrap_jackknife,0.017192588887398743,0.00016326548382872058
cnn_dailymail,4,fixed,2048,4096,5,bootstrap,0.01666005586970379,6.13866583219547e-05
cnn_dailymail,4,refit,2048,4096,5,bootstrap,0.01666005586970379,6.13866583219547e-05
cnn_dailymail,4,fixed,2048,4096,5,bootstrap_jackknife,0.020711850543515296,0.0002424560277747191
cnn_dailymail,4,refit,2048,4096,5,bootstrap_jackknife,0.020711850543515296,0.0002424560277747191
cnn_dailymail,4,fixed,2048,4096,20,bootstrap,0.006623381370424515,1.5982055874526838e-05
cnn_dailymail,4,refit,2048,4096,20,bootstrap,0.013969780457519133,3.186752035402998e-05
cnn_dailymail,4,fixed,2048,4096,20,bootstrap_jackknife,0.007334429593384241,7.997111707085665e-05
cnn_dailymail,4,refit,2048,4096,20,bootstrap_jackknife,0.015458568530836958,0.0001719257663139802
cnn_dailymail,4,fixed,4096,512,1,bootstrap,0.0900824829830889,0.0002426525648653711
cnn_dailymail,4,refit,4096,512,1,bootstrap,0.03636711499679002,0.0001011180076664519
cnn_dailymail,4,fixed,4096,512,1,bootstrap_jackknife,0.09475621517287884,0.00044192374077212245
cnn_dailymail,4,refit,4096,512,1,bootstrap_jackknife,0.03826994805779118,0.00018885110959531242
cnn_dailymail,4,fixed,4096,512,5,bootstrap,0.02752184008079471,0.00013596289959711067
cnn_dailymail,4,refit,4096,512,5,bootstrap,0.02752184008079471,0.00013596289959711067
cnn_dailymail,4,fixed,4096,512,5,bootstrap_jackknife,0.0280171225971193,0.00031949615159537965
cnn_dailymail,4,refit,4096,512,5,bootstrap_jackknife,0.0280171225971193,0.00031949615159537965
cnn_dailymail,4,fixed,4096,512,20,bootstrap,0.0073584595075500735,3.1064293009495816e-05
cnn_dailymail,4,refit,4096,512,20,bootstrap,0.01553882551933212,6.349147459249697e-05
cnn_dailymail,4,fixed,4096,512,20,bootstrap_jackknife,0.0073369195090906,0.0001026038851230267
cnn_dailymail,4,refit,4096,512,20,bootstrap_jackknife,0.015493499251354298,0.0002105044583471536
cnn_dailymail,4,fixed,4096,1024,1,bootstrap,0.07808201018850236,0.0003946272137946017
cnn_dailymail,4,refit,4096,1024,1,bootstrap,0.031548089953427776,0.0001567231183528745
cnn_dailymail,4,fixed,4096,1024,1,bootstrap_jackknife,0.08552071850346943,0.0007996950308189201
cnn_dailymail,4,refit,4096,1024,1,bootstrap_jackknife,0.03456741328516761,0.000321607937396287
cnn_dailymail,4,fixed,4096,1024,5,bootstrap,0.026730067003667243,0.00017909934251750592
cnn_dailymail,4,refit,4096,1024,5,bootstrap,0.026730067003667243,0.00017909934251750592
cnn_dailymail,4,fixed,4096,1024,5,bootstrap_jackknife,0.028018033710918756,0.0003392428738689662
cnn_dailymail,4,refit,4096,1024,5,bootstrap_jackknife,0.028018033710918756,0.0003392428738689662
cnn_dailymail,4,fixed,4096,1024,20,bootstrap,0.007604452622423214,5.493006606397827e-05
cnn_dailymail,4,refit,4096,1024,20,bootstrap,0.016049329732199247,0.00011363207051068769
cnn_dailymail,4,fixed,4096,1024,20,bootstrap_jackknife,0.007748490947345632,9.635367161970929e-05
cnn_dailymail,4,refit,4096,1024,20,bootstrap_jackknife,0.01634658016925305,0.0002017695962420388
cnn_dailymail,4,fixed,4096,2048,1,bootstrap,0.060917059202334256,0.0004413039663138222
cnn_dailymail,4,refit,4096,2048,1,bootstrap,0.024610776626867226,0.00018303204021614556
cnn_dailymail,4,fixed,4096,2048,1,bootstrap_jackknife,0.07126720075676306,0.000804090865849099
cnn_dailymail,4,refit,4096,2048,1,bootstrap_jackknife,0.028788827846737225,0.0003315462455685072
cnn_dailymail,4,fixed,4096,2048,5,bootstrap,0.023966394875323704,0.00017119860737508497
cnn_dailymail,4,refit,4096,2048,5,bootstrap,0.023966394875323704,0.00017119860737508497
cnn_dailymail,4,fixed,4096,2048,5,bootstrap_jackknife,0.0261649466542295,0.0003161748510595249
cnn_dailymail,4,refit,4096,2048,5,bootstrap_jackknife,0.0261649466542295,0.0003161748510595249
cnn_dailymail,4,fixed,4096,2048,20,bootstrap,0.007534642344836717,4.193132848890119e-05
cnn_dailymail,4,refit,4096,2048,20,bootstrap,0.015898065907210903,8.608326357878668e-05
cnn_dailymail,4,fixed,4096,2048,20,bootstrap_jackknife,0.00787064846681728,8.539071540767907e-05
cnn_dailymail,4,refit,4096,2048,20,bootstrap_jackknife,0.016599116500718398,0.00017725422082391965
cnn_dailymail,4,fixed,4096,4096,1,bootstrap,0.04115887359689743,0.00021627784708159396
cnn_dailymail,4,refit,4096,4096,1,bootstrap,0.016613294157038584,9.199003802975226e-05
cnn_dailymail,4,fixed,4096,4096,1,bootstrap_jackknife,0.05192564289447046,0.0005139888548805758
cnn_dailymail,4,refit,4096,4096,1,bootstrap_jackknife,0.02095355213343593,0.00021672660661389346
cnn_dailymail,4,fixed,4096,4096,5,bootstrap,0.019345652971190046,6.768519086744824e-05
cnn_dailymail,4,refit,4096,4096,5,bootstrap,0.019345652971190046,6.768519086744824e-05
cnn_dailymail,4,fixed,4096,4096,5,bootstrap_jackknife,0.021915992786787245,0.00015997326077610847
cnn_dailymail,4,refit,4096,4096,5,bootstrap_jackknife,0.021915992786787245,0.00015997326077610847
cnn_dailymail,4,fixed,4096,4096,20,bootstrap,0.0070350661760240326,1.9386434616254336e-05
cnn_dailymail,4,refit,4096,4096,20,bootstrap,0.014834441943082519,3.806422828718394e-05
cnn_dailymail,4,fixed,4096,4096,20,bootstrap_jackknife,0.007433778680298445,4.430920452534699e-05
cnn_dailymail,4,refit,4096,4096,20,bootstrap_jackknife,0.01566159240244039,8.74239372225901e-05
cnn_dailymail,4,fixed,8192,512,1,bootstrap,0.09237890480792817,0.00016123059647082903
cnn_dailymail,4,refit,8192,512,1,bootstrap,0.03728695710877783,6.663074142202708e-05
cnn_dailymail,4,fixed,8192,512,1,bootstrap_jackknife,0.0951313874615563,0.00041604011322902035
cnn_dailymail,4,refit,8192,512,1,bootstrap_jackknife,0.03839943717170908,0.00016758090225011733
cnn_dailymail,4,fixed,8192,512,5,bootstrap,0.027940447373755752,2.5355454240110343e-05
cnn_dailymail,4,refit,8192,512,5,bootstrap,0.027940447373755752,2.5355454240110343e-05
cnn_dailymail,4,fixed,8192,512,5,bootstrap_jackknife,0.0284168645045004,8.597558923879929e-05
cnn_dailymail,4,refit,8192,512,5,bootstrap_jackknife,0.0284168645045004,8.597558923879929e-05
cnn_dailymail,4,fixed,8192,512,20,bootstrap,0.007473930970030125,1.1273670364915304e-05
cnn_dailymail,4,refit,8192,512,20,bootstrap,0.015780473303283086,1.720743041404132e-05
cnn_dailymail,4,fixed,8192,512,20,bootstrap_jackknife,0.0075557048216233985,3.538424399132488e-05
cnn_dailymail,4,refit,8192,512,20,bootstrap_jackknife,0.01595940213553981,6.561156804159519e-05
cnn_dailymail,4,fixed,8192,1024,1,bootstrap,0.08200925577485522,1.2965053818162993e-05
cnn_dailymail,4,refit,8192,1024,1,bootstrap,0.03313186170747657,9.666043344386532e-06
cnn_dailymail,4,fixed,8192,1024,1,bootstrap_jackknife,0.08579341937971748,0.00030311898109895355
cnn_dailymail,4,refit,8192,1024,1,bootstrap_jackknife,0.034654027914990386,0.00013589947580127501
cnn_dailymail,4,fixed,8192,1024,5,bootstrap,0.027143551905315977,9.786812388005834e-06
cnn_dailymail,4,refit,8192,1024,5,bootstrap,0.027143551905315977,9.786812388005834e-06
cnn_dailymail,4,fixed,8192,1024,5,bootstrap_jackknife,0.027784522709112577,0.0001478401099166925
cnn_dailymail,4,refit,8192,1024,5,bootstrap_jackknife,0.027784522709112577,0.0001478401099166925
cnn_dailymail,4,fixed,8192,1024,20,bootstrap,0.007564970662275783,9.7233047290358e-06
cnn_dailymail,4,refit,8192,1024,20,bootstrap,0.015975309811678842,1.6561841708465e-05
cnn_dailymail,4,fixed,8192,1024,20,bootstrap_jackknife,0.007614142847578155,4.9220081094186704e-05
cnn_dailymail,4,refit,8192,1024,20,bootstrap_jackknife,0.01608516513180769,9.668264142466968e-05
cnn_dailymail,4,fixed,8192,2048,1,bootstrap,0.06688919618385665,0.00012090057995951394
cnn_dailymail,4,refit,8192,2048,1,bootstrap,0.027024147103429375,5.315705255614485e-05
cnn_dailymail,4,fixed,8192,2048,1,bootstrap_jackknife,0.07249777689524416,0.000489335852290749
cnn_dailymail,4,refit,8192,2048,1,bootstrap_jackknife,0.029291081283936315,0.00020492384032393235
cnn_dailymail,4,fixed,8192,2048,5,bootstrap,0.024831170463849906,7.514524952595427e-06
cnn_dailymail,4,refit,8192,2048,5,bootstrap,0.024831170463849906,7.514524952595427e-06
cnn_dailymail,4,fixed,8192,2048,5,bootstrap_jackknife,0.02580963306836757,0.00011248004445236867
cnn_dailymail,4,refit,8192,2048,5,bootstrap_jackknife,0.02580963306836757,0.00011248004445236867
cnn_dailymail,4,fixed,8192,2048,20,bootstrap,0.007565404334279124,4.1268947561915195e-06
cnn_dailymail,4,refit,8192,2048,20,bootstrap,0.015970810931794626,4.16930483506943e-06
cnn_dailymail,4,fixed,8192,2048,20,bootstrap_jackknife,0.007675615866892807,3.130939837441704e-05
cnn_dailymail,4,refit,8192,2048,20,bootstrap_jackknife,0.016206131275159637,5.333834441797432e-05
cnn_dailymail,4,fixed,8192,4096,1,bootstrap,0.04987239294327044,0.00010137083979508399
cnn_dailymail,4,refit,8192,4096,1,bootstrap,0.02012507089196212,4.034894851598267e-05
cnn_dailymail,4,fixed,8192,4096,1,bootstrap_jackknife,0.057143324767119086,0.00015941915793410492
cnn_dailymail,4,refit,8192,4096,1,bootstrap_jackknife,0.02305362322021469,6.51214338869971e-05
cnn_dailymail,4,fixed,8192,4096,5,bootstrap,0.021226142320462636,3.549953872882724e-05
cnn_dailymail,4,refit,8192,4096,5,bootstrap,0.021226142320462636,3.549953872882724e-05
cnn_dailymail,4,fixed,8192,4096,5,bootstrap_jackknife,0.022776911864654675,0.00011852594813406297
cnn_dailymail,4,refit,8192,4096,5,bootstrap_jackknife,0.022776911864654675,0.00011852594813406297
cnn_dailymail,4,fixed,8192,4096,20,bootstrap,0.007298589626456301,2.5511399584490428e-05
cnn_dailymail,4,refit,8192,4096,20,bootstrap,0.015390972365230822,5.413467953166535e-05
cnn_dailymail,4,fixed,8192,4096,20,bootstrap_jackknife,0.007532274146148037,7.776773475288806e-05
cnn_dailymail,4,refit,8192,4096,20,bootstrap_jackknife,0.015881733142641265,0.00016422877089210987
cnn_dailymail,5,fixed,1024,512,1,bootstrap,0.07515899370575081,0.0009169831043074574
cnn_dailymail,5,refit,1024,512,1,bootstrap,0.030300371557460612,0.00037083152367468387
cnn_dailymail,5,fixed,1024,512,1,bootstrap_jackknife,0.09116471842634401,0.0018400095742699529
cnn_dailymail,5,refit,1024,512,1,bootstrap_jackknife,0.036759968124584784,0.0007437204756291485
cnn_dailymail,5,fixed,1024,512,5,bootstrap,0.025503349802952418,0.0003101462977914576
cnn_dailymail,5,refit,1024,512,5,bootstrap,0.025503349802952418,0.0003101462977914576
cnn_dailymail,5,fixed,1024,512,5,bootstrap_jackknife,0.02840233908627444,0.0006152966612026985
cnn_dailymail,5,refit,1024,512,5,bootstrap_jackknife,0.02840233908627444,0.0006152966612026985
cnn_dailymail,5,fixed,1024,512,20,bootstrap,0.007258238550301148,9.602840693284748e-05
cnn_dailymail,5,refit,1024,512,20,bootstrap,0.015318154594987083,0.00019800345950814031
cnn_dailymail,5,fixed,1024,512,20,bootstrap_jackknife,0.00760980320713054,0.00017661067594485573
cnn_dailymail,5,refit,1024,512,20,bootstrap_jackknife,0.016048072478502873,0.00036168415617504916
cnn_dailymail,5,fixed,1024,1024,1,bootstrap,0.05626636774354981,0.00012043623841802924
cnn_dailymail,5,refit,1024,1024,1,bootstrap,0.02269847277648762,4.990653247145566e-05
cnn_dailymail,5,fixed,1024,1024,1,bootstrap_jackknife,0.07493586671363543,0.00041741195962559065
cnn_dailymail,5,refit,1024,1024,1,bootstrap_jackknife,0.030239142558264664,0.00017025152134712143
cnn_dailymail,5,fixed,1024,1024,5,bootstrap,0.022652548791018454,7.224957889820145e-05
cnn_dailymail,5,refit,1024,1024,5,bootstrap,0.022652548791018454,7.224957889820145e-05
cnn_dailymail,5,fixed,1024,1024,5,bootstrap_jackknife,0.026532560243061307,0.0003497158921246667
cnn_dailymail,5,refit,1024,1024,5,bootstrap_jackknife,0.026532560243061307,0.0003497158921246667
cnn_dailymail,5,fixed,1024,1024,20,bootstrap,0.007075259852392817,3.567875811102612e-05
cnn_dailymail,5,refit,1024,1024,20,bootstrap,0.014943148728398062,7.862733164435945e-05
cnn_dailymail,5,fixed,1024,1024,20,bootstrap_jackknife,0.007526993803931749,0.00014849500135779857
cnn_dailymail,5,refit,1024,1024,20,bootstrap_jackknife,0.015891159522390886,0.0003151109558075827
cnn_dailymail,5,fixed,1024,2048,1,bootstrap,0.03449514734357523,0.0003461569542234236
cnn_dailymail,5,refit,1024,2048,1,bootstrap,0.01391835462207768,0.00014237167539942773
cnn_dailymail,5,fixed,1024,2048,1,bootstrap_jackknife,0.051100756755049194,0.000743450276886589
cnn_dailymail,5,refit,1024,2048,1,bootstrap_jackknife,0.020630661940757838,0.0003044033909256499
cnn_dailymail,5,fixed,1024,2048,5,bootstrap,0.01804827226493363,0.00015922584217991482
cnn_dailymail,5,refit,1024,2048,5,bootstrap,0.01804827226493363,0.00015922584217991482
cnn_dailymail,5,fixed,1024,2048,5,bootstrap_jackknife,0.023341672407213812,0.000361166995196647
cnn_dailymail,5,refit,1024,2048,5,bootstrap_jackknife,0.023341672407213812,0.000361166995196647
cnn_dailymail,5,fixed,1024,2048,20,bootstrap,0.006669652361040835,6.275127791553379e-05
cnn_dailymail,5,refit,1024,2048,20,bootstrap,0.014086666831538114,0.00013286820681765536
cnn_dailymail,5,fixed,1024,2048,20,bootstrap_jackknife,0.007611583418974193,0.000145502163503546
cnn_dailymail,5,refit,1024,2048,20,bootstrap_jackknife,0.01606497115161901,0.0003096645264062618
cnn_dailymail,5,fixed,1024,4096,1,bootstrap,0.017011473452064458,0.0003327927646626632
cnn_dailymail,5,refit,1024,4096,1,bootstrap,0.006858176432627343,0.00013524222470162907
cnn_dailymail,5,fixed,1024,4096,1,bootstrap_jackknife,0.025784463327573778,0.0006450987042762479
cnn_dailymail,5,refit,1024,4096,1,bootstrap_jackknife,0.010402296989142518,0.0002641070797470872
cnn_dailymail,5,fixed,1024,4096,5,bootstrap,0.012232952616856077,0.00018059228387559088
cnn_dailymail,5,refit,1024,4096,5,bootstrap,0.012232952616856077,0.00018059228387559088
cnn_dailymail,5,fixed,1024,4096,5,bootstrap_jackknife,0.017006165035037116,0.0003489050468751981
cnn_dailymail,5,refit,1024,4096,5,bootstrap_jackknife,0.017006165035037116,0.0003489050468751981
cnn_dailymail,5,fixed,1024,4096,20,bootstrap,0.005739657593109252,6.756840636575711e-05
cnn_dailymail,5,refit,1024,4096,20,bootstrap,0.012129517833998687,0.00014184865862058266
cnn_dailymail,5,fixed,1024,4096,20,bootstrap_jackknife,0.006913110723973812,0.00013313555456707604
cnn_dailymail,5,refit,1024,4096,20,bootstrap_jackknife,0.014601798137647318,0.000275810842299788
cnn_dailymail,5,fixed,2048,512,1,bootstrap,0.08460770459852969,0.00020524377579580582
cnn_dailymail,5,refit,2048,512,1,bootstrap,0.03413722368097805,7.888897525913039e-05
cnn_dailymail,5,fixed,2048,512,1,bootstrap_jackknife,0.09410272752970794,0.0004412891777884229
cnn_dailymail,5,refit,2048,512,1,bootstrap_jackknife,0.037987890519470977,0.0001769154174112865
cnn_dailymail,5,fixed,2048,512,5,bootstrap,0.026853890950833067,2.5716645687227714e-05
cnn_dailymail,5,refit,2048,512,5,bootstrap,0.026853890950833067,2.5716645687227714e-05
cnn_dailymail,5,fixed,2048,512,5,bootstrap_jackknife,0.028396030699671754,0.00014244133107823358
cnn_dailymail,5,refit,2048,512,5,bootstrap_jackknife,0.028396030699671754,0.00014244133107823358
cnn_dailymail,5,fixed,2048,512,20,bootstrap,0.007373322003039956,3.5488020562362813e-07
cnn_dailymail,5,refit,2048,512,20,bootstrap,0.015562920732395694,5.661886979622408e-06
cnn_dailymail,5,fixed,2048,512,20,bootstrap_jackknife,0.007542326620492976,4.454574195634437e-05
cnn_dailymail,5,refit,2048,512,20,bootstrap_jackknife,0.01591790723186982,8.409941516280088e-05
cnn_dailymail,5,fixed,2048,1024,1,bootstrap,0.06941288867757514,0.00030585362420015774
cnn_dailymail,5,refit,2048,1024,1,bootstrap,0.028031308466305107,0.00011768752874394353
cnn_dailymail,5,fixed,2048,1024,1,bootstrap_jackknife,0.08243647222429092,0.000854566867801321
cnn_dailymail,5,refit,2048,1024,1,bootstrap_jackknife,0.0333145863064914,0.0003288114957458835
cnn_dailymail,5,fixed,2048,1024,5,bootstrap,0.025221860491107622,0.0001757122190850223
cnn_dailymail,5,refit,2048,1024,5,bootstrap,0.025221860491107622,0.0001757122190850223
cnn_dailymail,5,fixed,2048,1024,5,bootstrap_jackknife,0.027722568063266135,0.00047082771993009297
cnn_dailymail,5,refit,2048,1024,5,bootstrap_jackknife,0.027722568063266135,0.00047082771993009297
cnn_dailymail,5,fixed,2048,1024,20,bootstrap,0.00742439609314705,6.87897709206712e-05
cnn_dailymail,5,refit,2048,1024,20,bootstrap,0.015667282847530235,0.00014782464750295787
cnn_dailymail,5,fixed,2048,1024,20,bootstrap_jackknife,0.007739241020707613,0.0001813778132212776
cnn_dailymail,5,refit,2048,1024,20,bootstrap_jackknife,0.016322392819513986,0.00039203355773019056
cnn_dailymail,5,fixed,2048,2048,1,bootstrap,0.04974181678668884,0.0002650295485856109
cnn_dailymail,5,refit,2048,2048,1,bootstrap,0.020078110913672693,0.00010751096892617229
cnn_dailymail,5,fixed,2048,2048,1,bootstrap_jackknife,0.06533630330103513,0.0007188681839224208
cnn_dailymail,5,refit,2048,2048,1,bootstrap_jackknife,0.026385373046891234,0.0002923696547908805
cnn_dailymail,5,fixed,2048,2048,5,bootstrap,0.02159538699785807,0.00016685128190197172
cnn_dailymail,5,refit,2048,2048,5,bootstrap,0.02159538699785807,0.00016685128190197172
cnn_dailymail,5,fixed,2048,2048,5,bootstrap_jackknife,0.02519433413692668,0.00033753943160268006
cnn_dailymail,5,refit,2048,2048,5,bootstrap_jackknife,0.02519433413692668,0.00033753943160268006
cnn_dailymail,5,fixed,2048,2048,20,bootstrap,0.007182204875287774,7.004268071013646e-05
cnn_dailymail,5,refit,2048,2048,20,bootstrap,0.015163511722279803,0.00014629334012599486
cnn_dailymail,5,fixed,2048,2048,20,bootstrap_jackknife,0.007695766025527316,0.0001280359511028536
cnn_dailymail,5,refit,2048,2048,20,bootstrap_jackknife,0.016243385847742427,0.0002663692084464381
cnn_dailymail,5,fixed,2048,4096,1,bootstrap,0.02988509306482333,0.0002696530742978149
cnn_dailymail,5,refit,2048,4096,1,bootstrap,0.012065237326704947,0.00010549476280011266
cnn_dailymail,5,fixed,2048,4096,1,bootstrap_jackknife,0.04269171183660651,0.0006051912136964687
cnn_dailymail,5,refit,2048,4096,1,bootstrap_jackknife,0.017245404762090365,0.00023845080846364447
cnn_dailymail,5,fixed,2048,4096,5,bootstrap,0.01655844632252632,0.00013849777286131706
cnn_dailymail,5,refit,2048,4096,5,bootstrap,0.01655844632252632,0.00013849777286131706
cnn_dailymail,5,fixed,2048,4096,5,bootstrap_jackknife,0.020704327543419106,0.00028906275023133564
cnn_dailymail,5,refit,2048,4096,5,bootstrap_jackknife,0.020704327543419106,0.00028906275023133564
cnn_dailymail,5,fixed,2048,4096,20,bootstrap,0.006576362477781052,4.994261198548836e-05
cnn_dailymail,5,refit,2048,4096,20,bootstrap,0.013879947650409527,0.00010574650641394753
cnn_dailymail,5,fixed,2048,4096,20,bootstrap_jackknife,0.007300996284421859,9.969030248984386e-05
cnn_dailymail,5,refit,2048,4096,20,bootstrap_jackknife,0.015396853386746618,0.000208489728999869
cnn_dailymail,5,fixed,4096,512,1,bootstrap,0.08844011070476758,0.0002284044401482931
cnn_dailymail,5,refit,4096,512,1,bootstrap,0.03567285365697021,9.442180418353264e-05
cnn_dailymail,5,fixed,4096,512,1,bootstrap_jackknife,0.09285032414606575,0.000475895091956295
cnn_dailymail,5,refit,4096,512,1,bootstrap_jackknife,0.037448700596023864,0.000192913291963423
cnn_dailymail,5,fixed,4096,512,5,bootstrap,0.02725357131079653,9.068644754167648e-05
cnn_dailymail,5,refit,4096,512,5,bootstrap,0.02725357131079653,9.068644754167648e-05
cnn_dailymail,5,fixed,4096,512,5,bootstrap_jackknife,0.027866942882600415,0.0001885119174435227
cnn_dailymail,5,refit,4096,512,5,bootstrap_jackknife,0.027866942882600415,0.0001885119174435227
cnn_dailymail,5,fixed,4096,512,20,bootstrap,0.007385024638050523,3.833865075935143e-05
cnn_dailymail,5,refit,4096,512,20,bootstrap,0.015583855242125128,7.718951166264014e-05
cnn_dailymail,5,fixed,4096,512,20,bootstrap_jackknife,0.007423898835413786,7.491673269847035e-05
cnn_dailymail,5,refit,4096,512,20,bootstrap_jackknife,0.01565634072109845,0.00015024398180196941
cnn_dailymail,5,fixed,4096,1024,1,bootstrap,0.07709492742119445,0.00042280916171115397
cnn_dailymail,5,refit,4096,1024,1,bootstrap,0.03112317248068892,0.00017620624395343123
cnn_dailymail,5,fixed,4096,1024,1,bootstrap_jackknife,0.08474930221598144,0.0009486631772483195
cnn_dailymail,5,refit,4096,1024,1,bootstrap_jackknife,0.03420658431991069,0.0003942591046822644
cnn_dailymail,5,fixed,4096,1024,5,bootstrap,0.026320459622690476,0.00015485552652837683
cnn_dailymail,5,refit,4096,1024,5,bootstrap,0.026320459622690476,0.00015485552652837683
cnn_dailymail,5,fixed,4096,1024,5,bootstrap_jackknife,0.027707983686534876,0.00035597222868911867
cnn_dailymail,5,refit,4096,1024,5,bootstrap_jackknife,0.027707983686534876,0.00035597222868911867
cnn_dailymail,5,fixed,4096,1024,20,bootstrap,0.0074834271699853695,4.446977629794667e-05
cnn_dailymail,5,refit,4096,1024,20,bootstrap,0.01580182709556623,9.12999700766273e-05
cnn_dailymail,5,fixed,4096,1024,20,bootstrap_jackknife,0.007660156422861213,9.531207254108627e-05
cnn_dailymail,5,refit,4096,1024,20,bootstrap_jackknife,0.01617002664164547,0.00019678583564592845
cnn_dailymail,5,fixed,4096,2048,1,bootstrap,0.06013392024252928,0.0005589918404965808
cnn_dailymail,5,refit,4096,2048,1,bootstrap,0.02427811102680281,0.00023023629049103003
cnn_dailymail,5,fixed,4096,2048,1,bootstrap_jackknife,0.06978957970641718,0.0011754446138749683
cnn_dailymail,5,refit,4096,2048,1,bootstrap_jackknife,0.028172403635052006,0.0004892015570806616
cnn_dailymail,5,fixed,4096,2048,5,bootstrap,0.023405683286119253,0.00018576181122110009
cnn_dailymail,5,refit,4096,2048,5,bootstrap,0.023405683286119253,0.00018576181122110009
cnn_dailymail,5,fixed,4096,2048,5,bootstrap_jackknife,0.02512219645791619,0.00043851654810721577
cnn_dailymail,5,refit,4096,2048,5,bootstrap_jackknife,0.02512219645791619,0.00043851654810721577
cnn_dailymail,5,fixed,4096,2048,20,bootstrap,0.007339394770022712,5.876718867537179e-05
cnn_dailymail,5,refit,4096,2048,20,bootstrap,0.015500248531530156,0.00012171643374375654
cnn_dailymail,5,fixed,4096,2048,20,bootstrap_jackknife,0.007507279113882004,0.00013676367092024794
cnn_dailymail,5,refit,4096,2048,20,bootstrap_jackknife,0.01585060523910664,0.00028561570143267233
cnn_dailymail,5,fixed,4096,4096,1,bootstrap,0.042108468328677706,0.00015041321857645393
cnn_dailymail,5,refit,4096,4096,1,bootstrap,0.016988311827682494,5.952061647387427e-05
cnn_dailymail,5,fixed,4096,4096,1,bootstrap_jackknife,0.05396975926921105,0.0005735239974810223
cnn_dailymail,5,refit,4096,4096,1,bootstrap_jackknife,0.021768739761025696,0.0002290638926893355
cnn_dailymail,5,fixed,4096,4096,5,bootstrap,0.019342639675117207,5.823922631950212e-05
cnn_dailymail,5,refit,4096,4096,5,bootstrap,0.019342639675117207,5.823922631950212e-05
cnn_dailymail,5,fixed,4096,4096,5,bootstrap_jackknife,0.022120907565207387,0.00022086750221510934
cnn_dailymail,5,refit,4096,4096,5,bootstrap_jackknife,0.022120907565207387,0.00022086750221510934
cnn_dailymail,5,fixed,4096,4096,20,bootstrap,0.006962881899373934,8.325712643990661e-06
cnn_dailymail,5,refit,4096,4096,20,bootstrap,0.01470121280564417,1.910984273402909e-05
cnn_dailymail,5,fixed,4096,4096,20,bootstrap_jackknife,0.007385795041582246,4.4285927979630544e-05
cnn_dailymail,5,refit,4096,4096,20,bootstrap_jackknife,0.015591925168922617,9.922379231254563e-05
cnn_dailymail,5,fixed,8192,512,1,bootstrap,0.09191915846586918,9.758493484645869e-05
cnn_dailymail,5,refit,8192,512,1,bootstrap,0.037077675772305356,3.4294042173913844e-05
cnn_dailymail,5,fixed,8192,512,1,bootstrap_jackknife,0.09443703469562152,0.00046959910756150003
cnn_dailymail,5,refit,8192,512,1,bootstrap_jackknife,0.03809520904438421,0.00018023494215616852
cnn_dailymail,5,fixed,8192,512,5,bootstrap,0.02796130020398975,2.6745183318122057e-05
cnn_dailymail,5,refit,8192,512,5,bootstrap,0.02796130020398975,2.6745183318122057e-05
cnn_dailymail,5,fixed,8192,512,5,bootstrap_jackknife,0.028346580459279538,7.580229839200097e-05
cnn_dailymail,5,refit,8192,512,5,bootstrap_jackknife,0.028346580459279538,7.580229839200097e-05
cnn_dailymail,5,fixed,8192,512,20,bootstrap,0.007478271273993766,1.0461590980182653e-05
cnn_dailymail,5,refit,8192,512,20,bootstrap,0.015785502676862292,2.3573680789574162e-05
cnn_dailymail,5,fixed,8192,512,20,bootstrap_jackknife,0.007513983368805187,5.097377377970856e-05
cnn_dailymail,5,refit,8192,512,20,bootstrap_jackknife,0.015859701181842056,0.00010477917467014001
cnn_dailymail,5,fixed,8192,1024,1,bootstrap,0.08116852393890571,4.7905489090239374e-05
cnn_dailymail,5,refit,8192,1024,1,bootstrap,0.032779457709823025,2.4638921066949585e-05
cnn_dailymail,5,fixed,8192,1024,1,bootstrap_jackknife,0.08498597461647478,0.0002987062616084624
cnn_dailymail,5,refit,8192,1024,1,bootstrap_jackknife,0.034322974343362005,0.00013427032360416378
cnn_dailymail,5,fixed,8192,1024,5,bootstrap,0.02714248298995182,8.491396865880789e-05
cnn_dailymail,5,refit,8192,1024,5,bootstrap,0.02714248298995182,8.491396865880789e-05
cnn_dailymail,5,fixed,8192,1024,5,bootstrap_jackknife,0.027802008816841927,0.0001332965184873034
cnn_dailymail,5,refit,8192,1024,5,bootstrap_jackknife,0.027802008816841927,0.0001332965184873034
cnn_dailymail,5,fixed,8192,1024,20,bootstrap,0.007623719559305933,3.498770260835503e-05
cnn_dailymail,5,refit,8192,1024,20,bootstrap,0.016098027806209458,7.660228660553993e-05
cnn_dailymail,5,fixed,8192,1024,20,bootstrap_jackknife,0.007714174433248851,3.8396821911361294e-05
cnn_dailymail,5,refit,8192,1024,20,bootstrap_jackknife,0.016284832239247867,9.013157393468132e-05
cnn_dailymail,5,fixed,8192,2048,1,bootstrap,0.06623384063640307,0.0004186870010651483
cnn_dailymail,5,refit,8192,2048,1,bootstrap,0.02674467036522714,0.00017153269401481213
cnn_dailymail,5,fixed,8192,2048,1,bootstrap_jackknife,0.0720398514307961,0.0009181384171508335
cnn_dailymail,5,refit,8192,2048,1,bootstrap_jackknife,0.029080898092563128,0.00037846510730357507
cnn_dailymail,5,fixed,8192,2048,5,bootstrap,0.02475760874577752,0.00016282533066777058
cnn_dailymail,5,refit,8192,2048,5,bootstrap,0.02475760874577752,0.00016282533066777058
cnn_dailymail,5,fixed,8192,2048,5,bootstrap_jackknife,0.02586366247898354,0.00031207389193070606
cnn_dailymail,5,refit,8192,2048,5,bootstrap_jackknife,0.02586366247898354,0.00031207389193070606
cnn_dailymail,5,fixed,8192,2048,20,bootstrap,0.007603034220796396,5.202778363137612e-05
cnn_dailymail,5,refit,8192,2048,20,bootstrap,0.01606093460485644,0.00010919596137887176
cnn_dailymail,5,fixed,8192,2048,20,bootstrap_jackknife,0.0077505186758597576,9.422249218258521e-05
cnn_dailymail,5,refit,8192,2048,20,bootstrap_jackknife,0.016384378139845345,0.000198689402569118
cnn_dailymail,5,fixed,8192,4096,1,bootstrap,0.0496336113976343,3.460169769125511e-05
cnn_dailymail,5,refit,8192,4096,1,bootstrap,0.020039022932204133,1.6374358024362635e-05
cnn_dailymail,5,fixed,8192,4096,1,bootstrap_jackknife,0.056946505904754786,3.478490084571446e-05
cnn_dailymail,5,refit,8192,4096,1,bootstrap_jackknife,0.02298861124964176,1.9388940395704502e-05
cnn_dailymail,5,fixed,8192,4096,5,bootstrap,0.021028796953740825,6.785339113342947e-05
cnn_dailymail,5,refit,8192,4096,5,bootstrap,0.021028796953740825,6.785339113342947e-05
cnn_dailymail,5,fixed,8192,4096,5,bootstrap_jackknife,0.02247129734013294,0.0001395486450080209
cnn_dailymail,5,refit,8192,4096,5,bootstrap_jackknife,0.02247129734013294,0.0001395486450080209
cnn_dailymail,5,fixed,8192,4096,20,bootstrap,0.0072567024713821844,3.0343514375003658e-05
cnn_dailymail,5,refit,8192,4096,20,bootstrap,0.015310720571297785,6.507391088467203e-05
cnn_dailymail,5,fixed,8192,4096,20,bootstrap_jackknife,0.007433487966148977,6.040062317694553e-05
cnn_dailymail,5,refit,8192,4096,20,bootstrap_jackknife,0.015679973161476807,0.0001279564528429883
