corpus,bank,m,n,alpha,below_alpha,mean_unigram_share
tinystories,0,1024,512,0.5,0.030105292060924552,0.063572096050909
tinystories,0,1024,1024,0.5,0.030105292060924552,0.0492434643360501
tinystories,0,1024,2048,0.5,0.030105292060924552,0.04053175741076181
tinystories,0,1024,4096,0.5,0.030105292060924552,0.03558628128427325
tinystories,0,1024,512,1,0.045483974849912845,0.08546035453141411
tinystories,0,1024,1024,1,0.030105292060924552,0.063572096050909
tinystories,0,1024,2048,1,0.030105292060924552,0.0492434643360501
tinystories,0,1024,4096,1,0.030105292060924552,0.04053175741076181
tinystories,0,1024,512,2,0.07034614271416285,0.11668755039636879
tinystories,0,1024,1024,2,0.045483974849912845,0.08546035453141411
tinystories,0,1024,2048,2,0.030105292060924552,0.063572096050909
tinystories,0,1024,4096,2,0.030105292060924552,0.0492434643360501
tinystories,0,1024,512,5,0.12941340516322505,0.17449743721090305
tinystories,0,1024,1024,5,0.08129631800259852,0.12896808365918772
tinystories,0,1024,2048,5,0.05976795596065927,0.0944173479442973
tinystories,0,1024,4096,5,0.045483974849912845,0.06970247072219997
tinystories,0,1024,512,10,0.1875574428761516,0.2313548269206888
tinystories,0,1024,1024,10,0.12941340516322505,0.17449743721090305
tinystories,0,1024,2048,10,0.08129631800259852,0.12896808365918772
tinystories,0,1024,4096,10,0.05976795596065927,0.0944173479442973
tinystories,0,1024,512,20,0.26676847356830674,0.299142637929194
tinystories,0,1024,1024,20,0.1875574428761516,0.2313548269206888
tinystories,0,1024,2048,20,0.12941340516322505,0.17449743721090305
tinystories,0,1024,4096,20,0.08129631800259852,0.12896808365918772
tinystories,0,1024,512,50,0.3751704528906698,0.40389937648499497
tinystories,0,1024,1024,50,0.2888923408748554,0.32315549325469134
tinystories,0,1024,2048,50,0.21016997610096544,0.2520193340458056
tinystories,0,1024,4096,50,0.15237220940155183,0.1915714843694356
tinystories,0,2048,512,0.5,0.02680758599915596,0.05607213086548238
tinystories,0,2048,1024,0.5,0.019393917702269392,0.041027128435602474
tinystories,0,2048,2048,0.5,0.019393917702269392,0.031541359766989824
tinystories,0,2048,4096,0.5,0.019393917702269392,0.025932995763344346
tinystories,0,2048,512,1,0.043173988086286995,0.078538402544881
tinystories,0,2048,1024,1,0.02680758599915596,0.05607213086548238
tinystories,0,2048,2048,1,0.019393917702269392,0.041027128435602474
tinystories,0,2048,4096,1,0.019393917702269392,0.031541359766989824
tinystories,0,2048,512,2,0.06709685291223738,0.11030099733378021
tinystories,0,2048,1024,2,0.043173988086286995,0.078538402544881
tinystories,0,2048,2048,2,0.02680758599915596,0.05607213086548238
tinystories,0,2048,4096,2,0.019393917702269392,0.041027128435602474
tinystories,0,2048,512,5,0.12356864379893656,0.16903321818138317
tinystories,0,2048,1024,5,0.07612015923918868,0.12277408779646917
tinystories,0,2048,2048,5,0.050619766127137006,0.08766410577856681
tinystories,0,2048,4096,5,0.03541132343882801,0.06240232530624856
tinystories,0,2048,512,10,0.1843783988471132,0.2268199711435955
tinystories,0,2048,1024,10,0.12356864379893656,0.16903321818138317
tinystories,0,2048,2048,10,0.07612015923918868,0.12277408779646917
tinystories,0,2048,4096,10,0.050619766127137006,0.08766410577856681
tinystories,0,2048,512,20,0.26636175669939477,0.295628864390548
tinystories,0,2048,1024,20,0.1843783988471132,0.2268199711435955
tinystories,0,2048,2048,20,0.12356864379893656,0.16903321818138317
tinystories,0,2048,4096,20,0.07612015923918868,0.12277408779646917
tinystories,0,2048,512,50,0.37247808062929644,0.4016912437292113
tinystories,0,2048,1024,50,0.28546334313672317,0.3199698563435573
tinystories,0,2048,2048,50,0.21142064939823127,0.24780972618971822
tinystories,0,2048,4096,50,0.14090896164080177,0.18638810638952466
tinystories,0,4096,512,0.5,0.024003474485674726,0.05231911634006453
tinystories,0,4096,1024,0.5,0.015998434361378506,0.03604956168756228
tinystories,0,4096,2048,0.5,0.01047404867877473,0.025411875996882098
tinystories,0,4096,4096,0.5,0.01047404867877473,0.018817099537590476
tinystories,0,4096,512,1,0.042499518152840074,0.07597807706559974
tinystories,0,4096,1024,1,0.024003474485674726,0.05231911634006453
tinystories,0,4096,2048,1,0.015998434361378506,0.03604956168756228
tinystories,0,4096,4096,1,0.01047404867877473,0.025411875996882098
tinystories,0,4096,512,2,0.0688445715490097,0.10874650038779893
tinystories,0,4096,1024,2,0.042499518152840074,0.07597807706559974
tinystories,0,4096,2048,2,0.024003474485674726,0.05231911634006453
tinystories,0,4096,4096,2,0.015998434361378506,0.03604956168756228
tinystories,0,4096,512,5,0.12348166194235555,0.16834727820620257
tinystories,0,4096,1024,5,0.08135516667566339,0.12148116290732067
tinystories,0,4096,2048,5,0.05204052325265475,0.08545573752895469
tinystories,0,4096,4096,5,0.027898747098755568,0.05904340900225215
tinystories,0,4096,512,10,0.18953991599327735,0.2264861751142603
tinystories,0,4096,1024,10,0.12348166194235555,0.16834727820620257
tinystories,0,4096,2048,10,0.08135516667566339,0.12148116290732067
tinystories,0,4096,4096,10,0.05204052325265475,0.08545573752895469
tinystories,0,4096,512,20,0.2619790377100575,0.2954896003880222
tinystories,0,4096,1024,20,0.18953991599327735,0.2264861751142603
tinystories,0,4096,2048,20,0.12348166194235555,0.16834727820620257
tinystories,0,4096,4096,20,0.08135516667566339,0.12148116290732067
tinystories,0,4096,512,50,0.3589458817394821,0.40171729788609356
tinystories,0,4096,1024,50,0.2886454661634149,0.31987530779002876
tinystories,0,4096,2048,50,0.21418951608625586,0.2475510741269205
tinystories,0,4096,4096,50,0.14104734347558667,0.18583877664702003
tinystories,0,8192,512,0.5,0.025058745538987265,0.05056311836970269
tinystories,0,8192,1024,0.5,0.01412764507843492,0.033849964459955494
tinystories,0,8192,2048,0.5,0.008150920557987707,0.02275117779719901
tinystories,0,8192,4096,0.5,0.006518624270877292,0.015744126030820815
tinystories,0,8192,512,1,0.042713491202172195,0.0745859429132055
tinystories,0,8192,1024,1,0.025058745538987265,0.05056311836970269
tinystories,0,8192,2048,1,0.01412764507843492,0.033849964459955494
tinystories,0,8192,4096,1,0.008150920557987707,0.02275117779719901
tinystories,0,8192,512,2,0.06574784112416318,0.1076256031468312
tinystories,0,8192,1024,2,0.042713491202172195,0.0745859429132055
tinystories,0,8192,2048,2,0.025058745538987265,0.05056311836970269
tinystories,0,8192,4096,2,0.01412764507843492,0.033849964459955494
tinystories,0,8192,512,5,0.116696271080731,0.1674959865537173
tinystories,0,8192,1024,5,0.08109034291114861,0.1204320923793082
tinystories,0,8192,2048,5,0.05222052680177021,0.08416020727734806
tinystories,0,8192,4096,5,0.028743470531310093,0.05741500887000406
tinystories,0,8192,512,10,0.18815224736996122,0.22582516920059958
tinystories,0,8192,1024,10,0.116696271080731,0.1674959865537173
tinystories,0,8192,2048,10,0.08109034291114861,0.1204320923793082
tinystories,0,8192,4096,10,0.05222052680177021,0.08416020727734806
tinystories,0,8192,512,20,0.2626423347430776,0.2950246497641674
tinystories,0,8192,1024,20,0.18815224736996122,0.22582516920059958
tinystories,0,8192,2048,20,0.116696271080731,0.1674959865537173
tinystories,0,8192,4096,20,0.08109034291114861,0.1204320923793082
tinystories,0,8192,512,50,0.36083660313816257,0.4014707110732558
tinystories,0,8192,1024,50,0.28649240740475734,0.31947135180919783
tinystories,0,8192,2048,50,0.21118612263245046,0.2469530356294278
tinystories,0,8192,4096,50,0.1418282999583015,0.1850481426751955
tinystories,1,1024,512,0.5,0.02980636319852331,0.0626189463824405
tinystories,1,1024,1024,0.5,0.02980636319852331,0.04855787269074788
tinystories,1,1024,2048,0.5,0.02980636319852331,0.04002274771976477
tinystories,1,1024,4096,0.5,0.02980636319852331,0.03517806433692765
tinystories,1,1024,512,1,0.04557367980410836,0.08420126329098838
tinystories,1,1024,1024,1,0.02980636319852331,0.0626189463824405
tinystories,1,1024,2048,1,0.02980636319852331,0.04855787269074788
tinystories,1,1024,4096,1,0.02980636319852331,0.04002274771976477
tinystories,1,1024,512,2,0.06793347347009296,0.11523815414511454
tinystories,1,1024,1024,2,0.04557367980410836,0.08420126329098838
tinystories,1,1024,2048,2,0.02980636319852331,0.0626189463824405
tinystories,1,1024,4096,2,0.02980636319852331,0.04855787269074788
tinystories,1,1024,512,5,0.12407426109581736,0.17318150072151522
tinystories,1,1024,1024,5,0.07685773700351742,0.1275096550364242
tinystories,1,1024,2048,5,0.0582580015018724,0.09307528054321434
tinystories,1,1024,4096,5,0.04557367980410836,0.06864942045441304
tinystories,1,1024,512,10,0.19356253530116213,0.2303020584757089
tinystories,1,1024,1024,10,0.12407426109581736,0.17318150072151522
tinystories,1,1024,2048,10,0.07685773700351742,0.1275096550364242
tinystories,1,1024,4096,10,0.0582580015018724,0.09307528054321434
tinystories,1,1024,512,20,0.2652642381389583,0.29831473792917607
tinystories,1,1024,1024,20,0.19356253530116213,0.2303020584757089
tinystories,1,1024,2048,20,0.12407426109581736,0.17318150072151522
tinystories,1,1024,4096,20,0.07685773700351742,0.1275096550364242
tinystories,1,1024,512,50,0.3635381383531885,0.4034099687621395
tinystories,1,1024,1024,50,0.2840271403264629,0.32239673942388064
tinystories,1,1024,2048,50,0.22090779386849152,0.25104483758567986
tinystories,1,1024,4096,50,0.1488706862180658,0.19033785598452344
tinystories,1,2048,512,0.5,0.023255740031196216,0.053768326545345406
tinystories,1,2048,1024,0.5,0.01733893168919881,0.03855009456537342
tinystories,1,2048,2048,0.5,0.01733893168919881,0.02912176411691541
tinystories,1,2048,4096,0.5,0.01733893168919881,0.023634550344350278
tinystories,1,2048,512,1,0.03847243686412041,0.076798326127454
tinystories,1,2048,1024,1,0.023255740031196216,0.053768326545345406
tinystories,1,2048,2048,1,0.01733893168919881,0.03855009456537342
tinystories,1,2048,4096,1,0.01733893168919881,0.02912176411691541
tinystories,1,2048,512,2,0.06451351493970162,0.10948126540796453
tinystories,1,2048,1024,2,0.03847243686412041,0.076798326127454
tinystories,1,2048,2048,2,0.023255740031196216,0.053768326545345406
tinystories,1,2048,4096,2,0.01733893168919881,0.03855009456537342
tinystories,1,2048,512,5,0.1299895018644984,0.16944177670002392
tinystories,1,2048,1024,5,0.07533351461806098,0.12228125428552876
tinystories,1,2048,2048,5,0.04501842550247416,0.08619131117567586
tinystories,1,2048,4096,5,0.030039644814643787,0.06023335636123254
tinystories,1,2048,512,10,0.1910060866596075,0.22772847276066976
tinystories,1,2048,1024,10,0.1299895018644984,0.16944177670002392
tinystories,1,2048,2048,10,0.07533351461806098,0.12228125428552876
tinystories,1,2048,4096,10,0.04501842550247416,0.08619131117567586
tinystories,1,2048,512,20,0.26945678511147364,0.2966102119152149
tinystories,1,2048,1024,20,0.1910060866596075,0.22772847276066976
tinystories,1,2048,2048,20,0.1299895018644984,0.16944177670002392
tinystories,1,2048,4096,20,0.07533351461806098,0.12228125428552876
tinystories,1,2048,512,50,0.3692063010594256,0.40247269306747063
tinystories,1,2048,1024,50,0.28408229318739486,0.320917007469535
tinystories,1,2048,2048,50,0.2188785051819755,0.24878057756961092
tinystories,1,2048,4096,50,0.14452847555374373,0.1870096420498865
tinystories,1,4096,512,0.5,0.02319916601765947,0.05078805343511117
tinystories,1,4096,1024,0.5,0.014734747877216528,0.03490974880193885
tinystories,1,4096,2048,0.5,0.011092448983023454,0.024761525402076403
tinystories,1,4096,4096,0.5,0.011092448983023454,0.0186179239884812
tinystories,1,4096,512,1,0.03759356300383962,0.07431504750267
tinystories,1,4096,1024,1,0.02319916601765947,0.05078805343511117
tinystories,1,4096,2048,1,0.014734747877216528,0.03490974880193885
tinystories,1,4096,4096,1,0.011092448983023454,0.024761525402076403
tinystories,1,4096,512,2,0.0652766254294453,0.10731259070172597
tinystories,1,4096,1024,2,0.03759356300383962,0.07431504750267
tinystories,1,4096,2048,2,0.02319916601765947,0.05078805343511117
tinystories,1,4096,4096,2,0.014734747877216528,0.03490974880193885
tinystories,1,4096,512,5,0.1229204567764287,0.16764252076599181
tinystories,1,4096,1024,5,0.07704595715507151,0.12019321658256796
tinystories,1,4096,2048,5,0.046686103532177094,0.08382601748492079
tinystories,1,4096,4096,5,0.025391616180683443,0.05743437936628835
tinystories,1,4096,512,10,0.18869517564736937,0.22636602601193206
tinystories,1,4096,1024,10,0.1229204567764287,0.16764252076599181
tinystories,1,4096,2048,10,0.07704595715507151,0.12019321658256796
tinystories,1,4096,4096,10,0.046686103532177094,0.08382601748492079
tinystories,1,4096,512,20,0.26908742435559335,0.2957810670711672
tinystories,1,4096,1024,20,0.18869517564736937,0.22636602601193206
tinystories,1,4096,2048,20,0.1229204567764287,0.16764252076599181
tinystories,1,4096,4096,20,0.07704595715507151,0.12019321658256796
tinystories,1,4096,512,50,0.36567935226971965,0.40226031022437625
tinystories,1,4096,1024,50,0.2856349105485066,0.3202558897438773
tinystories,1,4096,2048,50,0.21461956718555086,0.24758607836064891
tinystories,1,4096,4096,50,0.14201456622007577,0.18533350015546943
tinystories,1,8192,512,0.5,0.020019734262911947,0.04800963154715725
tinystories,1,8192,1024,0.5,0.011026838063574879,0.031423621758708456
tinystories,1,8192,2048,0.5,0.007812178404672904,0.020621913521445795
tinystories,1,8192,4096,0.5,0.004947846446427642,0.013892096987791293
tinystories,1,8192,512,1,0.036939697041991515,0.07222358149469421
tinystories,1,8192,1024,1,0.020019734262911947,0.04800963154715725
tinystories,1,8192,2048,1,0.011026838063574879,0.031423621758708456
tinystories,1,8192,4096,1,0.007812178404672904,0.020621913521445795
tinystories,1,8192,512,2,0.06889439399549774,0.10576531655514915
tinystories,1,8192,1024,2,0.036939697041991515,0.07222358149469421
tinystories,1,8192,2048,2,0.020019734262911947,0.04800963154715725
tinystories,1,8192,4096,2,0.011026838063574879,0.031423621758708456
tinystories,1,8192,512,5,0.12159393011615537,0.16650125680474306
tinystories,1,8192,1024,5,0.07794453758299563,0.1187771354484166
tinystories,1,8192,2048,5,0.047328418178464546,0.08193052674901773
tinystories,1,8192,4096,5,0.02416852078164207,0.05488516425386248
tinystories,1,8192,512,10,0.19244777330239854,0.22534826283210427
tinystories,1,8192,1024,10,0.12159393011615537,0.16650125680474306
tinystories,1,8192,2048,10,0.07794453758299563,0.1187771354484166
tinystories,1,8192,4096,10,0.047328418178464546,0.08193052674901773
tinystories,1,8192,512,20,0.2694103813165936,0.29480870695390254
tinystories,1,8192,1024,20,0.19244777330239854,0.22534826283210427
tinystories,1,8192,2048,20,0.12159393011615537,0.16650125680474306
tinystories,1,8192,4096,20,0.07794453758299563,0.1187771354484166
tinystories,1,8192,512,50,0.36348584693818997,0.4013389344673289
tinystories,1,8192,1024,50,0.2836483432299471,0.31929293234307743
tinystories,1,8192,2048,50,0.2146708564469471,0.2465880093875622
tinystories,1,8192,4096,50,0.14077755351590132,0.18424497508186563
tinystories,2,1024,512,0.5,0.028471101478155444,0.06164854604016788
tinystories,2,1024,1024,0.5,0.028471101478155444,0.04748508166157894
tinystories,2,1024,2048,0.5,0.028471101478155444,0.038846194128840494
tinystories,2,1024,4096,0.5,0.028471101478155444,0.03393031362256079
tinystories,2,1024,512,1,0.04418864081097687,0.08322701166572162
tinystories,2,1024,1024,1,0.028471101478155444,0.06164854604016788
tinystories,2,1024,2048,1,0.028471101478155444,0.04748508166157894
tinystories,2,1024,4096,1,0.028471101478155444,0.038846194128840494
tinystories,2,1024,512,2,0.07142174584460823,0.11402933140466975
tinystories,2,1024,1024,2,0.04418864081097687,0.08322701166572162
tinystories,2,1024,2048,2,0.028471101478155444,0.06164854604016788
tinystories,2,1024,4096,2,0.028471101478155444,0.04748508166157894
tinystories,2,1024,512,5,0.12455901183022655,0.17143596526010443
tinystories,2,1024,1024,5,0.07837650804778118,0.12617613239357078
tinystories,2,1024,2048,5,0.05939352707862695,0.0920539496989262
tinystories,2,1024,4096,5,0.04418864081097687,0.06769632049288234
tinystories,2,1024,512,10,0.18417813220658502,0.22839369905383253
tinystories,2,1024,1024,10,0.12455901183022655,0.17143596526010443
tinystories,2,1024,2048,10,0.07837650804778118,0.12617613239357078
tinystories,2,1024,4096,10,0.05939352707862695,0.0920539496989262
tinystories,2,1024,512,20,0.26311017529700337,0.2966471434930963
tinystories,2,1024,1024,20,0.18417813220658502,0.22839369905383253
tinystories,2,1024,2048,20,0.12455901183022655,0.17143596526010443
tinystories,2,1024,4096,20,0.07837650804778118,0.12617613239357078
tinystories,2,1024,512,50,0.3614438267446743,0.402269560653098
tinystories,2,1024,1024,50,0.28296872915839405,0.32085965872880445
tinystories,2,1024,2048,50,0.21098650736236327,0.24917494099716014
tinystories,2,1024,4096,50,0.1422093240866426,0.18849706487401457
tinystories,2,2048,512,0.5,0.02094850322631913,0.05326905682023603
tinystories,2,2048,1024,0.5,0.01620108108540152,0.03789492321420094
tinystories,2,2048,2048,0.5,0.01620108108540152,0.02827205253605442
tinystories,2,2048,4096,0.5,0.01620108108540152,0.022649728745460916
tinystories,2,2048,512,1,0.041746164539695776,0.0761898408262491
tinystories,2,2048,1024,1,0.02094850322631913,0.05326905682023603
tinystories,2,2048,2048,1,0.01620108108540152,0.03789492321420094
tinystories,2,2048,4096,1,0.01620108108540152,0.02827205253605442
tinystories,2,2048,512,2,0.06962121826246737,0.10834070915422576
tinystories,2,2048,1024,2,0.041746164539695776,0.0761898408262491
tinystories,2,2048,2048,2,0.02094850322631913,0.05326905682023603
tinystories,2,2048,4096,2,0.01620108108540152,0.03789492321420094
tinystories,2,2048,512,5,0.11661410744833785,0.16734864988606327
tinystories,2,2048,1024,5,0.08005011942805657,0.12090206377813906
tinystories,2,2048,2048,5,0.047447848627423524,0.08545673539409517
tinystories,2,2048,4096,5,0.03127572423828711,0.05974008877848429
tinystories,2,2048,512,10,0.18458719758932535,0.22532511118224743
tinystories,2,2048,1024,10,0.11661410744833785,0.16734864988606327
tinystories,2,2048,2048,10,0.08005011942805657,0.12090206377813906
tinystories,2,2048,4096,10,0.047447848627423524,0.08545673539409517
tinystories,2,2048,512,20,0.2646140676301541,0.2944575893966674
tinystories,2,2048,1024,20,0.18458719758932535,0.22532511118224743
tinystories,2,2048,2048,20,0.11661410744833785,0.16734864988606327
tinystories,2,2048,4096,20,0.08005011942805657,0.12090206377813906
tinystories,2,2048,512,50,0.36221758068221993,0.40112013809176056
tinystories,2,2048,1024,50,0.28575028069997244,0.3189340114717306
tinystories,2,2048,2048,50,0.20813166159200333,0.24640169252869223
tinystories,2,2048,4096,50,0.13713930634227456,0.18475582926902004
tinystories,2,4096,512,0.5,0.022392290160071958,0.0505826253429833
tinystories,2,4096,1024,0.5,0.01326364601538187,0.03418541825421513
tinystories,2,4096,2048,0.5,0.008387725016344482,0.023423727317860688
tinystories,2,4096,4096,0.5,0.008387725016344482,0.01675856893566328
tinystories,2,4096,512,1,0.04346617098690163,0.0742915863919408
tinystories,2,4096,1024,1,0.022392290160071958,0.0505826253429833
tinystories,2,4096,2048,1,0.01326364601538187,0.03418541825421513
tinystories,2,4096,4096,1,0.008387725016344482,0.023423727317860688
tinystories,2,4096,512,2,0.06639831724103085,0.10703411495718931
tinystories,2,4096,1024,2,0.04346617098690163,0.0742915863919408
tinystories,2,4096,2048,2,0.022392290160071958,0.0505826253429833
tinystories,2,4096,4096,2,0.01326364601538187,0.03418541825421513
tinystories,2,4096,512,5,0.11615495930453967,0.16666505935490783
tinystories,2,4096,1024,5,0.07646666100015881,0.11976076187554795
tinystories,2,4096,2048,5,0.048251335729921324,0.08376540442877921
tinystories,2,4096,4096,5,0.02904139618524887,0.057334076046850396
tinystories,2,4096,512,10,0.18342543884674373,0.2249896489309354
tinystories,2,4096,1024,10,0.11615495930453967,0.16666505935490783
tinystories,2,4096,2048,10,0.07646666100015881,0.11976076187554795
tinystories,2,4096,4096,10,0.048251335729921324,0.08376540442877921
tinystories,2,4096,512,20,0.2664841287038269,0.2943239381355472
tinystories,2,4096,1024,20,0.18342543884674373,0.2249896489309354
tinystories,2,4096,2048,20,0.11615495930453967,0.16666505935490783
tinystories,2,4096,4096,20,0.07646666100015881,0.11976076187554795
tinystories,2,4096,512,50,0.36095655325212017,0.401054039632264
tinystories,2,4096,1024,50,0.2846978427211362,0.31883506042419857
tinystories,2,4096,2048,50,0.2105733680983931,0.24614765537912525
tinystories,2,4096,4096,50,0.1387149676289108,0.18419867885188346
tinystories,2,8192,512,0.5,0.022179841444255662,0.04791408885610572
tinystories,2,8192,1024,0.5,0.012153528722245517,0.03143417269898559
tinystories,2,8192,2048,0.5,0.007789849342846522,0.020539088360749372
tinystories,2,8192,4096,0.5,0.004070906872410381,0.013608628979849801
tinystories,2,8192,512,1,0.03669064818862511,0.0718273626996825
tinystories,2,8192,1024,1,0.022179841444255662,0.04791408885610572
tinystories,2,8192,2048,1,0.012153528722245517,0.03143417269898559
tinystories,2,8192,4096,1,0.007789849342846522,0.020539088360749372
tinystories,2,8192,512,2,0.06723169510071944,0.10498163591613999
tinystories,2,8192,1024,2,0.03669064818862511,0.0718273626996825
tinystories,2,8192,2048,2,0.022179841444255662,0.04791408885610572
tinystories,2,8192,4096,2,0.012153528722245517,0.03143417269898559
tinystories,2,8192,512,5,0.11880320132841146,0.16530287183664225
tinystories,2,8192,1024,5,0.07478290577049046,0.11787279533804772
tinystories,2,8192,2048,5,0.04398292811606867,0.08141245355824572
tinystories,2,8192,4096,5,0.02454469628875345,0.05471031187495782
tinystories,2,8192,512,10,0.1855081538062685,0.22406916122834172
tinystories,2,8192,1024,10,0.11880320132841146,0.16530287183664225
tinystories,2,8192,2048,10,0.07478290577049046,0.11787279533804772
tinystories,2,8192,4096,10,0.04398292811606867,0.08141245355824572
tinystories,2,8192,512,20,0.26712324428948575,0.2937028769765322
tinystories,2,8192,1024,20,0.1855081538062685,0.22406916122834172
tinystories,2,8192,2048,20,0.11880320132841146,0.16530287183664225
tinystories,2,8192,4096,20,0.07478290577049046,0.11787279533804772
tinystories,2,8192,512,50,0.3600736608911188,0.4006646976655709
tinystories,2,8192,1024,50,0.28456773087178433,0.31828311423128636
tinystories,2,8192,2048,50,0.2102317101254866,0.24533914774131824
tinystories,2,8192,4096,50,0.1403178409035047,0.18299271040593398
tinystories,3,1024,512,0.5,0.030753350865109726,0.06167632856888492
tinystories,3,1024,1024,0.5,0.030753350865109726,0.04834504988398439
tinystories,3,1024,2048,0.5,0.030753350865109726,0.04030829859108778
tinystories,3,1024,4096,0.5,0.030753350865109726,0.03576788969213368
tinystories,3,1024,512,1,0.04445149118877108,0.08231938040217447
tinystories,3,1024,1024,1,0.030753350865109726,0.06167632856888492
tinystories,3,1024,2048,1,0.030753350865109726,0.04834504988398439
tinystories,3,1024,4096,1,0.030753350865109726,0.04030829859108778
tinystories,3,1024,512,2,0.06663075196287785,0.1123254024689663
tinystories,3,1024,1024,2,0.04445149118877108,0.08231938040217447
tinystories,3,1024,2048,2,0.030753350865109726,0.06167632856888492
tinystories,3,1024,4096,2,0.030753350865109726,0.04834504988398439
tinystories,3,1024,512,5,0.11408781121207137,0.1692466897999773
tinystories,3,1024,1024,5,0.07517308850626084,0.12428553165890466
tinystories,3,1024,2048,5,0.05663297982882603,0.09086206963440588
tinystories,3,1024,4096,5,0.04445149118877108,0.0674240312391557
tinystories,3,1024,512,10,0.1852449089509689,0.22631435610650216
tinystories,3,1024,1024,10,0.11408781121207137,0.1692466897999773
tinystories,3,1024,2048,10,0.07517308850626084,0.12428553165890466
tinystories,3,1024,4096,10,0.05663297982882603,0.09086206963440588
tinystories,3,1024,512,20,0.25909825058177527,0.2949950226971186
tinystories,3,1024,1024,20,0.1852449089509689,0.22631435610650216
tinystories,3,1024,2048,20,0.11408781121207137,0.1692466897999773
tinystories,3,1024,4096,20,0.07517308850626084,0.12428553165890466
tinystories,3,1024,512,50,0.36642586069139893,0.40147717744379735
tinystories,3,1024,1024,50,0.2832365310456112,0.3193957028429075
tinystories,3,1024,2048,50,0.20990756863723065,0.2472033447522841
tinystories,3,1024,4096,50,0.13667793611935308,0.1863022610482548
tinystories,3,2048,512,0.5,0.026215998658865283,0.054163496763462174
tinystories,3,2048,1024,0.5,0.01646301184158357,0.03894468138609486
tinystories,3,2048,2048,0.5,0.01646301184158357,0.029214277431336345
tinystories,3,2048,4096,0.5,0.01646301184158357,0.023378042928846793
tinystories,3,2048,512,1,0.04156024752004258,0.0766927953617746
tinystories,3,2048,1024,1,0.026215998658865283,0.054163496763462174
tinystories,3,2048,2048,1,0.01646301184158357,0.03894468138609486
tinystories,3,2048,4096,1,0.01646301184158357,0.029214277431336345
tinystories,3,2048,512,2,0.06306053429354797,0.1084749371633413
tinystories,3,2048,1024,2,0.04156024752004258,0.0766927953617746
tinystories,3,2048,2048,2,0.026215998658865283,0.054163496763462174
tinystories,3,2048,4096,2,0.01646301184158357,0.03894468138609486
tinystories,3,2048,512,5,0.11958075340662638,0.16733352046193778
tinystories,3,2048,1024,5,0.0722494816388509,0.12096327995993444
tinystories,3,2048,2048,5,0.04792593869709036,0.08582411081816395
tinystories,3,2048,4096,5,0.035590263351112636,0.06052486065382668
tinystories,3,2048,512,10,0.18396500257093573,0.225342465665298
tinystories,3,2048,1024,10,0.11958075340662638,0.16733352046193778
tinystories,3,2048,2048,10,0.0722494816388509,0.12096327995993444
tinystories,3,2048,4096,10,0.04792593869709036,0.08582411081816395
tinystories,3,2048,512,20,0.2593521577568645,0.29451322481422293
tinystories,3,2048,1024,20,0.18396500257093573,0.225342465665298
tinystories,3,2048,2048,20,0.11958075340662638,0.16733352046193778
tinystories,3,2048,4096,20,0.0722494816388509,0.12096327995993444
tinystories,3,2048,512,50,0.3582395739700718,0.40132465013459406
tinystories,3,2048,1024,50,0.28355066334958895,0.31900908906030245
tinystories,3,2048,2048,50,0.21224869330576662,0.24643089714733626
tinystories,3,2048,4096,50,0.13709510088928484,0.18474725288430993
tinystories,3,4096,512,0.5,0.02407268535413233,0.05006192461252158
tinystories,3,4096,1024,0.5,0.01378741438377234,0.034086855351544966
tinystories,3,4096,2048,0.5,0.0087146022631557,0.02359631822857209
tinystories,3,4096,4096,0.5,0.0087146022631557,0.017049572409877936
tinystories,3,4096,512,1,0.03730792587554883,0.07334766657477458
tinystories,3,4096,1024,1,0.02407268535413233,0.05006192461252158
tinystories,3,4096,2048,1,0.01378741438377234,0.034086855351544966
tinystories,3,4096,4096,1,0.0087146022631557,0.02359631822857209
tinystories,3,4096,512,2,0.06523017488984018,0.10584855767855733
tinystories,3,4096,1024,2,0.03730792587554883,0.07334766657477458
tinystories,3,4096,2048,2,0.02407268535413233,0.05006192461252158
tinystories,3,4096,4096,2,0.01378741438377234,0.034086855351544966
tinystories,3,4096,512,5,0.11711282026023079,0.16550652727005802
tinystories,3,4096,1024,5,0.07586110294273879,0.11854842333403294
tinystories,3,4096,2048,5,0.045747130585733764,0.08271815916655881
tinystories,3,4096,4096,5,0.028117320426641047,0.056667038109777294
tinystories,3,4096,512,10,0.18567638561745575,0.22402664880662695
tinystories,3,4096,1024,10,0.11711282026023079,0.16550652727005802
tinystories,3,4096,2048,10,0.07586110294273879,0.11854842333403294
tinystories,3,4096,4096,10,0.045747130585733764,0.08271815916655881
tinystories,3,4096,512,20,0.26323021650051215,0.2936199816322128
tinystories,3,4096,1024,20,0.18567638561745575,0.22402664880662695
tinystories,3,4096,2048,20,0.11711282026023079,0.16550652727005802
tinystories,3,4096,4096,20,0.07586110294273879,0.11854842333403294
tinystories,3,4096,512,50,0.3572741869409318,0.40074152212367586
tinystories,3,4096,1024,50,0.28329718806688753,0.318221116765588
tinystories,3,4096,2048,50,0.21259558526123445,0.2452639027008836
tinystories,3,4096,4096,50,0.13247898352026316,0.18309187484666337
tinystories,3,8192,512,0.5,0.020036061593896974,0.047833328480695846
tinystories,3,8192,1024,0.5,0.011279173027381685,0.03134545516578653
tinystories,3,8192,2048,0.5,0.008069665894364333,0.020530871791532443
tinystories,3,8192,4096,0.5,0.004415038507145989,0.0137149807996078
tinystories,3,8192,512,1,0.03696670611437945,0.07181684236234356
tinystories,3,8192,1024,1,0.020036061593896974,0.047833328480695846
tinystories,3,8192,2048,1,0.011279173027381685,0.03134545516578653
tinystories,3,8192,4096,1,0.008069665894364333,0.020530871791532443
tinystories,3,8192,512,2,0.06685477309756342,0.1050093728177556
tinystories,3,8192,1024,2,0.03696670611437945,0.07181684236234356
tinystories,3,8192,2048,2,0.020036061593896974,0.047833328480695846
tinystories,3,8192,4096,2,0.011279173027381685,0.03134545516578653
tinystories,3,8192,512,5,0.11791716610658642,0.16529807117990206
tinystories,3,8192,1024,5,0.08028081068482396,0.11789737224710793
tinystories,3,8192,2048,5,0.04738820852412656,0.08142173647013022
tinystories,3,8192,4096,5,0.02422654173978446,0.05464957045680198
tinystories,3,8192,512,10,0.1873979400887708,0.22407870929107232
tinystories,3,8192,1024,10,0.11791716610658642,0.16529807117990206
tinystories,3,8192,2048,10,0.08028081068482396,0.11789737224710793
tinystories,3,8192,4096,10,0.04738820852412656,0.08142173647013022
tinystories,3,8192,512,20,0.26520632360565555,0.29379429111179595
tinystories,3,8192,1024,20,0.1873979400887708,0.22407870929107232
tinystories,3,8192,2048,20,0.11791716610658642,0.16529807117990206
tinystories,3,8192,4096,20,0.08028081068482396,0.11789737224710793
tinystories,3,8192,512,50,0.3577671235530968,0.4008778588361005
tinystories,3,8192,1024,50,0.2822380002115886,0.3184067570657631
tinystories,3,8192,2048,50,0.21059300540118303,0.2453695841986554
tinystories,3,8192,4096,50,0.1352576442045512,0.18298427958367797
tinystories,4,1024,512,0.5,0.026234029663685068,0.05816571234582529
tinystories,4,1024,1024,0.5,0.026234029663685068,0.044335198571297904
tinystories,4,1024,2048,0.5,0.026234029663685068,0.03603332491616903
tinystories,4,1024,4096,0.5,0.026234029663685068,0.03136498747736031
tinystories,4,1024,512,1,0.03811441898293399,0.0795908096593655
tinystories,4,1024,1024,1,0.026234029663685068,0.05816571234582529
tinystories,4,1024,2048,1,0.026234029663685068,0.044335198571297904
tinystories,4,1024,4096,1,0.026234029663685068,0.03603332491616903
tinystories,4,1024,512,2,0.06228180500761153,0.11055093157558031
tinystories,4,1024,1024,2,0.03811441898293399,0.0795908096593655
tinystories,4,1024,2048,2,0.026234029663685068,0.05816571234582529
tinystories,4,1024,4096,2,0.026234029663685068,0.044335198571297904
tinystories,4,1024,512,5,0.11526320239371257,0.16860797417768214
tinystories,4,1024,1024,5,0.0789326168908743,0.12281608436454942
tinystories,4,1024,2048,5,0.05350509949178171,0.0884322485644899
tinystories,4,1024,4096,5,0.03811441898293399,0.06413574362826124
tinystories,4,1024,512,10,0.1837274651201194,0.22627163664383168
tinystories,4,1024,1024,10,0.11526320239371257,0.16860797417768214
tinystories,4,1024,2048,10,0.0789326168908743,0.12281608436454942
tinystories,4,1024,4096,10,0.05350509949178171,0.0884322485644899
tinystories,4,1024,512,20,0.2638344677688107,0.29535299325740044
tinystories,4,1024,1024,20,0.1837274651201194,0.22627163664383168
tinystories,4,1024,2048,20,0.11526320239371257,0.16860797417768214
tinystories,4,1024,4096,20,0.0789326168908743,0.12281608436454942
tinystories,4,1024,512,50,0.37090807868536807,0.4021619548187392
tinystories,4,1024,1024,50,0.28151006161232167,0.3198535338520623
tinystories,4,1024,2048,50,0.2105172140929159,0.24730706255401746
tinystories,4,1024,4096,50,0.1397734121383485,0.18588113088177005
tinystories,4,2048,512,0.5,0.023918115188294523,0.05273732479997064
tinystories,4,2048,1024,0.5,0.0158076094798386,0.037553850858772816
tinystories,4,2048,2048,0.5,0.0158076094798386,0.02801055396200784
tinystories,4,2048,4096,0.5,0.0158076094798386,0.022376580897409508
tinystories,4,2048,512,1,0.037119019538296966,0.07547633462748747
tinystories,4,2048,1024,1,0.023918115188294523,0.05273732479997064
tinystories,4,2048,2048,1,0.0158076094798386,0.037553850858772816
tinystories,4,2048,4096,1,0.0158076094798386,0.02801055396200784
tinystories,4,2048,512,2,0.06551146357014848,0.10762970408869645
tinystories,4,2048,1024,2,0.037119019538296966,0.07547633462748747
tinystories,4,2048,2048,2,0.023918115188294523,0.05273732479997064
tinystories,4,2048,4096,2,0.0158076094798386,0.037553850858772816
tinystories,4,2048,512,5,0.11939570519232047,0.16694661289634943
tinystories,4,2048,1024,5,0.07573112233350537,0.12024129270617569
tinystories,4,2048,2048,5,0.04639190505905541,0.08471829131955712
tinystories,4,2048,4096,5,0.029937837906397126,0.05913946739564192
tinystories,4,2048,512,10,0.18092998228659782,0.2252275184121395
tinystories,4,2048,1024,10,0.11939570519232047,0.16694661289634943
tinystories,4,2048,2048,10,0.07573112233350537,0.12024129270617569
tinystories,4,2048,4096,10,0.04639190505905541,0.08471829131955712
tinystories,4,2048,512,20,0.2664113502908292,0.29462838347827847
tinystories,4,2048,1024,20,0.18092998228659782,0.2252275184121395
tinystories,4,2048,2048,20,0.11939570519232047,0.16694661289634943
tinystories,4,2048,4096,20,0.07573112233350537,0.12024129270617569
tinystories,4,2048,512,50,0.36543846117293266,0.40156642131095377
tinystories,4,2048,1024,50,0.28099133888010774,0.31918051227328575
tinystories,4,2048,2048,50,0.2128214733771665,0.24639592526701612
tinystories,4,2048,4096,50,0.1368092642613598,0.18445259934337033
tinystories,4,4096,512,0.5,0.01993029259056854,0.0497509054376139
tinystories,4,4096,1024,0.5,0.014581397123484854,0.03396342746652743
tinystories,4,4096,2048,0.5,0.01043421008693136,0.02391926178034771
tinystories,4,4096,4096,0.5,0.01043421008693136,0.017858891185963465
tinystories,4,4096,512,1,0.038025608684164686,0.07320781413343802
tinystories,4,4096,1024,1,0.01993029259056854,0.0497509054376139
tinystories,4,4096,2048,1,0.014581397123484854,0.03396342746652743
tinystories,4,4096,4096,1,0.01043421008693136,0.02391926178034771
tinystories,4,4096,512,2,0.06580015495695986,0.10613536797679587
tinystories,4,4096,1024,2,0.038025608684164686,0.07320781413343802
tinystories,4,4096,2048,2,0.01993029259056854,0.0497509054376139
tinystories,4,4096,4096,2,0.014581397123484854,0.03396342746652743
tinystories,4,4096,512,5,0.119053555540035,0.1664447708846104
tinystories,4,4096,1024,5,0.07199798588907165,0.11899731243961817
tinystories,4,4096,2048,5,0.04943842118688993,0.08269629657809596
tinystories,4,4096,4096,5,0.02334502311365973,0.05637353454937721
tinystories,4,4096,512,10,0.1853142867453521,0.2253015484741906
tinystories,4,4096,1024,10,0.119053555540035,0.1664447708846104
tinystories,4,4096,2048,10,0.07199798588907165,0.11899731243961817
tinystories,4,4096,4096,10,0.04943842118688993,0.08269629657809596
tinystories,4,4096,512,20,0.26607888192654805,0.2949673568568797
tinystories,4,4096,1024,20,0.1853142867453521,0.2253015484741906
tinystories,4,4096,2048,20,0.119053555540035,0.1664447708846104
tinystories,4,4096,4096,20,0.07199798588907165,0.11899731243961817
tinystories,4,4096,512,50,0.3633740111309457,0.4018213269035923
tinystories,4,4096,1024,50,0.28461899866198265,0.319534776784379
tinystories,4,4096,2048,50,0.21463188648322162,0.24659292668086755
tinystories,4,4096,4096,50,0.14231911632112476,0.1841626538074976
tinystories,4,8192,512,0.5,0.02073466220216141,0.04846348204538166
tinystories,4,8192,1024,0.5,0.012665894134105748,0.032083445727253114
tinystories,4,8192,2048,0.5,0.008704388960666515,0.021440753291099787
tinystories,4,8192,4096,0.5,0.006192614808503173,0.014841133244670925
tinystories,4,8192,512,1,0.0384109441325632,0.07242878843215879
tinystories,4,8192,1024,1,0.02073466220216141,0.04846348204538166
tinystories,4,8192,2048,1,0.012665894134105748,0.032083445727253114
tinystories,4,8192,4096,1,0.008704388960666515,0.021440753291099787
tinystories,4,8192,512,2,0.06644628165126884,0.10573663592194944
tinystories,4,8192,1024,2,0.0384109441325632,0.07242878843215879
tinystories,4,8192,2048,2,0.02073466220216141,0.04846348204538166
tinystories,4,8192,4096,2,0.012665894134105748,0.032083445727253114
tinystories,4,8192,512,5,0.12214715248456592,0.16632312231434307
tinystories,4,8192,1024,5,0.07505857429033894,0.11869086044562178
tinystories,4,8192,2048,5,0.047338118952905864,0.08205466582338079
tinystories,4,8192,4096,5,0.02479325526934848,0.055262012170537805
tinystories,4,8192,512,10,0.18818923106202273,0.22520557132881897
tinystories,4,8192,1024,10,0.12214715248456592,0.16632312231434307
tinystories,4,8192,2048,10,0.07505857429033894,0.11869086044562178
tinystories,4,8192,4096,10,0.047338118952905864,0.08205466582338079
tinystories,4,8192,512,20,0.264379916829984,0.29477591784661744
tinystories,4,8192,1024,20,0.18818923106202273,0.22520557132881897
tinystories,4,8192,2048,20,0.12214715248456592,0.16632312231434307
tinystories,4,8192,4096,20,0.07505857429033894,0.11869086044562178
tinystories,4,8192,512,50,0.3620548325500509,0.4014745314993597
tinystories,4,8192,1024,50,0.2841437551760595,0.31930179646185114
tinystories,4,8192,2048,50,0.22031850752235588,0.24647562456364866
tinystories,4,8192,4096,50,0.14171735032701693,0.1840662072077585
tinystories,5,1024,512,0.5,0.034215701431797446,0.06360543098821586
tinystories,5,1024,1024,0.5,0.034215701431797446,0.05068378727178204
tinystories,5,1024,2048,0.5,0.034215701431797446,0.04306524154281496
tinystories,5,1024,4096,0.5,0.034215701431797446,0.03882978987855331
tinystories,5,1024,512,1,0.044114300980885784,0.08408959014852557
tinystories,5,1024,1024,1,0.034215701431797446,0.06360543098821586
tinystories,5,1024,2048,1,0.034215701431797446,0.05068378727178204
tinystories,5,1024,4096,1,0.034215701431797446,0.04306524154281496
tinystories,5,1024,512,2,0.062137818890813615,0.11433933431841727
tinystories,5,1024,1024,2,0.044114300980885784,0.08408959014852557
tinystories,5,1024,2048,2,0.034215701431797446,0.06360543098821586
tinystories,5,1024,4096,2,0.034215701431797446,0.05068378727178204
tinystories,5,1024,512,5,0.11851418400088248,0.17178023176050672
tinystories,5,1024,1024,5,0.07748377072128486,0.12643944328290588
tinystories,5,1024,2048,5,0.05280235077695938,0.09266826672572227
tinystories,5,1024,4096,5,0.044114300980885784,0.06926235825319066
tinystories,5,1024,512,10,0.1974329633747378,0.22873442990922738
tinystories,5,1024,1024,10,0.11851418400088248,0.17178023176050672
tinystories,5,1024,2048,10,0.07748377072128486,0.12643944328290588
tinystories,5,1024,4096,10,0.05280235077695938,0.09266826672572227
tinystories,5,1024,512,20,0.26234976847142577,0.29660898095417493
tinystories,5,1024,1024,20,0.1974329633747378,0.22873442990922738
tinystories,5,1024,2048,20,0.11851418400088248,0.17178023176050672
tinystories,5,1024,4096,20,0.07748377072128486,0.12643944328290588
tinystories,5,1024,512,50,0.3609369691262243,0.40156230065381454
tinystories,5,1024,1024,50,0.285193011990287,0.3206462984539277
tinystories,5,1024,2048,50,0.21631721857588931,0.24943318849906615
tinystories,5,1024,4096,50,0.14757958934239496,0.1888735115384759
tinystories,5,2048,512,0.5,0.0282385296097029,0.05600839680555201
tinystories,5,2048,1024,0.5,0.01947505994329362,0.04100682553330978
tinystories,5,2048,2048,0.5,0.01947505994329362,0.03157848541543653
tinystories,5,2048,4096,0.5,0.01947505994329362,0.026001235989076422
tinystories,5,2048,512,1,0.03927489547673317,0.07854049570683515
tinystories,5,2048,1024,1,0.0282385296097029,0.05600839680555201
tinystories,5,2048,2048,1,0.01947505994329362,0.04100682553330978
tinystories,5,2048,4096,1,0.01947505994329362,0.03157848541543653
tinystories,5,2048,512,2,0.06528828886447793,0.11051753198953423
tinystories,5,2048,1024,2,0.03927489547673317,0.07854049570683515
tinystories,5,2048,2048,2,0.0282385296097029,0.05600839680555201
tinystories,5,2048,4096,2,0.01947505994329362,0.04100682553330978
tinystories,5,2048,512,5,0.1182994532699774,0.16952790062313602
tinystories,5,2048,1024,5,0.07997828167037849,0.12307499587018314
tinystories,5,2048,2048,5,0.04794448994985645,0.08772149044619215
tinystories,5,2048,4096,5,0.03382020458084367,0.06234330159622015
tinystories,5,2048,512,10,0.1953346920281419,0.22721894533922032
tinystories,5,2048,1024,10,0.1182994532699774,0.16952790062313602
tinystories,5,2048,2048,10,0.07997828167037849,0.12307499587018314
tinystories,5,2048,4096,10,0.04794448994985645,0.08772149044619215
tinystories,5,2048,512,20,0.26429839487128876,0.2955676149695934
tinystories,5,2048,1024,20,0.1953346920281419,0.22721894533922032
tinystories,5,2048,2048,20,0.1182994532699774,0.16952790062313602
tinystories,5,2048,4096,20,0.07997828167037849,0.12307499587018314
tinystories,5,2048,512,50,0.356622444294895,0.4008683269473212
tinystories,5,2048,1024,50,0.28810305942913456,0.3197137915322627
tinystories,5,2048,2048,50,0.21855524122120235,0.2480951324959635
tinystories,5,2048,4096,50,0.14272919886033386,0.18689291077047476
tinystories,5,4096,512,0.5,0.020700737500721787,0.05016699493531727
tinystories,5,4096,1024,0.5,0.013150257871989717,0.034090542136814596
tinystories,5,4096,2048,0.5,0.009718017111434843,0.023730510820205813
tinystories,5,4096,4096,0.5,0.009718017111434843,0.017432812542218408
tinystories,5,4096,512,1,0.038722105589497714,0.07376063157458534
tinystories,5,4096,1024,1,0.020700737500721787,0.05016699493531727
tinystories,5,4096,2048,1,0.013150257871989717,0.034090542136814596
tinystories,5,4096,4096,1,0.009718017111434843,0.023730510820205813
tinystories,5,4096,512,2,0.06809130843274949,0.10663588299575956
tinystories,5,4096,1024,2,0.038722105589497714,0.07376063157458534
tinystories,5,4096,2048,2,0.020700737500721787,0.05016699493531727
tinystories,5,4096,4096,2,0.013150257871989717,0.034090542136814596
tinystories,5,4096,512,5,0.11673885826429203,0.16664315046737593
tinystories,5,4096,1024,5,0.08045921234228468,0.11944551122334476
tinystories,5,4096,2048,5,0.04457606521451722,0.08325200056298569
tinystories,5,4096,4096,5,0.028567967831396923,0.0568542378360263
tinystories,5,4096,512,10,0.19046636614223883,0.22514751764233262
tinystories,5,4096,1024,10,0.11673885826429203,0.16664315046737593
tinystories,5,4096,2048,10,0.08045921234228468,0.11944551122334476
tinystories,5,4096,4096,10,0.04457606521451722,0.08325200056298569
tinystories,5,4096,512,20,0.26461017407037113,0.29438975789625293
tinystories,5,4096,1024,20,0.19046636614223883,0.22514751764233262
tinystories,5,4096,2048,20,0.11673885826429203,0.16664315046737593
tinystories,5,4096,4096,20,0.08045921234228468,0.11944551122334476
tinystories,5,4096,512,50,0.358753166826712,0.4006984034996006
tinystories,5,4096,1024,50,0.28487945766335065,0.31881478915950906
tinystories,5,4096,2048,50,0.21341110927648643,0.24630837139501235
tinystories,5,4096,4096,50,0.13882165279549658,0.18425730141024507
tinystories,5,8192,512,0.5,0.023008199180807255,0.049700819876937016
tinystories,5,8192,1024,0.5,0.01308213347790007,0.03329597135150884
tinystories,5,8192,2048,0.5,0.010644708699069935,0.02253521114349374
tinystories,5,8192,4096,0.5,0.006437047464082017,0.01574889316975356
tinystories,5,8192,512,1,0.038116580683188364,0.07357376213685782
tinystories,5,8192,1024,1,0.023008199180807255,0.049700819876937016
tinystories,5,8192,2048,1,0.01308213347790007,0.03329597135150884
tinystories,5,8192,4096,1,0.010644708699069935,0.02253521114349374
tinystories,5,8192,512,2,0.06899933865742328,0.10663231478549913
tinystories,5,8192,1024,2,0.038116580683188364,0.07357376213685782
tinystories,5,8192,2048,2,0.023008199180807255,0.049700819876937016
tinystories,5,8192,4096,2,0.01308213347790007,0.03329597135150884
tinystories,5,8192,512,5,0.1207860795204542,0.16664698381009774
tinystories,5,8192,1024,5,0.07801290982951692,0.11946857745498303
tinystories,5,8192,2048,5,0.05027505268269613,0.08313848902831472
tinystories,5,8192,4096,5,0.026477857313879083,0.056484045779825576
tinystories,5,8192,512,10,0.18660067913489992,0.22505569582127932
tinystories,5,8192,1024,10,0.1207860795204542,0.16664698381009774
tinystories,5,8192,2048,10,0.07801290982951692,0.11946857745498303
tinystories,5,8192,4096,10,0.05027505268269613,0.08313848902831472
tinystories,5,8192,512,20,0.267492251043229,0.29425038196457326
tinystories,5,8192,1024,20,0.18660067913489992,0.22505569582127932
tinystories,5,8192,2048,20,0.1207860795204542,0.16664698381009774
tinystories,5,8192,4096,20,0.07801290982951692,0.11946857745498303
tinystories,5,8192,512,50,0.3652762354918535,0.40062450997411725
tinystories,5,8192,1024,50,0.28399149136738217,0.3186800006928553
tinystories,5,8192,2048,50,0.21078995444224796,0.24619166048140464
tinystories,5,8192,4096,50,0.1380175909877434,0.18423214716578654
wikitext,0,1024,512,0.5,0.11872107037882133,0.2043558716721819
wikitext,0,1024,1024,0.5,0.11872107037882133,0.17043084575462816
wikitext,0,1024,2048,0.5,0.11872107037882133,0.1478786570428704
wikitext,0,1024,4096,0.5,0.11872107037882133,0.1343556566011527
wikitext,0,1024,512,1,0.1904430231766566,0.2498863613758666
wikitext,0,1024,1024,1,0.11872107037882133,0.2043558716721819
wikitext,0,1024,2048,1,0.11872107037882133,0.17043084575462816
wikitext,0,1024,4096,1,0.11872107037882133,0.1478786570428704
wikitext,0,1024,512,2,0.2651246184943178,0.30494239935819045
wikitext,0,1024,1024,2,0.1904430231766566,0.2498863613758666
wikitext,0,1024,2048,2,0.11872107037882133,0.2043558716721819
wikitext,0,1024,4096,2,0.11872107037882133,0.17043084575462816
wikitext,0,1024,512,5,0.3771773316055735,0.38644108273672967
wikitext,0,1024,1024,5,0.29702084050366834,0.324144014700285
wikitext,0,1024,2048,5,0.2338306223525549,0.2667196130327866
wikitext,0,1024,4096,5,0.1904430231766566,0.21780667890223362
wikitext,0,1024,512,10,0.46040932948797764,0.45000958002460567
wikitext,0,1024,1024,10,0.3771773316055735,0.38644108273672967
wikitext,0,1024,2048,10,0.29702084050366834,0.324144014700285
wikitext,0,1024,4096,10,0.2338306223525549,0.2667196130327866
wikitext,0,1024,512,20,0.5334712713437246,0.5122566489997326
wikitext,0,1024,1024,20,0.46040932948797764,0.45000958002460567
wikitext,0,1024,2048,20,0.3771773316055735,0.38644108273672967
wikitext,0,1024,4096,20,0.29702084050366834,0.324144014700285
wikitext,0,1024,512,50,0.5948499655347476,0.5917171732465404
wikitext,0,1024,1024,50,0.5531145225914917,0.5318421011970074
wikitext,0,1024,2048,50,0.4821277658177049,0.4702705930465229
wikitext,0,1024,4096,50,0.4081635948359543,0.4069212681220352
wikitext,0,2048,512,0.5,0.1295433238606942,0.18889244396076993
wikitext,0,2048,1024,0.5,0.07298659460739544,0.14749346047934603
wikitext,0,2048,2048,0.5,0.07298659460739544,0.1174851523346502
wikitext,0,2048,4096,0.5,0.07298659460739544,0.09790630677604066
wikitext,0,2048,512,1,0.19419625840167778,0.24070879712747237
wikitext,0,2048,1024,1,0.1295433238606942,0.18889244396076993
wikitext,0,2048,2048,1,0.07298659460739544,0.14749346047934603
wikitext,0,2048,4096,1,0.07298659460739544,0.1174851523346502
wikitext,0,2048,512,2,0.27999322752318384,0.3004123608596968
wikitext,0,2048,1024,2,0.19419625840167778,0.24070879712747237
wikitext,0,2048,2048,2,0.1295433238606942,0.18889244396076993
wikitext,0,2048,4096,2,0.07298659460739544,0.14749346047934603
wikitext,0,2048,512,5,0.3845560254818748,0.3856533131406889
wikitext,0,2048,1024,5,0.30562251378832006,0.3207613663644959
wikitext,0,2048,2048,5,0.22230479746085377,0.2592214069757353
wikitext,0,2048,4096,5,0.16233797197943886,0.20453254846493885
wikitext,0,2048,512,10,0.46489013250631583,0.45059372102148765
wikitext,0,2048,1024,10,0.3845560254818748,0.3856533131406889
wikitext,0,2048,2048,10,0.30562251378832006,0.3207613663644959
wikitext,0,2048,4096,10,0.22230479746085377,0.2592214069757353
wikitext,0,2048,512,20,0.5376595181279467,0.5133298631127019
wikitext,0,2048,1024,20,0.46489013250631583,0.45059372102148765
wikitext,0,2048,2048,20,0.3845560254818748,0.3856533131406889
wikitext,0,2048,4096,20,0.30562251378832006,0.3207613663644959
wikitext,0,2048,512,50,0.5944179759437063,0.5926568376852815
wikitext,0,2048,1024,50,0.5536665691492586,0.5329423872967777
wikitext,0,2048,2048,50,0.4928820262930727,0.47109166682187487
wikitext,0,2048,4096,50,0.40897616273714466,0.4066926880926228
wikitext,0,4096,512,0.5,0.12855655648741074,0.17962005855657515
wikitext,0,4096,1024,0.5,0.08121102316874108,0.13492359172182
wikitext,0,4096,2048,0.5,0.04337968561013979,0.10095271517765408
wikitext,0,4096,4096,0.5,0.04337968561013979,0.07724905445048898
wikitext,0,4096,512,1,0.19285584991869673,0.23409465627347742
wikitext,0,4096,1024,1,0.12855655648741074,0.17962005855657515
wikitext,0,4096,2048,1,0.08121102316874108,0.13492359172182
wikitext,0,4096,4096,1,0.04337968561013979,0.10095271517765408
wikitext,0,4096,512,2,0.280281182815395,0.29593349624285015
wikitext,0,4096,1024,2,0.19285584991869673,0.23409465627347742
wikitext,0,4096,2048,2,0.12855655648741074,0.17962005855657515
wikitext,0,4096,4096,2,0.08121102316874108,0.13492359172182
wikitext,0,4096,512,5,0.3841784527114859,0.3832124128642507
wikitext,0,4096,1024,5,0.30844058573228517,0.31686174537779876
wikitext,0,4096,2048,5,0.22293111401526858,0.2533496574657055
wikitext,0,4096,4096,5,0.1479399169638189,0.1961779819382719
wikitext,0,4096,512,10,0.4692595651159977,0.4491292453286792
wikitext,0,4096,1024,10,0.3841784527114859,0.3832124128642507
wikitext,0,4096,2048,10,0.30844058573228517,0.31686174537779876
wikitext,0,4096,4096,10,0.22293111401526858,0.2533496574657055
wikitext,0,4096,512,20,0.5369441121047343,0.5124667413725676
wikitext,0,4096,1024,20,0.4692595651159977,0.4491292453286792
wikitext,0,4096,2048,20,0.3841784527114859,0.3832124128642507
wikitext,0,4096,4096,20,0.30844058573228517,0.31686174537779876
wikitext,0,4096,512,50,0.5957991290019082,0.59224889271023
wikitext,0,4096,1024,50,0.5515672649787846,0.532217101913237
wikitext,0,4096,2048,50,0.49424237814892275,0.46985482285427027
wikitext,0,4096,4096,50,0.4111440765762479,0.4046150688393424
wikitext,0,8192,512,0.5,0.12976735166407005,0.17344044163648337
wikitext,0,8192,1024,0.5,0.07747535332267406,0.1262510812814539
wikitext,0,8192,2048,0.5,0.040618480603639553,0.0894941227055791
wikitext,0,8192,4096,0.5,0.021217225484787813,0.06292427485949158
wikitext,0,8192,512,1,0.1972188748085775,0.22991336770247978
wikitext,0,8192,1024,1,0.12976735166407005,0.17344044163648337
wikitext,0,8192,2048,1,0.07747535332267406,0.1262510812814539
wikitext,0,8192,4096,1,0.040618480603639553,0.0894941227055791
wikitext,0,8192,512,2,0.28122526561582917,0.29316299551529573
wikitext,0,8192,1024,2,0.1972188748085775,0.22991336770247978
wikitext,0,8192,2048,2,0.12976735166407005,0.17344044163648337
wikitext,0,8192,4096,2,0.07747535332267406,0.1262510812814539
wikitext,0,8192,512,5,0.3862869442804025,0.3815623913478722
wikitext,0,8192,1024,5,0.3080707858936001,0.31443078375754446
wikitext,0,8192,2048,5,0.22797109083322115,0.24968577154025176
wikitext,0,8192,4096,5,0.14847629921751562,0.19070374896189035
wikitext,0,8192,512,10,0.46818345631558816,0.4479729403180448
wikitext,0,8192,1024,10,0.3862869442804025,0.3815623913478722
wikitext,0,8192,2048,10,0.3080707858936001,0.31443078375754446
wikitext,0,8192,4096,10,0.22797109083322115,0.24968577154025176
wikitext,0,8192,512,20,0.5404678499185627,0.5116450581814357
wikitext,0,8192,1024,20,0.46818345631558816,0.4479729403180448
wikitext,0,8192,2048,20,0.3862869442804025,0.3815623913478722
wikitext,0,8192,4096,20,0.3080707858936001,0.31443078375754446
wikitext,0,8192,512,50,0.5953982375638751,0.5917417815790155
wikitext,0,8192,1024,50,0.5500145303124064,0.5314828710088911
wikitext,0,8192,2048,50,0.49341110474908584,0.4688189207980374
wikitext,0,8192,4096,50,0.409667024134713,0.40314816491635713
wikitext,1,1024,512,0.5,0.1243918408274069,0.2061227185679212
wikitext,1,1024,1024,0.5,0.1243918408274069,0.17339163288108717
wikitext,1,1024,2048,0.5,0.1243918408274069,0.15188377879775022
wikitext,1,1024,4096,0.5,0.1243918408274069,0.13908866823527388
wikitext,1,1024,512,1,0.1859211000228858,0.2506594642692867
wikitext,1,1024,1024,1,0.1243918408274069,0.2061227185679212
wikitext,1,1024,2048,1,0.1243918408274069,0.17339163288108717
wikitext,1,1024,4096,1,0.1243918408274069,0.15188377879775022
wikitext,1,1024,512,2,0.27011643237804844,0.3051920677835539
wikitext,1,1024,1024,2,0.1859211000228858,0.2506594642692867
wikitext,1,1024,2048,2,0.1243918408274069,0.2061227185679212
wikitext,1,1024,4096,2,0.1243918408274069,0.17339163288108717
wikitext,1,1024,512,5,0.3794986399070099,0.3866402012229232
wikitext,1,1024,1024,5,0.296767614690645,0.3243293709577826
wikitext,1,1024,2048,5,0.22951402423390319,0.2672676213122595
wikitext,1,1024,4096,5,0.1859211000228858,0.2192140489105636
wikitext,1,1024,512,10,0.46479095114236185,0.4503059545646391
wikitext,1,1024,1024,10,0.3794986399070099,0.3866402012229232
wikitext,1,1024,2048,10,0.296767614690645,0.3243293709577826
wikitext,1,1024,4096,10,0.22951402423390319,0.2672676213122595
wikitext,1,1024,512,20,0.532870510551088,0.5125159790683212
wikitext,1,1024,1024,20,0.46479095114236185,0.4503059545646391
wikitext,1,1024,2048,20,0.3794986399070099,0.3866402012229232
wikitext,1,1024,4096,20,0.296767614690645,0.3243293709577826
wikitext,1,1024,512,50,0.5928511121354414,0.5916476802191553
wikitext,1,1024,1024,50,0.5506346752528335,0.5320500881783026
wikitext,1,1024,2048,50,0.48499209353949624,0.4705747323236529
wikitext,1,1024,4096,50,0.41025422513058707,0.4071567232764436
wikitext,1,2048,512,0.5,0.13279432195816956,0.19004156881832213
wikitext,1,2048,1024,0.5,0.07704946552784284,0.1497969270495402
wikitext,1,2048,2048,0.5,0.07704946552784284,0.12056002673690723
wikitext,1,2048,4096,0.5,0.07704946552784284,0.10143977210377181
wikitext,1,2048,512,1,0.1977060727272702,0.24043420082671813
wikitext,1,2048,1024,1,0.13279432195816956,0.19004156881832213
wikitext,1,2048,2048,1,0.07704946552784284,0.1497969270495402
wikitext,1,2048,4096,1,0.07704946552784284,0.12056002673690723
wikitext,1,2048,512,2,0.2736154218538179,0.29882421983719126
wikitext,1,2048,1024,2,0.1977060727272702,0.24043420082671813
wikitext,1,2048,2048,2,0.13279432195816956,0.19004156881832213
wikitext,1,2048,4096,2,0.07704946552784284,0.1497969270495402
wikitext,1,2048,512,5,0.37936633279560594,0.3831801668238023
wikitext,1,2048,1024,5,0.29932412191888413,0.3188492784151439
wikitext,1,2048,2048,5,0.21958667072890706,0.2584888244225478
wikitext,1,2048,4096,5,0.16872940383963272,0.20523922985278167
wikitext,1,2048,512,10,0.4553897604973822,0.4482083561033851
wikitext,1,2048,1024,10,0.37936633279560594,0.3831801668238023
wikitext,1,2048,2048,10,0.29932412191888413,0.3188492784151439
wikitext,1,2048,4096,10,0.21958667072890706,0.2584888244225478
wikitext,1,2048,512,20,0.5366336740469723,0.5114214305601327
wikitext,1,2048,1024,20,0.4553897604973822,0.4482083561033851
wikitext,1,2048,2048,20,0.37936633279560594,0.3831801668238023
wikitext,1,2048,4096,20,0.29932412191888413,0.3188492784151439
wikitext,1,2048,512,50,0.5973284963312724,0.591377518181215
wikitext,1,2048,1024,50,0.5505575074462218,0.5312095005343326
wikitext,1,2048,2048,50,0.4877017112081943,0.4688347818154218
wikitext,1,2048,4096,50,0.40558502721258066,0.4041850927014711
wikitext,1,4096,512,0.5,0.13571678180905963,0.18283754151521087
wikitext,1,4096,1024,0.5,0.08476911165058874,0.13921120965371556
wikitext,1,4096,2048,0.5,0.04986560780877596,0.10600344351535519
wikitext,1,4096,4096,0.5,0.04986560780877596,0.08284299902851035
wikitext,1,4096,512,1,0.1997126722420092,0.23593383552045785
wikitext,1,4096,1024,1,0.13571678180905963,0.18283754151521087
wikitext,1,4096,2048,1,0.08476911165058874,0.13921120965371556
wikitext,1,4096,4096,1,0.04986560780877596,0.10600344351535519
wikitext,1,4096,512,2,0.2812087911060426,0.2963295426035135
wikitext,1,4096,1024,2,0.1997126722420092,0.23593383552045785
wikitext,1,4096,2048,2,0.13571678180905963,0.18283754151521087
wikitext,1,4096,4096,2,0.08476911165058874,0.13921120965371556
wikitext,1,4096,512,5,0.38735508133243574,0.3822408986832069
wikitext,1,4096,1024,5,0.3041708825553749,0.3168442643679351
wikitext,1,4096,2048,5,0.22436794595275003,0.25471306925695575
wikitext,1,4096,4096,5,0.1526033936446831,0.19897909812468745
wikitext,1,4096,512,10,0.4556722386526521,0.4478052253475871
wikitext,1,4096,1024,10,0.38735508133243574,0.3822408986832069
wikitext,1,4096,2048,10,0.3041708825553749,0.3168442643679351
wikitext,1,4096,4096,10,0.22436794595275003,0.25471306925695575
wikitext,1,4096,512,20,0.5371627617830756,0.5112938045896745
wikitext,1,4096,1024,20,0.4556722386526521,0.4478052253475871
wikitext,1,4096,2048,20,0.38735508133243574,0.3822408986832069
wikitext,1,4096,4096,20,0.3041708825553749,0.3168442643679351
wikitext,1,4096,512,50,0.5976757487391726,0.5915499811941185
wikitext,1,4096,1024,50,0.5504372285050425,0.5311535494073991
wikitext,1,4096,2048,50,0.48720299938457423,0.46853620879455277
wikitext,1,4096,4096,50,0.4066121136104666,0.4034637233520984
wikitext,1,8192,512,0.5,0.13907584865752484,0.17647803100510304
wikitext,1,8192,1024,0.5,0.07942631358216638,0.12960595769710156
wikitext,1,8192,2048,0.5,0.046389221497893623,0.09282365096791816
wikitext,1,8192,4096,0.5,0.022972256159675075,0.06598561750970373
wikitext,1,8192,512,1,0.2039145223195975,0.23227103180496003
wikitext,1,8192,1024,1,0.13907584865752484,0.17647803100510304
wikitext,1,8192,2048,1,0.07942631358216638,0.12960595769710156
wikitext,1,8192,4096,1,0.046389221497893623,0.09282365096791816
wikitext,1,8192,512,2,0.28044605387889515,0.2946589967502897
wikitext,1,8192,1024,2,0.2039145223195975,0.23227103180496003
wikitext,1,8192,2048,2,0.13907584865752484,0.17647803100510304
wikitext,1,8192,4096,2,0.07942631358216638,0.12960595769710156
wikitext,1,8192,512,5,0.38719435371436284,0.3821029461800664
wikitext,1,8192,1024,5,0.3079387321880891,0.3156591564289257
wikitext,1,8192,2048,5,0.2264068788297524,0.2517718525575426
wikitext,1,8192,4096,5,0.15863696944742,0.1935578983701546
wikitext,1,8192,512,10,0.4641729303927226,0.4481048181694315
wikitext,1,8192,1024,10,0.38719435371436284,0.3821029461800664
wikitext,1,8192,2048,10,0.3079387321880891,0.3156591564289257
wikitext,1,8192,4096,10,0.2264068788297524,0.2517718525575426
wikitext,1,8192,512,20,0.5380868709868946,0.5116158017600325
wikitext,1,8192,1024,20,0.4641729303927226,0.4481048181694315
wikitext,1,8192,2048,20,0.38719435371436284,0.3821029461800664
wikitext,1,8192,4096,20,0.3079387321880891,0.3156591564289257
wikitext,1,8192,512,50,0.5963388329094246,0.5916794675358443
wikitext,1,8192,1024,50,0.5511382155898641,0.5314358481300385
wikitext,1,8192,2048,50,0.4899742521910195,0.468876527334271
wikitext,1,8192,4096,50,0.41095110285781605,0.4035257957633054
wikitext,2,1024,512,0.5,0.1329303560745197,0.2143790434215741
wikitext,2,1024,1024,0.5,0.1329303560745197,0.1819531401252542
wikitext,2,1024,2048,0.5,0.1329303560745197,0.1605054375380726
wikitext,2,1024,4096,0.5,0.1329303560745197,0.1476933960715793
wikitext,2,1024,512,1,0.19642993530664668,0.2581254253129704
wikitext,2,1024,1024,1,0.1329303560745197,0.2143790434215741
wikitext,2,1024,2048,1,0.1329303560745197,0.1819531401252542
wikitext,2,1024,4096,1,0.1329303560745197,0.1605054375380726
wikitext,2,1024,512,2,0.27455676092349574,0.3112702822462153
wikitext,2,1024,1024,2,0.19642993530664668,0.2581254253129704
wikitext,2,1024,2048,2,0.1329303560745197,0.2143790434215741
wikitext,2,1024,4096,2,0.1329303560745197,0.1819531401252542
wikitext,2,1024,512,5,0.37697276694371645,0.39037694100030074
wikitext,2,1024,1024,5,0.3019924705640092,0.3298606158001887
wikitext,2,1024,2048,5,0.24653421188456734,0.2743488318338997
wikitext,2,1024,4096,5,0.19642993530664668,0.22727951019870093
wikitext,2,1024,512,10,0.4662573916898047,0.4524563463620083
wikitext,2,1024,1024,10,0.37697276694371645,0.39037694100030074
wikitext,2,1024,2048,10,0.3019924705640092,0.3298606158001887
wikitext,2,1024,4096,10,0.24653421188456734,0.2743488318338997
wikitext,2,1024,512,20,0.5318216285729034,0.5135808118518765
wikitext,2,1024,1024,20,0.4662573916898047,0.4524563463620083
wikitext,2,1024,2048,20,0.37697276694371645,0.39037694100030074
wikitext,2,1024,4096,20,0.3019924705640092,0.3298606158001887
wikitext,2,1024,512,50,0.5978271525873522,0.5921429523543937
wikitext,2,1024,1024,50,0.5507420348697839,0.532888612668807
wikitext,2,1024,2048,50,0.48756925898143727,0.4723137199406016
wikitext,2,1024,4096,50,0.4105323557168246,0.4103410388393261
wikitext,2,2048,512,0.5,0.12943478256218735,0.1915892450841103
wikitext,2,2048,1024,0.5,0.08067534858564795,0.1515898874169307
wikitext,2,2048,2048,0.5,0.08067534858564795,0.12283085625210388
wikitext,2,2048,4096,0.5,0.08067534858564795,0.1042022447837429
wikitext,2,2048,512,1,0.1992738990498671,0.24207024410182448
wikitext,2,2048,1024,1,0.12943478256218735,0.1915892450841103
wikitext,2,2048,2048,1,0.08067534858564795,0.1515898874169307
wikitext,2,2048,4096,1,0.08067534858564795,0.12283085625210388
wikitext,2,2048,512,2,0.274450522675266,0.3007528803916074
wikitext,2,2048,1024,2,0.1992738990498671,0.24207024410182448
wikitext,2,2048,2048,2,0.12943478256218735,0.1915892450841103
wikitext,2,2048,4096,2,0.08067534858564795,0.1515898874169307
wikitext,2,2048,512,5,0.3840449021512533,0.38536425519017437
wikitext,2,2048,1024,5,0.3011720101264946,0.32087293246822396
wikitext,2,2048,2048,5,0.2207950702267805,0.26020826429632476
wikitext,2,2048,4096,5,0.16885757835742068,0.20678076909190563
wikitext,2,2048,512,10,0.4662643707686735,0.4502376398420388
wikitext,2,2048,1024,10,0.3840449021512533,0.38536425519017437
wikitext,2,2048,2048,10,0.3011720101264946,0.32087293246822396
wikitext,2,2048,4096,10,0.2207950702267805,0.26020826429632476
wikitext,2,2048,512,20,0.5358548195204673,0.513059639120831
wikitext,2,2048,1024,20,0.4662643707686735,0.4502376398420388
wikitext,2,2048,2048,20,0.3840449021512533,0.38536425519017437
wikitext,2,2048,4096,20,0.3011720101264946,0.32087293246822396
wikitext,2,2048,512,50,0.6006739685372768,0.5925882829264607
wikitext,2,2048,1024,50,0.5510948587560589,0.5327158979359334
wikitext,2,2048,2048,50,0.4905604070957559,0.47075255752303347
wikitext,2,2048,4096,50,0.4089405769208658,0.40635579815018325
wikitext,2,4096,512,0.5,0.13084737978979608,0.18002061277946063
wikitext,2,4096,1024,0.5,0.07596437878214693,0.13512480316759584
wikitext,2,4096,2048,0.5,0.0443551852446655,0.10104787873544781
wikitext,2,4096,4096,0.5,0.0443551852446655,0.07746728024608872
wikitext,2,4096,512,1,0.20238911348187802,0.23448140679485294
wikitext,2,4096,1024,1,0.13084737978979608,0.18002061277946063
wikitext,2,4096,2048,1,0.07596437878214693,0.13512480316759584
wikitext,2,4096,4096,1,0.0443551852446655,0.10104787873544781
wikitext,2,4096,512,2,0.27394136468877345,0.2960555152182613
wikitext,2,4096,1024,2,0.20238911348187802,0.23448140679485294
wikitext,2,4096,2048,2,0.13084737978979608,0.18002061277946063
wikitext,2,4096,4096,2,0.07596437878214693,0.13512480316759584
wikitext,2,4096,512,5,0.386065562985884,0.383018874609045
wikitext,2,4096,1024,5,0.30169638566112683,0.3168869858712885
wikitext,2,4096,2048,5,0.2242260756384239,0.2536685616708456
wikitext,2,4096,4096,5,0.15424704764873437,0.19660807172478453
wikitext,2,4096,512,10,0.4629961233764227,0.44886178193601495
wikitext,2,4096,1024,10,0.386065562985884,0.383018874609045
wikitext,2,4096,2048,10,0.30169638566112683,0.3168869858712885
wikitext,2,4096,4096,10,0.2242260756384239,0.2536685616708456
wikitext,2,4096,512,20,0.5365406029940436,0.5122020711619037
wikitext,2,4096,1024,20,0.4629961233764227,0.44886178193601495
wikitext,2,4096,2048,20,0.386065562985884,0.383018874609045
wikitext,2,4096,4096,20,0.30169638566112683,0.3168869858712885
wikitext,2,4096,512,50,0.5951505668963725,0.5920274882120907
wikitext,2,4096,1024,50,0.5519731508231639,0.5319597487355799
wikitext,2,4096,2048,50,0.4912059560073869,0.4695834390169989
wikitext,2,4096,4096,50,0.4120759322513631,0.4043843591930956
wikitext,2,8192,512,0.5,0.13163525767545511,0.17471815829115256
wikitext,2,8192,1024,0.5,0.07531085526249984,0.1281097152679744
wikitext,2,8192,2048,0.5,0.04838859384988352,0.09175537877990948
wikitext,2,8192,4096,0.5,0.02283413455638104,0.06532973690907273
wikitext,2,8192,512,1,0.20062566225048176,0.23051674647344403
wikitext,2,8192,1024,1,0.13163525767545511,0.17471815829115256
wikitext,2,8192,2048,1,0.07531085526249984,0.1281097152679744
wikitext,2,8192,4096,1,0.04838859384988352,0.09175537877990948
wikitext,2,8192,512,2,0.2779011085823469,0.2931870530663972
wikitext,2,8192,1024,2,0.20062566225048176,0.23051674647344403
wikitext,2,8192,2048,2,0.13163525767545511,0.17471815829115256
wikitext,2,8192,4096,2,0.07531085526249984,0.1281097152679744
wikitext,2,8192,512,5,0.38840835345412805,0.38126611886044887
wikitext,2,8192,1024,5,0.3016399751448006,0.3143262493907781
wikitext,2,8192,2048,5,0.22742642320033,0.2500801282688814
wikitext,2,8192,4096,5,0.1563010766423636,0.19176843938727392
wikitext,2,8192,512,10,0.46364423312037,0.4476894411264317
wikitext,2,8192,1024,10,0.38840835345412805,0.38126611886044887
wikitext,2,8192,2048,10,0.3016399751448006,0.3143262493907781
wikitext,2,8192,4096,10,0.22742642320033,0.2500801282688814
wikitext,2,8192,512,20,0.5393564716582264,0.5114108562560108
wikitext,2,8192,1024,20,0.46364423312037,0.4476894411264317
wikitext,2,8192,2048,20,0.38840835345412805,0.38126611886044887
wikitext,2,8192,4096,20,0.3016399751448006,0.3143262493907781
wikitext,2,8192,512,50,0.5951505668963725,0.5915165553261706
wikitext,2,8192,1024,50,0.5497987364046607,0.5312568883929868
wikitext,2,8192,2048,50,0.49335835531808026,0.4685532880157946
wikitext,2,8192,4096,50,0.4136386992593221,0.40284270843517406
wikitext,3,1024,512,0.5,0.12893727466257113,0.20829393045637856
wikitext,3,1024,1024,0.5,0.12893727466257113,0.17650067708101957
wikitext,3,1024,2048,0.5,0.12893727466257113,0.15562513727750374
wikitext,3,1024,4096,0.5,0.12893727466257113,0.14320605524954702
wikitext,3,1024,512,1,0.1896915933881207,0.25167224660983334
wikitext,3,1024,1024,1,0.12893727466257113,0.20829393045637856
wikitext,3,1024,2048,1,0.12893727466257113,0.17650067708101957
wikitext,3,1024,4096,1,0.12893727466257113,0.15562513727750374
wikitext,3,1024,512,2,0.26655192952507917,0.30508313031677736
wikitext,3,1024,1024,2,0.1896915933881207,0.25167224660983334
wikitext,3,1024,2048,2,0.12893727466257113,0.20829393045637856
wikitext,3,1024,4096,2,0.12893727466257113,0.17650067708101957
wikitext,3,1024,512,5,0.3758271312309355,0.38558411575837115
wikitext,3,1024,1024,5,0.29136241690114645,0.32391865793935504
wikitext,3,1024,2048,5,0.22970097194176808,0.2678997747505448
wikitext,3,1024,4096,5,0.1896915933881207,0.22102702603313945
wikitext,3,1024,512,10,0.4586077952208662,0.44907103560024036
wikitext,3,1024,1024,10,0.3758271312309355,0.38558411575837115
wikitext,3,1024,2048,10,0.29136241690114645,0.32391865793935504
wikitext,3,1024,4096,10,0.22970097194176808,0.2678997747505448
wikitext,3,1024,512,20,0.5330185281086889,0.511461840271187
wikitext,3,1024,1024,20,0.4586077952208662,0.44907103560024036
wikitext,3,1024,2048,20,0.3758271312309355,0.38558411575837115
wikitext,3,1024,4096,20,0.29136241690114645,0.32391865793935504
wikitext,3,1024,512,50,0.5982521796056132,0.5910709694171699
wikitext,3,1024,1024,50,0.548381387221534,0.5311008754005022
wikitext,3,1024,2048,50,0.4852591833288692,0.46936696021046853
wikitext,3,1024,4096,50,0.41205279430853975,0.4059946151503853
wikitext,3,2048,512,0.5,0.1327315422875772,0.18992601758061164
wikitext,3,2048,1024,0.5,0.0786846970755432,0.1501022514478302
wikitext,3,2048,2048,0.5,0.0786846970755432,0.12131916391183155
wikitext,3,2048,4096,0.5,0.0786846970755432,0.1025570517932353
wikitext,3,2048,512,1,0.1961150203293123,0.24012349110851466
wikitext,3,2048,1024,1,0.1327315422875772,0.18992601758061164
wikitext,3,2048,2048,1,0.0786846970755432,0.1501022514478302
wikitext,3,2048,4096,1,0.0786846970755432,0.12131916391183155
wikitext,3,2048,512,2,0.2677380724094289,0.29865152165819203
wikitext,3,2048,1024,2,0.1961150203293123,0.24012349110851466
wikitext,3,2048,2048,2,0.1327315422875772,0.18992601758061164
wikitext,3,2048,4096,2,0.0786846970755432,0.1501022514478302
wikitext,3,2048,512,5,0.3841765048169991,0.38344060292181853
wikitext,3,2048,1024,5,0.29515564119227594,0.3187767290154295
wikitext,3,2048,2048,5,0.2173707539558312,0.25818703898286527
wikitext,3,2048,4096,5,0.16653860584648283,0.2050274690578602
wikitext,3,2048,512,10,0.46066596321855396,0.4486156531622161
wikitext,3,2048,1024,10,0.3841765048169991,0.38344060292181853
wikitext,3,2048,2048,10,0.29515564119227594,0.3187767290154295
wikitext,3,2048,4096,10,0.2173707539558312,0.25818703898286527
wikitext,3,2048,512,20,0.5314853994068645,0.5117398592735798
wikitext,3,2048,1024,20,0.46066596321855396,0.4486156531622161
wikitext,3,2048,2048,20,0.3841765048169991,0.38344060292181853
wikitext,3,2048,4096,20,0.29515564119227594,0.3187767290154295
wikitext,3,2048,512,50,0.5983004179954381,0.5915083496761744
wikitext,3,2048,1024,50,0.5486450174525579,0.5314773247352593
wikitext,3,2048,2048,50,0.4897946708596653,0.46923276950056053
wikitext,3,2048,4096,50,0.4069223476410382,0.4045222512464963
wikitext,3,4096,512,0.5,0.13298600672771718,0.1785479984828473
wikitext,3,4096,1024,0.5,0.07873119542488255,0.1341113438872926
wikitext,3,4096,2048,0.5,0.04207799867047443,0.1000882181189094
wikitext,3,4096,4096,0.5,0.04207799867047443,0.07623132330117466
wikitext,3,4096,512,1,0.1958268093402732,0.23241452894657563
wikitext,3,4096,1024,1,0.13298600672771718,0.1785479984828473
wikitext,3,4096,2048,1,0.07873119542488255,0.1341113438872926
wikitext,3,4096,4096,1,0.04207799867047443,0.1000882181189094
wikitext,3,4096,512,2,0.27240826862448114,0.29360755223054
wikitext,3,4096,1024,2,0.1958268093402732,0.23241452894657563
wikitext,3,4096,2048,2,0.13298600672771718,0.1785479984828473
wikitext,3,4096,4096,2,0.07873119542488255,0.1341113438872926
wikitext,3,4096,512,5,0.38025983366876864,0.3805482604853707
wikitext,3,4096,1024,5,0.3003055213478784,0.3143857244636591
wikitext,3,4096,2048,5,0.21762641716549336,0.2514449220593962
wikitext,3,4096,4096,5,0.15248958303599772,0.19493935231584117
wikitext,3,4096,512,10,0.45998862036464794,0.44667724098092354
wikitext,3,4096,1024,10,0.38025983366876864,0.3805482604853707
wikitext,3,4096,2048,10,0.3003055213478784,0.3143857244636591
wikitext,3,4096,4096,10,0.21762641716549336,0.2514449220593962
wikitext,3,4096,512,20,0.534793970312069,0.5104988685452804
wikitext,3,4096,1024,20,0.45998862036464794,0.44667724098092354
wikitext,3,4096,2048,20,0.38025983366876864,0.3805482604853707
wikitext,3,4096,4096,20,0.3003055213478784,0.3143857244636591
wikitext,3,4096,512,50,0.5977146212434089,0.5910030882768395
wikitext,3,4096,1024,50,0.5515980770036959,0.5304314706863229
wikitext,3,4096,2048,50,0.4891153629210708,0.4675374362247302
wikitext,3,4096,4096,50,0.40834424027532695,0.4019799378770278
wikitext,3,8192,512,0.5,0.14167645595456127,0.17474685400107146
wikitext,3,8192,1024,0.5,0.07951867867190947,0.12758900507870452
wikitext,3,8192,2048,0.5,0.04320301881790918,0.09014337995699766
wikitext,3,8192,4096,0.5,0.017375513986972686,0.062468349390226385
wikitext,3,8192,512,1,0.1985154865509249,0.23052388425384956
wikitext,3,8192,1024,1,0.14167645595456127,0.17474685400107146
wikitext,3,8192,2048,1,0.07951867867190947,0.12758900507870452
wikitext,3,8192,4096,1,0.04320301881790918,0.09014337995699766
wikitext,3,8192,512,2,0.2748914626555516,0.29289416916363736
wikitext,3,8192,1024,2,0.1985154865509249,0.23052388425384956
wikitext,3,8192,2048,2,0.14167645595456127,0.17474685400107146
wikitext,3,8192,4096,2,0.07951867867190947,0.12758900507870452
wikitext,3,8192,512,5,0.38185347743472126,0.3806100636185677
wikitext,3,8192,1024,5,0.3039367598866486,0.3139281070420697
wikitext,3,8192,2048,5,0.22404686969778118,0.2500047437580877
wikitext,3,8192,4096,5,0.15736193259021689,0.19184182279691292
wikitext,3,8192,512,10,0.4620682676200148,0.44695040634665695
wikitext,3,8192,1024,10,0.38185347743472126,0.3806100636185677
wikitext,3,8192,2048,10,0.3039367598866486,0.3139281070420697
wikitext,3,8192,4096,10,0.22404686969778118,0.2500047437580877
wikitext,3,8192,512,20,0.5379321977194517,0.5107679985492887
wikitext,3,8192,1024,20,0.4620682676200148,0.44695040634665695
wikitext,3,8192,2048,20,0.38185347743472126,0.3806100636185677
wikitext,3,8192,4096,20,0.3039367598866486,0.3139281070420697
wikitext,3,8192,512,50,0.5951505668963725,0.5911119904314042
wikitext,3,8192,1024,50,0.550177811792149,0.5306697135225473
wikitext,3,8192,2048,50,0.4926721394382869,0.4678284931853442
wikitext,3,8192,4096,50,0.4110168357806583,0.40213844567516116
wikitext,4,1024,512,0.5,0.12862134902538336,0.2097209764660249
wikitext,4,1024,1024,0.5,0.12862134902538336,0.1772320098722345
wikitext,4,1024,2048,0.5,0.12862134902538336,0.15589292718147818
wikitext,4,1024,4096,0.5,0.12862134902538336,0.14320016673185082
wikitext,4,1024,512,1,0.19006928862291733,0.25396676389288575
wikitext,4,1024,1024,1,0.12862134902538336,0.2097209764660249
wikitext,4,1024,2048,1,0.12862134902538336,0.1772320098722345
wikitext,4,1024,4096,1,0.12862134902538336,0.15589292718147818
wikitext,4,1024,512,2,0.27115049651276063,0.30819322051982295
wikitext,4,1024,1024,2,0.19006928862291733,0.25396676389288575
wikitext,4,1024,2048,2,0.12862134902538336,0.2097209764660249
wikitext,4,1024,4096,2,0.12862134902538336,0.1772320098722345
wikitext,4,1024,512,5,0.3806587939070551,0.3892028269053076
wikitext,4,1024,1024,5,0.30013737224731174,0.32722905715203304
wikitext,4,1024,2048,5,0.23105275453726143,0.2704772629362416
wikitext,4,1024,4096,5,0.19006928862291733,0.22272200811430057
wikitext,4,1024,512,10,0.46155906355992504,0.45249509095771934
wikitext,4,1024,1024,10,0.3806587939070551,0.3892028269053076
wikitext,4,1024,2048,10,0.30013737224731174,0.32722905715203304
wikitext,4,1024,4096,10,0.23105275453726143,0.2704772629362416
wikitext,4,1024,512,20,0.5372618405488234,0.5143043247991911
wikitext,4,1024,1024,20,0.46155906355992504,0.45249509095771934
wikitext,4,1024,2048,20,0.3806587939070551,0.3892028269053076
wikitext,4,1024,4096,20,0.30013737224731174,0.32722905715203304
wikitext,4,1024,512,50,0.5972858731145404,0.5928500199048236
wikitext,4,1024,1024,50,0.550803129484966,0.5337022004750295
wikitext,4,1024,2048,50,0.48670978488959626,0.4726378767492441
wikitext,4,1024,4096,50,0.4164712692967028,0.4096025533819068
wikitext,4,2048,512,0.5,0.12843162200694894,0.1908191231508365
wikitext,4,2048,1024,0.5,0.078708080383325,0.1503525982188107
wikitext,4,2048,2048,0.5,0.078708080383325,0.12128391428976844
wikitext,4,2048,4096,0.5,0.078708080383325,0.10246633688208959
wikitext,4,2048,512,1,0.19620901123468554,0.24190016261379277
wikitext,4,2048,1024,1,0.12843162200694894,0.1908191231508365
wikitext,4,2048,2048,1,0.078708080383325,0.1503525982188107
wikitext,4,2048,4096,1,0.078708080383325,0.12128391428976844
wikitext,4,2048,512,2,0.2774341418850968,0.3011636114057156
wikitext,4,2048,1024,2,0.19620901123468554,0.24190016261379277
wikitext,4,2048,2048,2,0.12843162200694894,0.1908191231508365
wikitext,4,2048,4096,2,0.078708080383325,0.1503525982188107
wikitext,4,2048,512,5,0.3877188273901994,0.3861998700941626
wikitext,4,2048,1024,5,0.30513100285841716,0.3214317385710026
wikitext,4,2048,2048,5,0.2230173719362138,0.26023763982051473
wikitext,4,2048,4096,5,0.1650278881934953,0.20619393484657225
wikitext,4,2048,512,10,0.46136012120999953,0.4511012661864807
wikitext,4,2048,1024,10,0.3877188273901994,0.3861998700941626
wikitext,4,2048,2048,10,0.30513100285841716,0.3214317385710026
wikitext,4,2048,4096,10,0.2230173719362138,0.26023763982051473
wikitext,4,2048,512,20,0.5399500319464561,0.5137764114935992
wikitext,4,2048,1024,20,0.46136012120999953,0.4511012661864807
wikitext,4,2048,2048,20,0.3877188273901994,0.3861998700941626
wikitext,4,2048,4096,20,0.30513100285841716,0.3214317385710026
wikitext,4,2048,512,50,0.6011030653090124,0.5927911699855748
wikitext,4,2048,1024,50,0.5494892853712486,0.5333457427788443
wikitext,4,2048,2048,50,0.4885375718966233,0.4715869046753672
wikitext,4,2048,4096,50,0.41148082343062004,0.40722317478590947
wikitext,4,4096,512,0.5,0.13260385001833164,0.1800977096403562
wikitext,4,4096,1024,0.5,0.08237249681105854,0.1352851874119344
wikitext,4,4096,2048,0.5,0.04188198494539851,0.10091439339687547
wikitext,4,4096,4096,0.5,0.04188198494539851,0.0767350729800455
wikitext,4,4096,512,1,0.19754692518352482,0.23433689068995067
wikitext,4,4096,1024,1,0.13260385001833164,0.1800977096403562
wikitext,4,4096,2048,1,0.08237249681105854,0.1352851874119344
wikitext,4,4096,4096,1,0.04188198494539851,0.10091439339687547
wikitext,4,4096,512,2,0.277999126384646,0.2957914390728815
wikitext,4,4096,1024,2,0.19754692518352482,0.23433689068995067
wikitext,4,4096,2048,2,0.13260385001833164,0.1800977096403562
wikitext,4,4096,4096,2,0.08237249681105854,0.1352851874119344
wikitext,4,4096,512,5,0.38295790089577814,0.38278966225700667
wikitext,4,4096,1024,5,0.306123851427273,0.3166147334817914
wikitext,4,4096,2048,5,0.2208146773614049,0.2534691795635064
wikitext,4,4096,4096,5,0.15353297367215987,0.19661360797235325
wikitext,4,4096,512,10,0.465591088650076,0.4487568593808998
wikitext,4,4096,1024,10,0.38295790089577814,0.38278966225700667
wikitext,4,4096,2048,10,0.306123851427273,0.3166147334817914
wikitext,4,4096,4096,10,0.2208146773614049,0.2534691795635064
wikitext,4,4096,512,20,0.5392141706195277,0.5122618061761086
wikitext,4,4096,1024,20,0.465591088650076,0.4487568593808998
wikitext,4,4096,2048,20,0.38295790089577814,0.38278966225700667
wikitext,4,4096,4096,20,0.306123851427273,0.3166147334817914
wikitext,4,4096,512,50,0.6014948443490675,0.592172109675327
wikitext,4,4096,1024,50,0.547691990938125,0.5320638071103715
wikitext,4,4096,2048,50,0.4887272036522654,0.4695311054114876
wikitext,4,4096,4096,50,0.411497990823835,0.4041871666540283
wikitext,4,8192,512,0.5,0.12993851562774406,0.1736115429044943
wikitext,4,8192,1024,0.5,0.07280100844432887,0.12648099717950068
wikitext,4,8192,2048,0.5,0.04634569300207881,0.08969073288622371
wikitext,4,8192,4096,0.5,0.01967043893875491,0.06290605144543723
wikitext,4,8192,512,1,0.19683908958689325,0.2300014650633618
wikitext,4,8192,1024,1,0.12993851562774406,0.1736115429044943
wikitext,4,8192,2048,1,0.07280100844432887,0.12648099717950068
wikitext,4,8192,4096,1,0.04634569300207881,0.08969073288622371
wikitext,4,8192,512,2,0.2811628256956341,0.29321296538387953
wikitext,4,8192,1024,2,0.19683908958689325,0.2300014650633618
wikitext,4,8192,2048,2,0.12993851562774406,0.1736115429044943
wikitext,4,8192,4096,2,0.07280100844432887,0.12648099717950068
wikitext,4,8192,512,5,0.38674290672024775,0.38169160060494844
wikitext,4,8192,1024,5,0.30544957943373297,0.31448783875172553
wikitext,4,8192,2048,5,0.22293237900866325,0.24975305358579017
wikitext,4,8192,4096,5,0.15381170241358208,0.19084794324570545
wikitext,4,8192,512,10,0.46654405253733744,0.4481856963214634
wikitext,4,8192,1024,10,0.38674290672024775,0.38169160060494844
wikitext,4,8192,2048,10,0.30544957943373297,0.31448783875172553
wikitext,4,8192,4096,10,0.22293237900866325,0.24975305358579017
wikitext,4,8192,512,20,0.5384725259398111,0.5118669687466566
wikitext,4,8192,1024,20,0.46654405253733744,0.4481856963214634
wikitext,4,8192,2048,20,0.38674290672024775,0.38169160060494844
wikitext,4,8192,4096,20,0.30544957943373297,0.31448783875172553
wikitext,4,8192,512,50,0.5992795966493732,0.5917779796937203
wikitext,4,8192,1024,50,0.5498675557451156,0.5316815502351472
wikitext,4,8192,2048,50,0.49453893248040565,0.46904621903485205
wikitext,4,8192,4096,50,0.41436599882213154,0.40330751438589585
wikitext,5,1024,512,0.5,0.12802862323205141,0.21026330966128096
wikitext,5,1024,1024,0.5,0.12802862323205141,0.1776031984814232
wikitext,5,1024,2048,0.5,0.12802862323205141,0.15595296050374333
wikitext,5,1024,4096,0.5,0.12802862323205141,0.14299282032165256
wikitext,5,1024,512,1,0.19553730847871384,0.2542863075430259
wikitext,5,1024,1024,1,0.12802862323205141,0.21026330966128096
wikitext,5,1024,2048,1,0.12802862323205141,0.1776031984814232
wikitext,5,1024,4096,1,0.12802862323205141,0.15595296050374333
wikitext,5,1024,512,2,0.26760383502099555,0.3078458489074851
wikitext,5,1024,1024,2,0.19553730847871384,0.2542863075430259
wikitext,5,1024,2048,2,0.12802862323205141,0.21026330966128096
wikitext,5,1024,4096,2,0.12802862323205141,0.1776031984814232
wikitext,5,1024,512,5,0.37611489679399196,0.3878158664592908
wikitext,5,1024,1024,5,0.2969842404866633,0.32661497556971886
wikitext,5,1024,2048,5,0.2390677816332433,0.2706223881410226
wikitext,5,1024,4096,5,0.19553730847871384,0.2232450923885246
wikitext,5,1024,512,10,0.4582896503460686,0.45066697900518654
wikitext,5,1024,1024,10,0.37611489679399196,0.3878158664592908
wikitext,5,1024,2048,10,0.2969842404866633,0.32661497556971886
wikitext,5,1024,4096,10,0.2390677816332433,0.2706223881410226
wikitext,5,1024,512,20,0.5314422041972987,0.5124748829526575
wikitext,5,1024,1024,20,0.4582896503460686,0.45066697900518654
wikitext,5,1024,2048,20,0.37611489679399196,0.3878158664592908
wikitext,5,1024,4096,20,0.2969842404866633,0.32661497556971886
wikitext,5,1024,512,50,0.5961290194171587,0.5915735235340676
wikitext,5,1024,1024,50,0.5503794153658593,0.5319576002910521
wikitext,5,1024,2048,50,0.4858520697029665,0.47076230104870115
wikitext,5,1024,4096,50,0.4097886826712153,0.4080271543803412
wikitext,5,2048,512,0.5,0.13153622333199536,0.19090405184746775
wikitext,5,2048,1024,0.5,0.0758635641162069,0.15000401351947804
wikitext,5,2048,2048,0.5,0.0758635641162069,0.1202166254886988
wikitext,5,2048,4096,0.5,0.0758635641162069,0.10072332853435882
wikitext,5,2048,512,1,0.1999969964764844,0.24186039704140022
wikitext,5,2048,1024,1,0.13153622333199536,0.19090405184746775
wikitext,5,2048,2048,1,0.0758635641162069,0.15000401351947804
wikitext,5,2048,4096,1,0.0758635641162069,0.1202166254886988
wikitext,5,2048,512,2,0.282174908495721,0.30051303320221323
wikitext,5,2048,1024,2,0.1999969964764844,0.24186039704140022
wikitext,5,2048,2048,2,0.13153622333199536,0.19090405184746775
wikitext,5,2048,4096,2,0.0758635641162069,0.15000401351947804
wikitext,5,2048,512,5,0.37965307461619996,0.3846787424020755
wikitext,5,2048,1024,5,0.30212260778946304,0.3205431076599133
wikitext,5,2048,2048,5,0.22196009548843249,0.26003939267740156
wikitext,5,2048,4096,5,0.17219916925911907,0.20630473865443047
wikitext,5,2048,512,10,0.4605961739435505,0.44932521985075663
wikitext,5,2048,1024,10,0.37965307461619996,0.3846787424020755
wikitext,5,2048,2048,10,0.30212260778946304,0.3205431076599133
wikitext,5,2048,4096,10,0.22196009548843249,0.26003939267740156
wikitext,5,2048,512,20,0.5352003636373593,0.5121586120386648
wikitext,5,2048,1024,20,0.4605961739435505,0.44932521985075663
wikitext,5,2048,2048,20,0.37965307461619996,0.3846787424020755
wikitext,5,2048,4096,20,0.30212260778946304,0.3205431076599133
wikitext,5,2048,512,50,0.5986141366908444,0.5918255277147028
wikitext,5,2048,1024,50,0.551331685845817,0.5318495241975731
wikitext,5,2048,2048,50,0.48837761007129055,0.4698209246077749
wikitext,5,2048,4096,50,0.4051069850450609,0.40557185597935397
wikitext,5,4096,512,0.5,0.13485691778214937,0.1817054612962186
wikitext,5,4096,1024,0.5,0.08267323979457111,0.13711424304410003
wikitext,5,4096,2048,0.5,0.044420575883328116,0.10292269784012338
wikitext,5,4096,4096,0.5,0.044420575883328116,0.07890790846292205
wikitext,5,4096,512,1,0.2023785444154095,0.23561931088287452
wikitext,5,4096,1024,1,0.13485691778214937,0.1817054612962186
wikitext,5,4096,2048,1,0.08267323979457111,0.13711424304410003
wikitext,5,4096,4096,1,0.044420575883328116,0.10292269784012338
wikitext,5,4096,512,2,0.2810798698304376,0.2966072458789389
wikitext,5,4096,1024,2,0.2023785444154095,0.23561931088287452
wikitext,5,4096,2048,2,0.13485691778214937,0.1817054612962186
wikitext,5,4096,4096,2,0.08267323979457111,0.13711424304410003
wikitext,5,4096,512,5,0.3854330083688767,0.38289204195803683
wikitext,5,4096,1024,5,0.3013776076755095,0.3172579341218941
wikitext,5,4096,2048,5,0.23017743823457235,0.2546161145884577
wikitext,5,4096,4096,5,0.1526016123483814,0.19813113322180903
wikitext,5,4096,512,10,0.4609296001463928,0.4484090990436546
wikitext,5,4096,1024,10,0.3854330083688767,0.38289204195803683
wikitext,5,4096,2048,10,0.3013776076755095,0.3172579341218941
wikitext,5,4096,4096,10,0.23017743823457235,0.2546161145884577
wikitext,5,4096,512,20,0.5387660120715045,0.511632499598997
wikitext,5,4096,1024,20,0.4609296001463928,0.4484090990436546
wikitext,5,4096,2048,20,0.3854330083688767,0.38289204195803683
wikitext,5,4096,4096,20,0.3013776076755095,0.3172579341218941
wikitext,5,4096,512,50,0.5984705020691967,0.591428074354827
wikitext,5,4096,1024,50,0.5486288614153585,0.5313824274367039
wikitext,5,4096,2048,50,0.48997980501696453,0.4690725495914927
wikitext,5,4096,4096,50,0.41240329415964844,0.40412962763075083
wikitext,5,8192,512,0.5,0.13218588061446598,0.17568539093301921
wikitext,5,8192,1024,0.5,0.07853680811658158,0.12833776007671308
wikitext,5,8192,2048,0.5,0.04296481302664527,0.0910752757244732
wikitext,5,8192,4096,0.5,0.01997873900667223,0.06380078994988908
wikitext,5,8192,512,1,0.2085709711114767,0.23190139913971514
wikitext,5,8192,1024,1,0.13218588061446598,0.17568539093301921
wikitext,5,8192,2048,1,0.07853680811658158,0.12833776007671308
wikitext,5,8192,4096,1,0.04296481302664527,0.0910752757244732
wikitext,5,8192,512,2,0.28077674256459345,0.29458415304212615
wikitext,5,8192,1024,2,0.2085709711114767,0.23190139913971514
wikitext,5,8192,2048,2,0.13218588061446598,0.17568539093301921
wikitext,5,8192,4096,2,0.07853680811658158,0.12833776007671308
wikitext,5,8192,512,5,0.38390794411934676,0.3821929925124699
wikitext,5,8192,1024,5,0.3047580462379195,0.31564576940318273
wikitext,5,8192,2048,5,0.23036460954746638,0.25151410489599146
wikitext,5,8192,4096,5,0.1517526403152309,0.1929106947028159
wikitext,5,8192,512,10,0.4640919248272013,0.4481965273446483
wikitext,5,8192,1024,10,0.38390794411934676,0.3821929925124699
wikitext,5,8192,2048,10,0.3047580462379195,0.31564576940318273
wikitext,5,8192,4096,10,0.23036460954746638,0.25151410489599146
wikitext,5,8192,512,20,0.5417599190263094,0.5116294419364039
wikitext,5,8192,1024,20,0.4640919248272013,0.4481965273446483
wikitext,5,8192,2048,20,0.38390794411934676,0.3821929925124699
wikitext,5,8192,4096,20,0.3047580462379195,0.31564576940318273
wikitext,5,8192,512,50,0.5995262119478674,0.5915077110099316
wikitext,5,8192,1024,50,0.5500581161731914,0.5314107588523052
wikitext,5,8192,2048,50,0.49078878060988534,0.46895094001446747
wikitext,5,8192,4096,50,0.41191496192538174,0.40362613337018793
cnn_dailymail,0,1024,512,0.5,0.11000836860426849,0.19436766720727994
cnn_dailymail,0,1024,1024,0.5,0.11000836860426849,0.16060814956464586
cnn_dailymail,0,1024,2048,0.5,0.11000836860426849,0.1384172534181788
cnn_dailymail,0,1024,4096,0.5,0.11000836860426849,0.12520332730180292
cnn_dailymail,0,1024,512,1,0.17568528188357446,0.2404007291565054
cnn_dailymail,0,1024,1024,1,0.11000836860426849,0.19436766720727994
cnn_dailymail,0,1024,2048,1,0.11000836860426849,0.16060814956464586
cnn_dailymail,0,1024,4096,1,0.11000836860426849,0.1384172534181788
cnn_dailymail,0,1024,512,2,0.25183958476377255,0.2971329474833243
cnn_dailymail,0,1024,1024,2,0.17568528188357446,0.2404007291565054
cnn_dailymail,0,1024,2048,2,0.11000836860426849,0.19436766720727994
cnn_dailymail,0,1024,4096,2,0.11000836860426849,0.16060814956464586
cnn_dailymail,0,1024,512,5,0.36961582358300804,0.3830554010826698
cnn_dailymail,0,1024,1024,5,0.2808262784355135,0.3171768930957746
cnn_dailymail,0,1024,2048,5,0.21833058374041908,0.2576260226687028
cnn_dailymail,0,1024,4096,5,0.17568528188357446,0.2078808229201904
cnn_dailymail,0,1024,512,10,0.45816790282142095,0.45157878106102595
cnn_dailymail,0,1024,1024,10,0.36961582358300804,0.3830554010826698
cnn_dailymail,0,1024,2048,10,0.2808262784355135,0.3171768930957746
cnn_dailymail,0,1024,4096,10,0.21833058374041908,0.2576260226687028
cnn_dailymail,0,1024,512,20,0.5306317305623034,0.5199636886816704
cnn_dailymail,0,1024,1024,20,0.45816790282142095,0.45157878106102595
cnn_dailymail,0,1024,2048,20,0.36961582358300804,0.3830554010826698
cnn_dailymail,0,1024,4096,20,0.2808262784355135,0.3171768930957746
cnn_dailymail,0,1024,512,50,0.6131787090743019,0.6082148270279002
cnn_dailymail,0,1024,1024,50,0.5496116781634942,0.5417004090515014
cnn_dailymail,0,1024,2048,50,0.4876947134981091,0.4737015891240643
cnn_dailymail,0,1024,4096,50,0.4055536704016005,0.40498747412344605
cnn_dailymail,0,2048,512,0.5,0.11185367220819661,0.1767168524492858
cnn_dailymail,0,2048,1024,0.5,0.06983610529503595,0.13740419075611904
cnn_dailymail,0,2048,2048,0.5,0.06983610529503595,0.10967173195074274
cnn_dailymail,0,2048,4096,0.5,0.06983610529503595,0.09195003382042223
cnn_dailymail,0,2048,512,1,0.17654929931017058,0.2274888817639766
cnn_dailymail,0,2048,1024,1,0.11185367220819661,0.1767168524492858
cnn_dailymail,0,2048,2048,1,0.06983610529503595,0.13740419075611904
cnn_dailymail,0,2048,4096,1,0.06983610529503595,0.10967173195074274
cnn_dailymail,0,2048,512,2,0.25501849626375805,0.28796146855213756
cnn_dailymail,0,2048,1024,2,0.17654929931017058,0.2274888817639766
cnn_dailymail,0,2048,2048,2,0.11185367220819661,0.1767168524492858
cnn_dailymail,0,2048,4096,2,0.06983610529503595,0.13740419075611904
cnn_dailymail,0,2048,512,5,0.3728362096343725,0.3775020841719435
cnn_dailymail,0,2048,1024,5,0.2778774983006056,0.3090164782035103
cnn_dailymail,0,2048,2048,5,0.19866578116591355,0.24602312070504834
cnn_dailymail,0,2048,4096,5,0.14980695700731134,0.19186498710412758
cnn_dailymail,0,2048,512,10,0.4577868972856879,0.4478913027967696
cnn_dailymail,0,2048,1024,10,0.3728362096343725,0.3775020841719435
cnn_dailymail,0,2048,2048,10,0.2778774983006056,0.3090164782035103
cnn_dailymail,0,2048,4096,10,0.19866578116591355,0.24602312070504834
cnn_dailymail,0,2048,512,20,0.5257937207565322,0.5175190973600391
cnn_dailymail,0,2048,1024,20,0.4577868972856879,0.4478913027967696
cnn_dailymail,0,2048,2048,20,0.3728362096343725,0.3775020841719435
cnn_dailymail,0,2048,4096,20,0.2778774983006056,0.3090164782035103
cnn_dailymail,0,2048,512,50,0.6136921354280949,0.6067401598729414
cnn_dailymail,0,2048,1024,50,0.5450599473868308,0.5395513842412154
cnn_dailymail,0,2048,2048,50,0.48287774459878674,0.4704744395083224
cnn_dailymail,0,2048,4096,50,0.4019356179869137,0.400111523730235
cnn_dailymail,0,4096,512,0.5,0.11275121325499099,0.16781562381901258
cnn_dailymail,0,4096,1024,0.5,0.0715270279764317,0.1258806130516964
cnn_dailymail,0,4096,2048,0.5,0.045795957815930495,0.09514080635929509
cnn_dailymail,0,4096,4096,0.5,0.045795957815930495,0.07437118891402052
cnn_dailymail,0,4096,512,1,0.17211792918146787,0.22087192643986356
cnn_dailymail,0,4096,1024,1,0.11275121325499099,0.16781562381901258
cnn_dailymail,0,4096,2048,1,0.0715270279764317,0.1258806130516964
cnn_dailymail,0,4096,4096,1,0.045795957815930495,0.09514080635929509
cnn_dailymail,0,4096,512,2,0.2574538614943308,0.2833461305233689
cnn_dailymail,0,4096,1024,2,0.17211792918146787,0.22087192643986356
cnn_dailymail,0,4096,2048,2,0.11275121325499099,0.16781562381901258
cnn_dailymail,0,4096,4096,2,0.0715270279764317,0.1258806130516964
cnn_dailymail,0,4096,512,5,0.37528632372388143,0.37488379727749066
cnn_dailymail,0,4096,1024,5,0.2834023361032566,0.3049666316913585
cnn_dailymail,0,4096,2048,5,0.19919006060212963,0.24008475292631506
cnn_dailymail,0,4096,4096,5,0.13223327843213584,0.18372957098491083
cnn_dailymail,0,4096,512,10,0.4600998080463904,0.4461961235890093
cnn_dailymail,0,4096,1024,10,0.37528632372388143,0.37488379727749066
cnn_dailymail,0,4096,2048,10,0.2834023361032566,0.3049666316913585
cnn_dailymail,0,4096,4096,10,0.19919006060212963,0.24008475292631506
cnn_dailymail,0,4096,512,20,0.5265176877012261,0.5163559826470028
cnn_dailymail,0,4096,1024,20,0.4600998080463904,0.4461961235890093
cnn_dailymail,0,4096,2048,20,0.37528632372388143,0.37488379727749066
cnn_dailymail,0,4096,4096,20,0.2834023361032566,0.3049666316913585
cnn_dailymail,0,4096,512,50,0.613958140232897,0.6059389065798664
cnn_dailymail,0,4096,1024,50,0.5482951207298477,0.5385033030863857
cnn_dailymail,0,4096,2048,50,0.482340334409919,0.46898509155668555
cnn_dailymail,0,4096,4096,50,0.4071542737182645,0.3978428146117314
cnn_dailymail,0,8192,512,0.5,0.12132485539273065,0.1650164033619727
cnn_dailymail,0,8192,1024,0.5,0.07428902475672877,0.12100410746690952
cnn_dailymail,0,8192,2048,0.5,0.04489153138318773,0.08747251556034172
cnn_dailymail,0,8192,4096,0.5,0.025866253711189967,0.06349959504083956
cnn_dailymail,0,8192,512,1,0.17687146905658802,0.21940145832125893
cnn_dailymail,0,8192,1024,1,0.12132485539273065,0.1650164033619727
cnn_dailymail,0,8192,2048,1,0.07428902475672877,0.12100410746690952
cnn_dailymail,0,8192,4096,1,0.04489153138318773,0.08747251556034172
cnn_dailymail,0,8192,512,2,0.2567529480891647,0.282614505127642
cnn_dailymail,0,8192,1024,2,0.17687146905658802,0.21940145832125893
cnn_dailymail,0,8192,2048,2,0.12132485539273065,0.1650164033619727
cnn_dailymail,0,8192,4096,2,0.07428902475672877,0.12100410746690952
cnn_dailymail,0,8192,512,5,0.3784819322270957,0.37458809408117616
cnn_dailymail,0,8192,1024,5,0.284912931242194,0.3043842451008984
cnn_dailymail,0,8192,2048,5,0.20405343836648523,0.23890578828838285
cnn_dailymail,0,8192,4096,5,0.1343870195451201,0.1814350639462736
cnn_dailymail,0,8192,512,10,0.4581260182552803,0.4460234577371345
cnn_dailymail,0,8192,1024,10,0.3784819322270957,0.37458809408117616
cnn_dailymail,0,8192,2048,10,0.284912931242194,0.3043842451008984
cnn_dailymail,0,8192,4096,10,0.20405343836648523,0.23890578828838285
cnn_dailymail,0,8192,512,20,0.5291438454457292,0.5162299837161234
cnn_dailymail,0,8192,1024,20,0.4581260182552803,0.4460234577371345
cnn_dailymail,0,8192,2048,20,0.3784819322270957,0.37458809408117616
cnn_dailymail,0,8192,4096,20,0.284912931242194,0.3043842451008984
cnn_dailymail,0,8192,512,50,0.6139071159051066,0.6058174893274731
cnn_dailymail,0,8192,1024,50,0.5472575845510301,0.5383832673357923
cnn_dailymail,0,8192,2048,50,0.4820828697473828,0.46883309507270043
cnn_dailymail,0,8192,4096,50,0.40677938796242075,0.3975993003969426
cnn_dailymail,1,1024,512,0.5,0.11026322567746426,0.19258979315362332
cnn_dailymail,1,1024,1024,0.5,0.11026322567746426,0.15942970258642974
cnn_dailymail,1,1024,2048,0.5,0.11026322567746426,0.13778159169761872
cnn_dailymail,1,1024,4096,0.5,0.11026322567746426,0.12495358850145029
cnn_dailymail,1,1024,512,1,0.16968590071929543,0.2381496011230664
cnn_dailymail,1,1024,1024,1,0.11026322567746426,0.19258979315362332
cnn_dailymail,1,1024,2048,1,0.11026322567746426,0.15942970258642974
cnn_dailymail,1,1024,4096,1,0.11026322567746426,0.13778159169761872
cnn_dailymail,1,1024,512,2,0.24987817328381393,0.2946421839366051
cnn_dailymail,1,1024,1024,2,0.16968590071929543,0.2381496011230664
cnn_dailymail,1,1024,2048,2,0.11026322567746426,0.19258979315362332
cnn_dailymail,1,1024,4096,2,0.11026322567746426,0.15942970258642974
cnn_dailymail,1,1024,512,5,0.37121831199931815,0.3804706872036804
cnn_dailymail,1,1024,1024,5,0.2803831653921074,0.31465148843703833
cnn_dailymail,1,1024,2048,5,0.21512847145005856,0.2552720631817712
cnn_dailymail,1,1024,4096,5,0.16968590071929543,0.20592843949341877
cnn_dailymail,1,1024,512,10,0.4590007943254211,0.4488935745276798
cnn_dailymail,1,1024,1024,10,0.37121831199931815,0.3804706872036804
cnn_dailymail,1,1024,2048,10,0.2803831653921074,0.31465148843703833
cnn_dailymail,1,1024,4096,10,0.21512847145005856,0.2552720631817712
cnn_dailymail,1,1024,512,20,0.5253946887941808,0.5171505337969704
cnn_dailymail,1,1024,1024,20,0.4590007943254211,0.4488935745276798
cnn_dailymail,1,1024,2048,20,0.37121831199931815,0.3804706872036804
cnn_dailymail,1,1024,4096,20,0.2803831653921074,0.31465148843703833
cnn_dailymail,1,1024,512,50,0.6124515150937953,0.6054434471859288
cnn_dailymail,1,1024,1024,50,0.544975466401748,0.5388663129384548
cnn_dailymail,1,1024,2048,50,0.48028939835969275,0.47097147845440507
cnn_dailymail,1,1024,4096,50,0.40702784878127096,0.40237894414638575
cnn_dailymail,1,2048,512,0.5,0.11837635453719747,0.17983452938863434
cnn_dailymail,1,2048,1024,0.5,0.07216500184743949,0.14059387682923213
cnn_dailymail,1,2048,2048,0.5,0.07216500184743949,0.11269170622975605
cnn_dailymail,1,2048,4096,0.5,0.07216500184743949,0.09473525111568065
cnn_dailymail,1,2048,512,1,0.18261214539373816,0.2301798867260696
cnn_dailymail,1,2048,1024,1,0.11837635453719747,0.17983452938863434
cnn_dailymail,1,2048,2048,1,0.07216500184743949,0.14059387682923213
cnn_dailymail,1,2048,4096,1,0.07216500184743949,0.11269170622975605
cnn_dailymail,1,2048,512,2,0.25264817391346883,0.28992440538151276
cnn_dailymail,1,2048,1024,2,0.18261214539373816,0.2301798867260696
cnn_dailymail,1,2048,2048,2,0.11837635453719747,0.17983452938863434
cnn_dailymail,1,2048,4096,2,0.07216500184743949,0.14059387682923213
cnn_dailymail,1,2048,512,5,0.37469853024906435,0.3783117329823521
cnn_dailymail,1,2048,1024,5,0.2834352036852737,0.3107069980990193
cnn_dailymail,1,2048,2048,5,0.20484198420043037,0.2485057588269475
cnn_dailymail,1,2048,4096,5,0.15335258857017153,0.19488496439120567
cnn_dailymail,1,2048,512,10,0.46221885813773056,0.44786718285792404
cnn_dailymail,1,2048,1024,10,0.37469853024906435,0.3783117329823521
cnn_dailymail,1,2048,2048,10,0.2834352036852737,0.3107069980990193
cnn_dailymail,1,2048,4096,10,0.20484198420043037,0.2485057588269475
cnn_dailymail,1,2048,512,20,0.5264729846509667,0.5168320248633804
cnn_dailymail,1,2048,1024,20,0.46221885813773056,0.44786718285792404
cnn_dailymail,1,2048,2048,20,0.37469853024906435,0.3783117329823521
cnn_dailymail,1,2048,4096,20,0.2834352036852737,0.3107069980990193
cnn_dailymail,1,2048,512,50,0.6134401807019914,0.6055909538447636
cnn_dailymail,1,2048,1024,50,0.5445842748969314,0.538705036081737
cnn_dailymail,1,2048,2048,50,0.48083410638071755,0.4702123999429686
cnn_dailymail,1,2048,4096,50,0.4074478699757479,0.4006417624960777
cnn_dailymail,1,4096,512,0.5,0.12032055954071279,0.169202433761199
cnn_dailymail,1,4096,1024,0.5,0.07718501226519416,0.1260139891451411
cnn_dailymail,1,4096,2048,0.5,0.037573783801062,0.09333952832167498
cnn_dailymail,1,4096,4096,0.5,0.037573783801062,0.07048696042305388
cnn_dailymail,1,4096,512,1,0.17889406639149483,0.22263780692437596
cnn_dailymail,1,4096,1024,1,0.12032055954071279,0.169202433761199
cnn_dailymail,1,4096,2048,1,0.07718501226519416,0.1260139891451411
cnn_dailymail,1,4096,4096,1,0.037573783801062,0.09333952832167498
cnn_dailymail,1,4096,512,2,0.2562620744612303,0.28481912537076676
cnn_dailymail,1,4096,1024,2,0.17889406639149483,0.22263780692437596
cnn_dailymail,1,4096,2048,2,0.12032055954071279,0.169202433761199
cnn_dailymail,1,4096,4096,2,0.07718501226519416,0.1260139891451411
cnn_dailymail,1,4096,512,5,0.37252006543368676,0.3755938541373045
cnn_dailymail,1,4096,1024,5,0.2828722151478571,0.3062667537800785
cnn_dailymail,1,4096,2048,5,0.20252677676996111,0.24181196596423263
cnn_dailymail,1,4096,4096,5,0.13653568629593144,0.1853309167501122
cnn_dailymail,1,4096,512,10,0.4592520008378907,0.44641524416125894
cnn_dailymail,1,4096,1024,10,0.37252006543368676,0.3755938541373045
cnn_dailymail,1,4096,2048,10,0.2828722151478571,0.3062667537800785
cnn_dailymail,1,4096,4096,10,0.20252677676996111,0.24181196596423263
cnn_dailymail,1,4096,512,20,0.5261246757965672,0.5162728817010458
cnn_dailymail,1,4096,1024,20,0.4592520008378907,0.44641524416125894
cnn_dailymail,1,4096,2048,20,0.37252006543368676,0.3755938541373045
cnn_dailymail,1,4096,4096,20,0.2828722151478571,0.3062667537800785
cnn_dailymail,1,4096,512,50,0.6143680993116747,0.6057058998124017
cnn_dailymail,1,4096,1024,50,0.5483560620654935,0.538361185611556
cnn_dailymail,1,4096,2048,50,0.4793114295737213,0.46908585683770876
cnn_dailymail,1,4096,4096,50,0.40359662319073375,0.398376615810707
cnn_dailymail,1,8192,512,0.5,0.12048153446013327,0.1653492811548574
cnn_dailymail,1,8192,1024,0.5,0.07691134504687791,0.12036143594903292
cnn_dailymail,1,8192,2048,0.5,0.042453881428960755,0.08552626936294609
cnn_dailymail,1,8192,4096,0.5,0.019328197207199915,0.060184712900012635
cnn_dailymail,1,8192,512,1,0.18285647977335054,0.2202146916200624
cnn_dailymail,1,8192,1024,1,0.12048153446013327,0.1653492811548574
cnn_dailymail,1,8192,2048,1,0.07691134504687791,0.12036143594903292
cnn_dailymail,1,8192,4096,1,0.042453881428960755,0.08552626936294609
cnn_dailymail,1,8192,512,2,0.2533679893904591,0.2834370612004601
cnn_dailymail,1,8192,1024,2,0.18285647977335054,0.2202146916200624
cnn_dailymail,1,8192,2048,2,0.12048153446013327,0.1653492811548574
cnn_dailymail,1,8192,4096,2,0.07691134504687791,0.12036143594903292
cnn_dailymail,1,8192,512,5,0.3764482246299946,0.3750714833687932
cnn_dailymail,1,8192,1024,5,0.2814313317689602,0.30514226253865584
cnn_dailymail,1,8192,2048,5,0.20538741103449748,0.23976591912339398
cnn_dailymail,1,8192,4096,5,0.1391950696452831,0.1819800667423265
cnn_dailymail,1,8192,512,10,0.4590863975687074,0.4462671312873909
cnn_dailymail,1,8192,1024,10,0.3764482246299946,0.3750714833687932
cnn_dailymail,1,8192,2048,10,0.2814313317689602,0.30514226253865584
cnn_dailymail,1,8192,4096,10,0.20538741103449748,0.23976591912339398
cnn_dailymail,1,8192,512,20,0.5280136287267809,0.5163369022576301
cnn_dailymail,1,8192,1024,20,0.4590863975687074,0.4462671312873909
cnn_dailymail,1,8192,2048,20,0.3764482246299946,0.3750714833687932
cnn_dailymail,1,8192,4096,20,0.2814313317689602,0.30514226253865584
cnn_dailymail,1,8192,512,50,0.6158707747464532,0.6058531860133122
cnn_dailymail,1,8192,1024,50,0.549897728573917,0.5384645162611627
cnn_dailymail,1,8192,2048,50,0.48137707215310965,0.46902176961049474
cnn_dailymail,1,8192,4096,50,0.4033944459390535,0.39799557627428395
cnn_dailymail,2,1024,512,0.5,0.11188768779984731,0.19494973500487608
cnn_dailymail,2,1024,1024,0.5,0.11188768779984731,0.16179761299380996
cnn_dailymail,2,1024,2048,0.5,0.11188768779984731,0.1399506739159531
cnn_dailymail,2,1024,4096,0.5,0.11188768779984731,0.12691222572554436
cnn_dailymail,2,1024,512,1,0.17934189243242069,0.24010617356127545
cnn_dailymail,2,1024,1024,1,0.11188768779984731,0.19494973500487608
cnn_dailymail,2,1024,2048,1,0.11188768779984731,0.16179761299380996
cnn_dailymail,2,1024,4096,1,0.11188768779984731,0.1399506739159531
cnn_dailymail,2,1024,512,2,0.2513445160004598,0.29590237757992166
cnn_dailymail,2,1024,1024,2,0.17934189243242069,0.24010617356127545
cnn_dailymail,2,1024,2048,2,0.11188768779984731,0.19494973500487608
cnn_dailymail,2,1024,4096,2,0.11188768779984731,0.16179761299380996
cnn_dailymail,2,1024,512,5,0.3691244676668255,0.381003554732869
cnn_dailymail,2,1024,1024,5,0.2725191907428147,0.3156874159757655
cnn_dailymail,2,1024,2048,5,0.21914747961428976,0.25702069785697584
cnn_dailymail,2,1024,4096,5,0.17934189243242069,0.20820481458728116
cnn_dailymail,2,1024,512,10,0.45525557477637424,0.44930691834481995
cnn_dailymail,2,1024,1024,10,0.3691244676668255,0.381003554732869
cnn_dailymail,2,1024,2048,10,0.2725191907428147,0.3156874159757655
cnn_dailymail,2,1024,4096,10,0.21914747961428976,0.25702069785697584
cnn_dailymail,2,1024,512,20,0.5278845615132604,0.5176706146822811
cnn_dailymail,2,1024,1024,20,0.45525557477637424,0.44930691834481995
cnn_dailymail,2,1024,2048,20,0.3691244676668255,0.381003554732869
cnn_dailymail,2,1024,4096,20,0.2725191907428147,0.3156874159757655
cnn_dailymail,2,1024,512,50,0.6127516727660609,0.6059835048400604
cnn_dailymail,2,1024,1024,50,0.5441239892212051,0.5394197332368823
cnn_dailymail,2,1024,2048,50,0.47399013631213466,0.4714085137875316
cnn_dailymail,2,1024,4096,50,0.41042663794693185,0.40283333229722307
cnn_dailymail,2,2048,512,0.5,0.11885199735459598,0.17821914783494186
cnn_dailymail,2,2048,1024,0.5,0.06861471191034864,0.13847794303525562
cnn_dailymail,2,2048,2048,0.5,0.06861471191034864,0.1101032993559346
cnn_dailymail,2,2048,4096,0.5,0.06861471191034864,0.09176797140327402
cnn_dailymail,2,2048,512,1,0.18029075573180123,0.2290389741058574
cnn_dailymail,2,2048,1024,1,0.11885199735459598,0.17821914783494186
cnn_dailymail,2,2048,2048,1,0.06861471191034864,0.13847794303525562
cnn_dailymail,2,2048,4096,1,0.06861471191034864,0.1101032993559346
cnn_dailymail,2,2048,512,2,0.2545256362441379,0.28919019694547893
cnn_dailymail,2,2048,1024,2,0.18029075573180123,0.2290389741058574
cnn_dailymail,2,2048,2048,2,0.11885199735459598,0.17821914783494186
cnn_dailymail,2,2048,4096,2,0.06861471191034864,0.13847794303525562
cnn_dailymail,2,2048,512,5,0.3774387815920472,0.37797343295897423
cnn_dailymail,2,2048,1024,5,0.279892856269397,0.31008375949395417
cnn_dailymail,2,2048,2048,5,0.20441443876017024,0.2475051291251247
cnn_dailymail,2,2048,4096,5,0.1493745287406621,0.19342718569202103
cnn_dailymail,2,2048,512,10,0.45951752353133973,0.44774262350541144
cnn_dailymail,2,2048,1024,10,0.3774387815920472,0.37797343295897423
cnn_dailymail,2,2048,2048,10,0.279892856269397,0.31008375949395417
cnn_dailymail,2,2048,4096,10,0.20441443876017024,0.2475051291251247
cnn_dailymail,2,2048,512,20,0.5290224508193409,0.5168291922173722
cnn_dailymail,2,2048,1024,20,0.45951752353133973,0.44774262350541144
cnn_dailymail,2,2048,2048,20,0.3774387815920472,0.37797343295897423
cnn_dailymail,2,2048,4096,20,0.279892856269397,0.31008375949395417
cnn_dailymail,2,2048,512,50,0.6149509441199535,0.6055194081505831
cnn_dailymail,2,2048,1024,50,0.542846683542697,0.5387110764291342
cnn_dailymail,2,2048,2048,50,0.48123811170499137,0.47014012360226337
cnn_dailymail,2,2048,4096,50,0.4033486473856199,0.40037945952185755
cnn_dailymail,2,4096,512,0.5,0.11928286296707633,0.17004833386886972
cnn_dailymail,2,4096,1024,0.5,0.07122208008031422,0.12684918742691578
cnn_dailymail,2,4096,2048,0.5,0.04126123016535911,0.09453098543026461
cnn_dailymail,2,4096,4096,0.5,0.04126123016535911,0.0723281640210562
cnn_dailymail,2,4096,512,1,0.18419963777866843,0.22363952090788292
cnn_dailymail,2,4096,1024,1,0.11928286296707633,0.17004833386886972
cnn_dailymail,2,4096,2048,1,0.07122208008031422,0.12684918742691578
cnn_dailymail,2,4096,4096,1,0.04126123016535911,0.09453098543026461
cnn_dailymail,2,4096,512,2,0.25319978770609164,0.2858848651173625
cnn_dailymail,2,4096,1024,2,0.18419963777866843,0.22363952090788292
cnn_dailymail,2,4096,2048,2,0.11928286296707633,0.17004833386886972
cnn_dailymail,2,4096,4096,2,0.07122208008031422,0.12684918742691578
cnn_dailymail,2,4096,512,5,0.37974168173916706,0.3764904915161726
cnn_dailymail,2,4096,1024,5,0.2814053245393238,0.30731830215443207
cnn_dailymail,2,4096,2048,5,0.2037941532034831,0.24285084600512938
cnn_dailymail,2,4096,4096,5,0.13863672735341304,0.18622543067163913
cnn_dailymail,2,4096,512,10,0.4584743089768453,0.4469982653529333
cnn_dailymail,2,4096,1024,10,0.37974168173916706,0.3764904915161726
cnn_dailymail,2,4096,2048,10,0.2814053245393238,0.30731830215443207
cnn_dailymail,2,4096,4096,10,0.2037941532034831,0.24285084600512938
cnn_dailymail,2,4096,512,20,0.5266939987190926,0.5164310902855154
cnn_dailymail,2,4096,1024,20,0.4584743089768453,0.4469982653529333
cnn_dailymail,2,4096,2048,20,0.37974168173916706,0.3764904915161726
cnn_dailymail,2,4096,4096,20,0.2814053245393238,0.30731830215443207
cnn_dailymail,2,4096,512,50,0.6135204991916674,0.605321838117866
cnn_dailymail,2,4096,1024,50,0.5416780752519825,0.5383758508582861
cnn_dailymail,2,4096,2048,50,0.4836689108705128,0.4695401118526401
cnn_dailymail,2,4096,4096,50,0.4065553117953239,0.3991885512049765
cnn_dailymail,2,8192,512,0.5,0.12220128417947809,0.16536273096806206
cnn_dailymail,2,8192,1024,0.5,0.07123291411437115,0.12013613722787356
cnn_dailymail,2,8192,2048,0.5,0.04031164115943853,0.08515547087776551
cnn_dailymail,2,8192,4096,0.5,0.0195335212135409,0.05982951242923868
cnn_dailymail,2,8192,512,1,0.18353855938094393,0.22043664845673577
cnn_dailymail,2,8192,1024,1,0.12220128417947809,0.16536273096806206
cnn_dailymail,2,8192,2048,1,0.07123291411437115,0.12013613722787356
cnn_dailymail,2,8192,4096,1,0.04031164115943853,0.08515547087776551
cnn_dailymail,2,8192,512,2,0.25505441588134403,0.28376836129572663
cnn_dailymail,2,8192,1024,2,0.18353855938094393,0.22043664845673577
cnn_dailymail,2,8192,2048,2,0.12220128417947809,0.16536273096806206
cnn_dailymail,2,8192,4096,2,0.07123291411437115,0.12013613722787356
cnn_dailymail,2,8192,512,5,0.38039821884087355,0.3753538283747821
cnn_dailymail,2,8192,1024,5,0.2853253375517826,0.30548380979205403
cnn_dailymail,2,8192,2048,5,0.20799131441125385,0.24003522274797212
cnn_dailymail,2,8192,4096,5,0.14159973433640588,0.18206890371318105
cnn_dailymail,2,8192,512,10,0.456979084198623,0.44634369964238124
cnn_dailymail,2,8192,1024,10,0.38039821884087355,0.3753538283747821
cnn_dailymail,2,8192,2048,10,0.2853253375517826,0.30548380979205403
cnn_dailymail,2,8192,4096,10,0.20799131441125385,0.24003522274797212
cnn_dailymail,2,8192,512,20,0.5260224590185404,0.5161179354707756
cnn_dailymail,2,8192,1024,20,0.456979084198623,0.44634369964238124
cnn_dailymail,2,8192,2048,20,0.38039821884087355,0.3753538283747821
cnn_dailymail,2,8192,4096,20,0.2853253375517826,0.30548380979205403
cnn_dailymail,2,8192,512,50,0.6140359970228403,0.6053174898708887
cnn_dailymail,2,8192,1024,50,0.5434926722445077,0.5381517799829323
cnn_dailymail,2,8192,2048,50,0.48372514644479003,0.4690076222660979
cnn_dailymail,2,8192,4096,50,0.40466469167135827,0.3982269201145165
cnn_dailymail,3,1024,512,0.5,0.11490320779784605,0.19553871056366598
cnn_dailymail,3,1024,1024,0.5,0.11490320779784605,0.16302671697184726
cnn_dailymail,3,1024,2048,0.5,0.11490320779784605,0.1418299976102391
cnn_dailymail,3,1024,4096,0.5,0.11490320779784605,0.1292761847040581
cnn_dailymail,3,1024,512,1,0.17368512555890475,0.24033031756348125
cnn_dailymail,3,1024,1024,1,0.11490320779784605,0.19553871056366598
cnn_dailymail,3,1024,2048,1,0.11490320779784605,0.16302671697184726
cnn_dailymail,3,1024,4096,1,0.11490320779784605,0.1418299976102391
cnn_dailymail,3,1024,512,2,0.25270336892096457,0.29612243796480636
cnn_dailymail,3,1024,1024,2,0.17368512555890475,0.24033031756348125
cnn_dailymail,3,1024,2048,2,0.11490320779784605,0.19553871056366598
cnn_dailymail,3,1024,4096,2,0.11490320779784605,0.16302671697184726
cnn_dailymail,3,1024,512,5,0.36659260951290307,0.3815611859463681
cnn_dailymail,3,1024,1024,5,0.28010888791038707,0.3159620792637471
cnn_dailymail,3,1024,2048,5,0.21320435308777172,0.2572084240437616
cnn_dailymail,3,1024,4096,5,0.17368512555890475,0.20863610303402333
cnn_dailymail,3,1024,512,10,0.45361537217081693,0.45030936674857497
cnn_dailymail,3,1024,1024,10,0.36659260951290307,0.3815611859463681
cnn_dailymail,3,1024,2048,10,0.28010888791038707,0.3159620792637471
cnn_dailymail,3,1024,4096,10,0.21320435308777172,0.2572084240437616
cnn_dailymail,3,1024,512,20,0.535258611017869,0.5191832986205672
cnn_dailymail,3,1024,1024,20,0.45361537217081693,0.45030936674857497
cnn_dailymail,3,1024,2048,20,0.36659260951290307,0.3815611859463681
cnn_dailymail,3,1024,4096,20,0.28010888791038707,0.3159620792637471
cnn_dailymail,3,1024,512,50,0.6120390519216923,0.6078724475435682
cnn_dailymail,3,1024,1024,50,0.5564743259705509,0.5410701569396356
cnn_dailymail,3,1024,2048,50,0.4773200149116603,0.4725785855486556
cnn_dailymail,3,1024,4096,50,0.40263937350812695,0.4035171404089772
cnn_dailymail,3,2048,512,0.5,0.11474733490274532,0.17800755294241227
cnn_dailymail,3,2048,1024,0.5,0.07309359681678398,0.13938968665639828
cnn_dailymail,3,2048,2048,0.5,0.07309359681678398,0.11217861651642999
cnn_dailymail,3,2048,4096,0.5,0.07309359681678398,0.09479334404313636
cnn_dailymail,3,2048,512,1,0.1770029220478107,0.22802302080475553
cnn_dailymail,3,2048,1024,1,0.11474733490274532,0.17800755294241227
cnn_dailymail,3,2048,2048,1,0.07309359681678398,0.13938968665639828
cnn_dailymail,3,2048,4096,1,0.07309359681678398,0.11217861651642999
cnn_dailymail,3,2048,512,2,0.25116505374815645,0.28786754236964707
cnn_dailymail,3,2048,1024,2,0.1770029220478107,0.22802302080475553
cnn_dailymail,3,2048,2048,2,0.11474733490274532,0.17800755294241227
cnn_dailymail,3,2048,4096,2,0.07309359681678398,0.13938968665639828
cnn_dailymail,3,2048,512,5,0.37062605601829207,0.3770564939715502
cnn_dailymail,3,2048,1024,5,0.2790966524740194,0.30877877301220585
cnn_dailymail,3,2048,2048,5,0.19954558782831966,0.2463313077026947
cnn_dailymail,3,2048,4096,5,0.15126497283414914,0.192910608534517
cnn_dailymail,3,2048,512,10,0.4578128653754914,0.4475788352561498
cnn_dailymail,3,2048,1024,10,0.37062605601829207,0.3770564939715502
cnn_dailymail,3,2048,2048,10,0.2790966524740194,0.30877877301220585
cnn_dailymail,3,2048,4096,10,0.19954558782831966,0.2463313077026947
cnn_dailymail,3,2048,512,20,0.529483898960708,0.5174919552935597
cnn_dailymail,3,2048,1024,20,0.4578128653754914,0.4475788352561498
cnn_dailymail,3,2048,2048,20,0.37062605601829207,0.3770564939715502
cnn_dailymail,3,2048,4096,20,0.2790966524740194,0.30877877301220585
cnn_dailymail,3,2048,512,50,0.6119522501254135,0.6068981109075342
cnn_dailymail,3,2048,1024,50,0.5537361715903013,0.5396023837380219
cnn_dailymail,3,2048,2048,50,0.4816744076963769,0.47025067072323273
cnn_dailymail,3,2048,4096,50,0.39807955566619807,0.3996768890495076
cnn_dailymail,3,4096,512,0.5,0.1188069640643157,0.16956924143692276
cnn_dailymail,3,4096,1024,0.5,0.07147542440853519,0.12681658297289963
cnn_dailymail,3,4096,2048,0.5,0.042801876779108204,0.09498620333069083
cnn_dailymail,3,4096,4096,0.5,0.042801876779108204,0.07319352441103838
cnn_dailymail,3,4096,512,1,0.18147587272523813,0.2228966709992759
cnn_dailymail,3,4096,1024,1,0.1188069640643157,0.16956924143692276
cnn_dailymail,3,4096,2048,1,0.07147542440853519,0.12681658297289963
cnn_dailymail,3,4096,4096,1,0.042801876779108204,0.09498620333069083
cnn_dailymail,3,4096,512,2,0.2533515956136301,0.28511206355806296
cnn_dailymail,3,4096,1024,2,0.18147587272523813,0.2228966709992759
cnn_dailymail,3,4096,2048,2,0.1188069640643157,0.16956924143692276
cnn_dailymail,3,4096,4096,2,0.07147542440853519,0.12681658297289963
cnn_dailymail,3,4096,512,5,0.3728446494432939,0.37598804670479463
cnn_dailymail,3,4096,1024,5,0.2862483422929308,0.30658054218357805
cnn_dailymail,3,4096,2048,5,0.20306942809062178,0.24207379289146694
cnn_dailymail,3,4096,4096,5,0.13495438662970088,0.18563638742515115
cnn_dailymail,3,4096,512,10,0.45931515318446764,0.4469075462201502
cnn_dailymail,3,4096,1024,10,0.3728446494432939,0.37598804670479463
cnn_dailymail,3,4096,2048,10,0.2862483422929308,0.30658054218357805
cnn_dailymail,3,4096,4096,10,0.20306942809062178,0.24207379289146694
cnn_dailymail,3,4096,512,20,0.5263946316025886,0.5168292476027612
cnn_dailymail,3,4096,1024,20,0.45931515318446764,0.4469075462201502
cnn_dailymail,3,4096,2048,20,0.3728446494432939,0.37598804670479463
cnn_dailymail,3,4096,4096,20,0.2862483422929308,0.30658054218357805
cnn_dailymail,3,4096,512,50,0.6141896429359149,0.6061845335446564
cnn_dailymail,3,4096,1024,50,0.5553255108159747,0.5389179520240868
cnn_dailymail,3,4096,2048,50,0.48008138155743096,0.4696064508011749
cnn_dailymail,3,4096,4096,50,0.40256509575820276,0.39880166341350815
cnn_dailymail,3,8192,512,0.5,0.12198185817657711,0.16562445376532203
cnn_dailymail,3,8192,1024,0.5,0.073229996676914,0.12079893709439196
cnn_dailymail,3,8192,2048,0.5,0.04152386794096058,0.08619123785610472
cnn_dailymail,3,8192,4096,0.5,0.02155580978249387,0.061183131176849516
cnn_dailymail,3,8192,512,1,0.18144916702065406,0.22033710775624527
cnn_dailymail,3,8192,1024,1,0.12198185817657711,0.16562445376532203
cnn_dailymail,3,8192,2048,1,0.073229996676914,0.12079893709439196
cnn_dailymail,3,8192,4096,1,0.04152386794096058,0.08619123785610472
cnn_dailymail,3,8192,512,2,0.25493994847754764,0.2834286855325354
cnn_dailymail,3,8192,1024,2,0.18144916702065406,0.22033710775624527
cnn_dailymail,3,8192,2048,2,0.12198185817657711,0.16562445376532203
cnn_dailymail,3,8192,4096,2,0.073229996676914,0.12079893709439196
cnn_dailymail,3,8192,512,5,0.3726782976759503,0.37499779509509695
cnn_dailymail,3,8192,1024,5,0.2857252321020207,0.30510414008228687
cnn_dailymail,3,8192,2048,5,0.2071427920541715,0.23984168337605904
cnn_dailymail,3,8192,4096,5,0.1426126878465239,0.18220583519665282
cnn_dailymail,3,8192,512,10,0.46044626270825656,0.44623815093919383
cnn_dailymail,3,8192,1024,10,0.3726782976759503,0.37499779509509695
cnn_dailymail,3,8192,2048,10,0.2857252321020207,0.30510414008228687
cnn_dailymail,3,8192,4096,10,0.2071427920541715,0.23984168337605904
cnn_dailymail,3,8192,512,20,0.5290168641512205,0.516377945629573
cnn_dailymail,3,8192,1024,20,0.46044626270825656,0.44623815093919383
cnn_dailymail,3,8192,2048,20,0.3726782976759503,0.37499779509509695
cnn_dailymail,3,8192,4096,20,0.2857252321020207,0.30510414008228687
cnn_dailymail,3,8192,512,50,0.6137649280308135,0.605928543909723
cnn_dailymail,3,8192,1024,50,0.5485496355320232,0.5385224854656306
cnn_dailymail,3,8192,2048,50,0.4816951073912906,0.46901605944582647
cnn_dailymail,3,8192,4096,50,0.4047012284204165,0.397929236625472
cnn_dailymail,4,1024,512,0.5,0.11266718987402478,0.19130519795298967
cnn_dailymail,4,1024,1024,0.5,0.11266718987402478,0.15936235943448365
cnn_dailymail,4,1024,2048,0.5,0.11266718987402478,0.13870939756518227
cnn_dailymail,4,1024,4096,0.5,0.11266718987402478,0.12654154118443303
cnn_dailymail,4,1024,512,1,0.1668905131249781,0.235806373353223
cnn_dailymail,4,1024,1024,1,0.11266718987402478,0.19130519795298967
cnn_dailymail,4,1024,2048,1,0.11266718987402478,0.15936235943448365
cnn_dailymail,4,1024,4096,1,0.11266718987402478,0.13870939756518227
cnn_dailymail,4,1024,512,2,0.23866985755747244,0.29187584682165263
cnn_dailymail,4,1024,1024,2,0.1668905131249781,0.235806373353223
cnn_dailymail,4,1024,2048,2,0.11266718987402478,0.19130519795298967
cnn_dailymail,4,1024,4096,2,0.11266718987402478,0.15936235943448365
cnn_dailymail,4,1024,512,5,0.3644375234323657,0.37843619001142087
cnn_dailymail,4,1024,1024,5,0.2709686659736559,0.3119315426586875
cnn_dailymail,4,1024,2048,5,0.2050883767171803,0.25270473856398507
cnn_dailymail,4,1024,4096,5,0.1668905131249781,0.2042613768546522
cnn_dailymail,4,1024,512,10,0.4535777029220605,0.44811362916627445
cnn_dailymail,4,1024,1024,10,0.3644375234323657,0.37843619001142087
cnn_dailymail,4,1024,2048,10,0.2709686659736559,0.3119315426586875
cnn_dailymail,4,1024,4096,10,0.2050883767171803,0.25270473856398507
cnn_dailymail,4,1024,512,20,0.5317232226285312,0.51770556222259
cnn_dailymail,4,1024,1024,20,0.4535777029220605,0.44811362916627445
cnn_dailymail,4,1024,2048,20,0.3644375234323657,0.37843619001142087
cnn_dailymail,4,1024,4096,20,0.2709686659736559,0.3119315426586875
cnn_dailymail,4,1024,512,50,0.6165303749826306,0.6070903553625465
cnn_dailymail,4,1024,1024,50,0.552618463002272,0.5397816361612363
cnn_dailymail,4,1024,2048,50,0.4771023896151857,0.47063899362565076
cnn_dailymail,4,1024,4096,50,0.4049791127651198,0.4007066556725096
cnn_dailymail,4,2048,512,0.5,0.11481854485678729,0.1762607098131709
cnn_dailymail,4,2048,1024,0.5,0.07129463911697548,0.13750795419299927
cnn_dailymail,4,2048,2048,0.5,0.07129463911697548,0.11030338417428646
cnn_dailymail,4,2048,4096,0.5,0.07129463911697548,0.09295050607935217
cnn_dailymail,4,2048,512,1,0.1723060217755329,0.2266783757359119
cnn_dailymail,4,2048,1024,1,0.11481854485678729,0.1762607098131709
cnn_dailymail,4,2048,2048,1,0.07129463911697548,0.13750795419299927
cnn_dailymail,4,2048,4096,1,0.07129463911697548,0.11030338417428646
cnn_dailymail,4,2048,512,2,0.2508100102225045,0.28712143964995784
cnn_dailymail,4,2048,1024,2,0.1723060217755329,0.2266783757359119
cnn_dailymail,4,2048,2048,2,0.11481854485678729,0.1762607098131709
cnn_dailymail,4,2048,4096,2,0.07129463911697548,0.13750795419299927
cnn_dailymail,4,2048,512,5,0.3734804341768849,0.3769201595026828
cnn_dailymail,4,2048,1024,5,0.27813129058940256,0.3082212025580851
cnn_dailymail,4,2048,2048,5,0.1981607834435576,0.24516924677557966
cnn_dailymail,4,2048,4096,5,0.14138336996265066,0.19126172740371444
cnn_dailymail,4,2048,512,10,0.4526263488629279,0.4475565273696125
cnn_dailymail,4,2048,1024,10,0.3734804341768849,0.3769201595026828
cnn_dailymail,4,2048,2048,10,0.27813129058940256,0.3082212025580851
cnn_dailymail,4,2048,4096,10,0.1981607834435576,0.24516924677557966
cnn_dailymail,4,2048,512,20,0.5312287696408843,0.5174389887261185
cnn_dailymail,4,2048,1024,20,0.4526263488629279,0.4475565273696125
cnn_dailymail,4,2048,2048,20,0.3734804341768849,0.3769201595026828
cnn_dailymail,4,2048,4096,20,0.27813129058940256,0.3082212025580851
cnn_dailymail,4,2048,512,50,0.6178842699526769,0.6068838239408859
cnn_dailymail,4,2048,1024,50,0.550420330906388,0.5395457742120379
cnn_dailymail,4,2048,2048,50,0.47812826280013687,0.4702222561136799
cnn_dailymail,4,2048,4096,50,0.4036735144164298,0.3996074897239184
cnn_dailymail,4,4096,512,0.5,0.11539782329633769,0.16907695243738638
cnn_dailymail,4,4096,1024,0.5,0.07486472171218594,0.12665573442355343
cnn_dailymail,4,4096,2048,0.5,0.04363276850869674,0.09521661164976228
cnn_dailymail,4,4096,4096,0.5,0.04363276850869674,0.07371814698113201
cnn_dailymail,4,4096,512,1,0.18041562477301357,0.22229432278283653
cnn_dailymail,4,4096,1024,1,0.11539782329633769,0.16907695243738638
cnn_dailymail,4,4096,2048,1,0.07486472171218594,0.12665573442355343
cnn_dailymail,4,4096,4096,1,0.04363276850869674,0.09521661164976228
cnn_dailymail,4,4096,512,2,0.2527984216468654,0.2846371509589735
cnn_dailymail,4,4096,1024,2,0.18041562477301357,0.22229432278283653
cnn_dailymail,4,4096,2048,2,0.11539782329633769,0.16907695243738638
cnn_dailymail,4,4096,4096,2,0.07486472171218594,0.12665573442355343
cnn_dailymail,4,4096,512,5,0.37525026744730544,0.37582266466044306
cnn_dailymail,4,4096,1024,5,0.2796510135709802,0.3061779250957196
cnn_dailymail,4,4096,2048,5,0.20371074304557027,0.24149067006053115
cnn_dailymail,4,4096,4096,5,0.1362080117459589,0.18508008034024345
cnn_dailymail,4,4096,512,10,0.4586582168698283,0.44692867580644147
cnn_dailymail,4,4096,1024,10,0.37525026744730544,0.37582266466044306
cnn_dailymail,4,4096,2048,10,0.2796510135709802,0.3061779250957196
cnn_dailymail,4,4096,4096,10,0.20371074304557027,0.24149067006053115
cnn_dailymail,4,4096,512,20,0.5290448523778268,0.5169961603945069
cnn_dailymail,4,4096,1024,20,0.4586582168698283,0.44692867580644147
cnn_dailymail,4,4096,2048,20,0.37525026744730544,0.37582266466044306
cnn_dailymail,4,4096,4096,20,0.2796510135709802,0.3061779250957196
cnn_dailymail,4,4096,512,50,0.616656903867191,0.6065017341595758
cnn_dailymail,4,4096,1024,50,0.549823590203901,0.5391285028973244
cnn_dailymail,4,4096,2048,50,0.4799007711729521,0.4696767801611681
cnn_dailymail,4,4096,4096,50,0.40425661646994704,0.3987032849780036
cnn_dailymail,4,8192,512,0.5,0.12047985120588106,0.16568625554568275
cnn_dailymail,4,8192,1024,0.5,0.07355068652690497,0.12076936994601838
cnn_dailymail,4,8192,2048,0.5,0.04283486079327963,0.08624303545891333
cnn_dailymail,4,8192,4096,0.5,0.021954426313279277,0.061373860128788045
cnn_dailymail,4,8192,512,1,0.18455610937150715,0.22066713423207426
cnn_dailymail,4,8192,1024,1,0.12047985120588106,0.16568625554568275
cnn_dailymail,4,8192,2048,1,0.07355068652690497,0.12076936994601838
cnn_dailymail,4,8192,4096,1,0.04283486079327963,0.08624303545891333
cnn_dailymail,4,8192,512,2,0.2559998788233649,0.28404001170620513
cnn_dailymail,4,8192,1024,2,0.18455610937150715,0.22066713423207426
cnn_dailymail,4,8192,2048,2,0.12047985120588106,0.16568625554568275
cnn_dailymail,4,8192,4096,2,0.07355068652690497,0.12076936994601838
cnn_dailymail,4,8192,512,5,0.37696296734693774,0.37566304889810603
cnn_dailymail,4,8192,1024,5,0.2878557208976868,0.3057717667753951
cnn_dailymail,4,8192,2048,5,0.2051502944628286,0.24027186551438545
cnn_dailymail,4,8192,4096,5,0.1370722964705885,0.18233963678492454
cnn_dailymail,4,8192,512,10,0.4579528932010677,0.4466717189796555
cnn_dailymail,4,8192,1024,10,0.37696296734693774,0.37566304889810603
cnn_dailymail,4,8192,2048,10,0.2878557208976868,0.3057717667753951
cnn_dailymail,4,8192,4096,10,0.2051502944628286,0.24027186551438545
cnn_dailymail,4,8192,512,20,0.5257912933506539,0.516529612724505
cnn_dailymail,4,8192,1024,20,0.4579528932010677,0.4466717189796555
cnn_dailymail,4,8192,2048,20,0.37696296734693774,0.37566304889810603
cnn_dailymail,4,8192,4096,20,0.2878557208976868,0.3057717667753951
cnn_dailymail,4,8192,512,50,0.6158707747464532,0.6058657284384862
cnn_dailymail,4,8192,1024,50,0.5497683304889146,0.5386008570154311
cnn_dailymail,4,8192,2048,50,0.4818980865630418,0.4693548030796594
cnn_dailymail,4,8192,4096,50,0.40471677258002514,0.39853806372322
cnn_dailymail,5,1024,512,0.5,0.11498056119893221,0.19517092246087694
cnn_dailymail,5,1024,1024,0.5,0.11498056119893221,0.16272625528178256
cnn_dailymail,5,1024,2048,0.5,0.11498056119893221,0.14165031744521214
cnn_dailymail,5,1024,4096,0.5,0.11498056119893221,0.1292012267437712
cnn_dailymail,5,1024,512,1,0.17100127404655285,0.24003257174937054
cnn_dailymail,5,1024,1024,1,0.11498056119893221,0.19517092246087694
cnn_dailymail,5,1024,2048,1,0.11498056119893221,0.16272625528178256
cnn_dailymail,5,1024,4096,1,0.11498056119893221,0.14165031744521214
cnn_dailymail,5,1024,512,2,0.2503590843121053,0.296003341559101
cnn_dailymail,5,1024,1024,2,0.17100127404655285,0.24003257174937054
cnn_dailymail,5,1024,2048,2,0.11498056119893221,0.19517092246087694
cnn_dailymail,5,1024,4096,2,0.11498056119893221,0.16272625528178256
cnn_dailymail,5,1024,512,5,0.3757066636295279,0.381467645279903
cnn_dailymail,5,1024,1024,5,0.27729710795810564,0.31589132602430664
cnn_dailymail,5,1024,2048,5,0.21259095654984927,0.256963343850857
cnn_dailymail,5,1024,4096,5,0.17100127404655285,0.20827356595291416
cnn_dailymail,5,1024,512,10,0.4550469408872579,0.4498349738846673
cnn_dailymail,5,1024,1024,10,0.3757066636295279,0.381467645279903
cnn_dailymail,5,1024,2048,10,0.27729710795810564,0.31589132602430664
cnn_dailymail,5,1024,4096,10,0.21259095654984927,0.256963343850857
cnn_dailymail,5,1024,512,20,0.5270050470121176,0.5181495099232647
cnn_dailymail,5,1024,1024,20,0.4550469408872579,0.4498349738846673
cnn_dailymail,5,1024,2048,20,0.3757066636295279,0.381467645279903
cnn_dailymail,5,1024,4096,20,0.27729710795810564,0.31589132602430664
cnn_dailymail,5,1024,512,50,0.6116853332591197,0.6063873799641737
cnn_dailymail,5,1024,1024,50,0.550015687780419,0.539878437813812
cnn_dailymail,5,1024,2048,50,0.47931367566868066,0.47192641223253684
cnn_dailymail,5,1024,4096,50,0.4072596810111259,0.4033387695839543
cnn_dailymail,5,2048,512,0.5,0.1179698124354798,0.17730810566931005
cnn_dailymail,5,2048,1024,0.5,0.07053066376613319,0.1382888257975575
cnn_dailymail,5,2048,2048,0.5,0.07053066376613319,0.11064760544751254
cnn_dailymail,5,2048,4096,0.5,0.07053066376613319,0.0928774833457635
cnn_dailymail,5,2048,512,1,0.1733805814068027,0.22769832268443935
cnn_dailymail,5,2048,1024,1,0.1179698124354798,0.17730810566931005
cnn_dailymail,5,2048,2048,1,0.07053066376613319,0.1382888257975575
cnn_dailymail,5,2048,4096,1,0.07053066376613319,0.11064760544751254
cnn_dailymail,5,2048,512,2,0.24753871606997033,0.2878706259457393
cnn_dailymail,5,2048,1024,2,0.1733805814068027,0.22769832268443935
cnn_dailymail,5,2048,2048,2,0.1179698124354798,0.17730810566931005
cnn_dailymail,5,2048,4096,2,0.07053066376613319,0.1382888257975575
cnn_dailymail,5,2048,512,5,0.379286708282885,0.37710156988910354
cnn_dailymail,5,2048,1024,5,0.2801673870268585,0.30884965656075697
cnn_dailymail,5,2048,2048,5,0.19728926186992957,0.24612292540188377
cnn_dailymail,5,2048,4096,5,0.14842516879934048,0.1923331129813891
cnn_dailymail,5,2048,512,10,0.4558246947168857,0.44722600126311285
cnn_dailymail,5,2048,1024,10,0.379286708282885,0.37710156988910354
cnn_dailymail,5,2048,2048,10,0.2801673870268585,0.30884965656075697
cnn_dailymail,5,2048,4096,10,0.19728926186992957,0.24612292540188377
cnn_dailymail,5,2048,512,20,0.5230384595758031,0.5166450242503838
cnn_dailymail,5,2048,1024,20,0.4558246947168857,0.44722600126311285
cnn_dailymail,5,2048,2048,20,0.379286708282885,0.37710156988910354
cnn_dailymail,5,2048,4096,20,0.2801673870268585,0.30884965656075697
cnn_dailymail,5,2048,512,50,0.614087081588878,0.6057715556414517
cnn_dailymail,5,2048,1024,50,0.5477979709293322,0.5386363001945308
cnn_dailymail,5,2048,2048,50,0.4754778016296003,0.4697302283609763
cnn_dailymail,5,2048,4096,50,0.40721315410668574,0.39962718328895586
cnn_dailymail,5,4096,512,0.5,0.12479613882673699,0.17149642408047308
cnn_dailymail,5,4096,1024,0.5,0.07255404947693914,0.12866301372131325
cnn_dailymail,5,4096,2048,0.5,0.04352805121121935,0.09658464846279233
cnn_dailymail,5,4096,4096,0.5,0.04352805121121935,0.0744972733144983
cnn_dailymail,5,4096,512,1,0.1809650120064299,0.22472473592802564
cnn_dailymail,5,4096,1024,1,0.12479613882673699,0.17149642408047308
cnn_dailymail,5,4096,2048,1,0.07255404947693914,0.12866301372131325
cnn_dailymail,5,4096,4096,1,0.04352805121121935,0.09658464846279233
cnn_dailymail,5,4096,512,2,0.25266467495725686,0.2867112077523416
cnn_dailymail,5,4096,1024,2,0.1809650120064299,0.22472473592802564
cnn_dailymail,5,4096,2048,2,0.12479613882673699,0.17149642408047308
cnn_dailymail,5,4096,4096,2,0.07255404947693914,0.12866301372131325
cnn_dailymail,5,4096,512,5,0.3804252692523794,0.3770349834771866
cnn_dailymail,5,4096,1024,5,0.2882711264341491,0.30807554238162227
cnn_dailymail,5,4096,2048,5,0.205910067910464,0.2438416841939613
cnn_dailymail,5,4096,4096,5,0.13998500586646426,0.1875484235690995
cnn_dailymail,5,4096,512,10,0.4618791355252303,0.44736391025210537
cnn_dailymail,5,4096,1024,10,0.3804252692523794,0.3770349834771866
cnn_dailymail,5,4096,2048,10,0.2882711264341491,0.30807554238162227
cnn_dailymail,5,4096,4096,10,0.205910067910464,0.2438416841939613
cnn_dailymail,5,4096,512,20,0.5261518196102034,0.516748227489717
cnn_dailymail,5,4096,1024,20,0.4618791355252303,0.44736391025210537
cnn_dailymail,5,4096,2048,20,0.3804252692523794,0.3770349834771866
cnn_dailymail,5,4096,4096,20,0.2882711264341491,0.30807554238162227
cnn_dailymail,5,4096,512,50,0.614087081588878,0.6057432601865779
cnn_dailymail,5,4096,1024,50,0.5491335859150097,0.5387083422351512
cnn_dailymail,5,4096,2048,50,0.47711152885228736,0.4698729270872324
cnn_dailymail,5,4096,4096,50,0.40617786226201613,0.39966693626047484
cnn_dailymail,5,8192,512,0.5,0.120038043684105,0.16531684046916365
cnn_dailymail,5,8192,1024,0.5,0.07348828121217371,0.12087000081736679
cnn_dailymail,5,8192,2048,0.5,0.04286366127671716,0.08683032127659651
cnn_dailymail,5,8192,4096,0.5,0.024275831356803973,0.06244781475829787
cnn_dailymail,5,8192,512,1,0.18414083874093068,0.21987203585420428
cnn_dailymail,5,8192,1024,1,0.120038043684105,0.16531684046916365
cnn_dailymail,5,8192,2048,1,0.07348828121217371,0.12087000081736679
cnn_dailymail,5,8192,4096,1,0.04286366127671716,0.08683032127659651
cnn_dailymail,5,8192,512,2,0.2528096393380563,0.28295917803260195
cnn_dailymail,5,8192,1024,2,0.18414083874093068,0.21987203585420428
cnn_dailymail,5,8192,2048,2,0.120038043684105,0.16531684046916365
cnn_dailymail,5,8192,4096,2,0.07348828121217371,0.12087000081736679
cnn_dailymail,5,8192,512,5,0.3807150967249555,0.37454009358819673
cnn_dailymail,5,8192,1024,5,0.284387829810775,0.30464584140672596
cnn_dailymail,5,8192,2048,5,0.20362308917023508,0.23936367330339967
cnn_dailymail,5,8192,4096,5,0.14072889369880687,0.1818251174008354
cnn_dailymail,5,8192,512,10,0.45862749625034893,0.4456709055678201
cnn_dailymail,5,8192,1024,10,0.3807150967249555,0.37454009358819673
cnn_dailymail,5,8192,2048,10,0.284387829810775,0.30464584140672596
cnn_dailymail,5,8192,4096,10,0.20362308917023508,0.23936367330339967
cnn_dailymail,5,8192,512,20,0.527400907787841,0.5156509517605878
cnn_dailymail,5,8192,1024,20,0.45862749625034893,0.4456709055678201
cnn_dailymail,5,8192,2048,20,0.3807150967249555,0.37454009358819673
cnn_dailymail,5,8192,4096,20,0.284387829810775,0.30464584140672596
cnn_dailymail,5,8192,512,50,0.6156186416975475,0.6051405015388616
cnn_dailymail,5,8192,1024,50,0.5473974996180411,0.537757053535505
cnn_dailymail,5,8192,2048,50,0.4807458569349564,0.4683961930362098
cnn_dailymail,5,8192,4096,50,0.40715091582474117,0.3974486778269887
