corpus,arm,alpha,bin,n1,n2,rate,lambda_over_alpha,energy1,energy2,elasticity,low,high,poisson_elasticity
tinystories,fixed,0.5,0,512,1024,,,0.007722238604957644,0.010478280540654633,0.4403109566131341,0.33774425060606067,0.5491785681349277,
tinystories,fixed,0.5,0,1024,2048,,,0.010478280540654633,0.01261241201633389,0.2674422114967206,0.20135853151304614,0.3379893230079617,
tinystories,fixed,0.5,0,2048,4096,,,0.01261241201633389,0.012379111750405694,-0.0269364059209302,-0.07575194624507477,0.01733489284731326,
tinystories,fixed,0.5,3,512,1024,0.0016844061011219169,2.4392805916166163,0.015689720638626753,0.016085250716895774,0.03591875829583993,-0.01804420704119511,0.08279343183425611,-0.14496148198179346
tinystories,fixed,0.5,3,1024,2048,0.0016844061011219169,4.8785611832332325,0.016085250716895774,0.012737648658328826,-0.33663943923349093,-0.4024049103350672,-0.2785241212075203,-0.7534470734450293
tinystories,fixed,0.5,3,2048,4096,0.0016844061011219169,9.757122366466465,0.012737648658328826,0.008524856243891175,-0.5793515728282218,-0.608090268759457,-0.550207617174097,-1.3166219344118217
tinystories,fixed,0.5,4,512,1024,0.008150777444418443,11.803586565920028,0.039450683152845,0.026546092855468266,-0.571550747194586,-0.5964863058431634,-0.5475467499993915,-0.7883203994986437
tinystories,fixed,0.5,4,1024,2048,0.008150777444418443,23.607173131840057,0.026546092855468266,0.01584968013167003,-0.744045810785671,-0.7671104121415631,-0.7206014185806225,-0.9633400964981916
tinystories,fixed,0.5,4,2048,4096,0.008150777444418443,47.21434626368011,0.01584968013167003,0.008313752781075753,-0.9308819715598912,-0.9701710451493099,-0.887363854134838,-0.9975782338012376
tinystories,fixed,0.5,5,512,1024,0.03139705826300686,45.46779710890245,0.02450208947806383,0.012745708476775152,-0.9428932154303278,-0.9702478743466237,-0.9166300738647173,-0.9966787722666578
tinystories,fixed,0.5,5,1024,2048,0.03139705826300686,90.9355942178049,0.012745708476775152,0.006382224938752489,-0.9978802067489211,-1.0306092534756497,-0.9627858075982033,-0.9995353865623773
tinystories,fixed,0.5,5,2048,4096,0.03139705826300686,181.8711884356098,0.006382224938752489,0.0031789221295439305,-1.005521779833071,-1.0329204387204467,-0.9815503858835671,-0.9998994670166256
tinystories,fixed,0.5,6,512,1024,0.1288605281624362,186.6099779398425,0.008378525677409331,0.004172582909657354,-1.0057556868569182,-1.029963554513611,-0.9828879568425753,-0.9999011596365485
tinystories,fixed,0.5,6,1024,2048,0.1288605281624362,373.219955879685,0.004172582909657354,0.0021097455001696714,-0.9838717400893758,-1.0134772794855806,-0.9547639295883026,-0.9999767079204019
tinystories,fixed,0.5,6,2048,4096,0.1288605281624362,746.43991175937,0.0021097455001696714,0.0010544619238612963,-1.0005619752713335,-1.0248127412154382,-0.9761692597149465,-0.9999943376423056
tinystories,fixed,0.5,7,512,1024,0.4242204141973474,614.3367815100627,0.002737432898549385,0.0013639231693363069,-1.0050612223008955,-1.0424374135695382,-0.9692568566220418,-0.999993210351154
tinystories,fixed,0.5,7,1024,2048,0.4242204141973474,1228.6735630201254,0.0013639231693363069,0.0007004803361094867,-0.9613459217288257,-1.0036867101047522,-0.9205190863518837,-0.9999983268316633
tinystories,fixed,0.5,7,2048,4096,0.4242204141973474,2457.3471260402507,0.0007004803361094867,0.00035014717923414763,-1.000383086620965,-1.0377303793335322,-0.9611026445705737,-0.9999995846684322
tinystories,fixed,0.5,8,512,1024,2.0507320278735635,2969.777199730354,0.0006088998067603852,0.00030611885920591884,-0.992112926708357,-1.0357115557844025,-0.9489661607419961,-0.999999729391266
tinystories,fixed,0.5,8,1024,2048,2.0507320278735635,5939.554399460708,0.00030611885920591884,0.00015813436802987167,-0.9529409794219786,-1.0017537755677444,-0.9026134810965956,-0.9999999325173656
tinystories,fixed,0.5,8,2048,4096,2.0507320278735635,11879.108798921416,0.00015813436802987167,7.960502671337604e-05,-0.9902195102461637,-1.0453524053323495,-0.9285505665174413,-0.9999999831481307
tinystories,fixed,0.5,9,512,1024,4.473474549651843,6478.283140145674,0.00013936354102338791,7.591753459192474e-05,-0.8763481393080015,-1.0270514488006401,-0.7312650181558301,-0.9999999501028185
tinystories,fixed,0.5,9,1024,2048,4.473474549651843,12956.566280291348,7.591753459192474e-05,4.2526842778336314e-05,-0.8360593895811305,-0.9794263412547879,-0.7100764760741857,-0.9999999875266089
tinystories,fixed,0.5,9,2048,4096,4.473474549651843,25913.132560582697,4.2526842778336314e-05,2.109944065704205e-05,-1.0111689984669532,-1.2273228436947226,-0.8315389682725449,-0.9999999968820633
tinystories,fixed,1,0,512,1024,,,0.005267844271004745,0.007293985696820972,0.46949467361165775,0.3697922261115301,0.5778959374482193,
tinystories,fixed,1,0,1024,2048,,,0.007293985696820972,0.009041646622347993,0.30987816281693376,0.25020474481706867,0.37238124002057044,
tinystories,fixed,1,0,2048,4096,,,0.009041646622347993,0.009258627819201287,0.034212860362777577,-0.008122219071115547,0.0756949100409842,
tinystories,fixed,1,3,512,1024,0.0016844061011219169,1.2196402958083081,0.010438004683259757,0.011410155686633342,0.12847252233923276,0.07658041089868221,0.1712038927147214,-0.008721803937944556
tinystories,fixed,1,3,1024,2048,0.0016844061011219169,2.4392805916166163,0.011410155686633342,0.009732731011945026,-0.22940188842528897,-0.2839107471308114,-0.18183634327011636,-0.5490689258131344
tinystories,fixed,1,3,2048,4096,0.0016844061011219169,4.8785611832332325,0.009732731011945026,0.007028401480866464,-0.4696480789185981,-0.49689542576886986,-0.44312210873717855,-1.0845361402286418
tinystories,fixed,1,4,512,1024,0.008150777444418443,5.901793282960014,0.02960964065821306,0.021733113713491407,-0.44617209718539974,-0.46638103804386266,-0.42689450794607203,-0.6283446012475965
tinystories,fixed,1,4,1024,2048,0.008150777444418443,11.803586565920028,0.021733113713491407,0.013863902216591045,-0.6485615007463472,-0.6673694127521128,-0.6293574013355089,-0.8458456283374385
tinystories,fixed,1,4,2048,4096,0.008150777444418443,23.607173131840057,0.013863902216591045,0.007689071957604337,-0.8504519983025071,-0.8824720525649014,-0.8147403332399474,-0.9362742465281181
tinystories,fixed,1,5,512,1024,0.03139705826300686,22.733898554451226,0.021801720164532967,0.0119853239330665,-0.8631730667938978,-0.887593628143667,-0.8399463259083614,-0.9322328171187378
tinystories,fixed,1,5,1024,2048,0.03139705826300686,45.46779710890245,0.0119853239330665,0.006177302372303945,-0.9562200460187898,-0.9841610073161825,-0.9267396195007754,-0.9695597019345119
tinystories,fixed,1,5,2048,4096,0.03139705826300686,90.9355942178049,0.006177302372303945,0.0031341342730342725,-0.9789099615052068,-1.0042436816923368,-0.9562051148504387,-0.9854530499695425
tinystories,fixed,1,6,512,1024,0.1288605281624362,93.30498896992125,0.008201676875365741,0.004129470858540405,-0.9899619767033336,-1.0138727159317982,-0.9672783678512251,-0.9854978260114761
tinystories,fixed,1,6,1024,2048,0.1288605281624362,186.6099779398425,0.004129470858540405,0.002098913419015335,-0.9763142735342606,-1.0058737740813275,-0.9471434722664333,-0.992899624550312
tinystories,fixed,1,6,2048,4096,0.1288605281624362,373.219955879685,0.002098913419015335,0.0010517885220533232,-0.996797997943,-1.0210476225129188,-0.9723407231313494,-0.9964858970054065
tinystories,fixed,1,7,512,1024,0.4242204141973474,307.16839075503134,0.002722258770744908,0.0013601612702051809,-1.00102649454728,-1.0384212597331484,-0.9651074805342704,-0.9961075702529486
tinystories,fixed,1,7,1024,2048,0.4242204141973474,614.3367815100627,0.0013601612702051809,0.000699512097457421,-0.9593568047189772,-1.0016960024635901,-0.9185038015996204,-0.9980644661883952
tinystories,fixed,1,7,2048,4096,0.4242204141973474,1228.6735630201254,0.000699512097457421,0.00034990947817803344,-0.9993672636404105,-1.0367292655740612,-0.960055288588969,-0.9990348743437061
tinystories,fixed,1,8,512,1024,2.0507320278735635,1484.888599865177,0.000608280595450915,0.0003059647465660272,-0.9913715476862563,-1.0349525516753,-0.9482375626653664,-0.9992770131030868
tinystories,fixed,1,8,1024,2048,2.0507320278735635,2969.777199730354,0.0003059647465660272,0.00015809447323849327,-0.9525785003632773,-1.001386504322464,-0.9022450823677108,-0.999638912710856
tinystories,fixed,1,8,2048,4096,2.0507320278735635,5939.554399460708,0.00015809447323849327,7.959497664626137e-05,-0.9900376457880157,-1.0451720751750795,-0.9283592965143485,-0.9998195576869314
tinystories,fixed,1,9,512,1024,4.473474549651843,3239.141570072837,0.0001393077077250469,7.590228806915355e-05,-0.8760598013494101,-1.026758334741333,-0.7309775066691333,-0.9996853653531587
tinystories,fixed,1,9,1024,2048,4.473474549651843,6478.283140145674,7.590228806915355e-05,4.252255676684285e-05,-0.835915031391902,-0.9792805944009774,-0.709932478395633,-0.9998427582715618
tinystories,fixed,1,9,2048,4096,4.473474549651843,12956.566280291348,4.252255676684285e-05,2.109838193457767e-05,-1.0110959840393938,-1.2272492172225546,-0.8314640192165766,-0.9999213980233403
tinystories,fixed,2,0,512,1024,,,0.0031246326670931286,0.004457882941110548,0.5126721375683814,0.4139437370587145,0.6229638477145782,
tinystories,fixed,2,0,1024,2048,,,0.004457882941110548,0.00574553043859038,0.3660813578644938,0.30694053349529776,0.42795396297085825,
tinystories,fixed,2,0,2048,4096,,,0.00574553043859038,0.006222350048716985,0.1150194669359907,0.07632713164112587,0.15527376177103777,
tinystories,fixed,2,3,512,1024,0.0016844061011219169,0.6098201479041541,0.005914864107113071,0.007044195526067049,0.25208993137966973,0.2019580943052717,0.29386942259599663,0.18021483057187812
tinystories,fixed,2,3,1024,2048,0.0016844061011219169,1.2196402958083081,0.007044195526067049,0.006654536298213311,-0.08209681499957061,-0.12604207970163842,-0.04408871090270219,-0.2795692734628553
tinystories,fixed,2,3,2048,4096,0.0016844061011219169,2.4392805916166163,0.006654536298213311,0.005324984609643445,-0.32156078403555255,-0.3504477710301083,-0.2939505160481249,-0.7772597591967814
tinystories,fixed,2,4,512,1024,0.008150777444418443,2.950896641480007,0.01966077334994506,0.016225970843897774,-0.27701526955269995,-0.29507011392428867,-0.260369692526619,-0.4176269623781801
tinystories,fixed,2,4,1024,2048,0.008150777444418443,5.901793282960014,0.016225970843897774,0.011373172053381888,-0.5126701135664279,-0.5294059650294157,-0.4950931193034291,-0.6819636224237002
tinystories,fixed,2,4,2048,4096,0.008150777444418443,11.803586565920028,0.011373172053381888,0.0068115284196189506,-0.739584225662991,-0.7662802997670344,-0.7106541256049754,-0.8373081362886157
tinystories,fixed,2,5,512,1024,0.03139705826300686,11.366949277225613,0.01804206686967954,0.01077919224271726,-0.7431155495352048,-0.765527009761021,-0.7216152340839209,-0.8256462165739211
tinystories,fixed,2,5,1024,2048,0.03139705826300686,22.733898554451226,0.01077919224271726,0.005827875684900987,-0.8872070627640541,-0.9102932994681425,-0.8632026350365802,-0.9143311355815522
tinystories,fixed,2,5,2048,4096,0.03139705826300686,45.46779710890245,0.005827875684900987,0.003049407273397348,-0.9344412564407829,-0.9575644734532455,-0.913170342716359,-0.9576353170813484
tinystories,fixed,2,6,512,1024,0.1288605281624362,46.65249448496063,0.007877784207085157,0.004047138307755637,-0.9608877455255799,-0.9851084853797547,-0.9381059744901646,-0.9577409696074975
tinystories,fixed,2,6,1024,2048,0.1288605281624362,93.30498896992125,0.004047138307755637,0.002077688959399286,-0.9619224611890972,-0.9915897899349851,-0.9326361430988762,-0.9789970641242363
tinystories,fixed,2,6,2048,4096,0.1288605281624362,186.6099779398425,0.002077688959399286,0.0010464928044488513,-0.9894172997839331,-1.01371588610792,-0.9648784626907648,-0.9895306366829197
tinystories,fixed,2,7,512,1024,0.4242204141973474,153.58419537751567,0.0026923817319867384,0.001352694499466975,-0.993046923710204,-1.0305915778234864,-0.9569429019788933,-0.9884055018664843
tinystories,fixed,2,7,1024,2048,0.4242204141973474,307.16839075503134,0.001352694499466975,0.0006975830366624006,-0.9553991861116262,-0.9977091053018665,-0.9144182664469158,-0.9942138531334995
tinystories,fixed,2,7,2048,4096,0.4242204141973474,614.3367815100627,0.0006975830366624006,0.00034943496675884494,-0.997340977066211,-1.0347217440453802,-0.957965927248029,-0.997109706773081
tinystories,fixed,2,8,512,1024,2.0507320278735635,742.4442999325885,0.0006070452314413151,0.0003056568960728361,-0.9898909000749814,-1.0334367572941874,-0.9467823402927465,-0.9978334588174436
tinystories,fixed,2,8,1024,2048,2.0507320278735635,1484.888599865177,0.0003056568960728361,0.00015801473234963219,-0.951854043869649,-1.0006524903171652,-0.9015089098064802,-0.9989173414297224
tinystories,fixed,2,8,2048,4096,2.0507320278735635,2969.777199730354,0.00015801473234963219,7.957488269063975e-05,-0.989674042786665,-1.0448115378139409,-0.927976900532481,-0.9994588236928892
tinystories,fixed,2,9,512,1024,4.473474549651843,1619.5707850364186,0.00013919614285930936,7.58718089147018e-05,-0.8754833949180614,-1.02617237993078,-0.7304027499537014,-0.9990565142302641
tinystories,fixed,2,9,1024,2048,4.473474549651843,3239.141570072837,7.58718089147018e-05,4.251398670448361e-05,-0.8356263819348364,-0.9789891680781192,-0.7096445496610743,-0.9995283792651262
tinystories,fixed,2,9,2048,4096,4.473474549651843,6478.283140145674,4.251398670448361e-05,2.1096264731490824e-05,-1.0109499721037705,-1.2271019811788424,-0.8313141385915246,-0.9997642201705129
tinystories,fixed,5,0,512,1024,,,0.0012733137488578784,0.0019200540874191902,0.5925590038293864,0.4850636774762682,0.7149926878368141,
tinystories,fixed,5,0,1024,2048,,,0.0019200540874191902,0.002619312243918666,0.44804109939177095,0.3759312124600385,0.5223042381461176,
tinystories,fixed,5,0,2048,4096,,,0.002619312243918666,0.0030979786093038816,0.2421391314957785,0.20011152791948716,0.2837132470836983,
tinystories,fixed,5,3,512,1024,0.0016844061011219169,0.24392805916166163,0.002193796978464912,0.002974070666087591,0.4390089073376625,0.3898262902305377,0.4845441697996177,0.4627358532317344
tinystories,fixed,5,3,1024,2048,0.0016844061011219169,0.48785611832332326,0.002974070666087591,0.0033082099943035972,0.15361188767433426,0.1193142229405121,0.1856112331460889,0.11772069027277339
tinystories,fixed,5,3,2048,4096,0.0016844061011219169,0.9757122366466465,0.0033082099943035972,0.0031322384932286535,-0.0788567492324084,-0.11116280746818775,-0.047765840746786074,-0.30754166336107897
tinystories,fixed,5,4,512,1024,0.008150777444418443,1.1803586565920028,0.009205920259909227,0.00921591566441208,0.0015655683811637523,-0.0190431851522815,0.019823495328030256,-0.0794831158578097
tinystories,fixed,5,4,1024,2048,0.008150777444418443,2.3607173131840056,0.00921591566441208,0.007636787524382724,-0.27116162993428317,-0.2870127352603983,-0.25357125503997124,-0.3895543129735841
tinystories,fixed,5,4,2048,4096,0.008150777444418443,4.721434626368011,0.007636787524382724,0.005246025677313796,-0.5417410156202439,-0.5649288252701291,-0.5191767713968872,-0.630009820712599
tinystories,fixed,5,5,512,1024,0.03139705826300686,4.546779710890245,0.011929139409354344,0.008366389990936845,-0.5118128135878498,-0.5328486664354766,-0.4916158592124247,-0.599670493382637
tinystories,fixed,5,5,1024,2048,0.03139705826300686,9.09355942178049,0.008366389990936845,0.005039867673676425,-0.7312193943938425,-0.7494110828622144,-0.7114511313817911,-0.7766096805623515
tinystories,fixed,5,5,2048,4096,0.03139705826300686,18.18711884356098,0.005039867673676425,0.002826069480338479,-0.834588919457496,-0.8546056087734959,-0.8151877678877526,-0.881644570262328
tinystories,fixed,5,6,512,1024,0.1288605281624362,18.66099779398425,0.007055371187739365,0.0038237723728418356,-0.8837253429605693,-0.9092841450297352,-0.8604099769668354,-0.8817503007468602
tinystories,fixed,5,6,1024,2048,0.1288605281624362,37.3219955879685,0.0038237723728418356,0.0020171956899533525,-0.9226455951249806,-0.9526558442341694,-0.8930587029231435,-0.9391660385671032
tinystories,fixed,5,6,2048,4096,0.1288605281624362,74.643991175937,0.0020171956899533525,0.001030995840555376,-0.9683125355570125,-0.9927020772781784,-0.943738134691931,-0.9691410147671867
tinystories,fixed,5,7,512,1024,0.4242204141973474,61.43367815100627,0.0026063294002887285,0.0013307397094086267,-0.9697910201145596,-1.0074723151403944,-0.9334314719007203,-0.9658341061258436
tinystories,fixed,5,7,1024,2048,0.4242204141973474,122.86735630201254,0.0013307397094086267,0.0006918544847633679,-0.943687871884669,-0.9860224652800879,-0.9025054400470824,-0.9827965393347987
tinystories,fixed,5,7,2048,4096,0.4242204141973474,245.73471260402508,0.0006918544847633679,0.00034801851681818863,-0.9913045642193381,-1.0287258566226332,-0.9518254386476471,-0.9913679373764636
tinystories,fixed,5,8,512,1024,2.0507320278735635,296.9777199730354,0.0006033634332171576,0.0003047363323834757,-0.9854657482249276,-1.0289069849850156,-0.9424303844809431,-0.9935177533913933
tinystories,fixed,5,8,1024,2048,2.0507320278735635,593.9554399460708,0.0003047363323834757,0.0001577758985457616,-0.9496846768424566,-0.9984546645081335,-0.8993192975405099,-0.9967563656612074
tinystories,fixed,5,8,2048,4096,2.0507320278735635,1187.9108798921416,0.0001577758985457616,7.951465020820408e-05,-0.988584239753721,-1.0437309080626915,-0.9268362263700848,-0.9983775560669914
tinystories,fixed,5,9,512,1024,4.473474549651843,647.8283140145675,0.0001388622601135098,7.578048244403944e-05,-0.8737563282866905,-1.0244166987228622,-0.7286814776438769,-0.9971725037515663
tinystories,fixed,5,9,1024,2048,4.473474549651843,1295.656628029135,7.578048244403944e-05,4.24882921927816e-05,-0.8347609685394063,-0.9781154277941535,-0.7087812960438784,-0.9985858777608183
tinystories,fixed,5,9,2048,4096,4.473474549651843,2591.31325605827,4.24882921927816e-05,2.1089915056369572e-05,-1.0105120716027516,-1.226660408203582,-0.8308646365598024,-0.9992928454647924
tinystories,fixed,10,0,512,1024,,,0.0005504219536162671,0.0008761557513068043,0.6706493425695179,0.5483235904211917,0.8103418028279228,
tinystories,fixed,10,0,1024,2048,,,0.0008761557513068043,0.0012469985623357522,0.5092005410283955,0.4242511910340368,0.5975911235444119,
tinystories,fixed,10,0,2048,4096,,,0.0012469985623357522,0.0015888595334625076,0.34953178388635003,0.30002310265058674,0.3997685491454646,
tinystories,fixed,10,3,512,1024,0.0016844061011219169,0.12196402958083082,0.0008760655087907479,0.0013058686057167842,0.5758990845313432,0.5236343454475861,0.6275144621185009,0.652137006755721
tinystories,fixed,10,3,1024,2048,0.0016844061011219169,0.24392805916166163,0.0013058686057167842,0.0016496809040483275,0.3371772498915578,0.30172213128954845,0.3718486535118323,0.3980531833362065
tinystories,fixed,10,3,2048,4096,0.0016844061011219169,0.48785611832332326,0.0016496809040483275,0.001798920538163445,0.12494446878538051,0.08900937762080152,0.1596167486206525,0.0473943660998334
tinystories,fixed,10,4,512,1024,0.008150777444418443,0.5901793282960014,0.004318429797766431,0.005084357403005758,0.23555861086857666,0.21157050940695094,0.2573537620623047,0.19482512461745335
tinystories,fixed,10,4,1024,2048,0.008150777444418443,1.1803586565920028,0.005084357403005758,0.004913679366140358,-0.049261727477039434,-0.06829928539499436,-0.02865476267977747,-0.11947806041187876
tinystories,fixed,10,4,2048,4096,0.008150777444418443,2.3607173131840056,0.004913679366140358,0.003855056871625744,-0.3500515765216029,-0.37267028092539367,-0.3304892099287096,-0.40802487523101927
tinystories,fixed,10,5,512,1024,0.03139705826300686,2.2733898554451226,0.007384882745947362,0.006066711539788242,-0.28366029898119066,-0.30321068698465853,-0.26438688935355154,-0.36194043083106686
tinystories,fixed,10,5,1024,2048,0.03139705826300686,4.546779710890245,0.006066711539788242,0.004142838653405442,-0.5502950813381938,-0.5671483514340044,-0.5312970227371673,-0.605063602474721
tinystories,fixed,10,5,2048,4096,0.03139705826300686,9.09355942178049,0.004142838653405442,0.002525647166657337,-0.7139665258920787,-0.7307326482053582,-0.6965771800811323,-0.77429637009715
tinystories,fixed,10,6,512,1024,0.1288605281624362,9.330498896992125,0.005996938954684961,0.0035052674969138207,-0.7747017424993503,-0.8011150213865434,-0.7511194455148557,-0.7739531296492638
tinystories,fixed,10,6,1024,2048,0.1288605281624362,18.66099779398425,0.0035052674969138207,0.0019252222047582042,-0.864499576600804,-0.8950469523298809,-0.833546478844206,-0.8782644839155702
tinystories,fixed,10,6,2048,4096,0.1288605281624362,37.3219955879685,0.0019252222047582042,0.001006358662947485,-0.9358803993901899,-0.9605304700982656,-0.9112089221671965,-0.9366422262719947
tinystories,fixed,10,7,512,1024,0.4242204141973474,30.716839075503135,0.0024737184085822793,0.0012955658143316558,-0.9330989771595278,-0.9712250353076948,-0.8964266578961514,-0.9298817540706433
tinystories,fixed,10,7,1024,2048,0.4242204141973474,61.43367815100627,0.0012955658143316558,0.000682497776768378,-0.9246860542451804,-0.9670706829705292,-0.8830663807315836,-0.9642011207601109
tinystories,fixed,10,7,2048,4096,0.4242204141973474,122.86735630201254,0.000682497776768378,0.00034568110994813737,-0.981382578071388,-1.018927000023993,-0.9419544981425918,-0.9819088631926111
tinystories,fixed,10,8,512,1024,2.0507320278735635,148.4888599865177,0.0005973069329843785,0.0003032119493758916,-0.9781458570856459,-1.0214825239683225,-0.9352078685632006,-0.9863743148332468
tinystories,fixed,10,8,1024,2048,2.0507320278735635,296.9777199730354,0.0003032119493758916,0.0001573791338428075,-0.9460823368631536,-0.9948055982169157,-0.8957355921748779,-0.9931671427411505
tinystories,fixed,10,8,2048,4096,2.0507320278735635,593.9554399460708,0.0001573791338428075,7.941442705660547e-05,-0.9867712456435482,-1.0419331243133747,-0.9250175483850749,-0.9965785507603973
tinystories,fixed,10,9,512,1024,4.473474549651843,323.91415700728373,0.00013830848179940646,7.562864073057567e-05,-0.8708850380218444,-1.0214978192549646,-0.725849141837599,-0.9940409352100775
tinystories,fixed,10,9,1024,2048,4.473474549651843,647.8283140145675,7.562864073057567e-05,4.2445520193636746e-05,-0.8333203935015351,-0.9766609869839102,-0.7073443126819686,-0.9970171568814812
tinystories,fixed,10,9,2048,4096,4.473474549651843,1295.656628029135,4.2445520193636746e-05,2.1079338707661042e-05,-1.0097826881200558,-1.225924903437004,-0.830123478727521,-0.9985077500366729
tinystories,fixed,20,0,512,1024,,,0.0002065342983305987,0.0003491722900141992,0.7575576884078041,0.6187675773891971,0.9177473903897617,
tinystories,fixed,20,0,1024,2048,,,0.0003491722900141992,0.0005198764084420924,0.5742296158234463,0.4787140834229982,0.6777199417010005,
tinystories,fixed,20,0,2048,4096,,,0.0005198764084420924,0.0007171349764784983,0.4640759947734042,0.39779566505673686,0.534842248135985,
tinystories,fixed,20,3,512,1024,0.0016844061011219169,0.06098201479041541,0.00030790522226963935,0.0004991568533676259,0.6970068978134657,0.6331571175153679,0.7592960906018483,0.7937354469152433
tinystories,fixed,20,3,1024,2048,0.0016844061011219169,0.12196402958083082,0.0004991568533676259,0.0007073529810653842,0.5029370894409165,0.45035679501764436,0.5508441222986992,0.6247529262469015
tinystories,fixed,20,3,2048,4096,0.0016844061011219169,0.24392805916166163,0.0007073529810653842,0.0008883774937986923,0.32874252016129707,0.28837769002761454,0.3681282593286289,0.362870857384182
tinystories,fixed,20,4,512,1024,0.008150777444418443,0.2950896641480007,0.0017238055470917319,0.0023808299156113303,0.4658675182201102,0.4366985431273838,0.4948613847458519,0.45110692581613715
tinystories,fixed,20,4,1024,2048,0.008150777444418443,0.5901793282960014,0.0023808299156113303,0.0027176242447633247,0.1908814346855821,0.16578764939242147,0.21774214295447772,0.16775495222714185
tinystories,fixed,20,4,2048,4096,0.008150777444418443,1.1803586565920028,0.0027176242447633247,0.002493173592586085,-0.12436265703522842,-0.14742306739441824,-0.10436999617141099,-0.1376926719510719
tinystories,fixed,20,5,512,1024,0.03139705826300686,1.1366949277225613,0.003841306431223084,0.0037807927871776974,-0.022908273957429608,-0.04142746473149393,-0.004383704830762534,-0.08218505688119808
tinystories,fixed,20,5,1024,2048,0.03139705826300686,2.2733898554451226,0.0037807927871776974,0.0030366919429319007,-0.31618822032060845,-0.33322270021178896,-0.29796505589540007,-0.3717202091257242
tinystories,fixed,20,5,2048,4096,0.03139705826300686,4.546779710890245,0.0030366919429319007,0.002085542275566667,-0.5420780047233213,-0.5563714208273411,-0.5265019738051288,-0.6071320758956557
tinystories,fixed,20,6,512,1024,0.1288605281624362,4.665249448496063,0.004557302839228334,0.002997334841090597,-0.6044999823148566,-0.6332032747051916,-0.5796150046209364,-0.6051947345343899
tinystories,fixed,20,6,1024,2048,0.1288605281624362,9.330498896992125,0.002997334841090597,0.001765983483540956,-0.7632084103969378,-0.795477334181802,-0.7296570215225127,-0.7727084303643428
tinystories,fixed,20,6,2048,4096,0.1288605281624362,18.66099779398425,0.001765983483540956,0.0009608932759719812,-0.8780237417066915,-0.9036869131999091,-0.8526834796110637,-0.8765459801025349
tinystories,fixed,20,7,512,1024,0.4242204141973474,15.358419537751567,0.0022423464800855972,0.001230075173403866,-0.8662627304440341,-0.9051268751041751,-0.8290773600279286,-0.8634813735716648
tinystories,fixed,20,7,1024,2048,0.4242204141973474,30.716839075503135,0.001230075173403866,0.0006644676969577216,-0.8884755156509174,-0.9313872135885152,-0.8461703172189073,-0.9285319074053184
tinystories,fixed,20,7,2048,4096,0.4242204141973474,61.43367815100627,0.0006644676969577216,0.0003410918483551471,-0.9620387878492929,-0.999902195179344,-0.9222237601975437,-0.9633915367679331
tinystories,fixed,20,8,512,1024,2.0507320278735635,74.24442999325885,0.000585484936694495,0.0003001997566837455,-0.9637092460376541,-1.0067965188375467,-0.9210213296932107,-0.97226936831317
tinystories,fixed,20,8,1024,2048,2.0507320278735635,148.4888599865177,0.0003001997566837455,0.00015659041404340312,-0.9389269094067797,-0.9875868366525352,-0.8885466234069654,-0.9860347874720764
tinystories,fixed,20,8,2048,4096,2.0507320278735635,296.9777199730354,0.00015659041404340312,7.921459474152634e-05,-0.9831577317310605,-1.0383705792739115,-0.9213649383661648,-0.9929921398189292
tinystories,fixed,20,9,512,1024,4.473474549651843,161.95707850364187,0.00013721092530353287,7.532633456780693e-05,-0.8651691258529675,-1.0156871094187967,-0.720156793741636,-0.9878092777354989
tinystories,fixed,20,9,1024,2048,4.473474549651843,323.91415700728373,7.532633456780693e-05,4.236017141616809e-05,-0.8304459010846721,-0.9737588095206053,-0.7044769738617872,-0.9938876206532425
tinystories,fixed,20,9,2048,4096,4.473474549651843,647.8283140145675,4.236017141616809e-05,2.1058210142350638e-05,-1.0083256087263164,-1.224455579673158,-0.8286569885048268,-0.9969395400332149
tinystories,fixed,50,0,512,1024,,,4.6462032389133805e-05,8.437794629268979e-05,0.8608137103245208,0.6962231459044904,1.0613490453270842,
tinystories,fixed,50,0,1024,2048,,,8.437794629268979e-05,0.00013430916207494476,0.6706198446617815,0.55650337772036,0.7933834930089865,
tinystories,fixed,50,0,2048,4096,,,0.00013430916207494476,0.00020615089377873597,0.6181429926754769,0.5168083375356288,0.7275696559795468,
tinystories,fixed,50,3,512,1024,0.0016844061011219169,0.024392805916166164,6.559577022219399e-05,0.00011638870676981033,0.8272763855121598,0.7384840349201988,0.9142024800360128,0.9064811468146742
tinystories,fixed,50,3,1024,2048,0.0016844061011219169,0.04878561183233233,0.00011638870676981033,0.00018562023272025239,0.6734028937726773,0.5833959302758308,0.7530833083737629,0.8215021495230562
tinystories,fixed,50,3,2048,4096,0.0016844061011219169,0.09757122366466466,0.00018562023272025239,0.0002760421151041351,0.5725344187373427,0.5265379764850613,0.6188087163554032,0.6726327487047556
tinystories,fixed,50,4,512,1024,0.008150777444418443,0.11803586565920028,0.0004100031395211158,0.0006776775751031059,0.7249640753647864,0.6846892806091919,0.7679886686984629,0.7125649826727709
tinystories,fixed,50,4,1024,2048,0.008150777444418443,0.23607173131840056,0.0006776775751031059,0.0009551786610698196,0.4951715744938122,0.45761373639944974,0.5334494605007467,0.5127972028406743
tinystories,fixed,50,4,2048,4096,0.008150777444418443,0.4721434626368011,0.0009551786610698196,0.0011001096554727199,0.20380482231717445,0.1774534201367435,0.22823884219782847,0.24673659999482833
tinystories,fixed,50,5,512,1024,0.03139705826300686,0.4546779710890245,0.0012207481283816924,0.0015351393791318592,0.33060408134626895,0.31271719178636853,0.34878362780451166,0.2989059599457852
tinystories,fixed,50,5,1024,2048,0.03139705826300686,0.909355942178049,0.0015351393791318592,0.0015837324774470793,0.04495900992986965,0.025050812133864727,0.06458441373312543,0.00328590227699917
tinystories,fixed,50,5,2048,4096,0.03139705826300686,1.818711884356098,0.0015837324774470793,0.0013460576770029271,-0.23458842827780788,-0.25048427250923005,-0.21893592987611218,-0.2902391829301994
tinystories,fixed,50,6,512,1024,0.1288605281624362,1.866099779398425,0.002489450874913152,0.002039413011715828,-0.28767357422578144,-0.3253793490635027,-0.25433496115296444,-0.2851559379769277
tinystories,fixed,50,6,1024,2048,0.1288605281624362,3.73219955879685,0.002039413011715828,0.0014099701008627222,-0.5324894024595406,-0.5708138780978204,-0.4930932051402644,-0.5382222996076357
tinystories,fixed,50,6,2048,4096,0.1288605281624362,7.4643991175937,0.0014099701008627222,0.000846775511793285,-0.7356131166193574,-0.7659582521943997,-0.7057593782809303,-0.7260649797833915
tinystories,fixed,50,7,512,1024,0.4242204141973474,6.143367815100627,0.0017344689410591387,0.0010652211934899145,-0.7033409690744516,-0.7430372040942764,-0.6650637321135721,-0.6977414221120442
tinystories,fixed,50,7,1024,2048,0.4242204141973474,12.286735630201253,0.0010652211934899145,0.0006152709254928044,-0.7918593126123813,-0.8358924628522506,-0.7478443815888656,-0.8319765584994555
tinystories,fixed,50,7,2048,4096,0.4242204141973474,24.573471260402506,0.0006152709254928044,0.000327971206758562,-0.9076526565283685,-0.9463695182758982,-0.8666977720452675,-0.9107975940109491
tinystories,fixed,50,8,512,1024,2.0507320278735635,29.69777199730354,0.0005521919385491779,0.00029144587194032277,-0.921941858817112,-0.964480829290693,-0.879550643312305,-0.9313467922461672
tinystories,fixed,50,8,1024,2048,2.0507320278735635,59.39554399460708,0.00029144587194032277,0.0001542620637375008,-0.9178446506637092,-0.9664882396153124,-0.8673388835979573,-0.9649982327455099
tinystories,fixed,50,8,2048,4096,2.0507320278735635,118.79108798921416,0.0001542620637375008,7.861996596211004e-05,-0.972415672420723,-1.0276939731247972,-0.9103823949016542,-0.9823246570453164
tinystories,fixed,50,9,512,1024,4.473474549651843,64.78283140145675,0.0001339963375681738,7.44303008015493e-05,-0.8482315974451621,-0.9986074912016645,-0.7033421164599433,-0.969362138182164
tinystories,fixed,50,9,1024,2048,4.473474549651843,129.5656628029135,7.44303008015493e-05,4.21056772991335e-05,-0.8218752949379247,-0.9651055219734689,-0.6959275919375033,-0.9845617493525234
tinystories,fixed,50,9,2048,4096,4.473474549651843,259.131325605827,4.21056772991335e-05,2.0995016910236796e-05,-1.0039678213339822,-1.2200610457063412,-0.8242710764132215,-0.9922506930849025
tinystories,refit,0.5,0,512,1024,,,0.005257345749677551,0.007133647400923338,0.4403052916513946,0.33736782373290547,0.5506740148970566,
tinystories,refit,0.5,0,1024,2048,,,0.007133647400923338,0.008601592159213318,0.2699638195280613,0.20331770787165016,0.34019082142528967,
tinystories,refit,0.5,0,2048,4096,,,0.008601592159213318,0.008463028818187193,-0.023429648842397895,-0.07257752949279646,0.02119752811350605,
tinystories,refit,0.5,3,512,1024,0.0016844061011219169,2.4392805916166163,0.010685133100868263,0.010923035675794616,0.03176897937513198,-0.024023602904961028,0.07905226856721122,-0.15135085801050036
tinystories,refit,0.5,3,1024,2048,0.0016844061011219169,4.8785611832332325,0.010923035675794616,0.008647013724106358,-0.3370999744308368,-0.40436411367785136,-0.27749503760848004,-0.7598636537589816
tinystories,refit,0.5,3,2048,4096,0.0016844061011219169,9.757122366466465,0.008647013724106358,0.005791402597574031,-0.5782891877678429,-0.6079364879281045,-0.5490242345026776,-1.3212874183290446
tinystories,refit,0.5,4,512,1024,0.008150777444418443,11.803586565920028,0.026799435193910915,0.018033549856037234,-0.5715191803912633,-0.597144066450502,-0.5469686484823876,-0.7896846139808571
tinystories,refit,0.5,4,1024,2048,0.008150777444418443,23.607173131840057,0.018033549856037234,0.01078247890740188,-0.7419945214971478,-0.7655748654967329,-0.7179344138397191,-0.9637842219643097
tinystories,refit,0.5,4,2048,4096,0.008150777444418443,47.21434626368011,0.01078247890740188,0.005659220439782138,-0.9300136539358247,-0.969350991413914,-0.8858801490772766,-0.9976359553166173
tinystories,refit,0.5,5,512,1024,0.03139705826300686,45.46779710890245,0.016546725165281693,0.00860946744600338,-0.9425498101867222,-0.9702537824870417,-0.9162257525941613,-0.9967099059824046
tinystories,refit,0.5,5,1024,2048,0.03139705826300686,90.9355942178049,0.00860946744600338,0.0043070673978715356,-0.9992181005583083,-1.0314291630538968,-0.9643794525969998,-0.9995406484852183
tinystories,refit,0.5,5,2048,4096,0.03139705826300686,181.8711884356098,0.0043070673978715356,0.0021460683004627056,-1.0050099075124048,-1.032634218397899,-0.9811708694169567,-0.9999006260325216
tinystories,refit,0.5,6,512,1024,0.1288605281624362,186.6099779398425,0.005695535009454938,0.0028374726043602434,-1.0052249043682095,-1.0308125875396037,-0.9809473520261379,-0.9999023766210015
tinystories,refit,0.5,6,1024,2048,0.1288605281624362,373.219955879685,0.0028374726043602434,0.0014363059944083947,-0.9822433258774295,-1.0135129804304344,-0.9518062149335985,-0.9999769929339262
tinystories,refit,0.5,6,2048,4096,0.1288605281624362,746.43991175937,0.0014363059944083947,0.0007178104011661471,-1.0006884041961825,-1.0257132768195543,-0.9754615482529428,-0.9999944067337077
tinystories,refit,0.5,7,512,1024,0.4242204141973474,614.3367815100627,0.001867904572678476,0.00093057364673037,-1.0052285161148111,-1.0435947115689623,-0.9683357840668672,-0.9999931817693465
tinystories,refit,0.5,7,1024,2048,0.4242204141973474,1228.6735630201254,0.00093057364673037,0.00047856304579682325,-0.9594113338647566,-1.0044624333113361,-0.9153582634208478,-0.9999983199290452
tinystories,refit,0.5,7,2048,4096,0.4242204141973474,2457.3471260402507,0.00047856304579682325,0.0002392376927685369,-1.000264288284016,-1.0398869672488915,-0.9583314088881232,-0.9999995829720654
tinystories,refit,0.5,8,512,1024,2.0507320278735635,2969.777199730354,0.0004162736854517085,0.00020909831771922534,-0.9933509071540928,-1.0363683258687293,-0.9505049603184095,-0.9999997298087406
tinystories,refit,0.5,8,1024,2048,2.0507320278735635,5939.554399460708,0.00020909831771922534,0.00010816847428197075,-0.9509013681667808,-1.0009850779222704,-0.8994621110270504,-0.9999999326214651
tinystories,refit,0.5,8,2048,4096,2.0507320278735635,11879.108798921416,0.00010816847428197075,5.4524269731103076e-05,-0.988309639318092,-1.045581730124254,-0.9252052302478027,-0.9999999831740082
tinystories,refit,0.5,9,512,1024,4.473474549651843,6478.283140145674,9.630451623309505e-05,5.2443172301415505e-05,-0.8768484981252741,-1.0311424530994149,-0.7286173998140882,-0.999999950216298
tinystories,refit,0.5,9,1024,2048,4.473474549651843,12956.566280291348,5.2443172301415505e-05,2.9560939278960723e-05,-0.8270628463284585,-0.9725481228576126,-0.6982889648612496,-0.9999999875548022
tinystories,refit,0.5,9,2048,4096,4.473474549651843,25913.132560582697,2.9560939278960723e-05,1.4650578362170602e-05,-1.0127344917060668,-1.231493554010894,-0.83017424043435,-0.9999999968888239
tinystories,refit,1,0,512,1024,,,0.003968065487938387,0.005491162953695113,0.46867588900371515,0.3697342626566264,0.5777368877947092,
tinystories,refit,1,0,1024,2048,,,0.005491162953695113,0.006811397234146793,0.3108390464245854,0.2500900176043621,0.3741977821417812,
tinystories,refit,1,0,2048,4096,,,0.006811397234146793,0.006982423358300417,0.035777061810158654,-0.006867910608829126,0.07781653974798784,
tinystories,refit,1,3,512,1024,0.0016844061011219169,1.2196402958083081,0.007853507755840695,0.00856573657494102,0.12524013498083963,0.07151664999117134,0.16865809011216007,-0.013005954834552158
tinystories,refit,1,3,1024,2048,0.0016844061011219169,2.4392805916166163,0.00856573657494102,0.007301381908733175,-0.23040776619211953,-0.28545457644880406,-0.18208159413310854,-0.5537089696866682
tinystories,refit,1,3,2048,4096,0.0016844061011219169,4.8785611832332325,0.007301381908733175,0.0052744267079461804,-0.46915525219983695,-0.49701163663575026,-0.4424652031855121,-1.0880901504725986
tinystories,refit,1,4,512,1024,0.008150777444418443,5.901793282960014,0.022232889058821446,0.01631645570311455,-0.44636772603797414,-0.4670114801549197,-0.42650777544902907,-0.6294816737930389
tinystories,refit,1,4,1024,2048,0.008150777444418443,11.803586565920028,0.01631645570311455,0.010418016220921065,-0.6472471174194964,-0.6665946803647171,-0.6275665875964238,-0.8462987784770237
tinystories,refit,1,4,2048,4096,0.008150777444418443,23.607173131840057,0.010418016220921065,0.005780327976248628,-0.849857329701583,-0.8820304824937313,-0.8136609082209041,-0.9363601104798155
tinystories,refit,1,5,512,1024,0.03139705826300686,22.733898554451226,0.016297855672832838,0.008960446793552224,-0.8630395838386716,-0.8881415063482826,-0.8394262218532315,-0.932308876570783
tinystories,refit,1,5,1024,2048,0.03139705826300686,45.46779710890245,0.008960446793552224,0.004614937005126622,-0.9572597160742725,-0.9850730091836825,-0.92778405366257,-0.9695770002040728
tinystories,refit,1,5,2048,4096,0.03139705826300686,90.9355942178049,0.004614937005126622,0.002341966919705,-0.9785902570027246,-1.0042855806880018,-0.9557170862327462,-0.9854578356802489
tinystories,refit,1,6,512,1024,0.1288605281624362,93.30498896992125,0.006159747502187056,0.003102022712391593,-0.9896619642379056,-1.0146752942655857,-0.9658994433285968,-0.9854932044241987
tinystories,refit,1,6,1024,2048,0.1288605281624362,186.6099779398425,0.003102022712391593,0.0015779387783840522,-0.9751680174661876,-1.005981519688172,-0.9451875090962039,-0.9928964944147916
tinystories,refit,1,6,2048,4096,0.1288605281624362,373.219955879685,0.0015779387783840522,0.0007906722142864786,-0.9968896004442515,-1.0216630933153197,-0.9719811824416535,-0.9964841404627995
tinystories,refit,1,7,512,1024,0.4242204141973474,307.16839075503134,0.0020498884147162133,0.0010241469633827567,-1.0011226245118583,-1.039357112423714,-0.9643982232343504,-0.996095522749376
tinystories,refit,1,7,1024,2048,0.4242204141973474,614.3367815100627,0.0010241469633827567,0.0005272138435735241,-0.9579625963060221,-1.0022680488034177,-0.9147907172588634,-0.9980584868174822
tinystories,refit,1,7,2048,4096,0.4242204141973474,1228.6735630201254,0.0005272138435735241,0.00026373900400299035,-0.9992773079187385,-1.0383380694475592,-0.9580665794556866,-0.9990318955482449
tinystories,refit,1,8,512,1024,2.0507320278735635,1484.888599865177,0.00045867953926284,0.00023057199862831857,-0.9922692349290195,-1.0354175781305996,-0.9493377739121175,-0.9992771026165259
tinystories,refit,1,8,1024,2048,2.0507320278735635,2969.777199730354,0.00023057199862831857,0.0001192597252126803,-0.9511104005577993,-1.000860400017042,-0.9000251748105924,-0.9996389571353439
tinystories,refit,1,8,2048,4096,2.0507320278735635,5939.554399460708,0.0001192597252126803,6.0100685903207614e-05,-0.9886535567536295,-1.0451655943955436,-0.9258962435839334,-0.9998195798162702
tinystories,refit,1,9,512,1024,4.473474549651843,3239.141570072837,0.00010586919406041666,5.7667771625701826e-05,-0.8764456727795764,-1.0290355547479246,-0.7289919137089127,-0.9996855462414159
tinystories,refit,1,9,1024,2048,4.473474549651843,6478.283140145674,5.7667771625701826e-05,3.2454755070407225e-05,-0.829335406960176,-0.9740897383881209,-0.701023135170624,-0.9998428486041679
tinystories,refit,1,9,2048,4096,4.473474549651843,12956.566280291348,3.2454755070407225e-05,1.6090396048181646e-05,-1.0122300315638855,-1.2298266583593263,-0.8310514966238061,-0.9999214431616421
tinystories,refit,2,0,512,1024,,,0.0026466932561058044,0.0037733394296640297,0.5116508827553992,0.4134211540245637,0.6222309609540058,
tinystories,refit,2,0,1024,2048,,,0.0037733394296640297,0.004862621023065296,0.36589227377548234,0.3055312165184174,0.428759095670748,
tinystories,refit,2,0,2048,4096,,,0.004862621023065296,0.005266597479327799,0.115137043016534,0.07611687784967913,0.15573715448974162,
tinystories,refit,2,3,512,1024,0.0016844061011219169,0.6098201479041541,0.00500163135698026,0.0059482289444528925,0.2500614488532918,0.19828588692064783,0.29273209781252524,0.17815087638622845
tinystories,refit,2,3,1024,2048,0.0016844061011219169,1.2196402958083081,0.0059482289444528925,0.005615503406920416,-0.08304481695785093,-0.1277402646861628,-0.044484615559707584,-0.2820737962898816
tinystories,refit,2,3,2048,4096,0.0016844061011219169,2.4392805916166163,0.005615503406920416,0.004493581845661199,-0.3215494806680651,-0.3510158659492322,-0.2935143973636863,-0.7794311896729351
tinystories,refit,2,4,512,1024,0.008150777444418443,2.950896641480007,0.016602792433462632,0.01369984510154319,-0.2772663283862247,-0.29566738106520607,-0.2603437043609117,-0.41839839704131515
tinystories,refit,2,4,1024,2048,0.008150777444418443,5.901793282960014,0.01369984510154319,0.00960615772716635,-0.5121281792821896,-0.5291072062710923,-0.4942163621922045,-0.6823691859078704
tinystories,refit,2,4,2048,4096,0.008150777444418443,11.803586565920028,0.00960615772716635,0.005754265004992362,-0.7393278329285796,-0.7663784265219655,-0.7100679303730663,-0.8374356731909027
tinystories,refit,2,5,512,1024,0.03139705826300686,11.366949277225613,0.015195227907051046,0.009077998901341843,-0.7431720946320286,-0.7660615611096325,-0.721329052217103,-0.8257689177334314
tinystories,refit,2,5,1024,2048,0.03139705826300686,22.733898554451226,0.009077998901341843,0.004905934683509509,-0.8878462873626026,-0.9108297409668193,-0.863683077862674,-0.9143648478349654
tinystories,refit,2,5,2048,4096,0.03139705826300686,45.46779710890245,0.004905934683509509,0.0025672427246619814,-0.9343083217071009,-0.9576193043595753,-0.9127311881176638,-0.957645040608028
tinystories,refit,2,6,512,1024,0.1288605281624362,46.65249448496063,0.006651537895838523,0.0034173796098290513,-0.9607974290321222,-0.9857617630086395,-0.9373605970102094,-0.957734721887126
tinystories,refit,2,6,1024,2048,0.1288605281624362,93.30498896992125,0.0034173796098290513,0.0017551385971991227,-0.9613055546716626,-0.9915851365646581,-0.9315607529570148,-0.9789922092363276
tinystories,refit,2,6,2048,4096,0.1288605281624362,186.6099779398425,0.0017551385971991227,0.0008839976514505913,-0.9894705177719273,-1.0140210858132008,-0.9647254472596934,-0.9895277772662621
tinystories,refit,2,7,512,1024,0.4242204141973474,153.58419537751567,0.002276402102976568,0.0011436752678402446,-0.9930779421586864,-1.0311152801576673,-0.9565969543717944,-0.9883854245858599
tinystories,refit,2,7,1024,2048,0.4242204141973474,307.16839075503134,0.0011436752678402446,0.0005901128955705172,-0.9546145846076304,-0.9979104569754642,-0.9121655858497899,-0.9942038036743144
tinystories,refit,2,7,2048,4096,0.4242204141973474,614.3367815100627,0.0005901128955705172,0.00029561143525496465,-0.9972889065787646,-1.0356717465792697,-0.9569562313661812,-0.9971046794555398
tinystories,refit,2,8,512,1024,2.0507320278735635,742.4442999325885,0.0005136647098986077,0.00025854686185912125,-0.9904011661300104,-1.033611696496582,-0.9472533403933363,-0.997833605622751
tinystories,refit,2,8,1024,2048,2.0507320278735635,1484.888599865177,0.00025854686185912125,0.0001337367033433031,-0.9510303341279239,-1.0003591302255617,-0.9004549046947954,-0.9989174141995598
tinystories,refit,2,8,2048,4096,2.0507320278735635,2969.777199730354,0.0001337367033433031,6.738517097955692e-05,-0.9888924130853611,-1.0444732672037493,-0.9267226507544726,-0.9994588599196567
tinystories,refit,2,9,512,1024,4.473474549651843,1619.5707850364186,0.00011830025341856497,6.447032735437632e-05,-0.8757459501277507,-1.027033444961691,-0.7293349771786141,-0.9990568176855883
tinystories,refit,2,9,1024,2048,4.473474549651843,3239.141570072837,6.447032735437632e-05,3.621798305649895e-05,-0.8319291026589661,-0.9764672516907896,-0.7049676366355749,-0.9995285308607971
tinystories,refit,2,9,2048,4096,4.473474549651843,6478.283140145674,3.621798305649895e-05,1.796425457228622e-05,-1.0115771343978501,-1.2285590402456033,-0.8304650441965582,-0.9997642959352732
tinystories,refit,5,0,512,1024,,,0.0012733137488578784,0.0019200540874191902,0.5925590038293864,0.4850636774762682,0.7149926878368138,
tinystories,refit,5,0,1024,2048,,,0.0019200540874191902,0.0026193122439186665,0.44804109939177117,0.37593121246003847,0.5223042381461175,
tinystories,refit,5,0,2048,4096,,,0.0026193122439186665,0.003097978609303882,0.2421391314957785,0.20011152791948716,0.28371324708369855,
tinystories,refit,5,3,512,1024,0.0016844061011219169,0.24392805916166163,0.002193796978464912,0.002974070666087591,0.4390089073376625,0.3898262902305375,0.4845441697996177,0.46273585323173466
tinystories,refit,5,3,1024,2048,0.0016844061011219169,0.48785611832332326,0.002974070666087591,0.0033082099943035972,0.15361188767433426,0.1193142229405121,0.18561123314608918,0.11772069027277281
tinystories,refit,5,3,2048,4096,0.0016844061011219169,0.9757122366466465,0.0033082099943035972,0.0031322384932286535,-0.0788567492324084,-0.11116280746818777,-0.04776584074678592,-0.3075416633610786
tinystories,refit,5,4,512,1024,0.008150777444418443,1.1803586565920028,0.009205920259909229,0.009215915664412083,0.0015655683811637523,-0.01904318515228119,0.01982349532802994,-0.07948311585780936
tinystories,refit,5,4,1024,2048,0.008150777444418443,2.3607173131840056,0.009215915664412083,0.007636787524382726,-0.27116162993428294,-0.2870127352603984,-0.25357125503997147,-0.3895543129735841
tinystories,refit,5,4,2048,4096,0.008150777444418443,4.721434626368011,0.007636787524382726,0.0052460256773137984,-0.5417410156202437,-0.5649288252701289,-0.5191767713968872,-0.6300098207125993
tinystories,refit,5,5,512,1024,0.03139705826300686,4.546779710890245,0.011929139409354344,0.008366389990936845,-0.5118128135878498,-0.5328486664354761,-0.4916158592124249,-0.5996704933826372
tinystories,refit,5,5,1024,2048,0.03139705826300686,9.09355942178049,0.008366389990936845,0.005039867673676425,-0.7312193943938425,-0.7494110828622141,-0.7114511313817906,-0.7766096805623515
tinystories,refit,5,5,2048,4096,0.03139705826300686,18.18711884356098,0.005039867673676425,0.0028260694803384796,-0.834588919457496,-0.8546056087734959,-0.8151877678877527,-0.8816445702623279
tinystories,refit,5,6,512,1024,0.1288605281624362,18.66099779398425,0.007055371187739368,0.0038237723728418356,-0.8837253429605699,-0.9092841450297352,-0.8604099769668354,-0.8817503007468602
tinystories,refit,5,6,1024,2048,0.1288605281624362,37.3219955879685,0.0038237723728418356,0.0020171956899533534,-0.92264559512498,-0.952655844234169,-0.8930587029231435,-0.9391660385671032
tinystories,refit,5,6,2048,4096,0.1288605281624362,74.643991175937,0.0020171956899533534,0.0010309958405553758,-0.9683125355570134,-0.9927020772781784,-0.9437381346919314,-0.9691410147671867
tinystories,refit,5,7,512,1024,0.4242204141973474,61.43367815100627,0.002606329400288729,0.001330739709408627,-0.9697910201145596,-1.0074723151403944,-0.93343147190072,-0.965834106125844
tinystories,refit,5,7,1024,2048,0.4242204141973474,122.86735630201254,0.001330739709408627,0.0006918544847633679,-0.943687871884669,-0.9860224652800879,-0.9025054400470828,-0.982796539334799
tinystories,refit,5,7,2048,4096,0.4242204141973474,245.73471260402508,0.0006918544847633679,0.00034801851681818863,-0.9913045642193381,-1.0287258566226332,-0.9518254386476471,-0.9913679373764634
tinystories,refit,5,8,512,1024,2.0507320278735635,296.9777199730354,0.0006033634332171577,0.0003047363323834758,-0.9854657482249273,-1.0289069849850159,-0.9424303844809431,-0.9935177533913933
tinystories,refit,5,8,1024,2048,2.0507320278735635,593.9554399460708,0.0003047363323834758,0.00015777589854576164,-0.9496846768424566,-0.9984546645081335,-0.8993192975405102,-0.9967563656612071
tinystories,refit,5,8,2048,4096,2.0507320278735635,1187.9108798921416,0.00015777589854576164,7.951465020820408e-05,-0.9885842397537212,-1.0437309080626915,-0.9268362263700848,-0.9983775560669914
tinystories,refit,5,9,512,1024,4.473474549651843,647.8283140145675,0.0001388622601135098,7.578048244403944e-05,-0.8737563282866905,-1.0244166987228622,-0.7286814776438769,-0.9971725037515663
tinystories,refit,5,9,1024,2048,4.473474549651843,1295.656628029135,7.578048244403944e-05,4.24882921927816e-05,-0.8347609685394063,-0.9781154277941535,-0.7087812960438784,-0.9985858777608183
tinystories,refit,5,9,2048,4096,4.473474549651843,2591.31325605827,4.24882921927816e-05,2.1089915056369572e-05,-1.0105120716027516,-1.2266604082035812,-0.8308646365598027,-0.9992928454647927
tinystories,refit,10,0,512,1024,,,0.0006281962737347054,0.0010006898041152207,0.6717075433866437,0.5502206084989666,0.810609611580051,
tinystories,refit,10,0,1024,2048,,,0.0010006898041152207,0.001425945285075989,0.5109237913198202,0.42697645271500495,0.5982670625899044,
tinystories,refit,10,0,2048,4096,,,0.001425945285075989,0.001818484060198855,0.3508176547862653,0.3018800327533732,0.4004513390213512,
tinystories,refit,10,3,512,1024,0.0016844061011219169,0.12196402958083082,0.0010026430199405049,0.0014963231491380226,0.5776137347611631,0.5262656503709158,0.6284430682573331,0.6527668406082016
tinystories,refit,10,3,1024,2048,0.0016844061011219169,0.24392805916166163,0.0014963231491380226,0.001891473041905278,0.3380884382467471,0.3034265459904171,0.3721699233218652,0.39907888885947873
tinystories,refit,10,3,2048,4096,0.0016844061011219169,0.48785611832332326,0.001891473041905278,0.0020632803485007255,0.12542964631204095,0.08989320876338414,0.15977943741499148,0.04878363539178326
tinystories,refit,10,4,512,1024,0.008150777444418443,0.5901793282960014,0.0049489152672389115,0.0058276408207021116,0.23579962011182237,0.21217272710871404,0.25716037854998236,0.19548750670788634
tinystories,refit,10,4,1024,2048,0.008150777444418443,1.1803586565920028,0.0058276408207021116,0.0056331327817443055,-0.04897448289645194,-0.06771914023901768,-0.028602880966996584,-0.11888924686753355
tinystories,refit,10,4,2048,4096,0.008150777444418443,2.3607173131840056,0.0056331327817443055,0.004420542000477459,-0.34971420996524233,-0.37186460881735933,-0.3304573468272029,-0.40761926690940997
tinystories,refit,10,5,512,1024,0.03139705826300686,2.2733898554451226,0.008481160772526756,0.006970019635784375,-0.28309901206855637,-0.3024378404707014,-0.2640983401729564,-0.3615032751538352
tinystories,refit,10,5,1024,2048,0.03139705826300686,4.546779710890245,0.006970019635784375,0.00476181707614672,-0.5496505194761913,-0.5664701716934168,-0.5307748309603558,-0.6048433035542716
tinystories,refit,10,5,2048,4096,0.03139705826300686,9.09355942178049,0.00476181707614672,0.0029032113021180824,-0.7138626226405214,-0.730487657211671,-0.6966051543975179,-0.7742089035112609
tinystories,refit,10,6,512,1024,0.1288605281624362,9.330498896992125,0.00687901288899616,0.004021114983580659,-0.7746059682557663,-0.8003426910705571,-0.7515349451954602,-0.7739472747069154
tinystories,refit,10,6,1024,2048,0.1288605281624362,18.66099779398425,0.004021114983580659,0.0022080764272354204,-0.8648054821336278,-0.8949629623021709,-0.8343172754768492,-0.8782747301394503
tinystories,refit,10,6,2048,4096,0.1288605281624362,37.3219955879685,0.0022080764272354204,0.0011542686705598962,-0.9358110398881415,-0.960353748373536,-0.9113562378377766,-0.9366523889106405
tinystories,refit,10,7,512,1024,0.4242204141973474,30.716839075503135,0.0028359788161565454,0.001485226867162715,-0.9331634378326188,-0.9710340314028815,-0.8969234169200798,-0.9299604573203499
tinystories,refit,10,7,1024,2048,0.4242204141973474,61.43367815100627,0.001485226867162715,0.0007821164478006811,-0.9252279896168727,-0.967052857926137,-0.8843327698748839,-0.9642429980840393
tinystories,refit,10,7,2048,4096,0.4242204141973474,122.86735630201254,0.0007821164478006811,0.0003961289115647597,-0.9814134230577841,-1.0183559887608356,-0.9426441770798205,-0.981930460110432
tinystories,refit,10,8,512,1024,2.0507320278735635,148.4888599865177,0.0006843681171159009,0.0003474943705127474,-0.9777829440411668,-1.0215999213113485,-0.9346324103504557,-0.9863737114350258
tinystories,refit,10,8,1024,2048,2.0507320278735635,296.9777199730354,0.0003474943705127474,0.00018029440227356418,-0.9466350009367033,-0.9952556856139626,-0.8963252812667166,-0.9931668483225548
tinystories,refit,10,8,2048,4096,2.0507320278735635,593.9554399460708,0.00018029440227356418,9.094457078671854e-05,-0.9872951856199931,-1.0421122047433238,-0.925983613589819,-0.9965784054061257
tinystories,refit,10,9,512,1024,4.473474549651843,323.91415700728373,0.00015806075457042596,8.645368504526005e-05,-0.8704798361694105,-1.0208567656595315,-0.7259767588258655,-0.9940396876109205
tinystories,refit,10,9,1024,2048,4.473474549651843,647.8283140145675,8.645368504526005e-05,4.8450407519750826e-05,-0.835418659035824,-0.978272209669565,-0.7098357830153816,-0.9970165323111065
tinystories,refit,10,9,2048,4096,4.473474549651843,1295.656628029135,4.8450407519750826e-05,2.4066914438369698e-05,-1.0094576111176499,-1.2260908788757678,-0.8299260948165004,-0.9985074375593286
tinystories,refit,20,0,512,1024,,,0.00027203823790827614,0.00046041308826346306,0.7591193937838971,0.622291113663952,0.9175403232866931,
tinystories,refit,20,0,1024,2048,,,0.00046041308826346306,0.0006875534085540666,0.5785429393201806,0.48457918083992163,0.679862344829448,
tinystories,refit,20,0,2048,4096,,,0.0006875534085540666,0.0009506504135203365,0.467443125409179,0.402950454497208,0.5364431158120311,
tinystories,refit,20,3,512,1024,0.0016844061011219169,0.06098201479041541,0.00040800872945614605,0.0006629582349568917,0.7003179669237827,0.6382161320005934,0.7612601306776886,0.794444201238495
tinystories,refit,20,3,1024,2048,0.0016844061011219169,0.12196402958083082,0.0006629582349568917,0.0009406144873665382,0.5046855664921722,0.45405944691697653,0.5510468040260691,0.6260090640321618
tinystories,refit,20,3,2048,4096,0.0016844061011219169,0.24392805916166163,0.0009406144873665382,0.0011822488340670827,0.32985826110891775,0.29034921528629226,0.3684545154823059,0.3648570434020859
tinystories,refit,20,4,512,1024,0.008150777444418443,0.2950896641480007,0.002290920749067371,0.0031644064829733894,0.46600738105664863,0.4376889674360524,0.49428423418498907,0.45221597236886846
tinystories,refit,20,4,1024,2048,0.008150777444418443,0.5901793282960014,0.0031644064829733894,0.0036148331737199772,0.19199413493334375,0.16791538277722848,0.21786316721897903,0.16897908282565938
tinystories,refit,20,4,2048,4096,0.008150777444418443,1.1803586565920028,0.0036148331737199772,0.0033194032379836704,-0.12300517034758472,-0.14506475035646854,-0.10369335299003797,-0.13663842658766093
tinystories,refit,20,5,512,1024,0.03139705826300686,1.1366949277225613,0.005126340450835527,0.0050507122654159355,-0.021442439105210254,-0.039498404394682635,-0.003248223131394099,-0.08104300688597893
tinystories,refit,20,5,1024,2048,0.03139705826300686,2.2733898554451226,0.0050507122654159355,0.00406116342285982,-0.3145937719945624,-0.3314406457948614,-0.29653144933186326,-0.37095249133425817
tinystories,refit,20,5,2048,4096,0.03139705826300686,4.546779710890245,0.00406116342285982,0.0027901746561003796,-0.5415376500393108,-0.5555279797834528,-0.5263817405835483,-0.6067383412932167
tinystories,refit,20,6,512,1024,0.1288605281624362,4.665249448496063,0.006073443560738254,0.003995185096693407,-0.6042523924504872,-0.6318442935640071,-0.58015428821821,-0.6051453717063109
tinystories,refit,20,6,1024,2048,0.1288605281624362,9.330498896992125,0.003995185096693407,0.0023531366349431844,-0.7636772515576276,-0.7952415731507668,-0.7309019834759902,-0.7727254769607821
tinystories,refit,20,6,2048,4096,0.1288605281624362,18.66099779398425,0.0023531366349431844,0.0012805809857355036,-0.8777865992454701,-0.9029887884424643,-0.8527716750211608,-0.8765785303341772
tinystories,refit,20,7,512,1024,0.4242204141973474,15.358419537751567,0.0029864574608202826,0.0016379966821358067,-0.8665027374259752,-0.9046607726953131,-0.8299421491730142,-0.8637535950543044
tinystories,refit,20,7,1024,2048,0.4242204141973474,30.716839075503135,0.0016379966821358067,0.0008841663134465366,-0.8895427606439474,-0.9311781453099764,-0.8487828129347552,-0.9286875951726374
tinystories,refit,20,7,2048,4096,0.4242204141973474,61.43367815100627,0.0008841663134465366,0.00045385184949463833,-0.9620963324106554,-0.9986393941603594,-0.9237667639884803,-0.9634748281056251
tinystories,refit,20,8,512,1024,2.0507320278735635,74.24442999325885,0.000778749358099047,0.00039949110789124246,-0.9629956778113262,-1.0069617701864668,-0.9197932331479614,-0.9722669252284554
tinystories,refit,20,8,1024,2048,2.0507320278735635,148.4888599865177,0.00039949110789124246,0.00020823099857212617,-0.9399785378985116,-0.9888239721452866,-0.8901162110675475,-0.9860336112891647
tinystories,refit,20,8,2048,4096,2.0507320278735635,296.9777199730354,0.00020823099857212617,0.0001052660331594991,-0.9841448651121785,-1.0388524935500443,-0.9229666414804975,-0.9929915635806786
tinystories,refit,20,9,512,1024,4.473474549651843,161.95707850364187,0.0001817374688522163,9.984584823264586e-05,-0.8640815467662777,-1.0143156062227225,-0.7188497222227779,-0.9878045569210899
tinystories,refit,20,9,1024,2048,4.473474549651843,323.91415700728373,9.984584823264586e-05,5.6020472223556965e-05,-0.8337482944639455,-0.9770298725279619,-0.708334711048866,-0.9938852500554856
tinystories,refit,20,9,2048,4096,4.473474549651843,647.8283140145675,5.6020472223556965e-05,2.7858053948852655e-05,-1.007859664025745,-1.224378085929157,-0.8276410153642568,-0.996938352179319
tinystories,refit,50,0,512,1024,,,7.674514867072356e-05,0.00013949787716010452,0.8620957070114431,0.702043220171064,1.0580009517777873,
tinystories,refit,50,0,1024,2048,,,0.00013949787716010452,0.0002231727610539788,0.6779177846995106,0.5670954269098594,0.7966311087120996,
tinystories,refit,50,0,2048,4096,,,0.0002231727610539788,0.00034406107513687746,0.6245037316547077,0.5274649565166033,0.7300058733040083,
tinystories,refit,50,3,512,1024,0.0016844061011219169,0.024392805916166164,0.00010945431376395872,0.00019485463474504085,0.8320694328765853,0.7468370453752509,0.9148582271218186,0.9069826700145257
tinystories,refit,50,3,1024,2048,0.0016844061011219169,0.04878561183233233,0.00019485463474504085,0.00031138389370279914,0.6762960757455962,0.5907149455472487,0.7521629019004775,0.822451427748786
tinystories,refit,50,3,2048,4096,0.0016844061011219169,0.09757122366466466,0.00031138389370279914,0.00046366377938973863,0.574384707173233,0.5299365590428267,0.6190479546385824,0.6743358243599106
tinystories,refit,50,4,512,1024,0.008150777444418443,0.11803586565920028,0.0006881867325394678,0.001136634742942085,0.7238967353792927,0.6855387596018337,0.7648668962554903,0.7137069991797471
tinystories,refit,50,4,1024,2048,0.008150777444418443,0.23607173131840056,0.001136634742942085,0.0016046162704234166,0.49745961171662273,0.4622216746208192,0.5333846691749433,0.5144349025537687
tinystories,refit,50,4,2048,4096,0.008150777444418443,0.4721434626368011,0.0016046162704234166,0.0018522033092189499,0.20701413533893628,0.1816348225174756,0.23057877247991093,0.24863952766102312
tinystories,refit,50,5,512,1024,0.03139705826300686,0.4546779710890245,0.0020621049909096923,0.0025970083379082804,0.33273285733619473,0.31530071889771005,0.3505620924514254,0.300833851546558
tinystories,refit,50,5,1024,2048,0.03139705826300686,0.909355942178049,0.0025970083379082804,0.0026851097841514102,0.04813042993597533,0.028365835786896866,0.067411627990354,0.005088616990066429
tinystories,refit,50,5,2048,4096,0.03139705826300686,1.818711884356098,0.0026851097841514102,0.0022849172093123106,-0.23283918359928532,-0.2480348913937957,-0.21786092369292798,-0.28891438045806683
tinystories,refit,50,6,512,1024,0.1288605281624362,1.866099779398425,0.004203975467789737,0.003445411158619688,-0.28707809309183124,-0.32269238110485415,-0.25496109257044025,-0.2849831544490487
tinystories,refit,50,6,1024,2048,0.1288605281624362,3.73219955879685,0.003445411158619688,0.00238094056213159,-0.5331445518388613,-0.5698012177723388,-0.4954061023099053,-0.5381999119384488
tinystories,refit,50,6,2048,4096,0.1288605281624362,7.4643991175937,0.00238094056213159,0.0014306718092669624,-0.7348388443766247,-0.7643499518460197,-0.7058133927016023,-0.7261296982463252
tinystories,refit,50,7,512,1024,0.4242204141973474,6.143367815100627,0.002929028002757448,0.0017982968575561825,-0.7037907896976413,-0.7420120937395644,-0.6664251882336734,-0.698471715279335
tinystories,refit,50,7,1024,2048,0.4242204141973474,12.286735630201253,0.0017982968575561825,0.001037414206737626,-0.7936391646117121,-0.8352389271202082,-0.752749519692889,-0.8324885731395205
tinystories,refit,50,7,2048,4096,0.4242204141973474,24.573471260402506,0.001037414206737626,0.0005529444380889911,-0.907785606254939,-0.9444460600451433,-0.8691942090392127,-0.9111021232108123
tinystories,refit,50,8,512,1024,2.0507320278735635,29.69777199730354,0.0009300115831282825,0.0004912534324842641,-0.9207811970416125,-0.9644849494887359,-0.8776697358036876,-0.9313350674412614
tinystories,refit,50,8,1024,2048,2.0507320278735635,59.39554399460708,0.0004912534324842641,0.0002597180099204362,-0.9195214278770614,-0.9683734063345589,-0.8696069367701751,-0.9649926663392714
tinystories,refit,50,8,2048,4096,2.0507320278735635,118.79108798921416,0.0002597180099204362,0.00013222452591465683,-0.9739562572555529,-1.0280842507785528,-0.9131046771683402,-0.9823219579475566
tinystories,refit,50,9,512,1024,4.473474549651843,64.78283140145675,0.0002245170657940259,0.00012490375236459713,-0.8460082908913451,-0.9974805014197057,-0.7001915699448132,-0.9693440669489581
tinystories,refit,50,9,1024,2048,4.473474549651843,129.5656628029135,0.00012490375236459713,7.046625487049789e-05,-0.8258123740205973,-0.9699623358104396,-0.6999600136443315,-0.9845525840521404
tinystories,refit,50,9,2048,4096,4.473474549651843,259.131325605827,7.046625487049789e-05,3.5147968409365584e-05,-1.003491237606082,-1.2206210637061572,-0.8224919629892646,-0.9922460775116697
wikitext,fixed,0.5,0,512,1024,,,0.017350594800820702,0.026407547427845963,0.605965197896441,0.5757422405085464,0.6356014042172141,
wikitext,fixed,0.5,0,1024,2048,,,0.026407547427845963,0.034098786107051186,0.36877006222979697,0.33857140091713456,0.3988914210704004,
wikitext,fixed,0.5,0,2048,4096,,,0.034098786107051186,0.03734793332028645,0.13130803123521392,0.10700663624139867,0.15608331290854088,
wikitext,fixed,0.5,3,512,1024,0.0016633417179471913,2.4087761063750466,0.04616318446974736,0.05261689023125613,0.18878323603039165,0.17043301765557012,0.20801064786285262,-0.09902683487768844
wikitext,fixed,0.5,3,1024,2048,0.0016633417179471913,4.817552212750093,0.05261689023125613,0.04947674345533035,-0.08877543903898322,-0.10918604514549937,-0.0692559142459929,-0.7047562059890803
wikitext,fixed,0.5,3,2048,4096,0.0016633417179471913,9.635104425500186,0.04947674345533035,0.03935427507542667,-0.3302301807164386,-0.34129077798712065,-0.31938595231996136,-1.2610325875236215
wikitext,fixed,0.5,4,512,1024,0.007488274216380416,10.84417941050772,0.06285346728480033,0.046544851959381114,-0.433370723542287,-0.45061501789156805,-0.4161141229500289,-0.7460223792639012
wikitext,fixed,0.5,4,1024,2048,0.007488274216380416,21.68835882101544,0.046544851959381114,0.029063866829091862,-0.6793949485182098,-0.7032194546468234,-0.6549157183491736,-0.9539551081205866
wikitext,fixed,0.5,4,2048,4096,0.007488274216380416,43.37671764203088,0.029063866829091862,0.01671540640950405,-0.7980482281371802,-0.8192904424508697,-0.775116519987448,-0.9967686862841966
wikitext,fixed,0.5,5,512,1024,0.02828012778094537,40.953999619540056,0.01974789435741441,0.010305362980822108,-0.9383035113030749,-0.9664788578422396,-0.9117097166573919,-0.9955814961438163
wikitext,fixed,0.5,5,1024,2048,0.02828012778094537,81.90799923908011,0.010305362980822108,0.005377452336383614,-0.938400583784751,-0.9724832479913711,-0.9036423482887012,-0.9993987838250066
wikitext,fixed,0.5,5,2048,4096,0.02828012778094537,163.81599847816022,0.005377452336383614,0.002863778398828223,-0.9090029720534673,-0.9556533809723354,-0.8579253977693762,-0.9998708169554241
wikitext,fixed,0.5,6,512,1024,0.12109740628999992,175.36777660776738,0.0024244710710591005,0.0012185744463411338,-0.9924756472199779,-1.0158355627983893,-0.9663827921196154,-0.9998794262009401
wikitext,fixed,0.5,6,1024,2048,0.12109740628999992,350.73555321553476,0.0012185744463411338,0.0006101330299550948,-0.9979986531367722,-1.0241999181012862,-0.9713662559428486,-0.9999716120278923
wikitext,fixed,0.5,6,2048,4096,0.12109740628999992,701.4711064310695,0.0006101330299550948,0.00030571331687274044,-0.9969444366470875,-1.0248626601229438,-0.9729000541628788,-0.9999931017945708
wikitext,fixed,0.5,7,512,1024,0.4917359332763391,712.1096969682843,0.0011678599001025078,0.0005962629651067063,-0.9698465782237305,-1.0008143994951375,-0.9375540265503854,-0.9999934411028829
wikitext,fixed,0.5,7,1024,2048,0.4917359332763391,1424.2193939365686,0.0005962629651067063,0.0002999474452724312,-0.991238987569898,-1.029144158140986,-0.9546635120797229,-0.9999983832793968
wikitext,fixed,0.5,7,2048,4096,0.4917359332763391,2848.4387878731372,0.0002999474452724312,0.00015001591453662745,-0.9995941856761128,-1.0363503405882353,-0.9541979562579728,-0.9999995986301098
wikitext,fixed,0.5,8,512,1024,1.9448525672317911,2816.4473624528187,0.0004487783565996381,0.00022310372915793357,-1.0082884719391898,-1.039011208994585,-0.9772312577054658,-0.9999995056389012
wikitext,fixed,0.5,8,1024,2048,1.9448525672317911,5632.894724905637,0.00022310372915793357,0.00011028911165019842,-1.016424261153296,-1.0410277578713198,-0.9896457401076516,-0.9999998768613823
wikitext,fixed,0.5,8,2048,4096,1.9448525672317911,11265.789449811275,0.00011028911165019842,5.541112835903774e-05,-0.9930427165115628,-1.0278035683825513,-0.9541422156614496,-0.9999999692698069
wikitext,fixed,1,0,512,1024,,,0.010564964590862876,0.01653198405148723,0.6459719450498197,0.6145596604393908,0.6750339819118741,
wikitext,fixed,1,0,1024,2048,,,0.01653198405148723,0.02231090962359058,0.4324894569142007,0.4046639091900833,0.4605366292372752,
wikitext,fixed,1,0,2048,4096,,,0.02231090962359058,0.025723025514043586,0.2053110068913767,0.18437257734464013,0.22652315859201738,
wikitext,fixed,1,3,512,1024,0.0016633417179471913,1.2043880531875233,0.02963550937280318,0.03565093434346829,0.26661303282180626,0.2508675923066066,0.28294005393148886,0.03432943011856528
wikitext,fixed,1,3,1024,2048,0.0016633417179471913,2.4087761063750466,0.03565093434346829,0.03565817051594675,0.00029279823961055794,-0.018270079262847055,0.01776828308865243,-0.5015418579108636
wikitext,fixed,1,3,2048,4096,0.0016633417179471913,4.817552212750093,0.03565817051594675,0.030075620837688388,-0.24563816708693575,-0.2562663212339946,-0.23477800337480106,-1.0333827955839372
wikitext,fixed,1,4,512,1024,0.007488274216380416,5.42208970525386,0.045681395991165996,0.036581796472162253,-0.3204808138959775,-0.3351274714104086,-0.3056406289049458,-0.5794673507353634
wikitext,fixed,1,4,1024,2048,0.007488274216380416,10.84417941050772,0.036581796472162253,0.02467942205827661,-0.5678173153110695,-0.587048641652845,-0.5487433264441527,-0.8263622743780792
wikitext,fixed,1,4,2048,4096,0.007488274216380416,21.68835882101544,0.02467942205827661,0.01492070615689729,-0.7259927938223865,-0.7430298502983498,-0.7080928659167331,-0.930179692377013
wikitext,fixed,1,5,512,1024,0.02828012778094537,20.476999809770028,0.017359566038891175,0.009580220700818895,-0.857600086173108,-0.8791761346909611,-0.8364189357189923,-0.9238662220759234
wikitext,fixed,1,5,1024,2048,0.02828012778094537,40.953999619540056,0.009580220700818895,0.00511658692405678,-0.904877126537163,-0.9295742340329137,-0.8802017234194534,-0.9663759154776753
wikitext,fixed,1,5,2048,4096,0.02828012778094537,81.90799923908011,0.00511658692405678,0.002740169375772887,-0.9009166933339239,-0.9333106332835506,-0.8670932225248099,-0.9840396016446489
wikitext,fixed,1,6,512,1024,0.12109740628999992,87.68388830388369,0.0023739045492621918,0.0012062019083618806,-0.9767905049516206,-1.0000168119798931,-0.9507426558143094,-0.9851656507379136
wikitext,fixed,1,6,1024,2048,0.12109740628999992,175.36777660776738,0.0012062019083618806,0.0006070527073864373,-0.9905777337236603,-1.0166881365767715,-0.9640073284989347,-0.9927572031382874
wikitext,fixed,1,6,2048,4096,0.12109740628999992,350.73555321553476,0.0006070527073864373,0.00030494340278540834,-0.9932802793492159,-1.0212399790450455,-0.9692073322359105,-0.9964202469934171
wikitext,fixed,1,7,512,1024,0.4917359332763391,356.05484848414216,0.0011620979353328907,0.0005948108015716447,-0.9662289047903538,-0.9972114781107922,-0.9339452182823049,-0.9964427882981879
wikitext,fixed,1,7,1024,2048,0.4917359332763391,712.1096969682843,0.0005948108015716447,0.00029958450966078166,-0.989467816876528,-1.0273918227836711,-0.9528590367390041,-0.9982311984734562
wikitext,fixed,1,7,2048,4096,0.4917359332763391,1424.2193939365686,0.00029958450966078166,0.00014992403570100005,-0.998731336088363,-1.0354715815527626,-0.9533444337080924,-0.9991180238747946
wikitext,fixed,1,8,512,1024,1.9448525672317911,1408.2236812264093,0.0004482058549346754,0.00022296223544451946,-1.0073621227161544,-1.0380938838702038,-0.9762999269964309,-0.9990718865609004
wikitext,fixed,1,8,1024,2048,1.9448525672317911,2816.4473624528187,0.00022296223544451946,0.00011025430337975536,-1.0159644049618923,-1.040567648014039,-0.9891880649044589,-0.9995366607028703
wikitext,fixed,1,8,2048,4096,1.9448525672317911,5632.894724905637,0.00011025430337975536,5.540232930332223e-05,-0.9928164287944344,-1.0275716179157504,-0.9539106777984846,-0.99976850918696
wikitext,fixed,2,0,512,1024,,,0.005267127822040797,0.008579396195662739,0.7038596456310958,0.6700048520051819,0.7351018768860892,
wikitext,fixed,2,0,1024,2048,,,0.008579396195662739,0.012321085117455137,0.5221812979059075,0.4966920493241659,0.5477778155966436,
wikitext,fixed,2,0,2048,4096,,,0.012321085117455137,0.015269920305139859,0.3095632129001724,0.29219378517741296,0.32717214031182235,
wikitext,fixed,2,3,512,1024,0.0016633417179471913,0.6021940265937616,0.015892645047726042,0.02062866912596724,0.3762914921106231,0.3625325807326199,0.39010115933824985,0.21775400459447905
wikitext,fixed,2,3,1024,2048,0.0016633417179471913,1.2043880531875233,0.02062866912596724,0.022540953916521014,0.12789782291455074,0.11129707709783371,0.14338761450278326,-0.23486292701720995
wikitext,fixed,2,3,2048,4096,0.0016633417179471913,2.4087761063750466,0.022540953916521014,0.020668626277572363,-0.12510606612302594,-0.13636266099022762,-0.11304868926643827,-0.7307282627201479
wikitext,fixed,2,4,512,1024,0.007488274216380416,2.71104485262693,0.028999433820801383,0.025870481047375975,-0.1647178532297056,-0.1766605042079964,-0.15258964308117362,-0.3618320229058703
wikitext,fixed,2,4,1024,2048,0.007488274216380416,5.42208970525386,0.025870481047375975,0.01936337091453317,-0.41797675121348377,-0.4330055793912265,-0.40316770579564626,-0.6497331632673465
wikitext,fixed,2,4,2048,4096,0.007488274216380416,10.84417941050772,0.01936337091453317,0.01261777976936616,-0.6178720538451542,-0.6313044747354326,-0.6042068801607976,-0.8226158746375875
wikitext,fixed,2,5,512,1024,0.02828012778094537,10.238499904885014,0.014127561145327603,0.00850791729545563,-0.7316345191164176,-0.7483860214743843,-0.7145875014340438,-0.8060384670295463
wikitext,fixed,2,5,1024,2048,0.02828012778094537,20.476999809770028,0.00850791729545563,0.004748970332788571,-0.8411912654953441,-0.8592204381604145,-0.8239476254513761,-0.9055815128842015
wikitext,fixed,2,5,2048,4096,0.02828012778094537,40.953999619540056,0.004748970332788571,0.00257863955478698,-0.881004617946657,-0.9027330640007922,-0.8592144941186183,-0.953551166685131
wikitext,fixed,2,6,512,1024,0.12109740628999992,43.841944151941846,0.0022782622752323465,0.0011821017102548578,-0.9465796676718097,-0.9696235010107714,-0.920944674309626,-0.9566947374571247
wikitext,fixed,2,6,1024,2048,0.12109740628999992,87.68388830388369,0.0011821017102548578,0.0006009720247094525,-0.9759844329960239,-1.0019431976774562,-0.9494240892739184,-0.9785548315652984
wikitext,fixed,2,6,2048,4096,0.12109740628999992,175.36777660776738,0.0006009720247094525,0.0003034135724698181,-0.9860122124527901,-1.014012624805942,-0.9619604978130701,-0.9893296607659536
wikitext,fixed,2,7,512,1024,0.4917359332763391,178.02742424207108,0.0011507239891847042,0.0005919251185747919,-0.9590552479146753,-0.9900355970832555,-0.9267416520240591,-0.9893974624740168
wikitext,fixed,2,7,1024,2048,0.4917359332763391,356.05484848414216,0.0005919251185747919,0.0002988609365574354,-0.9859403415055925,-1.0238465750270571,-0.9492849673817519,-0.9947106443578594
wikitext,fixed,2,7,2048,4096,0.4917359332763391,712.1096969682843,0.0002988609365574354,0.00014974056655287025,-0.997009219807804,-1.0337618055559836,-0.9516247245459802,-0.9973583061545711
wikitext,fixed,2,8,512,1024,1.9448525672317911,704.1118406132047,0.0004470646077919493,0.00022267970910369177,-1.0055132346947333,-1.0362404577017725,-0.9744411063915462,-0.9972204087343393
wikitext,fixed,2,8,1024,2048,1.9448525672317911,1408.2236812264093,0.00022267970910369177,0.00011018474332877017,-1.0150456279167845,-1.039648365117749,-0.9882736420787427,-0.9986111650419014
wikitext,fixed,2,8,2048,4096,1.9448525672317911,2816.4473624528187,0.00011018474332877017,5.5384738380485386e-05,-0.9923640834568228,-1.0271211486965783,-0.9534478387754203,-0.9993058227587986
wikitext,fixed,5,0,512,1024,,,0.0015811967480839448,0.0027456631701020338,0.7961377575453766,0.755537481323515,0.8354195853701077,
wikitext,fixed,5,0,1024,2048,,,0.0027456631701020338,0.004351054609934544,0.6642104734596813,0.6392631438053904,0.6898765017556403,
wikitext,fixed,5,0,2048,4096,,,0.004351054609934544,0.006069330350142348,0.480172223604358,0.46449172978637127,0.495654598561218,
wikitext,fixed,5,3,512,1024,0.0016633417179471913,0.24087761063750465,0.005318837746595515,0.00780348722678007,0.5530079528433284,0.5375690104020753,0.5674506853172137,0.4896761189889957
wikitext,fixed,5,3,1024,2048,0.0016633417179471913,0.4817552212750093,0.00780348722678007,0.009893332215722132,0.3423375427019141,0.3261133938931029,0.35701118151243727,0.15508368900984773
wikitext,fixed,5,3,2048,4096,0.0016633417179471913,0.9635104425500186,0.009893332215722132,0.010498201257334156,0.0856137320651229,0.0712828209541823,0.10096349413032316,-0.26535097701516625
wikitext,fixed,5,4,512,1024,0.007488274216380416,1.0844179410507722,0.012596931366426447,0.013429687984204389,0.09235345301011554,0.08354698048926554,0.10162391712607448,-0.018856624434655148
wikitext,fixed,5,4,1024,2048,0.007488274216380416,2.1688358821015443,0.013429687984204389,0.011960548259806369,-0.16714226382868727,-0.1803066636001685,-0.15495223140271747,-0.3406917251683121
wikitext,fixed,5,4,2048,4096,0.007488274216380416,4.337671764203089,0.011960548259806369,0.008998863109285968,-0.41046887068967003,-0.42104644257305357,-0.4004393450176635,-0.5987285102388857
wikitext,fixed,5,5,512,1024,0.02828012778094537,4.095399961954006,0.009043553072023838,0.006472257201192509,-0.48262075636501905,-0.4962132902540067,-0.46890721775677835,-0.5595676259850397
wikitext,fixed,5,5,1024,2048,0.02828012778094537,8.190799923908012,0.006472257201192509,0.004024399452841642,-0.6854954292849103,-0.6992992629400914,-0.6732449082120888,-0.7544415370410197
wikitext,fixed,5,5,2048,4096,0.02828012778094537,16.381599847816023,0.004024399452841642,0.0022967098893988793,-0.8092048777789841,-0.8244433080853381,-0.7945705231544342,-0.8702737011343666
wikitext,fixed,5,6,512,1024,0.12109740628999992,17.53677766077674,0.002028590028733892,0.0011145783778958639,-0.8639792592621426,-0.8865871927105586,-0.8381178438630045,-0.8780881752654925
wikitext,fixed,5,6,1024,2048,0.12109740628999992,35.07355532155348,0.0011145783778958639,0.0005833456929346481,-0.9340750827701008,-0.9600270098477195,-0.9078976086678509,-0.9376604431701546
wikitext,fixed,5,6,2048,4096,0.12109740628999992,70.14711064310696,0.0005833456929346481,0.0002989025464753836,-0.9646758955721128,-0.992614111949035,-0.9404526725374264,-0.9684869490801541
wikitext,fixed,5,7,512,1024,0.4917359332763391,71.21096969682843,0.0011177572906410763,0.0005834144576459539,-0.9380139126320948,-0.9689872296631984,-0.9056352976591969,-0.9686974509668378
wikitext,fixed,5,7,1024,2048,0.4917359332763391,142.42193939365686,0.0005834144576459539,0.0002967084331966552,-0.9754752058275458,-1.0133743146945229,-0.9387487429492756,-0.9842580484166956
wikitext,fixed,5,7,2048,4096,0.4917359332763391,284.8438787873137,0.0002967084331966552,0.00014919245677843214,-0.9918713381235014,-1.0286203854183102,-0.9464362675149236,-0.9921064267556521
wikitext,fixed,5,8,512,1024,1.9448525672317911,281.6447362452819,0.00044367062919732116,0.0002218358012776635,-0.9999968349105502,-1.0306937854071418,-0.9688989879196415,-0.9916958487105221
wikitext,fixed,5,8,1024,2048,1.9448525672317911,563.2894724905638,0.0002218358012776635,0.00010997651402323354,-1.0122967529645062,-1.0368999593795107,-0.9855263409179488,-0.9958421452959346
wikitext,fixed,5,8,2048,4096,1.9448525672317911,1126.5789449811275,0.00010997651402323354,5.5332023052012574e-05,-0.9910088849187657,-1.025796080241486,-0.9520612119215006,-0.9979196301315907
wikitext,fixed,10,0,512,1024,,,0.0005351426979932414,0.0009727546800100181,0.8621523727918851,0.8133974169412453,0.9107594850089299,
wikitext,fixed,10,0,1024,2048,,,0.0009727546800100181,0.0016574497886890035,0.7688172442747809,0.742447855217438,0.7974494929456306,
wikitext,fixed,10,0,2048,4096,,,0.0016574497886890035,0.0025378536083711057,0.6146436867115725,0.5969226542091894,0.6320253267093807,
wikitext,fixed,10,3,512,1024,0.0016633417179471913,0.12043880531875233,0.0019345303748462613,0.003113880162859707,0.6867300423166941,0.6682581182548375,0.7037305219071002,0.6705599200587511
wikitext,fixed,10,3,1024,2048,0.0016633417179471913,0.24087761063750465,0.003113880162859707,0.00445105001291078,0.5154322876828007,0.4980246935117495,0.5322836944256477,0.4268436235755595
wikitext,fixed,10,3,2048,4096,0.0016633417179471913,0.4817552212750093,0.00445105001291078,0.005378035427879326,0.27293354771609624,0.25586782887938603,0.2916506657883392,0.08494267094468996
wikitext,fixed,10,4,512,1024,0.007488274216380416,0.5422089705253861,0.0055503226600169915,0.0068493027374740304,0.30338548555453115,0.29415255198040785,0.3125766157603927,0.25211499245248636
wikitext,fixed,10,4,1024,2048,0.007488274216380416,1.0844179410507722,0.0068493027374740304,0.007103978174655709,0.05267002089075276,0.039231552523161475,0.06502267814126028,-0.06290162767458653
wikitext,fixed,10,4,2048,4096,0.007488274216380416,2.1688358821015443,0.007103978174655709,0.0061621734057376015,-0.20518786844821194,-0.215178657076093,-0.19583286443376968,-0.3631761259931105
wikitext,fixed,10,5,512,1024,0.02828012778094537,2.047699980977003,0.00541329160096763,0.004592042003924065,-0.2373702660818704,-0.2503187022829372,-0.22457129730712827,-0.30640578498890647
wikitext,fixed,10,5,1024,2048,0.02828012778094537,4.095399961954006,0.004592042003924065,0.0032481969353640667,-0.49949673404323097,-0.5117038967262529,-0.48847323743932225,-0.5677906789082188
wikitext,fixed,10,5,2048,4096,0.02828012778094537,8.190799923908012,0.0032481969353640667,0.002005120613610657,-0.695950083093862,-0.7089840791165168,-0.6834572664373896,-0.7528262620727281
wikitext,fixed,10,6,512,1024,0.12109740628999992,8.76838883038837,0.0017050263253062842,0.0010157937681547894,-0.7471864861480414,-0.7702552725153606,-0.7207769779117337,-0.7654071403800544
wikitext,fixed,10,6,1024,2048,0.12109740628999992,17.53677766077674,0.0010157937681547894,0.0005558733038165186,-0.8697795257527288,-0.8958255622162574,-0.8436554897041265,-0.8746315715905637
wikitext,fixed,10,6,2048,4096,0.12109740628999992,35.07355532155348,0.0005558733038165186,0.00029163600353525294,-0.9305872607067315,-0.9587648357807099,-0.906164557013568,-0.9351044732780962
wikitext,fixed,10,7,512,1024,0.4917359332763391,35.605484848414214,0.0010663875366236798,0.0005697002542498744,-0.9044568690001321,-0.935504069800828,-0.8718192243225581,-0.9355760749111035
wikitext,fixed,10,7,1024,2048,0.4917359332763391,71.21096969682843,0.0005697002542498744,0.00029318054224859995,-0.9584136919306767,-0.9962832643926435,-0.9216512205879624,-0.9671911750706432
wikitext,fixed,10,7,2048,4096,0.4917359332763391,142.42193939365686,0.00029318054224859995,0.00014828652995734263,-0.9834018058329097,-1.0201855670509963,-0.9379595994371054,-0.9834430207538424
wikitext,fixed,10,8,512,1024,1.9448525672317911,140.82236812264094,0.00043811133452940096,0.00022044141010023316,-0.9909022787871652,-1.0215288802922515,-0.9597415910899898,-0.9825864537143709
wikitext,fixed,10,8,1024,2048,1.9448525672317911,281.6447362452819,0.00022044141010023316,0.00010963096089577971,-1.0077399732581445,-1.0323497854842514,-0.980984555103742,-0.9912518310972425
wikitext,fixed,10,8,2048,4096,1.9448525672317911,563.2894724905638,0.00010963096089577971,5.524435518106563e-05,-0.9887563237041577,-1.0235715117777706,-0.9497990992261494,-0.9956155097404392
wikitext,fixed,20,0,512,1024,,,0.00016215373802684418,0.0003057751505735024,0.9151088862701963,0.8579201031126018,0.9745244669712904,
wikitext,fixed,20,0,1024,2048,,,0.0003057751505735024,0.0005534426015235955,0.8559625324240366,0.8265154995086411,0.8881571933141769,
wikitext,fixed,20,0,2048,4096,,,0.0005534426015235955,0.0009216647447075341,0.7358083657579453,0.7146858518065013,0.7556248674796067,
wikitext,fixed,20,3,512,1024,0.0016633417179471913,0.06021940265937616,0.0006184123452203335,0.0010767718831029296,0.8000716187471307,0.7788678158364456,0.8199694312749518,0.8050823847983037
wikitext,fixed,20,3,1024,2048,0.0016633417179471913,0.12043880531875233,0.0010767718831029296,0.0017169195873408608,0.6731098280943498,0.6533345880981363,0.692819983214811,0.6442651902148503
wikitext,fixed,20,3,2048,4096,0.0016633417179471913,0.24087761063750465,0.0017169195873408608,0.0023710441103043634,0.46570003091643725,0.4462151732207156,0.4872787960790564,0.39240649571991654
wikitext,fixed,20,4,512,1024,0.007488274216380416,0.27110448526269304,0.00208513300401473,0.002957752341033663,0.5043618459931283,0.49250960734014676,0.5157729755499824,0.49814581120354834
wikitext,fixed,20,4,1024,2048,0.007488274216380416,0.5422089705253861,0.002957752341033663,0.0035931926791570334,0.2807650420722618,0.26659611999427985,0.2949112925893118,0.22406035878955857
wikitext,fixed,20,4,2048,4096,0.007488274216380416,1.0844179410507722,0.0035931926791570334,0.0036722411168203634,0.031394488616560585,0.020568900631283738,0.04159284802953301,-0.08326367685508844
wikitext,fixed,20,5,512,1024,0.02828012778094537,1.0238499904885014,0.0027083771294432843,0.002775228037326412,0.03517767918680737,0.021525989275275697,0.04881149288754649,-0.018359285393729215
wikitext,fixed,20,5,1024,2048,0.02828012778094537,2.047699980977003,0.002775228037326412,0.0023218535753493216,-0.2573293275399223,-0.2691531302339644,-0.24625166653499458,-0.31856478238897484
wikitext,fixed,20,5,2048,4096,0.02828012778094537,4.095399961954006,0.0023218535753493216,0.0016213064349816931,-0.5181202002344943,-0.5299427065318109,-0.506689553471102,-0.5710790905167499
wikitext,fixed,20,6,512,1024,0.12109740628999992,4.384194415194185,0.001269579931655583,0.0008576491960911769,-0.5658916601659071,-0.5904269109833162,-0.5382401398671903,-0.5877882508470023
wikitext,fixed,20,6,1024,2048,0.12109740628999992,8.76838883038837,0.0008576491960911769,0.0005071223277272272,-0.7580538682058318,-0.7843788615872996,-0.7320594603560077,-0.7643573801591459
wikitext,fixed,20,6,2048,4096,0.12109740628999992,17.53677766077674,0.0005071223277272272,0.00027797998785697035,-0.8673527700101897,-0.895991907104993,-0.8425560020739611,-0.8729247419912508
wikitext,fixed,20,7,512,1024,0.4917359332763391,17.802742424207107,0.0009752737835566148,0.0005439119790153376,-0.8424340762263866,-0.873734434399954,-0.8090625751376864,-0.8740043953854995
wikitext,fixed,20,7,1024,2048,0.4917359332763391,35.605484848414214,0.0005439119790153376,0.00028634033729538563,-0.9256422800130604,-0.9638175937807156,-0.8887524836200329,-0.9343185925611084
wikitext,fixed,20,7,2048,4096,0.4917359332763391,71.21096969682843,0.00028634033729538563,0.00014650262595413885,-0.9668043956352123,-1.0037467971280603,-0.921417051486668,-0.966444040736168
wikitext,fixed,20,8,512,1024,1.9448525672317911,70.41118406132047,0.00042734425478913507,0.0002176972357994682,-0.9730756378498463,-1.0035718622317624,-0.9417370105007022,-0.9647259446299095
wikitext,fixed,20,8,1024,2048,1.9448525672317911,140.82236812264094,0.0002176972357994682,0.00010894541077947491,-0.9987176634948532,-1.0233676158935447,-0.9719099144507143,-0.9821626269250023
wikitext,fixed,20,8,2048,4096,1.9448525672317911,281.6447362452819,0.00010894541077947491,5.5069732316140546e-05,-0.9842739246516286,-1.0191499145277532,-0.9452552984840571,-0.9910303611212133
wikitext,fixed,50,0,512,1024,,,2.982064807887964e-05,5.807690154520769e-05,0.9616528749006209,0.8946705455720866,1.0349019824075596,
wikitext,fixed,50,0,1024,2048,,,5.807690154520769e-05,0.00011105566501222113,0.9352465960262629,0.9017578567008322,0.9715201074533693,
wikitext,fixed,50,0,2048,4096,,,0.00011105566501222113,0.00020121116523359804,0.8574273752480348,0.8333053265458694,0.8800278289735619,
wikitext,fixed,50,3,512,1024,0.0016633417179471913,0.024087761063750466,0.0001187570603883264,0.00022213740010813992,0.9034390246986216,0.8797434255168831,0.9255613554815313,0.9117756191673272
wikitext,fixed,50,3,1024,2048,0.0016633417179471913,0.04817552212750093,0.00022213740010813992,0.0003948355340915614,0.8297995218209415,0.8075317543838852,0.8532306121336929,0.8313684509738561
wikitext,fixed,50,3,2048,4096,0.0016633417179471913,0.09635104425500186,0.0003948355340915614,0.0006369463894280637,0.6899201145329524,0.6671145174638076,0.7155054938905954,0.6898526942048411
wikitext,fixed,50,4,512,1024,0.007488274216380416,0.1084417941050772,0.00046441840074687684,0.0007650346096555726,0.7200998814081366,0.7040134212488348,0.735344197391158,0.7414022220356932
wikitext,fixed,50,4,1024,2048,0.007488274216380416,0.2168835882101544,0.0007650346096555726,0.0011245514787108835,0.5557527840736,0.5395238151139973,0.5729762031290258,0.5559143502060593
wikitext,fixed,50,4,2048,4096,0.007488274216380416,0.4337671764203088,0.0011245514787108835,0.0014392240727694344,0.35594151769997406,0.34322657244334076,0.3681697733410218,0.30071127783205565
wikitext,fixed,50,5,512,1024,0.02828012778094537,0.40953999619540055,0.000819805256019321,0.0010701599282060173,0.38447326914293944,0.36726817785249866,0.40207641236653996,0.35624836550667993
wikitext,fixed,50,5,1024,2048,0.02828012778094537,0.8190799923908011,0.0010701599282060173,0.0011544108628164652,0.10933036671686637,0.09537038733195621,0.12304378896897795,0.06658400340945547
wikitext,fixed,50,5,2048,4096,0.02828012778094537,1.6381599847816022,0.0011544108628164652,0.0010097021561913742,-0.1932269936467524,-0.20512666099933408,-0.18197901990806542,-0.23393819400453217
wikitext,fixed,50,6,512,1024,0.12109740628999992,1.753677766077674,0.0006633738599288784,0.0005656506638470418,-0.2299108198831154,-0.259110094134587,-0.19633399385906675,-0.251966983085963
wikitext,fixed,50,6,1024,2048,0.12109740628999992,3.507355532155348,0.0005656506638470418,0.0003969740134732726,-0.5108667749142107,-0.5381719364448327,-0.48396836688274764,-0.5175536462160377
wikitext,fixed,50,6,2048,4096,0.12109740628999992,7.014711064310696,0.0003969740134732726,0.0002429132850817432,-0.7086031753939949,-0.7389311845177653,-0.682183935922788,-0.7154974444367482
wikitext,fixed,50,7,512,1024,0.4917359332763391,7.121096969682843,0.0007696163938300496,0.0004776117833874655,-0.6883011002585044,-0.7213024714100332,-0.6528428074657429,-0.7189810682300074
wikitext,fixed,50,7,1024,2048,0.4917359332763391,14.242193939365686,0.0004776117833874655,0.0002673990398628516,-0.8368441452339348,-0.8757191203490056,-0.8004628011389788,-0.844627341429951
wikitext,fixed,50,7,2048,4096,0.4917359332763391,28.484387878731372,0.0002673990398628516,0.00014136476767319113,-0.9195716830163478,-0.9569382867266687,-0.8739741620098623,-0.9179088398129145
wikitext,fixed,50,8,512,1024,1.9448525672317911,28.164473624528185,0.00039761007303610083,0.00020980541408420158,-0.9223023990132325,-0.9526935328871313,-0.8907572755083806,-0.9138253966947755
wikitext,fixed,50,8,1024,2048,1.9448525672317911,56.32894724905637,0.00020980541408420158,0.00010693217973662982,-0.972355830327723,-0.997076875094666,-0.9455182479730841,-0.9556019428569165
wikitext,fixed,50,8,2048,4096,1.9448525672317911,112.65789449811274,0.00010693217973662982,5.455149939621246e-05,-0.9710053212391541,-1.0059483675342604,-0.9318839684094165,-0.9774565079316918
wikitext,refit,0.5,0,512,1024,,,0.005572411036034327,0.008464320579136386,0.6030925904344037,0.5720037502044263,0.633985408353018,
wikitext,refit,0.5,0,1024,2048,,,0.008464320579136386,0.010923948815298509,0.36802828493287404,0.3366124584778865,0.39893031478316865,
wikitext,refit,0.5,0,2048,4096,,,0.010923948815298509,0.011944932642994982,0.12890425910379827,0.10474429574424177,0.15377583222689123,
wikitext,refit,0.5,3,512,1024,0.0016633417179471913,2.4087761063750466,0.014818824301219512,0.016896223108566207,0.18926979884259773,0.17147182680338022,0.20780699930256719,-0.10164327676398359
wikitext,refit,0.5,3,1024,2048,0.0016633417179471913,4.817552212750093,0.016896223108566207,0.015889399931008227,-0.08863614839529861,-0.10935709851333966,-0.06891345997553239,-0.7075305722017001
wikitext,refit,0.5,3,2048,4096,0.0016633417179471913,9.635104425500186,0.015889399931008227,0.012664541080198053,-0.32726984216336846,-0.3383095553201243,-0.31641249379536845,-1.2638383215189837
wikitext,refit,0.5,4,512,1024,0.007488274216380416,10.84417941050772,0.02030367780671493,0.015011796274985001,-0.43564446409334073,-0.45221525767776966,-0.4184024578930235,-0.7464517689018039
wikitext,refit,0.5,4,1024,2048,0.007488274216380416,21.68835882101544,0.015011796274985001,0.009363255136830416,-0.6810145414257873,-0.704507728167358,-0.6572608751084745,-0.9541000829342546
wikitext,refit,0.5,4,2048,4096,0.007488274216380416,43.37671764203088,0.009363255136830416,0.005365607362928418,-0.8032686832266188,-0.8241784438358309,-0.7803350500099582,-0.9968009173483615
wikitext,refit,0.5,5,512,1024,0.02828012778094537,40.953999619540056,0.006420658010571225,0.003350788712455344,-0.9382204384108646,-0.9668217954754618,-0.9114107288247759,-0.9955928359900396
wikitext,refit,0.5,5,1024,2048,0.02828012778094537,81.90799923908011,0.003350788712455344,0.0017504678881313858,-0.9367601225890687,-0.9721114221206627,-0.9009369950877387,-0.9994022044438412
wikitext,refit,0.5,5,2048,4096,0.02828012778094537,163.81599847816022,0.0017504678881313858,0.0009329471666135074,-0.9078733083788808,-0.9571684536483429,-0.8541681946100618,-0.9998716028491365
wikitext,refit,0.5,6,512,1024,0.12109740628999992,175.36777660776738,0.0007770104433737919,0.00039084592951435054,-0.9913339764149004,-1.0161454075427767,-0.9631128264351342,-0.9998793815644832
wikitext,refit,0.5,6,1024,2048,0.12109740628999992,350.73555321553476,0.00039084592951435054,0.00019582684044840308,-0.9970214954431745,-1.0250848646171937,-0.9690873464891634,-0.9999716095102631
wikitext,refit,0.5,6,2048,4096,0.12109740628999992,701.4711064310695,0.00019582684044840308,9.810211240857323e-05,-0.9972224102949474,-1.028020019616463,-0.9703744882943227,-0.9999931020499429
wikitext,refit,0.5,7,512,1024,0.4917359332763391,712.1096969682843,0.000372780193166821,0.0001907287200240863,-0.9668031059532317,-1.0011748153467526,-0.9304480144700357,-0.9999934921604335
wikitext,refit,0.5,7,1024,2048,0.4917359332763391,1424.2193939365686,0.0001907287200240863,9.583131021677796e-05,-0.99295310313976,-1.0346525664081407,-0.9529823715166945,-0.9999983959716121
wikitext,refit,0.5,7,2048,4096,0.4917359332763391,2848.4387878731372,9.583131021677796e-05,4.787604688168254e-05,-1.0011930594052967,-1.0422300917593568,-0.9506039805986751,-0.9999996017940788
wikitext,refit,0.5,8,512,1024,1.9448525672317911,2816.4473624528187,0.0001446460639465394,7.187343236296632e-05,-1.008996576068848,-1.043042259453754,-0.9733509428911381,-0.9999995073539379
wikitext,refit,0.5,8,1024,2048,1.9448525672317911,5632.894724905637,7.187343236296632e-05,3.554792647271673e-05,-1.0156931753354397,-1.0423835643009822,-0.9866578072121247,-0.9999998772879447
wikitext,refit,0.5,8,2048,4096,1.9448525672317911,11265.789449811275,3.554792647271673e-05,1.785568159621197e-05,-0.9933822029499179,-1.0298411569481165,-0.952934149041006,-0.9999999693761207
wikitext,refit,1,0,512,1024,,,0.004587949979315884,0.007164688639161215,0.6430543473707535,0.6107397264448912,0.6731292024679735,
wikitext,refit,1,0,1024,2048,,,0.007164688639161215,0.009663958241637967,0.4317102110800765,0.4028276179776001,0.4603491209109281,
wikitext,refit,1,0,2048,4096,,,0.009663958241637967,0.011125772478119607,0.2032193820695289,0.1824739186106865,0.2244559032937611,
wikitext,refit,1,3,512,1024,0.0016633417179471913,1.2043880531875233,0.012854672115172133,0.015465792397782438,0.26678794079981616,0.25131366828837587,0.28282570545814784,0.03233190178957585
wikitext,refit,1,3,1024,2048,0.0016633417179471913,2.4087761063750466,0.015465792397782438,0.01546817622309265,0.00022235316795888465,-0.018653724603647975,0.01784418630744691,-0.5037567826701862
wikitext,refit,1,3,2048,4096,0.0016633417179471913,4.817552212750093,0.01546817622309265,0.013062119688884414,-0.2439140727965512,-0.254683204127412,-0.23262145793070943,-1.0355375560301197
wikitext,refit,1,4,512,1024,0.007488274216380416,5.42208970525386,0.019911670836899896,0.015928132378577542,-0.3220371697525725,-0.3365162712882693,-0.3071185719596489,-0.5800417814122977
wikitext,refit,1,4,1024,2048,0.007488274216380416,10.84417941050772,0.015928132378577542,0.010736639103388849,-0.569034660153819,-0.5878562439986048,-0.5501473742672212,-0.8265268170205367
wikitext,refit,1,4,2048,4096,0.007488274216380416,21.68835882101544,0.010736639103388849,0.006477320831025332,-0.7290733465674735,-0.7460295161253236,-0.7109141729156799,-0.9301786869474463
wikitext,refit,1,5,512,1024,0.02828012778094537,20.476999809770028,0.0076023513828823285,0.004194949833720879,-0.8577921505580134,-0.8798433330881088,-0.8362739759441914,-0.9238106474924955
wikitext,refit,1,5,1024,2048,0.02828012778094537,40.953999619540056,0.004194949833720879,0.0022420254664593806,-0.9038508926116251,-0.9289655941362114,-0.8784323158794387,-0.9663375002142476
wikitext,refit,1,5,2048,4096,0.02828012778094537,81.90799923908011,0.0022420254664593806,0.001201519160763911,-0.8999430098792945,-0.9342671009719778,-0.8648144417121049,-0.98401832259201
wikitext,refit,1,6,512,1024,0.12109740628999992,87.68388830388369,0.0010276361901633154,0.0005224983631547965,-0.9758311807541165,-1.0003251051956068,-0.9481594281339002,-0.9851320875363221
wikitext,refit,1,6,1024,2048,0.12109740628999992,175.36777660776738,0.0005224983631547965,0.00026310596834723705,-0.9897825423781602,-1.0174985028401853,-0.9621740052156789,-0.9927406916682022
wikitext,refit,1,6,2048,4096,0.12109740628999992,350.73555321553476,0.00026310596834723705,0.0001321462258582415,-0.993508753551188,-1.023803914058188,-0.9670532495780557,-0.9964120517718363
wikitext,refit,1,7,512,1024,0.4917359332763391,356.05484848414216,0.0005013984174624729,0.00025707491691687954,-0.9637685909839131,-0.9973170109521149,-0.9281022596430015,-0.9964418654498165
wikitext,refit,1,7,1024,2048,0.4917359332763391,712.1096969682843,0.00025707491691687954,0.00012935523840309373,-0.9908503727363466,-1.0318327187737912,-0.9515659052426682,-0.9982306970983007
wikitext,refit,1,7,2048,4096,0.4917359332763391,1424.2193939365686,0.00012935523840309373,6.46772157665627e-05,-1.0000089990242904,-1.0402046447314541,-0.95047218621349,-0.9991177632857078
wikitext,refit,1,8,512,1024,1.9448525672317911,1408.2236812264093,0.00019490786840851084,9.692060053107402e-05,-1.007917084174084,-1.041279669863656,-0.9730283917573121,-0.9990725864005008
wikitext,refit,1,8,1024,2048,1.9448525672317911,2816.4473624528187,9.692060053107402e-05,4.794601428748847e-05,-1.0153924537371808,-1.0416282709595088,-0.9866810576062236,-0.999537008873184
wikitext,refit,1,8,2048,4096,1.9448525672317911,5632.894724905637,4.794601428748847e-05,2.4088059858700388e-05,-0.9930926919133064,-1.0292298384856766,-0.9530639142313819,-0.9997686828366488
wikitext,refit,2,0,512,1024,,,0.0032700271195192387,0.005317576916786382,0.7014663958224087,0.6669256885713762,0.73336119462139,
wikitext,refit,2,0,1024,2048,,,0.005317576916786382,0.007633080746235163,0.5214964565132427,0.49552370371075966,0.5477903983951712,
wikitext,refit,2,0,2048,4096,,,0.007633080746235163,0.009450227871061924,0.3080836642090482,0.29033743539053536,0.3258886508295385,
wikitext,refit,2,3,512,1024,0.0016633417179471913,0.6021940265937616,0.009852904480882465,0.01278845912541066,0.3762214690109969,0.3625318055152418,0.38993607359123117,0.21662906187871317
wikitext,refit,2,3,1024,2048,0.0016633417179471913,1.2043880531875233,0.01278845912541066,0.013971792202771194,0.12767464620396332,0.11058172067212838,0.14345732908045844,-0.2362152734357635
wikitext,refit,2,3,2048,4096,0.0016633417179471913,2.4087761063750466,0.013971792202771194,0.012815970292055895,-0.12457438270541475,-0.13622019875613592,-0.11203446994381182,-0.7320547839782584
wikitext,refit,2,4,512,1024,0.007488274216380416,2.71104485262693,0.018030637152524336,0.01607535611028516,-0.16559968120251917,-0.17742385185037923,-0.1535252712832921,-0.36239927614435224
wikitext,refit,2,4,1024,2048,0.007488274216380416,5.42208970525386,0.01607535611028516,0.012025262297306742,-0.41878233461822334,-0.434002388857989,-0.4040412623166243,-0.6499663932107314
wikitext,refit,2,4,2048,4096,0.007488274216380416,10.84417941050772,0.012025262297306742,0.007829216806241848,-0.6191284624699843,-0.6327614274199534,-0.6052621910567172,-0.8226478110441664
wikitext,refit,2,5,512,1024,0.02828012778094537,10.238499904885014,0.00880565505603304,0.005301994802333119,-0.7318950747831852,-0.7491363096482362,-0.7142603886647841,-0.8060045894313932
wikitext,refit,2,5,1024,2048,0.02828012778094537,20.476999809770028,0.005301994802333119,0.00296050086674372,-0.8406939797614964,-0.859052300481978,-0.8231408614320884,-0.9055299079710132
wikitext,refit,2,5,2048,4096,0.02828012778094537,40.953999619540056,0.00296050086674372,0.0016081626842588688,-0.8804279169454275,-0.9029240731117268,-0.8580379687438137,-0.9535166549134378
wikitext,refit,2,6,512,1024,0.12109740628999992,43.841944151941846,0.0014096362234421746,0.0007317361410341964,-0.9459274812109362,-0.9698187190551861,-0.9189980646816703,-0.956637306814847
wikitext,refit,2,6,1024,2048,0.12109740628999992,87.68388830388369,0.0007317361410341964,0.00037214298486266213,-0.9754664760109555,-1.0025145411136263,-0.9483957811724488,-0.9785251894334797
wikitext,refit,2,6,2048,4096,0.12109740628999992,175.36777660776738,0.00037214298486266213,0.00018786494143094868,-0.986161178301805,-1.0156246626994512,-0.9605847329119714,-0.9893146162159545
wikitext,refit,2,7,512,1024,0.4917359332763391,178.02742424207108,0.000710409292172261,0.0003658297241656111,-0.9574781515055691,-0.9902549783383131,-0.9229448453705766,-0.9893962027146717
wikitext,refit,2,7,1024,2048,0.4917359332763391,356.05484848414216,0.0003658297241656111,0.00018459268836868104,-0.9868268911653445,-1.0267526073214204,-0.9483656872449666,-0.9947098733877724
wikitext,refit,2,7,2048,4096,0.4917359332763391,712.1096969682843,0.00018459268836868104,9.24363189616421e-05,-0.9978136951823197,-1.0366641529999858,-0.9498413560701021,-0.9973578856212802
wikitext,refit,2,8,512,1024,1.9448525672317911,704.1118406132047,0.00027740849923141265,0.0001381429265464872,-1.0058502971151355,-1.0381066986549599,-0.9719084410895045,-0.9972218219383494
wikitext,refit,2,8,1024,2048,1.9448525672317911,1408.2236812264093,0.0001381429265464872,6.837104105617306e-05,-1.0147043945656076,-1.0404888481810286,-0.9866100933266102,-0.9986118694167293
wikitext,refit,2,8,2048,4096,1.9448525672317911,2816.4473624528187,6.837104105617306e-05,3.436268897113424e-05,-0.9925424571933271,-1.0283169091167041,-0.9528451833139983,-0.999306174389234
wikitext,refit,5,0,512,1024,,,0.0015811967480839444,0.002745663170102034,0.7961377575453771,0.7555374813235152,0.8354195853701077,
wikitext,refit,5,0,1024,2048,,,0.002745663170102034,0.004351054609934545,0.6642104734596813,0.6392631438053902,0.6898765017556401,
wikitext,refit,5,0,2048,4096,,,0.004351054609934545,0.0060693303501423495,0.480172223604358,0.46449172978637165,0.4956545985612181,
wikitext,refit,5,3,512,1024,0.0016633417179471913,0.24087761063750465,0.005318837746595516,0.0078034872267800735,0.5530079528433288,0.5375690104020753,0.5674506853172133,0.4896761189889962
wikitext,refit,5,3,1024,2048,0.0016633417179471913,0.4817552212750093,0.0078034872267800735,0.009893332215722134,0.3423375427019135,0.3261133938931031,0.3570111815124375,0.15508368900984745
wikitext,refit,5,3,2048,4096,0.0016633417179471913,0.9635104425500186,0.009893332215722134,0.01049820125733416,0.08561373206512321,0.0712828209541817,0.10096349413032316,-0.265350977015166
wikitext,refit,5,4,512,1024,0.007488274216380416,1.0844179410507722,0.012596931366426447,0.013429687984204389,0.09235345301011554,0.08354698048926554,0.10162391712607476,-0.018856624434654662
wikitext,refit,5,4,1024,2048,0.007488274216380416,2.1688358821015443,0.013429687984204389,0.011960548259806376,-0.1671422638286864,-0.1803066636001685,-0.15495223140271727,-0.34069172516831253
wikitext,refit,5,4,2048,4096,0.007488274216380416,4.337671764203089,0.011960548259806376,0.00899886310928597,-0.4104688706896707,-0.42104644257305385,-0.40043934501766365,-0.5987285102388855
wikitext,refit,5,5,512,1024,0.02828012778094537,4.095399961954006,0.009043553072023838,0.006472257201192509,-0.48262075636501905,-0.49621329025400696,-0.4689072177567781,-0.5595676259850395
wikitext,refit,5,5,1024,2048,0.02828012778094537,8.190799923908012,0.006472257201192509,0.004024399452841642,-0.6854954292849103,-0.6992992629400916,-0.6732449082120888,-0.7544415370410193
wikitext,refit,5,5,2048,4096,0.02828012778094537,16.381599847816023,0.004024399452841642,0.0022967098893988793,-0.8092048777789841,-0.8244433080853387,-0.7945705231544342,-0.8702737011343666
wikitext,refit,5,6,512,1024,0.12109740628999992,17.53677766077674,0.0020285900287338923,0.0011145783778958643,-0.8639792592621423,-0.8865871927105586,-0.8381178438630045,-0.878088175265492
wikitext,refit,5,6,1024,2048,0.12109740628999992,35.07355532155348,0.0011145783778958643,0.0005833456929346481,-0.9340750827701011,-0.9600270098477202,-0.9078976086678512,-0.9376604431701544
wikitext,refit,5,6,2048,4096,0.12109740628999992,70.14711064310696,0.0005833456929346481,0.0002989025464753837,-0.9646758955721121,-0.992614111949035,-0.9404526725374264,-0.9684869490801544
wikitext,refit,5,7,512,1024,0.4917359332763391,71.21096969682843,0.0011177572906410766,0.000583414457645954,-0.9380139126320948,-0.9689872296631981,-0.905635297659197,-0.9686974509668381
wikitext,refit,5,7,1024,2048,0.4917359332763391,142.42193939365686,0.000583414457645954,0.00029670843319665527,-0.9754752058275458,-1.0133743146945229,-0.9387487429492756,-0.9842580484166954
wikitext,refit,5,7,2048,4096,0.4917359332763391,284.8438787873137,0.00029670843319665527,0.00014919245677843217,-0.9918713381235014,-1.0286203854183102,-0.9464362675149234,-0.9921064267556519
wikitext,refit,5,8,512,1024,1.9448525672317911,281.6447362452819,0.00044367062919732126,0.00022183580127766353,-0.9999968349105502,-1.0306937854071418,-0.9688989879196415,-0.9916958487105214
wikitext,refit,5,8,1024,2048,1.9448525672317911,563.2894724905638,0.00022183580127766353,0.00010997651402323357,-1.0122967529645057,-1.0368999593795112,-0.9855263409179491,-0.9958421452959346
wikitext,refit,5,8,2048,4096,1.9448525672317911,1126.5789449811275,0.00010997651402323357,5.533202305201258e-05,-0.9910088849187657,-1.0257960802414858,-0.9520612119215003,-0.9979196301315907
wikitext,refit,10,0,512,1024,,,0.0007297378856792916,0.0013289984786342937,0.8648891921225079,0.8177180356657857,0.912002048695156,
wikitext,refit,10,0,1024,2048,,,0.0013289984786342937,0.0022660113605522986,0.7698156409716046,0.7442532785530834,0.7974174348016293,
wikitext,refit,10,0,2048,4096,,,0.0022660113605522986,0.0034731908363176446,0.6161065884768844,0.5992467163662608,0.6326376071256896,
wikitext,refit,10,3,512,1024,0.0016633417179471913,0.12043880531875233,0.0026445397963541293,0.004257243666231711,0.6869029801756839,0.6684261556556033,0.703948973653291,0.6710172911676661
wikitext,refit,10,3,1024,2048,0.0016633417179471913,0.24087761063750465,0.004257243666231711,0.006087654106855843,0.5159667228696927,0.49894916404503575,0.5324341929101976,0.4275655067011629
wikitext,refit,10,3,2048,4096,0.0016633417179471913,0.4817552212750093,0.006087654106855843,0.007358691887323829,0.2735629404246208,0.25702532898765923,0.29173023143405213,0.08589350299801457
wikitext,refit,10,4,512,1024,0.007488274216380416,0.5422089705253861,0.007574044047270049,0.009352376767488093,0.30426923976915726,0.2952838096624888,0.31327029868878126,0.2528828089951023
wikitext,refit,10,4,1024,2048,0.007488274216380416,1.0844179410507722,0.009352376767488093,0.009706602568520881,0.0536333717207204,0.040376560652893356,0.06567339043884228,-0.062250594569921575
wikitext,refit,10,4,2048,4096,0.007488274216380416,2.1688358821015443,0.009706602568520881,0.00842094360975784,-0.20498451910848198,-0.21487034167360453,-0.19571258540334532,-0.3627608586132003
wikitext,refit,10,5,512,1024,0.02828012778094537,2.047699980977003,0.007381693610757389,0.006263715284820792,-0.23693322053695387,-0.249582168350096,-0.22452209001349693,-0.30603139067514334
wikitext,refit,10,5,1024,2048,0.02828012778094537,4.095399961954006,0.006263715284820792,0.004429844741114093,-0.49976250133563455,-0.5116529141633697,-0.48912581741389094,-0.5676803477856636
wikitext,refit,10,5,2048,4096,0.02828012778094537,8.190799923908012,0.004429844741114093,0.002734449826240868,-0.6960055448626654,-0.7085736665214735,-0.6838443171108296,-0.7528433719726483
wikitext,refit,10,6,512,1024,0.12109740628999992,8.76838883038837,0.00233838957108399,0.001392600133708117,-0.7477342330029789,-0.7700653025689526,-0.7223932163859601,-0.7655273058878984
wikitext,refit,10,6,1024,2048,0.12109740628999992,17.53677766077674,0.001392600133708117,0.0007618587326425012,-0.8701856505679896,-0.8953742962339186,-0.8446879595593125,-0.8747254204099422
wikitext,refit,10,6,2048,4096,0.12109740628999992,35.07355532155348,0.0007618587326425012,0.00039974023986685326,-0.9304607023322544,-0.9575542240999337,-0.9072345387347663,-0.9351620136653804
wikitext,refit,10,7,512,1024,0.4917359332763391,35.605484848414214,0.0014661610313023306,0.0007825861291711249,-0.9057221214121987,-0.9351904613844496,-0.8746543448434675,-0.9355649880266466
wikitext,refit,10,7,1024,2048,0.4917359332763391,71.21096969682843,0.0007825861291711249,0.0004029435499413341,-0.9576717999503433,-0.9944115843854283,-0.9226195213143565,-0.9671891453088386
wikitext,refit,10,7,2048,4096,0.4917359332763391,142.42193939365686,0.0004029435499413341,0.00020389017313169854,-0.9827854960422189,-1.0177443863562523,-0.9397957894232438,-0.9834429317697855
wikitext,refit,10,8,512,1024,1.9448525672317911,140.82236812264094,0.000599622516149101,0.00030175202788576376,-0.9906910918206638,-1.0198711205134348,-0.9613491294707454,-0.982577517372412
wikitext,refit,10,8,1024,2048,1.9448525672317911,281.6447362452819,0.00030175202788576376,0.0001500522315670219,-1.0078986916971826,-1.031467761974474,-0.9821001057799462,-0.9912473399145952
wikitext,refit,10,8,2048,4096,1.9448525672317911,563.2894724905638,0.0001500522315670219,7.562098680014149e-05,-0.9886061940567735,-1.0230655553041974,-0.9501382213678533,-0.9956132584703434
wikitext,refit,20,0,512,1024,,,0.0002819788207699075,0.0005335635647244519,0.9200733461677881,0.8655272013818933,0.9747171529145228,
wikitext,refit,20,0,1024,2048,,,0.0005335635647244519,0.0009671347542174694,0.8580567663228381,0.8303093571069113,0.8878722035209127,
wikitext,refit,20,0,2048,4096,,,0.0009671347542174694,0.0016136010440373134,0.7384950980301143,0.7194426564356664,0.7563696149384068,
wikitext,refit,20,3,512,1024,0.0016633417179471913,0.06021940265937616,0.001081070581328183,0.0018824286020391,0.8001344291263558,0.7788571804874721,0.8200647916892723,0.8056091374393143
wikitext,refit,20,3,1024,2048,0.0016633417179471913,0.12043880531875233,0.0018824286020391,0.0030035862477965445,0.6740909448886946,0.6554733602586813,0.692743692950945,0.6451774519586634
wikitext,refit,20,3,2048,4096,0.0016633417179471913,0.24087761063750465,0.0030035862477965445,0.004152154901763719,0.4671741750331574,0.4488029520183118,0.48747654617805786,0.3938033244071557
wikitext,refit,20,4,512,1024,0.007488274216380416,0.27110448526269304,0.0036337294413800645,0.005160716624461108,0.5061204102259446,0.4949447993473302,0.5170086960753213,0.4994670375217091
wikitext,refit,20,4,1024,2048,0.007488274216380416,0.5422089705253861,0.005160716624461108,0.006278963116591494,0.28295492352250456,0.2693091143536457,0.2963897268132212,0.225480492040256
wikitext,refit,20,4,2048,4096,0.007488274216380416,1.0844179410507722,0.006278963116591494,0.006418047190672596,0.03160805974925349,0.021162509280220523,0.04149642260422169,-0.08207565381725622
wikitext,refit,20,5,512,1024,0.02828012778094537,1.0238499904885014,0.00471731525507748,0.00483753542394113,0.03630620730412834,0.023201852033563296,0.0493933677587859,-0.01712102437701357
wikitext,refit,20,5,1024,2048,0.02828012778094537,2.047699980977003,0.00483753542394113,0.004046104760411273,-0.2577385515902217,-0.2689422746336022,-0.24747921100955572,-0.31787774160963855
wikitext,refit,20,5,2048,4096,0.02828012778094537,4.095399961954006,0.004046104760411273,0.0028258567178451486,-0.5178453570044985,-0.5290630602249057,-0.5070497129831076,-0.5708632428114732
wikitext,refit,20,6,512,1024,0.12109740628999992,4.384194415194185,0.002233958991856465,0.001508411719635402,-0.5665724382417333,-0.5892177680835636,-0.5411652686593017,-0.5878836653998665
wikitext,refit,20,6,1024,2048,0.12109740628999992,8.76838883038837,0.001508411719635402,0.0008915931752315805,-0.7585727861514922,-0.7835300250217961,-0.7340256532701867,-0.7645514915851114
wikitext,refit,20,6,2048,4096,0.12109740628999992,17.53677766077674,0.0008915931752315805,0.0004888195073622587,-0.8670837133590101,-0.8934462494688047,-0.8444409281797671,-0.8730826043717005
wikitext,refit,20,7,512,1024,0.4917359332763391,17.802742424207107,0.0017258759781498708,0.0009610343622468966,-0.8446688745491437,-0.8729776951028598,-0.8146550596087465,-0.8739008709146736
wikitext,refit,20,7,1024,2048,0.4917359332763391,35.605484848414214,0.0009610343622468966,0.0005064317730874304,-0.9242200951444849,-0.9599953041866487,-0.8907200091896866,-0.9342901686717209
wikitext,refit,20,7,2048,4096,0.4917359332763391,71.21096969682843,0.0005064317730874304,0.00025931287678409686,-0.9656740726852436,-0.9990060736939169,-0.9246789223424919,-0.9664364790211356
wikitext,refit,20,8,512,1024,1.9448525672317911,70.41118406132047,0.0007495895380603844,0.0003819440863283356,-0.9727393633205879,-1.000313543494027,-0.9447523199865068,-0.9646889396887798
wikitext,refit,20,8,1024,2048,1.9448525672317911,140.82236812264094,0.0003819440863283356,0.00019112242828265416,-0.9988643652704785,-1.021380714677051,-0.9742020861852273,-0.9821438649957759
wikitext,refit,20,8,2048,4096,1.9448525672317911,281.6447362452819,0.00019112242828265416,9.66283798647367e-05,-0.9839782114298494,-1.0179412007673216,-0.9457848494772801,-0.9910209153848203
wikitext,refit,50,0,512,1024,,,6.57229094107922e-05,0.00012854394641596123,0.9677934184181012,0.9061514881769267,1.032001922344999,
wikitext,refit,50,0,1024,2048,,,0.00012854394641596123,0.00024635703459790077,0.9384889974343297,0.9081363775504384,0.9705139408435602,
wikitext,refit,50,0,2048,4096,,,0.00024635703459790077,0.00044738615929170654,0.8607699570301245,0.8393094608939379,0.8806045622756576,
wikitext,refit,50,3,512,1024,0.0016633417179471913,0.024087761063750466,0.00026384751357697863,0.0004933643130295621,0.9029489755847268,0.8791834867206143,0.9254987799421949,0.912123395547927
wikitext,refit,50,3,1024,2048,0.0016633417179471913,0.04817552212750093,0.0004933643130295621,0.0008775267824982193,0.830789794130854,0.8101846971884776,0.8521337774690667,0.8320191324801514
wikitext,refit,50,3,2048,4096,0.0016633417179471913,0.09635104425500186,0.0008775267824982193,0.0014172503043033417,0.6915795160435406,0.670953081542264,0.7146659456093338,0.6909969878808195
wikitext,refit,50,4,512,1024,0.007488274216380416,0.1084417941050772,0.0010270509535823973,0.0016943148084155118,0.7221941985787097,0.7074334744530986,0.7361373798924705,0.7426547643833522
wikitext,refit,50,4,1024,2048,0.007488274216380416,0.2168835882101544,0.0016943148084155118,0.0024967491391442256,0.5593489174344682,0.5439609518080452,0.5752531913279761,0.5576743776833997
wikitext,refit,50,4,2048,4096,0.007488274216380416,0.4337671764203088,0.0024967491391442256,0.003196234945531523,0.3563225865265115,0.34484781195554487,0.36755221142752487,0.30271977803809613
wikitext,refit,50,5,512,1024,0.02828012778094537,0.40953999619540055,0.001813262732795775,0.002370527959618775,0.38662042969188853,0.3699469361366887,0.4035226159973735,0.35857984731116577
wikitext,refit,50,5,1024,2048,0.02828012778094537,0.8190799923908011,0.002370527959618775,0.0025567853347445244,0.10912262907496133,0.09641640353525421,0.12140910417444763,0.06861153703310284
wikitext,refit,50,5,2048,4096,0.02828012778094537,1.6381599847816022,0.0025567853347445244,0.0022380350012524805,-0.19209843916585262,-0.20292141675247652,-0.18186804457941785,-0.23264357945913489
wikitext,refit,50,6,512,1024,0.12109740628999992,1.753677766077674,0.0014854217096018454,0.0012670555378562786,-0.22939280633371373,-0.2549614735609595,-0.20056144167882936,-0.2512910305889772
wikitext,refit,50,6,1024,2048,0.12109740628999992,3.507355532155348,0.0012670555378562786,0.0008895671661434351,-0.5103043179978368,-0.5352141171251444,-0.48566644063457803,-0.5174744370952543
wikitext,refit,50,6,2048,4096,0.12109740628999992,7.014711064310696,0.0008895671661434351,0.0005446096849788576,-0.7078809007343214,-0.7352226737498189,-0.684547005846057,-0.7156799856695308
wikitext,refit,50,7,512,1024,0.4917359332763391,7.121096969682843,0.0017414645170751634,0.0010789566992818137,-0.6906641101147996,-0.7193735711395564,-0.6596997841285104,-0.7182096752621384
wikitext,refit,50,7,1024,2048,0.4917359332763391,14.242193939365686,0.0010789566992818137,0.0006050236367629514,-0.8345735566187575,-0.8692113146895016,-0.802579124546291,-0.8443723213750455
wikitext,refit,50,7,2048,4096,0.4917359332763391,28.484387878731372,0.0006050236367629514,0.0003202394427661931,-0.9178404955080424,-0.9501165432096282,-0.8789753539153066,-0.917828800262025
wikitext,refit,50,8,512,1024,1.9448525672317911,28.164473624528185,0.000888508596709712,0.00046897995974827923,-0.9218594595993977,-0.948054621147824,-0.8950477621538219,-0.9136854499919194
wikitext,refit,50,8,1024,2048,1.9448525672317911,56.32894724905637,0.00046897995974827923,0.00023904328833213132,-0.9722543760212231,-0.9941416775506702,-0.9485582223509657,-0.9555292722210602
wikitext,refit,50,8,2048,4096,1.9448525672317911,112.65789449811274,0.00023904328833213132,0.00012199096883047355,-0.9704975524858279,-1.0041574041387686,-0.9327117745943725,-0.9774194855048265
cnn_dailymail,fixed,0.5,0,512,1024,,,0.012042411619248192,0.018538647837981044,0.6224116854325007,0.5822337268656532,0.6647860987162745,
cnn_dailymail,fixed,0.5,0,1024,2048,,,0.018538647837981044,0.02398244896522856,0.37144296564683155,0.3264556031468033,0.41771098415626046,
cnn_dailymail,fixed,0.5,0,2048,4096,,,0.02398244896522856,0.02690929965963988,0.16612585701799448,0.13530220669059015,0.19639901603753482,
cnn_dailymail,fixed,0.5,3,512,1024,0.0016213001650039994,2.347893434395026,0.038005245822074096,0.042543587163584654,0.1627431167832511,0.13842253277501554,0.18812704479444428,-0.08998224969712779
cnn_dailymail,fixed,0.5,3,1024,2048,0.0016213001650039994,4.695786868790052,0.042543587163584654,0.03928808154434694,-0.11484996065220351,-0.1316490337439928,-0.09737782526604909,-0.7033197458986954
cnn_dailymail,fixed,0.5,3,2048,4096,0.0016213001650039994,9.391573737580105,0.03928808154434694,0.02969964044924513,-0.40364625650347985,-0.4231148202741201,-0.3836242292530609,-1.2895220572940431
cnn_dailymail,fixed,0.5,4,512,1024,0.007467429090763313,10.813992444126072,0.05615902098028906,0.041429667524466626,-0.43885354272143373,-0.4566776926604688,-0.4204980410253294,-0.7336015197067044
cnn_dailymail,fixed,0.5,4,1024,2048,0.007467429090763313,21.627984888252143,0.041429667524466626,0.025994501774206404,-0.6724577387015095,-0.6890868082128333,-0.6544293706431946,-0.9504260660522129
cnn_dailymail,fixed,0.5,4,2048,4096,0.007467429090763313,43.25596977650429,0.025994501774206404,0.01498856156191318,-0.7943445680995208,-0.8104803131220013,-0.7782182320349683,-0.996552820988928
cnn_dailymail,fixed,0.5,5,512,1024,0.030125715655775046,43.62669635235078,0.020799630409024945,0.01174901338908312,-0.8240182800901158,-0.8397538690700826,-0.8081611821651281,-0.9961077400955084
cnn_dailymail,fixed,0.5,5,1024,2048,0.030125715655775046,87.25339270470155,0.01174901338908312,0.006485969932401728,-0.8571453722035716,-0.8798931846929278,-0.8320887878088739,-0.9994684897704447
cnn_dailymail,fixed,0.5,5,2048,4096,0.030125715655775046,174.5067854094031,0.006485969932401728,0.0033487499849162807,-0.9536996662078038,-0.9863364839748854,-0.9197609135555465,-0.9998855471457181
cnn_dailymail,fixed,0.5,6,512,1024,0.12772518282440057,184.96582226621481,0.004019366269212551,0.002007182530976376,-1.0017962308040447,-1.0325369370534794,-0.9710355604517643,-0.9998849888802275
cnn_dailymail,fixed,0.5,6,1024,2048,0.12772518282440057,369.93164453242963,0.002007182530976376,0.0009906456033022865,-1.0187308792455299,-1.0348585922086684,-1.0014246794461847,-0.9999729810849141
cnn_dailymail,fixed,0.5,6,2048,4096,0.12772518282440057,739.8632890648593,0.0009906456033022865,0.0004981085869394438,-0.9919087534352572,-1.0134132343868967,-0.9692463556667917,-0.9999934406653638
cnn_dailymail,fixed,0.5,7,512,1024,0.43687380609267934,632.6608503007445,0.0012710400363726928,0.0006660676142807336,-0.9322689327536927,-0.9983036059157376,-0.8649746487350088,-0.9999918909836627
cnn_dailymail,fixed,0.5,7,1024,2048,0.43687380609267934,1265.321700601489,0.0006660676142807336,0.00031562456172911036,-1.0774591570586587,-1.155951597392169,-1.0057490554022201,-0.9999980031300463
cnn_dailymail,fixed,0.5,7,2048,4096,0.43687380609267934,2530.643401202978,0.00031562456172911036,0.00015576960419933747,-1.0187957360972666,-1.0583178667966038,-0.9749801502378981,-0.9999995044877739
cnn_dailymail,fixed,0.5,8,512,1024,1.868446203498225,2705.7991286289507,0.00042263469685176495,0.00021349575629230766,-0.9852038190983187,-1.011512156257349,-0.9621825252983291,-0.999999488989444
cnn_dailymail,fixed,0.5,8,1024,2048,1.868446203498225,5411.598257257901,0.00021349575629230766,0.00010731138765082826,-0.992404213451449,-1.0159388994935679,-0.9689347083592029,-0.9999998727188805
cnn_dailymail,fixed,0.5,8,2048,4096,1.868446203498225,10823.196514515803,0.00010731138765082826,5.374813596384336e-05,-0.9975165532202128,-1.0208132828278627,-0.9761098935076367,-0.9999999682343692
cnn_dailymail,fixed,1,0,512,1024,,,0.007257937457043435,0.011511935777428591,0.6654989187132763,0.6267712453064026,0.7061238021827803,
cnn_dailymail,fixed,1,0,1024,2048,,,0.011511935777428591,0.01543091771826564,0.4226934166892828,0.38052185676905315,0.46650658475668505,
cnn_dailymail,fixed,1,0,2048,4096,,,0.01543091771826564,0.0180749377163952,0.22816681044526743,0.20177017508281123,0.25323016136112464,
cnn_dailymail,fixed,1,3,512,1024,0.0016213001650039994,1.173946717197513,0.024160003160870337,0.02855090962507185,0.240916066823411,0.21862241049632208,0.2643966617201727,0.04295428198472064
cnn_dailymail,fixed,1,3,1024,2048,0.0016213001650039994,2.347893434395026,0.02855090962507185,0.028068543572721934,-0.02458250334680944,-0.04003868154731836,-0.008543386776727651,-0.4979506625871952
cnn_dailymail,fixed,1,3,2048,4096,0.0016213001650039994,4.695786868790052,0.028068543572721934,0.022835010821976025,-0.2977067334494713,-0.3129635005157556,-0.2826992137010536,-1.0530879043545105
cnn_dailymail,fixed,1,4,512,1024,0.007467429090763313,5.406996222063036,0.040187260553473714,0.03223994078244767,-0.3178891425398657,-0.33242623895120765,-0.30285256241971586,-0.5699373745246188
cnn_dailymail,fixed,1,4,1024,2048,0.007467429090763313,10.813992444126072,0.03223994078244767,0.021699123956901326,-0.5712122950026131,-0.5853721022597598,-0.5559553188615379,-0.8206662701453031
cnn_dailymail,fixed,1,4,2048,4096,0.007467429090763313,21.627984888252143,0.021699123956901326,0.013222779872895168,-0.7146112872228778,-0.7292763128892255,-0.6998022015907146,-0.9283115002787787
cnn_dailymail,fixed,1,5,512,1024,0.030125715655775046,21.81334817617539,0.017367166043322384,0.010432518644859634,-0.7352748567597394,-0.7467371845840626,-0.7238179569325986,-0.9281727122796944
cnn_dailymail,fixed,1,5,1024,2048,0.030125715655775046,43.62669635235078,0.010432518644859634,0.005965132295981359,-0.8064614591816537,-0.8240977743707562,-0.7876582590874953,-0.9680147392773142
cnn_dailymail,fixed,1,5,2048,4096,0.030125715655775046,87.25339270470155,0.005965132295981359,0.0031633053546674403,-0.915121308379674,-0.9381980009911444,-0.8908027039285488,-0.984766784523728
cnn_dailymail,fixed,1,6,512,1024,0.12772518282440057,92.48291113310741,0.0038527039489260734,0.0019681154081529996,-0.9690565088561146,-0.9973984164938563,-0.9405209384358959,-0.9851773256671297
cnn_dailymail,fixed,1,6,1024,2048,0.12772518282440057,184.96582226621481,0.0019681154081529996,0.0009813677064734354,-1.0039491181953302,-1.0200443484481039,-0.9869929886488941,-0.9927574015155111
cnn_dailymail,fixed,1,6,2048,4096,0.12772518282440057,369.93164453242963,0.0009813677064734354,0.000495786414382128,-0.9850750589139636,-1.006458793466394,-0.9626688426441729,-0.9964189797119211
cnn_dailymail,fixed,1,7,512,1024,0.43687380609267934,316.33042515037226,0.001254270471601393,0.0006616241597146178,-0.92276466356951,-0.9883285920150353,-0.8558351826141177,-0.9961285553894229
cnn_dailymail,fixed,1,7,1024,2048,0.43687380609267934,632.6608503007445,0.0006616241597146178,0.000314571288071374,-1.072624919221944,-1.1512233648808143,-1.0007180698317126,-0.9980762252171714
cnn_dailymail,fixed,1,7,2048,4096,0.43687380609267934,1265.321700601489,0.000314571288071374,0.0001555082203763569,-1.0163961521704947,-1.0559085060158504,-0.9726798635292712,-0.9990410644921357
cnn_dailymail,fixed,1,8,512,1024,1.868446203498225,1352.8995643144754,0.0004220635353426257,0.00021335094875520074,-0.9842316653000956,-1.010540928945599,-0.9612094950037496,-0.9990551143463956
cnn_dailymail,fixed,1,8,1024,2048,1.868446203498225,2705.7991286289507,0.00021335094875520074,0.0001072750601097526,-0.9919138166306595,-1.0154426053824406,-0.9684458460500721,-0.9995282993778304
cnn_dailymail,fixed,1,8,2048,4096,1.868446203498225,5411.598257257901,0.0001072750601097526,5.3739064314982656e-05,-0.9972716024743709,-1.0205696294949738,-0.9758649906369882,-0.9997643346937864
cnn_dailymail,fixed,2,0,512,1024,,,0.0035649536688854124,0.005899771584695597,0.7267757731051958,0.6880993530919526,0.7657028476755436,
cnn_dailymail,fixed,2,0,1024,2048,,,0.005899771584695597,0.008334303790253848,0.4984025878418214,0.4591064889444051,0.5390522929383609,
cnn_dailymail,fixed,2,0,2048,4096,,,0.008334303790253848,0.01039099740436429,0.3182005481802022,0.296603534158742,0.33881192411617483,
cnn_dailymail,fixed,2,3,512,1024,0.0016213001650039994,0.5869733585987565,0.012779569623872214,0.016299893250028206,0.35102326447853904,0.329881967632408,0.3727042937899441,0.22546599705487488
cnn_dailymail,fixed,2,3,1024,2048,0.0016213001650039994,1.173946717197513,0.016299893250028206,0.017501973018319905,0.10265505185726677,0.0873324490265693,0.11800528938269109,-0.2287931257241083
cnn_dailymail,fixed,2,3,2048,4096,0.0016213001650039994,2.347893434395026,0.017501973018319905,0.015737391171158,-0.15332116665609827,-0.16498793687242982,-0.14192914615050323,-0.739223797122661
cnn_dailymail,fixed,2,4,512,1024,0.007467429090763313,2.703498111031518,0.02494224909039543,0.02243471670157492,-0.15285859537169857,-0.1649141509571348,-0.14049626589296066,-0.3569021579461745
cnn_dailymail,fixed,2,4,1024,2048,0.007467429090763313,5.406996222063036,0.02243471670157492,0.016686431487473986,-0.4270575091876244,-0.4387576900552478,-0.41462641806647016,-0.6431353883457204
cnn_dailymail,fixed,2,4,2048,4096,0.007467429090763313,10.813992444126072,0.016686431487473986,0.011000012443772073,-0.6011703012495637,-0.614832347953912,-0.5873371403905288,-0.8187331914074633
cnn_dailymail,fixed,2,5,512,1024,0.030125715655775046,10.906674088087694,0.01337008830460267,0.008738554050989184,-0.6135425088801415,-0.6238337814116052,-0.6032449876908625,-0.8163487325121372
cnn_dailymail,fixed,2,5,1024,2048,0.030125715655775046,21.81334817617539,0.008738554050989184,0.005279498966446481,-0.7269935581159565,-0.7408460244434882,-0.7128838673462269,-0.9101315102374085
cnn_dailymail,fixed,2,5,2048,4096,0.030125715655775046,43.62669635235078,0.005279498966446481,0.002914765572191854,-0.8570211663447871,-0.8735831557503868,-0.8394058001327092,-0.9556629809190752
cnn_dailymail,fixed,2,6,512,1024,0.12772518282440057,46.241455566553704,0.0035782611012661197,0.0018958912571046989,-0.9163824451436479,-0.9422522157484724,-0.8903106619642579,-0.9568260044008243
cnn_dailymail,fixed,2,6,1024,2048,0.12772518282440057,92.48291113310741,0.0018958912571046989,0.0009634986421501686,-0.9765216792934052,-0.9927073836609678,-0.959983963833088,-0.9785794012663052
cnn_dailymail,fixed,2,6,2048,4096,0.12772518282440057,184.96582226621481,0.0009634986421501686,0.0004912261947701975,-0.9718951384813862,-0.9930387420708505,-0.9497581629354906,-0.9893318414498875
cnn_dailymail,fixed,2,7,512,1024,0.43687380609267934,158.16521257518613,0.0012225197947705584,0.0006529690583053124,-0.9047712904366513,-0.9688896563155733,-0.8381613559997847,-0.9884659875812847
cnn_dailymail,fixed,2,7,1024,2048,0.43687380609267934,316.33042515037226,0.0006529690583053124,0.0003124923709599946,-1.0631936606822479,-1.1415748144067233,-0.9912791922815382,-0.9942484661408688
cnn_dailymail,fixed,2,7,2048,4096,0.43687380609267934,632.6608503007445,0.0003124923709599946,0.00015498894979355126,-1.0116556092179425,-1.0510809949778273,-0.9681329472815383,-0.9971281055410752
cnn_dailymail,fixed,2,8,512,1024,1.868446203498225,676.4497821572377,0.0004209250114062863,0.00021306181803861383,-0.9822911606687019,-1.0086022743551104,-0.9592553840679906,-0.9971702074861343
cnn_dailymail,fixed,2,8,1024,2048,1.868446203498225,1352.8995643144754,0.00021306181803861383,0.00010720246555218054,-0.9909339898844175,-1.0144617612458657,-0.9674690780575514,-0.998586109746403
cnn_dailymail,fixed,2,8,2048,4096,1.868446203498225,2705.7991286289507,0.00010720246555218054,5.3720928545212597e-05,-0.99678194024418,-1.0200826052877279,-0.9753754249562646,-0.9992933064327109
cnn_dailymail,fixed,5,0,512,1024,,,0.0010432573163341005,0.0018466281890154707,0.8237983766357287,0.7820672096590434,0.86693342474929,
cnn_dailymail,fixed,5,0,1024,2048,,,0.0018466281890154707,0.0028519695038653615,0.6270651402615977,0.5910367680619484,0.6659345034817729,
cnn_dailymail,fixed,5,0,2048,4096,,,0.0028519695038653615,0.003953396347077201,0.4711340444401214,0.4532499407104431,0.4883507387764512,
cnn_dailymail,fixed,5,3,512,1024,0.0016213001650039994,0.2347893434395026,0.004187629299602813,0.006036614585250806,0.5276059569205783,0.5049828245005752,0.5491419117416086,0.49531341624190434
cnn_dailymail,fixed,5,3,1024,2048,0.0016213001650039994,0.4695786868790052,0.006036614585250806,0.007496786518648749,0.3125326264652589,0.29600207170712756,0.3277919798031653,0.16227844357391452
cnn_dailymail,fixed,5,3,2048,4096,0.0016213001650039994,0.9391573737580104,0.007496786518648749,0.007936070070746254,0.08215244391762887,0.07319289692255918,0.09135570939223267,-0.26213851432593405
cnn_dailymail,fixed,5,4,512,1024,0.007467429090763313,1.0813992444126073,0.010419308429060309,0.011283563382055153,0.11496322358629066,0.10263777650135866,0.1273624580095399,-0.02171358509778588
cnn_dailymail,fixed,5,4,1024,2048,0.007467429090763313,2.1627984888252145,0.011283563382055153,0.010014137012007754,-0.17218464755372195,-0.18153340148465263,-0.1626571129241219,-0.33716857444326725
cnn_dailymail,fixed,5,4,2048,4096,0.007467429090763313,4.325596977650429,0.010014137012007754,0.007634613753416243,-0.3914110235483935,-0.4037304214273733,-0.37941072969634004,-0.5934083364000569
cnn_dailymail,fixed,5,5,512,1024,0.030125715655775046,4.362669635235077,0.008041430350323914,0.006103684755743818,-0.3977716886708889,-0.4088179182108175,-0.3858829712772687,-0.581189456263286
cnn_dailymail,fixed,5,5,1024,2048,0.030125715655775046,8.725339270470155,0.006103684755743818,0.004119757317978435,-0.5671210962544925,-0.5787956842759197,-0.5549780782192496,-0.7661908978268445
cnn_dailymail,fixed,5,5,2048,4096,0.030125715655775046,17.45067854094031,0.004119757317978435,0.002473285352475278,-0.7361306566331561,-0.7492347398804615,-0.7226575680356014,-0.876224225129429
cnn_dailymail,fixed,5,6,512,1024,0.12772518282440057,18.49658222662148,0.00299019021146536,0.00171479032790262,-0.802205074892781,-0.8246529256916821,-0.7792071524421363,-0.8791882113369464
cnn_dailymail,fixed,5,6,1024,2048,0.12772518282440057,36.99316445324296,0.00171479032790262,0.0009146307345417392,-0.9067708806412592,-0.9230070075191713,-0.8904379198959971,-0.9379398652153528
cnn_dailymail,fixed,5,6,2048,4096,0.12772518282440057,73.98632890648592,0.0009146307345417392,0.0004781716177109108,-0.9356608989830415,-0.9561520517242574,-0.9141485147151766,-0.96854871152254
cnn_dailymail,fixed,5,7,512,1024,0.43687380609267934,63.26608503007445,0.0011390745349947888,0.0006286933537785111,-0.8574337355621067,-0.9194574013947516,-0.7936477535245344,-0.9659756624309261
cnn_dailymail,fixed,5,7,1024,2048,0.43687380609267934,126.5321700601489,0.0006286933537785111,0.00030646671946917453,-1.0366260977681008,-1.1146295024768378,-0.9646369116131598,-0.9828896666976267
cnn_dailymail,fixed,5,7,2048,4096,0.43687380609267934,253.0643401202978,0.00030646671946917453,0.00015345846381439285,-0.9978821959178508,-1.0367046206411044,-0.9550069968833111,-0.9914203621323372
cnn_dailymail,fixed,5,8,512,1024,1.868446203498225,270.57991286289507,0.0004175395444626963,0.00021219828222664313,-0.9764998617684413,-1.0028449113073457,-0.9534696421846488,-0.9915460135349595
cnn_dailymail,fixed,5,8,1024,2048,1.868446203498225,541.1598257257901,0.00021219828222664313,0.00010698516492509949,-0.9880022179940613,-1.011529745669296,-0.9645466524690999,-0.9957671708020526
cnn_dailymail,fixed,5,8,2048,4096,1.868446203498225,1082.3196514515803,0.00010698516492509949,5.366658138826281e-05,-0.9953148643785477,-1.018627294159254,-0.9739092318768506,-0.9978821289120794
cnn_dailymail,fixed,10,0,512,1024,,,0.00034572765238775633,0.00064234892887014,0.8937211937856951,0.8467279268026411,0.9414658328141459,
cnn_dailymail,fixed,10,0,1024,2048,,,0.00064234892887014,0.001064539050115006,0.7287997742284031,0.6947441917440103,0.7670906197128571,
cnn_dailymail,fixed,10,0,2048,4096,,,0.001064539050115006,0.0016096784723345012,0.5965436711695774,0.5792866598221355,0.6134736454206688,
cnn_dailymail,fixed,10,3,512,1024,0.0016213001650039994,0.1173946717197513,0.0015019529118815188,0.0023740254378859316,0.6604958104118772,0.6357032647140113,0.6841782052315776,0.6743984520575509
cnn_dailymail,fixed,10,3,1024,2048,0.0016213001650039994,0.2347893434395026,0.0023740254378859316,0.003312253677096299,0.4804777757538948,0.4631151628952261,0.4964921970605797,0.43281038118293386
cnn_dailymail,fixed,10,3,2048,4096,0.0016213001650039994,0.4695786868790052,0.003312253677096299,0.004013258041142747,0.2769607508939526,0.26757652590374864,0.28613985311990536,0.09146662824240225
cnn_dailymail,fixed,10,4,512,1024,0.007467429090763313,0.5406996222063036,0.004446439609191803,0.005589549621379946,0.3300814510927264,0.3153933324124812,0.34597005781222284,0.24456433462001545
cnn_dailymail,fixed,10,4,1024,2048,0.007467429090763313,1.0813992444126073,0.005589549621379946,0.005808896730862598,0.05553213978049474,0.04712561851719431,0.06375202309240634,-0.0646796995818087
cnn_dailymail,fixed,10,4,2048,4096,0.007467429090763313,2.1627984888252145,0.005808896730862598,0.00510680082501922,-0.1858443899219005,-0.1975786129016572,-0.17419699127930682,-0.35974674544376056
cnn_dailymail,fixed,10,5,512,1024,0.030125715655775046,2.1813348176175387,0.004676554690603179,0.004089650028474217,-0.19346866953247435,-0.20552386041832962,-0.180041960174791,-0.33694535624483585
cnn_dailymail,fixed,10,5,1024,2048,0.030125715655775046,4.362669635235077,0.004089650028474217,0.003100112017561869,-0.3996570440118597,-0.411938200746003,-0.3866771239426333,-0.5878820373004497
cnn_dailymail,fixed,10,5,2048,4096,0.030125715655775046,8.725339270470155,0.003100112017561869,0.002043832270384852,-0.6010435413201787,-0.6138337117743,-0.5876164075393384,-0.764214017601839
cnn_dailymail,fixed,10,6,512,1024,0.12772518282440057,9.24829111331074,0.0023707361795404364,0.0014884583058776529,-0.6715163157207784,-0.6917320457984458,-0.65066723663088,-0.7691162700411273
cnn_dailymail,fixed,10,6,1024,2048,0.12772518282440057,18.49658222662148,0.0014884583058776529,0.000845401852500589,-0.8161096311087678,-0.8328368732056532,-0.7992183032162837,-0.8757723115277689
cnn_dailymail,fixed,10,6,2048,4096,0.12772518282440057,36.99316445324296,0.000845401852500589,0.00045823793628586086,-0.8835403732735251,-0.9035168858314565,-0.8629835394587666,-0.9354056133189821
cnn_dailymail,fixed,10,7,512,1024,0.43687380609267934,31.633042515037225,0.0010281467210134358,0.0005929662364734872,-0.7940242929902837,-0.8528350882979546,-0.7325065169672611,-0.9300537053264266
cnn_dailymail,fixed,10,7,1024,2048,0.43687380609267934,63.26608503007445,0.0005929662364734872,0.00029706760511363133,-0.9971586704955866,-1.0750329061232053,-0.9251503975351537,-0.9643610521066442
cnn_dailymail,fixed,10,7,2048,4096,0.43687380609267934,126.5321700601489,0.00029706760511363133,0.00015099461797812638,-0.976294162153971,-1.014131485598694,-0.9348639338437599,-0.9820096957293843
cnn_dailymail,fixed,10,8,512,1024,1.868446203498225,135.28995643144754,0.0004119955680349847,0.00021077178807089644,-0.9669470436618278,-0.9932728100189091,-0.9437905610443843,-0.9822727152597532
cnn_dailymail,fixed,10,8,1024,2048,1.868446203498225,270.57991286289507,0.00021077178807089644,0.00010662459972995045,-0.9831414486500195,-1.0066270357574207,-0.9597005214255985,-0.991094197356102
cnn_dailymail,fixed,10,8,2048,4096,1.868446203498225,541.1598257257901,0.00010662459972995045,5.35762028273739e-05,-0.9928760856564578,-1.016196290999856,-0.9714719417494362,-0.9955365020153235
cnn_dailymail,fixed,20,0,512,1024,,,0.00010276095040563895,0.00019846692666131315,0.9496064723353125,0.8974604065450059,1.0025002703195434,
cnn_dailymail,fixed,20,0,1024,2048,,,0.00019846692666131315,0.00034986140611109866,0.8178849160644057,0.7857587596647272,0.8551930998544623,
cnn_dailymail,fixed,20,0,2048,4096,,,0.00034986140611109866,0.0005739379215552325,0.7141111732553146,0.6965729440991766,0.73148743460502,
cnn_dailymail,fixed,20,3,512,1024,0.0016213001650039994,0.05869733585987565,0.0004756024210532595,0.0008131598182536002,0.7737828679985058,0.7466564021286206,0.8000172986136634,0.8074208034695916
cnn_dailymail,fixed,20,3,1024,2048,0.0016213001650039994,0.1173946717197513,0.0008131598182536002,0.0012624544606151494,0.6346205155118656,0.6167871408745649,0.6514319341966209,0.6483376830152775
cnn_dailymail,fixed,20,3,2048,4096,0.0016213001650039994,0.2347893434395026,0.0012624544606151494,0.0017456040048884638,0.467494968949446,0.4573214775773301,0.4774382057203099,0.3984507489669922
cnn_dailymail,fixed,20,4,512,1024,0.007467429090763313,0.2703498111031518,0.001624449434181606,0.002345405776543025,0.5298867075117091,0.5121735575667471,0.5496908272073716,0.48904129820558434
cnn_dailymail,fixed,20,4,1024,2048,0.007467429090763313,0.5406996222063036,0.002345405776543025,0.0028660369933123857,0.2892196875706987,0.2800757419685674,0.29839110796632407,0.21718418312728296
cnn_dailymail,fixed,20,4,2048,4096,0.007467429090763313,1.0813992444126073,0.0028660369933123857,0.0029656834900696942,0.049307404388016826,0.037182885226419334,0.061599905014880045,-0.08462443515714065
cnn_dailymail,fixed,20,5,512,1024,0.030125715655775046,1.0906674088087693,0.002317557141235542,0.0023777534909135835,0.0369942440662008,0.022680899652459865,0.05219961520816884,-0.054360154065140685
cnn_dailymail,fixed,20,5,1024,2048,0.030125715655775046,2.1813348176175387,0.0023777534909135835,0.00207818029011312,-0.19427833516108206,-0.207399492429077,-0.18048022940444586,-0.34776977600288
cnn_dailymail,fixed,20,5,2048,4096,0.030125715655775046,4.362669635235077,0.00207818029011312,0.001548627417981294,-0.4243307290288689,-0.43816641383555904,-0.4095769400951905,-0.5905116004370001
cnn_dailymail,fixed,20,6,512,1024,0.12772518282440057,4.62414555665537,0.0016693045245714515,0.0011837281725720886,-0.4959093405401888,-0.5148315014244844,-0.47665753152769724,-0.5971080976319995
cnn_dailymail,fixed,20,6,1024,2048,0.12772518282440057,9.24829111331074,0.0011837281725720886,0.0007372900978427469,-0.6830335371448479,-0.7010386619623715,-0.6653482564381826,-0.7680367544163907
cnn_dailymail,fixed,20,6,2048,4096,0.12772518282440057,18.49658222662148,0.0007372900978427469,0.0004237626502358213,-0.7989759445448034,-0.8183082762759218,-0.779093439285871,-0.8740854135400971
cnn_dailymail,fixed,20,7,512,1024,0.43687380609267934,15.816521257518612,0.0008680547567259811,0.000534548338194468,-0.6994656364373332,-0.7546203584969473,-0.640184327011064,-0.8634374089925675
cnn_dailymail,fixed,20,7,1024,2048,0.43687380609267934,31.633042515037225,0.000534548338194468,0.00028030995487001543,-0.931297433171859,-1.0086105304027972,-0.8597555368009533,-0.9287284909875217
cnn_dailymail,fixed,20,7,2048,4096,0.43687380609267934,63.26608503007445,0.00028030995487001543,0.0001463650575657039,-0.9374518076540334,-0.9742998690134442,-0.8975615820638545,-0.9635606086761087
cnn_dailymail,fixed,20,8,512,1024,1.868446203498225,67.64497821572377,0.00040126330473031386,0.0002079656465622174,-0.9482039965418945,-0.9746819829014604,-0.9248551014903771,-0.9640922948076776
cnn_dailymail,fixed,20,8,1024,2048,1.868446203498225,135.28995643144754,0.0002079656465622174,0.00010590942207340298,-0.9735142898326707,-0.9969181903632719,-0.9501035762668187,-0.9818416753066169
cnn_dailymail,fixed,20,8,2048,4096,1.868446203498225,270.57991286289507,0.00010590942207340298,5.3396192296802025e-05,-0.9880221706970861,-1.0113580963597963,-0.9666302448857623,-0.9908688438154287
cnn_dailymail,fixed,50,0,512,1024,,,1.854904691970327e-05,3.702446357968068e-05,0.9971337727891614,0.9402582442969203,1.0548661266134092,
cnn_dailymail,fixed,50,0,1024,2048,,,3.702446357968068e-05,6.916072814097694e-05,0.901474224590264,0.8716436092096462,0.9370692532424504,
cnn_dailymail,fixed,50,0,2048,4096,,,6.916072814097694e-05,0.00012356133342854612,0.8372023819801305,0.8177551300934376,0.8570221128554272,
cnn_dailymail,fixed,50,3,512,1024,0.0016213001650039994,0.02347893434395026,9.077538284752648e-05,0.00016709838973870625,0.8803248160282203,0.8501436536325148,0.9100707521313666,0.9128531032995957
cnn_dailymail,fixed,50,3,1024,2048,0.0016213001650039994,0.04695786868790052,0.00016709838973870625,0.0002896569448861212,0.7936474250525349,0.7753930145174095,0.8120271359296092,0.8333970506960812
cnn_dailymail,fixed,50,3,2048,4096,0.0016213001650039994,0.09391573737580104,0.0002896569448861212,0.00046480825807827087,0.6822904449697416,0.6709108999260384,0.6933007030066388,0.6934393764798229
cnn_dailymail,fixed,50,4,512,1024,0.007467429090763313,0.10813992444126072,0.00035321323431663197,0.0005896261819252704,0.7392611882879496,0.7180010571671863,0.763042367020939,0.734416021568367
cnn_dailymail,fixed,50,4,1024,2048,0.007467429090763313,0.21627984888252144,0.0005896261819252704,0.0008708845312192405,0.5626808598611972,0.5511644292725186,0.5744899973287345,0.5470657611452205
cnn_dailymail,fixed,50,4,2048,4096,0.007467429090763313,0.4325596977650429,0.0008708845312192405,0.001121435492078152,0.36479328253232346,0.35127397098545843,0.3783868435984576,0.2930111698102496
cnn_dailymail,fixed,50,5,512,1024,0.030125715655775046,0.43626696352350774,0.0007093664614499838,0.0009036370128449862,0.3492122426607017,0.3323416470389165,0.3660452995423907,0.3224076276984477
cnn_dailymail,fixed,50,5,1024,2048,0.030125715655775046,0.8725339270470155,0.0009036370128449862,0.0009786153467431734,0.11499854290817585,0.10155911197126648,0.12898577556826957,0.030563590199194152
cnn_dailymail,fixed,50,5,2048,4096,0.030125715655775046,1.745067854094031,0.0009786153467431734,0.0008918093664314313,-0.1340065554700786,-0.14909722933495043,-0.11770420212208879,-0.26508041286264394
cnn_dailymail,fixed,50,6,512,1024,0.12772518282440057,1.849658222662148,0.000828909775829015,0.000722654189602986,-0.1979096354712995,-0.21741732609464295,-0.17809229563407447,-0.27084160275456415
cnn_dailymail,fixed,50,6,1024,2048,0.12772518282440057,3.699316445324296,0.000722654189602986,0.0005348303764039459,-0.4342240345208508,-0.45335686570435324,-0.41583813212547677,-0.5290798187380706
cnn_dailymail,fixed,50,6,2048,4096,0.12772518282440057,7.398632890648592,0.0005348303764039459,0.0003476842210173144,-0.621303812946693,-0.64029643101438,-0.6019888060163974,-0.7205549773986839
cnn_dailymail,fixed,50,7,512,1024,0.43687380609267934,6.326608503007446,0.0005962249108610644,0.0004173560987353475,-0.5145778009501154,-0.5670246556235256,-0.45960511713443153,-0.6961093575286571
cnn_dailymail,fixed,50,7,1024,2048,0.43687380609267934,12.653217006014891,0.0004173560987353475,0.00024143378124529932,-0.7896513017564446,-0.8658588936808452,-0.7203768284299282,-0.8317738539536752
cnn_dailymail,fixed,50,7,2048,4096,0.43687380609267934,25.306434012029783,0.00024143378124529932,0.00013441807536788603,-0.844900398913641,-0.8791812281432415,-0.8075194381463054,-0.9109862878947366
cnn_dailymail,fixed,50,8,512,1024,1.868446203498225,27.057991286289507,0.00037166546888181323,0.00019990488372871557,-0.8946909369428429,-0.9215745677632835,-0.8710151417662076,-0.9122916227362878
cnn_dailymail,fixed,50,8,1024,2048,1.868446203498225,54.115982572579014,0.00019990488372871557,0.00010381040460471407,-0.9453626700025748,-0.9687502031636148,-0.9219848121365591,-0.9548065997231553
cnn_dailymail,fixed,50,8,2048,4096,1.868446203498225,108.23196514515803,0.00010381040460471407,5.286206357526347e-05,-0.9736463982812045,-0.996993766152915,-0.9523328926797558,-0.9770514342009788
cnn_dailymail,refit,0.5,0,512,1024,,,0.003605232644808577,0.005558971361622441,0.6247255904758654,0.5834367664785506,0.667828444109555,
cnn_dailymail,refit,0.5,0,1024,2048,,,0.005558971361622441,0.0071766184364404125,0.36848626840464627,0.3232809465964018,0.41525954391781084,
cnn_dailymail,refit,0.5,0,2048,4096,,,0.0071766184364404125,0.008029240727504808,0.16195934989007033,0.13082510504728115,0.19263286516484518,
cnn_dailymail,refit,0.5,3,512,1024,0.0016213001650039994,2.347893434395026,0.011260950989207784,0.012550565631686838,0.1564237169404713,0.13160319995871753,0.18256818190275906,-0.0927617211248625
cnn_dailymail,refit,0.5,3,1024,2048,0.0016213001650039994,4.695786868790052,0.012550565631686838,0.011534924758554815,-0.12174379188211092,-0.13887181511645758,-0.10382778751215975,-0.7059308699707502
cnn_dailymail,refit,0.5,3,2048,4096,0.0016213001650039994,9.391573737580105,0.011534924758554815,0.008671876351115021,-0.4115925023324114,-0.4313846798864168,-0.39088034086038936,-1.2898099615113112
cnn_dailymail,refit,0.5,4,512,1024,0.007467429090763313,10.813992444126072,0.016535795912639827,0.012212316266934585,-0.4372556308640369,-0.4556388763536692,-0.41827428949545115,-0.7336219889633234
cnn_dailymail,refit,0.5,4,1024,2048,0.007467429090763313,21.627984888252143,0.012212316266934585,0.007673534439290299,-0.6703737141419411,-0.6878058470897024,-0.6511909764513145,-0.9503672320375064
cnn_dailymail,refit,0.5,4,2048,4096,0.007467429090763313,43.25596977650429,0.007673534439290299,0.004431098999036329,-0.7922266782125975,-0.8093967149667008,-0.7750352105356657,-0.996567696122217
cnn_dailymail,refit,0.5,5,512,1024,0.030125715655775046,43.62669635235078,0.00610449693364689,0.003450933944199294,-0.8228855500554556,-0.8388558630579598,-0.8068629117109585,-0.9961539706310862
cnn_dailymail,refit,0.5,5,1024,2048,0.030125715655775046,87.25339270470155,0.003450933944199294,0.0019066113544004208,-0.8559760656021943,-0.878670448528223,-0.830843935527449,-0.9994762452312764
cnn_dailymail,refit,0.5,5,2048,4096,0.030125715655775046,174.5067854094031,0.0019066113544004208,0.000981735673589689,-0.9576042481985252,-0.990512509911593,-0.9227523204376399,-0.9998872429619716
cnn_dailymail,refit,0.5,6,512,1024,0.12772518282440057,184.96582226621481,0.0011780714946104834,0.000588287924058419,-1.0018327687805682,-1.0340299212371429,-0.9700609084953804,-0.9998872217539456
cnn_dailymail,refit,0.5,6,1024,2048,0.12772518282440057,369.93164453242963,0.000588287924058419,0.0002902729244583011,-1.0191124127761224,-1.036221588715795,-1.0013138332504607,-0.9999734941705785
cnn_dailymail,refit,0.5,6,2048,4096,0.12772518282440057,739.8632890648593,0.0002902729244583011,0.00014625715255596,-0.9889028292551459,-1.012872479597958,-0.9639521807490176,-0.9999935639796219
cnn_dailymail,refit,0.5,7,512,1024,0.43687380609267934,632.6608503007445,0.00037517858299541474,0.00019737123574168152,-0.9266657228955829,-0.9995491248237356,-0.8514094147119365,-0.9999918524587669
cnn_dailymail,refit,0.5,7,1024,2048,0.43687380609267934,1265.321700601489,0.00019737123574168152,9.295427983560848e-05,-1.0863185544215412,-1.1724102457395855,-1.0056513924440507,-0.9999979937951924
cnn_dailymail,refit,0.5,7,2048,4096,0.43687380609267934,2530.643401202978,9.295427983560848e-05,4.5774484156333215e-05,-1.0219776637399836,-1.0639206979842655,-0.9748583754853297,-0.9999995021898022
cnn_dailymail,refit,0.5,8,512,1024,1.868446203498225,2705.7991286289507,0.00012521380324784586,6.323521467116448e-05,-0.9855935091285185,-1.0129672956610656,-0.9611174921125396,-0.9999994905343238
cnn_dailymail,refit,0.5,8,1024,2048,1.868446203498225,5411.598257257901,6.323521467116448e-05,3.180332380451182e-05,-0.9915506445658948,-1.0167612217061495,-0.9661571828791973,-0.9999998731031863
cnn_dailymail,refit,0.5,8,2048,4096,1.868446203498225,10823.196514515803,3.180332380451182e-05,1.5886777412284375e-05,-1.0013510434548205,-1.025650902402539,-0.9793602622164728,-0.9999999683299757
cnn_dailymail,refit,1,0,512,1024,,,0.002965181055389648,0.004709750667452285,0.6675304869724594,0.6277422647616154,0.7083489116598873,
cnn_dailymail,refit,1,0,1024,2048,,,0.004709750667452285,0.00630292106553273,0.4203699092011935,0.37784850170596856,0.4641128119947636,
cnn_dailymail,refit,1,0,2048,4096,,,0.00630292106553273,0.007367650496730553,0.22518402984651628,0.19839602615869525,0.2505611886982693,
cnn_dailymail,refit,1,3,512,1024,0.0016213001650039994,1.173946717197513,0.009798170426522724,0.01154411042084575,0.23657271379546607,0.21380223851348723,0.26044212504398373,0.04089814983537569
cnn_dailymail,refit,1,3,1024,2048,0.0016213001650039994,2.347893434395026,0.01154411042084575,0.01131003896306346,-0.02955310514640864,-0.04519944678056557,-0.012822747659123597,-0.5001456480972575
cnn_dailymail,refit,1,3,2048,4096,0.0016213001650039994,4.695786868790052,0.01131003896306346,0.009163331522703561,-0.303659778357851,-0.319257147061975,-0.2880653546676729,-1.0538764819790991
cnn_dailymail,refit,1,4,512,1024,0.007467429090763313,5.406996222063036,0.01620349585241704,0.013006623270289341,-0.31705863982655497,-0.33194402989403093,-0.3018241941664917,-0.570298222362701
cnn_dailymail,refit,1,4,1024,2048,0.007467429090763313,10.813992444126072,0.013006623270289341,0.008762979884650673,-0.5697530113964376,-0.584582970938758,-0.5536922805391055,-0.8206301389615059
cnn_dailymail,refit,1,4,2048,4096,0.007467429090763313,21.627984888252143,0.008762979884650673,0.005346272900679253,-0.7128880653200007,-0.7285487986327496,-0.6971234286098642,-0.9282333191117149
cnn_dailymail,refit,1,5,512,1024,0.030125715655775046,21.81334817617539,0.006980964099516908,0.004196634051977021,-0.734193627069608,-0.7459960907642865,-0.7226776004921279,-0.9282560003144523
cnn_dailymail,refit,1,5,1024,2048,0.030125715655775046,43.62669635235078,0.004196634051977021,0.0024020783929301764,-0.8049494303474978,-0.822481314947772,-0.7861243183770492,-0.9680235150321491
cnn_dailymail,refit,1,5,2048,4096,0.030125715655775046,87.25339270470155,0.0024020783929301764,0.001271579914880878,-0.9176611010095268,-0.9412439434437572,-0.892621368739714,-0.9847651420910305
cnn_dailymail,refit,1,6,512,1024,0.12772518282440057,92.48291113310741,0.0015481004110154133,0.0007907485111234595,-0.9692082094061103,-0.9985568045045812,-0.9398846652745333,-0.9851980803699006
cnn_dailymail,refit,1,6,1024,2048,0.12772518282440057,184.96582226621481,0.0007907485111234595,0.0003941897342499724,-1.004328729086963,-1.0211744009986286,-0.9869595248224342,-0.9927659189057333
cnn_dailymail,refit,1,6,2048,4096,0.12772518282440057,369.93164453242963,0.0003941897342499724,0.00019947994754346775,-0.9826464765159185,-1.0060488597908313,-0.958266863171989,-0.9964228076308812
cnn_dailymail,refit,1,7,512,1024,0.43687380609267934,316.33042515037226,0.0005069008039796785,0.0002682209203969161,-0.9182816847896188,-0.989141992249751,-0.8450464364844191,-0.9961160770953984
cnn_dailymail,refit,1,7,1024,2048,0.43687380609267934,632.6608503007445,0.0002682209203969161,0.0001268874177258217,-1.079872750062106,-1.1642546580815074,-1.0010484744271326,-0.9980700425704604
cnn_dailymail,refit,1,7,2048,4096,0.43687380609267934,1265.321700601489,0.0001268874177258217,6.261224551773852e-05,-1.0190322693976432,-1.0604699319097994,-0.9726088203539139,-0.9990379870175652
cnn_dailymail,refit,1,8,512,1024,1.868446203498225,1352.8995643144754,0.00017103814142366896,8.643981020291197e-05,-0.9845502717237465,-1.0116926428447004,-0.9602870498365234,-0.9990562733603444
cnn_dailymail,refit,1,8,1024,2048,1.868446203498225,2705.7991286289507,8.643981020291197e-05,4.348405863931832e-05,-0.9912093020490499,-1.0161211673678756,-0.9661192487955451,-0.9995288770152687
cnn_dailymail,refit,1,8,2048,4096,1.868446203498225,5411.598257257901,4.348405863931832e-05,2.173617716869571e-05,-1.0003883724700906,-1.024498964739646,-0.9785285355749871,-0.9997646230468502
cnn_dailymail,refit,2,0,512,1024,,,0.0021148007079626894,0.0035033498944084572,0.7282133686103275,0.6886505593988165,0.7677734155023171,
cnn_dailymail,refit,2,0,1024,2048,,,0.0035033498944084572,0.004944212371977107,0.49700563018711436,0.4574901472964468,0.5379775947168358,
cnn_dailymail,refit,2,0,2048,4096,,,0.004944212371977107,0.0061574278051574295,0.3165870938641868,0.29467643582325564,0.3373981442753574,
cnn_dailymail,refit,2,3,512,1024,0.0016213001650039994,0.5869733585987565,0.0075522712653994266,0.009617725774776011,0.34878520707629457,0.327598240695047,0.37061067236832196,0.2243602796111894
cnn_dailymail,refit,2,3,1024,2048,0.0016213001650039994,1.173946717197513,0.009617725774776011,0.010307360153622725,0.09990719031861829,0.08419932827976785,0.11570653419128349,-0.23018651655974426
cnn_dailymail,refit,2,3,2048,4096,0.0016213001650039994,2.347893434395026,0.010307360153622725,0.009246070352129581,-0.1567626424117594,-0.16875434940066666,-0.14502160028664401,-0.7401636379294774
cnn_dailymail,refit,2,4,512,1024,0.007467429090763313,2.703498111031518,0.01467582161567237,0.013201439653447635,-0.1527460058344381,-0.16495371591442495,-0.14021565282069032,-0.3574514759351834
cnn_dailymail,refit,2,4,1024,2048,0.007467429090763313,5.406996222063036,0.013201439653447635,0.009823222233732281,-0.4264270249357272,-0.4387472490496836,-0.4135069655875461,-0.6432642119232458
cnn_dailymail,refit,2,4,2048,4096,0.007467429090763313,10.813992444126072,0.009823222233732281,0.006480558554179577,-0.6000781747874071,-0.6143835466709416,-0.5856873830038111,-0.8186804936564265
cnn_dailymail,refit,2,5,512,1024,0.030125715655775046,10.906674088087694,0.007849568261399573,0.00513225279478687,-0.6130210719726276,-0.6234865130926129,-0.6024728854854827,-0.8165072694551896
cnn_dailymail,refit,2,5,1024,2048,0.030125715655775046,21.81334817617539,0.00513225279478687,0.003103321048424706,-0.7257792777431483,-0.7396043988283028,-0.711694667355679,-0.9101569183104632
cnn_dailymail,refit,2,5,2048,4096,0.030125715655775046,43.62669635235078,0.003103321048424706,0.0017120169750691962,-0.8581159494882592,-0.8755090064449429,-0.8396531913558613,-0.9556616842280519
cnn_dailymail,refit,2,6,512,1024,0.12772518282440057,46.241455566553704,0.0021010426499274834,0.0011130909894546148,-0.9165339177789461,-0.9429433015894286,-0.8898948970558758,-0.9568577438502444
cnn_dailymail,refit,2,6,1024,2048,0.12772518282440057,92.48291113310741,0.0011130909894546148,0.0005655553020196179,-0.9768315222832912,-0.9934561142310983,-0.960056330082779,-0.9785925296695953
cnn_dailymail,refit,2,6,2048,4096,0.12772518282440057,184.96582226621481,0.0005655553020196179,0.0002886517221210944,-0.9703382703778269,-0.9927986489738035,-0.9469644390438359,-0.9893377120016977
cnn_dailymail,refit,2,7,512,1024,0.43687380609267934,158.16521257518613,0.0007205814787891086,0.00038563084326578444,-0.9019411255966581,-0.970072306070505,-0.8315373285640691,-0.9884412749689
cnn_dailymail,refit,2,7,1024,2048,0.43687380609267934,316.33042515037226,0.00038563084326578444,0.00018394175730474042,-1.0679714163282306,-1.1496659379882326,-0.9915337517989796,-0.9942361109522208
cnn_dailymail,refit,2,7,2048,4096,0.43687380609267934,632.6608503007445,0.00018394175730474042,9.111896210611651e-05,-1.0134258093338047,-1.0542237128167053,-0.9682549691696429,-0.9971219283500625
cnn_dailymail,refit,2,8,512,1024,1.868446203498225,676.4497821572377,0.00024846942394017503,0.00012575077965844853,-0.9825009832603073,-1.0093511710537457,-0.9586751343171547,-0.9971725152713284
cnn_dailymail,refit,2,8,1024,2048,1.868446203498225,1352.8995643144754,0.00012575077965844853,6.329234366345834e-05,-0.9904644491555397,-1.015061076275609,-0.9660712442889006,-0.9985872613369624
cnn_dailymail,refit,2,8,2048,4096,1.868446203498225,2705.7991286289507,6.329234366345834e-05,3.167225381869357e-05,-0.9988114563812427,-1.0226300268699589,-0.9771823333600533,-0.9992938816525466
cnn_dailymail,refit,5,0,512,1024,,,0.0010432573163341005,0.0018466281890154707,0.8237983766357287,0.7820672096590434,0.86693342474929,
cnn_dailymail,refit,5,0,1024,2048,,,0.0018466281890154707,0.0028519695038653615,0.6270651402615977,0.5910367680619484,0.6659345034817729,
cnn_dailymail,refit,5,0,2048,4096,,,0.0028519695038653615,0.003953396347077201,0.4711340444401214,0.4532499407104431,0.4883507387764512,
cnn_dailymail,refit,5,3,512,1024,0.0016213001650039994,0.2347893434395026,0.004187629299602813,0.006036614585250806,0.5276059569205783,0.5049828245005752,0.5491419117416086,0.49531341624190434
cnn_dailymail,refit,5,3,1024,2048,0.0016213001650039994,0.4695786868790052,0.006036614585250806,0.007496786518648749,0.3125326264652589,0.29600207170712756,0.3277919798031653,0.16227844357391452
cnn_dailymail,refit,5,3,2048,4096,0.0016213001650039994,0.9391573737580104,0.007496786518648749,0.007936070070746254,0.08215244391762887,0.07319289692255918,0.09135570939223267,-0.26213851432593405
cnn_dailymail,refit,5,4,512,1024,0.007467429090763313,1.0813992444126073,0.010419308429060309,0.011283563382055153,0.11496322358629066,0.10263777650135866,0.1273624580095399,-0.02171358509778588
cnn_dailymail,refit,5,4,1024,2048,0.007467429090763313,2.1627984888252145,0.011283563382055153,0.010014137012007754,-0.17218464755372195,-0.18153340148465263,-0.1626571129241219,-0.33716857444326725
cnn_dailymail,refit,5,4,2048,4096,0.007467429090763313,4.325596977650429,0.010014137012007754,0.007634613753416243,-0.3914110235483935,-0.4037304214273733,-0.37941072969634004,-0.5934083364000569
cnn_dailymail,refit,5,5,512,1024,0.030125715655775046,4.362669635235077,0.008041430350323914,0.006103684755743818,-0.3977716886708889,-0.4088179182108175,-0.3858829712772687,-0.581189456263286
cnn_dailymail,refit,5,5,1024,2048,0.030125715655775046,8.725339270470155,0.006103684755743818,0.004119757317978435,-0.5671210962544925,-0.5787956842759197,-0.5549780782192496,-0.7661908978268445
cnn_dailymail,refit,5,5,2048,4096,0.030125715655775046,17.45067854094031,0.004119757317978435,0.002473285352475278,-0.7361306566331561,-0.7492347398804615,-0.7226575680356014,-0.876224225129429
cnn_dailymail,refit,5,6,512,1024,0.12772518282440057,18.49658222662148,0.00299019021146536,0.00171479032790262,-0.802205074892781,-0.8246529256916821,-0.7792071524421363,-0.8791882113369464
cnn_dailymail,refit,5,6,1024,2048,0.12772518282440057,36.99316445324296,0.00171479032790262,0.0009146307345417392,-0.9067708806412592,-0.9230070075191713,-0.8904379198959971,-0.9379398652153528
cnn_dailymail,refit,5,6,2048,4096,0.12772518282440057,73.98632890648592,0.0009146307345417392,0.0004781716177109108,-0.9356608989830415,-0.9561520517242574,-0.9141485147151766,-0.96854871152254
cnn_dailymail,refit,5,7,512,1024,0.43687380609267934,63.26608503007445,0.0011390745349947888,0.0006286933537785111,-0.8574337355621067,-0.9194574013947516,-0.7936477535245344,-0.9659756624309261
cnn_dailymail,refit,5,7,1024,2048,0.43687380609267934,126.5321700601489,0.0006286933537785111,0.00030646671946917453,-1.0366260977681008,-1.1146295024768378,-0.9646369116131598,-0.9828896666976267
cnn_dailymail,refit,5,7,2048,4096,0.43687380609267934,253.0643401202978,0.00030646671946917453,0.00015345846381439285,-0.9978821959178508,-1.0367046206411044,-0.9550069968833111,-0.9914203621323372
cnn_dailymail,refit,5,8,512,1024,1.868446203498225,270.57991286289507,0.0004175395444626963,0.00021219828222664313,-0.9764998617684413,-1.0028449113073457,-0.9534696421846488,-0.9915460135349595
cnn_dailymail,refit,5,8,1024,2048,1.868446203498225,541.1598257257901,0.00021219828222664313,0.00010698516492509949,-0.9880022179940613,-1.011529745669296,-0.9645466524690999,-0.9957671708020526
cnn_dailymail,refit,5,8,2048,4096,1.868446203498225,1082.3196514515803,0.00010698516492509949,5.366658138826281e-05,-0.9953148643785477,-1.018627294159254,-0.9739092318768506,-0.9978821289120794
cnn_dailymail,refit,10,0,512,1024,,,0.0005058778282106778,0.0009390003688967214,0.8923367150669322,0.8456305063962839,0.9397189958298241,
cnn_dailymail,refit,10,0,1024,2048,,,0.0009390003688967214,0.0015570753864969286,0.729641165058974,0.6959578515874166,0.7675344539308133,
cnn_dailymail,refit,10,0,2048,4096,,,0.0015570753864969286,0.0023559201129954898,0.5974518247551042,0.5804529973903868,0.6139681662643517,
cnn_dailymail,refit,10,3,512,1024,0.0016213001650039994,0.1173946717197513,0.0022004001562188624,0.0034801637728332406,0.6613892888561529,0.6368899316962896,0.6849185250920471,0.6747936627424288
cnn_dailymail,refit,10,3,1024,2048,0.0016213001650039994,0.2347893434395026,0.0034801637728332406,0.0048610107470871975,0.4821011243713151,0.46554679963977924,0.4974975118037862,0.4335061230824797
cnn_dailymail,refit,10,3,2048,4096,0.0016213001650039994,0.4695786868790052,0.0048610107470871975,0.00589764162106955,0.2788818338132175,0.2700064912008417,0.28758859226701633,0.09248328377624179
cnn_dailymail,refit,10,4,512,1024,0.007467429090763313,0.5406996222063036,0.006545446799515614,0.008232906279683662,0.3309101275739357,0.3166816846419724,0.3463386253322926,0.24567367850250027
cnn_dailymail,refit,10,4,1024,2048,0.007467429090763313,1.0813992444126073,0.008232906279683662,0.008559604545055886,0.05614234236848533,0.04817008810150546,0.06398371977936006,-0.06376665568060612
cnn_dailymail,refit,10,4,2048,4096,0.007467429090763313,2.1627984888252145,0.008559604545055886,0.007522420295480467,-0.18634723002342393,-0.19761384299868856,-0.17526347853349455,-0.35922130678545633
cnn_dailymail,refit,10,5,512,1024,0.030125715655775046,2.1813348176175387,0.006895281842003745,0.006034518792394933,-0.19237079109154137,-0.20395088871445236,-0.1793341889288195,-0.3360251818622052
cnn_dailymail,refit,10,5,1024,2048,0.030125715655775046,4.362669635235077,0.006034518792394933,0.004573517185437154,-0.3999346593136231,-0.4117163053020282,-0.38734571131310797,-0.5874653055059295
cnn_dailymail,refit,10,5,2048,4096,0.030125715655775046,8.725339270470155,0.004573517185437154,0.0030153875808066936,-0.6009606222696299,-0.613092073209337,-0.5881156591399812,-0.76409320964171
cnn_dailymail,refit,10,6,512,1024,0.12772518282440057,9.24829111331074,0.003497980198886344,0.002196277502538699,-0.6714617703108764,-0.6912499951231063,-0.6509739035452757,-0.7690680228062715
cnn_dailymail,refit,10,6,1024,2048,0.12772518282440057,18.49658222662148,0.002196277502538699,0.001247668253528666,-0.8158259698408508,-0.8320344917887688,-0.799436130227863,-0.8757504226337193
cnn_dailymail,refit,10,6,2048,4096,0.12772518282440057,36.99316445324296,0.001247668253528666,0.0006756812520763626,-0.8848196516629142,-0.9035718976814453,-0.8652945901783349,-0.9353978022712093
cnn_dailymail,refit,10,7,512,1024,0.43687380609267934,31.633042515037225,0.001510347397207525,0.0008697918183676572,-0.7961383807353226,-0.8522532507107643,-0.7380275519089186,-0.9301933488775849
cnn_dailymail,refit,10,7,1024,2048,0.43687380609267934,63.26608503007445,0.0008697918183676572,0.00043720010586750774,-0.992376387904896,-1.0662970910756067,-0.9241255538431531,-0.9644353445126626
cnn_dailymail,refit,10,7,2048,4096,0.43687380609267934,126.5321700601489,0.00043720010586750774,0.00022251195806866092,-0.9744108799731582,-1.0110159898782671,-0.9345441885671761,-0.9820480131314812
cnn_dailymail,refit,10,8,512,1024,1.868446203498225,135.28995643144754,0.0006051404840729141,0.00030962747050460634,-0.9667366298941882,-0.9925924111696854,-0.943982778922805,-0.9822584874674619
cnn_dailymail,refit,10,8,1024,2048,1.868446203498225,270.57991286289507,0.00030962747050460634,0.00015658239023021479,-0.9836115031907151,-1.0061603654189304,-0.9609990485860883,-0.9910870473703149
cnn_dailymail,refit,10,8,2048,4096,1.868446203498225,541.1598257257901,0.00015658239023021479,7.878169025516516e-05,-0.9909896962212097,-1.0138757451583333,-0.9698618729938374,-0.9955329180315817
cnn_dailymail,refit,20,0,512,1024,,,0.00021417721765929813,0.0004129172526237239,0.9470476721701848,0.8964981755951816,0.9984275945945865,
cnn_dailymail,refit,20,0,1024,2048,,,0.0004129172526237239,0.0007285492015192219,0.8191737070483225,0.7875332106729739,0.8556337022980316,
cnn_dailymail,refit,20,0,2048,4096,,,0.0007285492015192219,0.0011964673092085237,0.7156826679810933,0.6985193744619338,0.7323009720015494,
cnn_dailymail,refit,20,3,512,1024,0.0016213001650039994,0.05869733585987565,0.000992401542379573,0.0016977399910928128,0.7746196444739489,0.7479532911161452,0.8006084398465293,0.8078572441068349
cnn_dailymail,refit,20,3,1024,2048,0.0016213001650039994,0.1173946717197513,0.0016977399910928128,0.0026406471463610052,0.6372760087688717,0.6209037419039947,0.652666957126539,0.6491633430641708
cnn_dailymail,refit,20,3,2048,4096,0.0016213001650039994,0.2347893434395026,0.0026406471463610052,0.003658155571293649,0.470224894434492,0.4611926424602398,0.47890775131030294,0.3998753447913451
cnn_dailymail,refit,20,4,512,1024,0.007467429090763313,0.2703498111031518,0.00342201259359386,0.004947320717348634,0.5318023581554407,0.515055694903855,0.5505570200868185,0.49121357951941363
cnn_dailymail,refit,20,4,1024,2048,0.007467429090763313,0.5406996222063036,0.004947320717348634,0.006054514777505982,0.2913639163541903,0.2830422098778932,0.2997098570226509,0.21952466310997307
cnn_dailymail,refit,20,4,2048,4096,0.007467429090763313,1.0813992444126073,0.006054514777505982,0.006264415802568984,0.04916863143200302,0.03802553310964796,0.06037658468046819,-0.08272649591960995
cnn_dailymail,refit,20,5,512,1024,0.030125715655775046,1.0906674088087693,0.00489095662915843,0.005030406656324762,0.04055836016002577,0.027515712773534106,0.0546334437681135,-0.05163150525302456
cnn_dailymail,refit,20,5,1024,2048,0.030125715655775046,2.1813348176175387,0.005030406656324762,0.00440074470073621,-0.1929273522446205,-0.20487458193744693,-0.18031866327332652,-0.3460270589132536
cnn_dailymail,refit,20,5,2048,4096,0.030125715655775046,4.362669635235077,0.00440074470073621,0.0032804949666483834,-0.4238341719228072,-0.4362832817605631,-0.41047939364713293,-0.5897444246282167
cnn_dailymail,refit,20,6,512,1024,0.12772518282440057,4.62414555665537,0.003537626865775591,0.002508182888457216,-0.49613933799871884,-0.5142236860121353,-0.47787306318550626,-0.5972053040818026
cnn_dailymail,refit,20,6,1024,2048,0.12772518282440057,9.24829111331074,0.002508182888457216,0.0015622993672380614,-0.6829716198885684,-0.6994760943667186,-0.6666230937590373,-0.7680539968479493
cnn_dailymail,refit,20,6,2048,4096,0.12772518282440057,18.49658222662148,0.0015622993672380614,0.0008964228917709991,-0.8014195324258991,-0.8184540608768179,-0.7839799348493222,-0.8740993514509052
cnn_dailymail,refit,20,7,512,1024,0.43687380609267934,15.816521257518612,0.0018196172264771722,0.0011178235109738726,-0.7029425735596121,-0.7530312820321441,-0.6491992622512478,-0.863954485360871
cnn_dailymail,refit,20,7,1024,2048,0.43687380609267934,31.633042515037225,0.0011178235109738726,0.0005903777061596634,-0.9209822758729914,-0.9908592023534515,-0.8565434521211871,-0.9290240801414749
cnn_dailymail,refit,20,7,2048,4096,0.43687380609267934,63.26608503007445,0.0005903777061596634,0.00030917374181695323,-0.9332204472740071,-0.9661431341540213,-0.8971991177716091,-0.9637188446594028
cnn_dailymail,refit,20,8,512,1024,1.868446203498225,67.64497821572377,0.0008423988065726111,0.0004367368872885974,-0.9477390045875611,-0.97313237556123,-0.9253929988247751,-0.9640326288272302
cnn_dailymail,refit,20,8,1024,2048,1.868446203498225,135.28995643144754,0.0004367368872885974,0.00022226290878991803,-0.9744971762500909,-0.9961307719675441,-0.9531247126737514,-0.9818114341953744
cnn_dailymail,refit,20,8,2048,4096,1.868446203498225,270.57991286289507,0.00022226290878991803,0.0001123568735764202,-0.9841788257151993,-1.006623633716721,-0.9633351943345587,-0.9908536203799767
cnn_dailymail,refit,50,0,512,1024,,,5.879639659586678e-05,0.00011709911770084458,0.9939305600242173,0.940364068918798,1.0485398345743349,
cnn_dailymail,refit,50,0,1024,2048,,,0.00011709911770084458,0.00021893749710779503,0.9027888582700903,0.873831016906062,0.9368915724157193,
cnn_dailymail,refit,50,0,2048,4096,,,0.00021893749710779503,0.00039169863926901435,0.83922505251654,0.8201101340604566,0.8577505430186074,
cnn_dailymail,refit,50,3,512,1024,0.0016213001650039994,0.02347893434395026,0.0002877433334395313,0.000529518735469169,0.8798992268884663,0.8508800738507891,0.9084753357650501,0.9131264206126216
cnn_dailymail,refit,50,3,1024,2048,0.0016213001650039994,0.04695786868790052,0.000529518735469169,0.0009197706506731844,0.7965924322653812,0.7802828929420051,0.8129087691192418,0.8339363307936296
cnn_dailymail,refit,50,3,2048,4096,0.0016213001650039994,0.09391573737580104,0.0009197706506731844,0.0014780767393917003,0.6843751058225864,0.6751537091868246,0.6930682770672513,0.6944752057207438
cnn_dailymail,refit,50,4,512,1024,0.007467429090763313,0.10813992444126072,0.001135253136101439,0.001898135746615487,0.7415691493091384,0.722172331675388,0.7628933499546068,0.7368091430704631
cnn_dailymail,refit,50,4,1024,2048,0.007467429090763313,0.21627984888252144,0.001898135746615487,0.0028115987205076932,0.5668075320214657,0.5564337779373929,0.5773955226590498,0.5504734596542014
cnn_dailymail,refit,50,4,2048,4096,0.007467429090763313,0.4325596977650429,0.0028115987205076932,0.0036237383710277806,0.36608809502965894,0.35417357819811096,0.3778793919695223,0.2969283937819055
cnn_dailymail,refit,50,5,512,1024,0.030125715655775046,0.43626696352350774,0.002276471401239458,0.0029126741000542063,0.3555449517023883,0.3409957592508353,0.3703812807707623,0.327373584129229
cnn_dailymail,refit,50,5,1024,2048,0.030125715655775046,0.8725339270470155,0.0029126741000542063,0.0031668452898729995,0.1207021020562766,0.10944804862874756,0.1322249838370012,0.035102564644452265
cnn_dailymail,refit,50,5,2048,4096,0.030125715655775046,1.745067854094031,0.0031668452898729995,0.002891948128482634,-0.131004713423452,-0.14443438220616586,-0.11723403362046003,-0.26195141271882727
cnn_dailymail,refit,50,6,512,1024,0.12772518282440057,1.849658222662148,0.0027013531273949896,0.00235182685123528,-0.19990039633504947,-0.21761481581551187,-0.1817876014372352,-0.27231732546064463
cnn_dailymail,refit,50,6,1024,2048,0.12772518282440057,3.699316445324296,0.00235182685123528,0.0017380341167160238,-0.43632544662218303,-0.45310296847271103,-0.4200173619291565,-0.5297417662612103
cnn_dailymail,refit,50,6,2048,4096,0.12772518282440057,7.398632890648592,0.0017380341167160238,0.0011266531226437832,-0.6254129992117903,-0.641448476682625,-0.6090134910251104,-0.7208546398674476
cnn_dailymail,refit,50,7,512,1024,0.43687380609267934,6.326608503007446,0.0018965870850197668,0.0013242737518948439,-0.518204232206622,-0.5638359535785428,-0.47024654099465424,-0.6975153166499831
cnn_dailymail,refit,50,7,1024,2048,0.43687380609267934,12.653217006014891,0.0013242737518948439,0.0007753497488555517,-0.7722822439286314,-0.8360899494010389,-0.7140391152145628,-0.8327443553086901
cnn_dailymail,refit,50,7,2048,4096,0.43687380609267934,25.306434012029783,0.0007753497488555517,0.0004340340217270617,-0.8370391030461602,-0.8655938978968963,-0.8063529029533472,-0.9115626468014802
cnn_dailymail,refit,50,8,512,1024,1.868446203498225,27.057991286289507,0.001190450575244299,0.0006406944789100518,-0.8937992610317006,-0.9190929759038223,-0.8718039584454599,-0.9120616158930911
cnn_dailymail,refit,50,8,1024,2048,1.868446203498225,54.115982572579014,0.0006406944789100518,0.0003323537697901854,-0.9469168402943763,-0.9674517638602894,-0.9268291032232973,-0.9546870872096919
cnn_dailymail,refit,50,8,2048,4096,1.868446203498225,108.23196514515803,0.0003323537697901854,0.00016995125367650358,-0.9675987138274958,-0.9893762629886094,-0.946824464095067,-0.9769905065383248
